ISO-10303-21;
HEADER;
FILE_DESCRIPTION(('FreeCAD Model'),'2;1');
FILE_NAME('Open CASCADE Shape Model','2026-08-09T23:07:16',(''),(''),
  'Open CASCADE STEP processor 7.8','FreeCAD','Unknown');
FILE_SCHEMA(('AUTOMOTIVE_DESIGN { 1 0 10303 214 1 1 1 1 }'));
ENDSEC;
DATA;
#1 = APPLICATION_PROTOCOL_DEFINITION('international standard',
  'automotive_design',2000,#2);
#2 = APPLICATION_CONTEXT(
  'core data for automotive mechanical design processes');
#3 = SHAPE_DEFINITION_REPRESENTATION(#4,#10);
#4 = PRODUCT_DEFINITION_SHAPE('','',#5);
#5 = PRODUCT_DEFINITION('design','',#6,#9);
#6 = PRODUCT_DEFINITION_FORMATION('','',#7);
#7 = PRODUCT('Fillet002','Fillet002','',(#8));
#8 = PRODUCT_CONTEXT('',#2,'mechanical');
#9 = PRODUCT_DEFINITION_CONTEXT('part definition',#2,'design');
#10 = ADVANCED_BREP_SHAPE_REPRESENTATION('',(#11,#15),#7145);
#11 = AXIS2_PLACEMENT_3D('',#12,#13,#14);
#12 = CARTESIAN_POINT('',(0.,0.,0.));
#13 = DIRECTION('',(0.,0.,1.));
#14 = DIRECTION('',(1.,0.,-0.));
#15 = MANIFOLD_SOLID_BREP('',#16);
#16 = CLOSED_SHELL('',(#17,#68,#139,#219,#252,#309,#494,#520,#586,#1786,
    #1883,#1909,#2163,#2224,#2351,#2369,#2435,#2451,#2489,#2538,#2739,
    #2808,#2937,#3430,#3554,#3787,#3952,#4085,#4418,#4480,#4506,#4532,
    #4558,#4584,#4610,#4636,#4662,#4680,#4706,#4724,#4749,#4775,#4801,
    #4827,#4852,#4877,#4903,#4921,#4953,#4977,#5002,#5037,#5061,#5154,
    #5179,#5204,#5228,#5253,#5277,#5302,#5327,#5352,#5369,#5386,#5398,
    #5415,#5432,#5449,#5466,#5483,#5500,#5708,#5720,#5740,#5760,#5780,
    #5800,#5820,#5840,#5860,#6007,#6043,#6069,#6113,#6145,#6170,#6194,
    #6219,#6251,#6298,#6331,#6355,#6380,#6397,#6422,#6447,#6464,#6481,
    #6498,#6515,#6532,#6549,#6566,#6680,#6731,#6753,#6779,#6830,#6930,
    #7013,#7048,#7089,#7116,#7133));
#17 = ADVANCED_FACE('',(#18),#63,.F.);
#18 = FACE_BOUND('',#19,.F.);
#19 = EDGE_LOOP('',(#20,#30,#38,#46));
#20 = ORIENTED_EDGE('',*,*,#21,.F.);
#21 = EDGE_CURVE('',#22,#24,#26,.T.);
#22 = VERTEX_POINT('',#23);
#23 = CARTESIAN_POINT('',(30.195276740146,-116.5792267827,-1.));
#24 = VERTEX_POINT('',#25);
#25 = CARTESIAN_POINT('',(30.195276740146,-116.5792267827,
    -7.214128586146));
#26 = LINE('',#27,#28);
#27 = CARTESIAN_POINT('',(30.195276740146,-116.5792267827,0.));
#28 = VECTOR('',#29,1.);
#29 = DIRECTION('',(-0.,-0.,-1.));
#30 = ORIENTED_EDGE('',*,*,#31,.F.);
#31 = EDGE_CURVE('',#32,#22,#34,.T.);
#32 = VERTEX_POINT('',#33);
#33 = CARTESIAN_POINT('',(100.15274343847,-116.5636482886,-1.));
#34 = LINE('',#35,#36);
#35 = CARTESIAN_POINT('',(100.15274343847,-116.5636482886,-1.));
#36 = VECTOR('',#37,1.);
#37 = DIRECTION('',(-0.999999975206,-2.226852179406E-04,0.));
#38 = ORIENTED_EDGE('',*,*,#39,.T.);
#39 = EDGE_CURVE('',#32,#40,#42,.T.);
#40 = VERTEX_POINT('',#41);
#41 = CARTESIAN_POINT('',(100.15274343847,-116.5636482886,
    -7.214405788572));
#42 = LINE('',#43,#44);
#43 = CARTESIAN_POINT('',(100.15274343847,-116.5636482886,0.));
#44 = VECTOR('',#45,1.);
#45 = DIRECTION('',(-0.,-0.,-1.));
#46 = ORIENTED_EDGE('',*,*,#47,.F.);
#47 = EDGE_CURVE('',#24,#40,#48,.T.);
#48 = ( BOUNDED_CURVE() B_SPLINE_CURVE(13,(#49,#50,#51,#52,#53,#54,#55,
    #56,#57,#58,#59,#60,#61,#62),.UNSPECIFIED.,.F.,.F.) 
B_SPLINE_CURVE_WITH_KNOTS((14,14),(1.344022542531E+03,1.3776722675E+03),
.PIECEWISE_BEZIER_KNOTS.) CURVE() GEOMETRIC_REPRESENTATION_ITEM() 
RATIONAL_B_SPLINE_CURVE((1.,1.,0.999999999999,1.000000000004,
    0.999999999993,1.000000000011,0.999999999988,1.000000000012,
    0.999999999991,1.000000000006,0.999999999997,1.000000000001,1.,1.)) 
REPRESENTATION_ITEM('') );
#49 = CARTESIAN_POINT('',(30.195276740146,-116.5792267827,
    -7.214127762745));
#50 = CARTESIAN_POINT('',(35.578646380095,-116.5780279858,
    -7.214145879294));
#51 = CARTESIAN_POINT('',(40.94601515456,-116.5768327521,-7.214173006139
    ));
#52 = CARTESIAN_POINT('',(46.357675784975,-116.5756276552,-7.21418619543
    ));
#53 = CARTESIAN_POINT('',(51.696511492121,-116.5744387754,
    -7.214217630317));
#54 = CARTESIAN_POINT('',(57.128465652354,-116.5732291595,
    -7.214228130001));
#55 = CARTESIAN_POINT('',(62.459561344477,-116.5720420033,
    -7.214259917351));
#56 = CARTESIAN_POINT('',(67.881606116128,-116.570834594,-7.214273241498
    ));
#57 = CARTESIAN_POINT('',(73.236817000982,-116.5696420677,
    -7.214299869753));
#58 = CARTESIAN_POINT('',(78.631000388794,-116.5684408627,
    -7.214318875193));
#59 = CARTESIAN_POINT('',(84.007767745888,-116.5672435361,
    -7.214341284524));
#60 = CARTESIAN_POINT('',(89.390186270004,-116.566044951,-7.214362621407
    ));
#61 = CARTESIAN_POINT('',(94.771409996737,-116.564846632,-7.214384207669
    ));
#62 = CARTESIAN_POINT('',(100.15274343847,-116.5636482886,
    -7.214405788572));
#63 = PLANE('',#64);
#64 = AXIS2_PLACEMENT_3D('',#65,#66,#67);
#65 = CARTESIAN_POINT('',(100.15274343847,-116.5636482886,0.));
#66 = DIRECTION('',(-2.226852179406E-04,0.999999975206,0.));
#67 = DIRECTION('',(-0.999999975206,-2.226852179406E-04,0.));
#68 = ADVANCED_FACE('',(#69),#134,.T.);
#69 = FACE_BOUND('',#70,.T.);
#70 = EDGE_LOOP('',(#71,#72,#81,#89));
#71 = ORIENTED_EDGE('',*,*,#21,.F.);
#72 = ORIENTED_EDGE('',*,*,#73,.T.);
#73 = EDGE_CURVE('',#22,#74,#76,.T.);
#74 = VERTEX_POINT('',#75);
#75 = CARTESIAN_POINT('',(24.128393221386,-110.5729718103,-1.));
#76 = CIRCLE('',#77,6.010208237084);
#77 = AXIS2_PLACEMENT_3D('',#78,#79,#80);
#78 = CARTESIAN_POINT('',(30.138600328159,-110.5692857815,-1.));
#79 = DIRECTION('',(0.,-0.,-1.));
#80 = DIRECTION('',(9.430024676548E-03,-0.999955536329,0.));
#81 = ORIENTED_EDGE('',*,*,#82,.T.);
#82 = EDGE_CURVE('',#74,#83,#85,.T.);
#83 = VERTEX_POINT('',#84);
#84 = CARTESIAN_POINT('',(24.128393221386,-110.5729718103,
    -7.242643676152));
#85 = LINE('',#86,#87);
#86 = CARTESIAN_POINT('',(24.128393221386,-110.5729718103,0.));
#87 = VECTOR('',#88,1.);
#88 = DIRECTION('',(-0.,-0.,-1.));
#89 = ORIENTED_EDGE('',*,*,#90,.T.);
#90 = EDGE_CURVE('',#83,#24,#91,.T.);
#91 = ( BOUNDED_CURVE() B_SPLINE_CURVE(9,(#92,#93,#94,#95,#96,#97,#98,
    #99,#100,#101,#102,#103,#104,#105,#106,#107,#108,#109,#110,#111,#112
    ,#113,#114,#115,#116,#117,#118,#119,#120,#121,#122,#123,#124,#125,
    #126,#127,#128,#129,#130,#131,#132,#133),.UNSPECIFIED.,.F.,.F.) 
B_SPLINE_CURVE_WITH_KNOTS((10,8,8,8,8,10),(1.340083539751E+03,
    1.340173279791E+03,1.340588808496E+03,1.341094077241E+03,
1.342115052569E+03,1.344022542531E+03),.UNSPECIFIED.) CURVE() 
GEOMETRIC_REPRESENTATION_ITEM() RATIONAL_B_SPLINE_CURVE((1.,1.,1.,1.,1.,
    1.,1.,1.,1.,1.,1.,1.,1.,1.,1.,1.,1.,1.,1.,1.,1.,1.,1.,1.,1.,1.,1.,1.
,1.,1.,1.,1.,1.,1.,1.,1.,1.,1.,1.,1.,1.,1.)) REPRESENTATION_ITEM('') );
#92 = CARTESIAN_POINT('',(24.128393221386,-110.5729718103,
    -7.242653911103));
#93 = CARTESIAN_POINT('',(24.128411101499,-110.6021260005,
    -7.242472562192));
#94 = CARTESIAN_POINT('',(24.128588106851,-110.631289699,-7.242291648421
    ));
#95 = CARTESIAN_POINT('',(24.128924287608,-110.6604431932,
    -7.242111316596));
#96 = CARTESIAN_POINT('',(24.129419536814,-110.6895920376,
    -7.241931503367));
#97 = CARTESIAN_POINT('',(24.130073771488,-110.7187378797,
    -7.241752191423));
#98 = CARTESIAN_POINT('',(24.130886922898,-110.7478753626,
    -7.241573428078));
#99 = CARTESIAN_POINT('',(24.131858856689,-110.7770004321,
    -7.241395243437));
#100 = CARTESIAN_POINT('',(24.132989343499,-110.8061153771,
    -7.241217605329));
#101 = CARTESIAN_POINT('',(24.14024607404,-110.9699619667,
    -7.240220709971));
#102 = CARTESIAN_POINT('',(24.149613820798,-111.1044271226,
    -7.239413134455));
#103 = CARTESIAN_POINT('',(24.162354561678,-111.2384036175,
    -7.238618920585));
#104 = CARTESIAN_POINT('',(24.17842925109,-111.3716964373,
    -7.237839031439));
#105 = CARTESIAN_POINT('',(24.197786677211,-111.5041233339,
    -7.237074294255));
#106 = CARTESIAN_POINT('',(24.220363461973,-111.6355148248,
    -7.236325400427));
#107 = CARTESIAN_POINT('',(24.246084061074,-111.7657141929,
    -7.235592905507));
#108 = CARTESIAN_POINT('',(24.274860763968,-111.8945774871,
    -7.234877229203));
#109 = CARTESIAN_POINT('',(24.345179855203,-112.1768827584,
    -7.233329213423));
#110 = CARTESIAN_POINT('',(24.388154748951,-112.3296463534,
    -7.232504988905));
#111 = CARTESIAN_POINT('',(24.435343068291,-112.4800415049,
    -7.231706419899));
#112 = CARTESIAN_POINT('',(24.486564367682,-112.6278698397,
    -7.23093378509));
#113 = CARTESIAN_POINT('',(24.541633062867,-112.7729574125,
    -7.230187203773));
#114 = CARTESIAN_POINT('',(24.600358430874,-112.9151547067,
    -7.229466635858));
#115 = CARTESIAN_POINT('',(24.662544610016,-113.0543366339,
    -7.228771881867));
#116 = CARTESIAN_POINT('',(24.72799059989,-113.1904025339,
    -7.228102582932));
#117 = CARTESIAN_POINT('',(24.934904649767,-113.5917683598,
    -7.22615618531));
#118 = CARTESIAN_POINT('',(25.085791504793,-113.8471774572,
    -7.224956381244));
#119 = CARTESIAN_POINT('',(25.247735953723,-114.0892852489,
    -7.223852831656));
#120 = CARTESIAN_POINT('',(25.419478624787,-114.3180406377,
    -7.222839439109));
#121 = CARTESIAN_POINT('',(25.59983991927,-114.5334777601,
    -7.221910264875));
#122 = CARTESIAN_POINT('',(25.78769895577,-114.7356783922,
    -7.221059664826));
#123 = CARTESIAN_POINT('',(25.982027186595,-114.9247786508,
    -7.220282281988));
#124 = CARTESIAN_POINT('',(26.181976686324,-115.1010199871,
    -7.219572895782));
#125 = CARTESIAN_POINT('',(26.770111703578,-115.5709180491,
    -7.217717770473));
#126 = CARTESIAN_POINT('',(27.170654400144,-115.8334345023,
    -7.216727809457));
#127 = CARTESIAN_POINT('',(27.585170130491,-116.0542345501,
    -7.215934118581));
#128 = CARTESIAN_POINT('',(28.006115031974,-116.2346260146,
    -7.215283003814));
#129 = CARTESIAN_POINT('',(28.440473173731,-116.3780757701,
    -7.214820239004));
#130 = CARTESIAN_POINT('',(28.874085750791,-116.4824180114,
    -7.214430125875));
#131 = CARTESIAN_POINT('',(29.313570653116,-116.5511817056,
    -7.214233826385));
#132 = CARTESIAN_POINT('',(29.754375525677,-116.5833846769,
    -7.214104231345));
#133 = CARTESIAN_POINT('',(30.195276740146,-116.5792267827,
    -7.214128586146));
#134 = CYLINDRICAL_SURFACE('',#135,6.010208237084);
#135 = AXIS2_PLACEMENT_3D('',#136,#137,#138);
#136 = CARTESIAN_POINT('',(30.138600328159,-110.5692857815,0.));
#137 = DIRECTION('',(0.,0.,1.));
#138 = DIRECTION('',(-3.23617539844E-06,-0.999999999995,0.));
#139 = ADVANCED_FACE('',(#140),#176,.T.);
#140 = FACE_BOUND('',#141,.T.);
#141 = EDGE_LOOP('',(#142,#150,#169,#175));
#142 = ORIENTED_EDGE('',*,*,#143,.T.);
#143 = EDGE_CURVE('',#24,#144,#146,.T.);
#144 = VERTEX_POINT('',#145);
#145 = CARTESIAN_POINT('',(30.221631061551,-115.5836181095,
    -8.214117210711));
#146 = ( BOUNDED_CURVE() B_SPLINE_CURVE(2,(#147,#148,#149),
.UNSPECIFIED.,.F.,.F.) B_SPLINE_CURVE_WITH_KNOTS((3,3),(0.,
3.939002779289),.PIECEWISE_BEZIER_KNOTS.) CURVE() 
GEOMETRIC_REPRESENTATION_ITEM() RATIONAL_B_SPLINE_CURVE((1.,
0.708535738388,1.)) REPRESENTATION_ITEM('') );
#147 = CARTESIAN_POINT('',(30.195276740146,-116.5792267827,
    -7.214128586146));
#148 = CARTESIAN_POINT('',(30.1953657723,-116.5792259431,-8.210090948198
    ));
#149 = CARTESIAN_POINT('',(30.221631061551,-115.5836181095,
    -8.214117210711));
#150 = ORIENTED_EDGE('',*,*,#151,.T.);
#151 = EDGE_CURVE('',#144,#152,#154,.T.);
#152 = VERTEX_POINT('',#153);
#153 = CARTESIAN_POINT('',(100.15229616228,-115.567735438,
    -8.214397435614));
#154 = ( BOUNDED_CURVE() B_SPLINE_CURVE(13,(#155,#156,#157,#158,#159,
    #160,#161,#162,#163,#164,#165,#166,#167,#168),.UNSPECIFIED.,.F.,.F.)
 B_SPLINE_CURVE_WITH_KNOTS((14,14),(1.344022542531E+03,1.3776722675E+03)
,.PIECEWISE_BEZIER_KNOTS.) CURVE() GEOMETRIC_REPRESENTATION_ITEM() 
RATIONAL_B_SPLINE_CURVE((1.,1.,0.999999999999,1.000000000004,
    0.999999999993,1.000000000011,0.999999999988,1.000000000012,
    0.999999999991,1.000000000006,0.999999999997,1.000000000001,1.,1.)) 
REPRESENTATION_ITEM('') );
#155 = CARTESIAN_POINT('',(30.221631061624,-115.5836181095,
    -8.214117210711));
#156 = CARTESIAN_POINT('',(35.563720057897,-115.5813348454,
    -8.214142830786));
#157 = CARTESIAN_POINT('',(40.936472466377,-115.5821158563,
    -8.214156179712));
#158 = CARTESIAN_POINT('',(46.354439241434,-115.578089665,
    -8.214189099402));
#159 = CARTESIAN_POINT('',(51.696520405888,-115.580344647,
    -8.214196464204));
#160 = CARTESIAN_POINT('',(57.127253875668,-115.5753950732,
    -8.214233158982));
#161 = CARTESIAN_POINT('',(62.460485438612,-115.5777425136,
    -8.214240183223));
#162 = CARTESIAN_POINT('',(67.880399825635,-115.5737633791,
    -8.214272960285));
#163 = CARTESIAN_POINT('',(73.237200391513,-115.5743230101,
    -8.21428729852));
#164 = CARTESIAN_POINT('',(78.630509937439,-115.5722761696,
    -8.214312253234));
#165 = CARTESIAN_POINT('',(84.007612979151,-115.5713823546,
    -8.214332539561));
#166 = CARTESIAN_POINT('',(89.389930475732,-115.5701172026,
    -8.214354354094));
#167 = CARTESIAN_POINT('',(94.771110550668,-115.5689304092,
    -8.214375868959));
#168 = CARTESIAN_POINT('',(100.15229616228,-115.567735438,
    -8.214397435614));
#169 = ORIENTED_EDGE('',*,*,#170,.F.);
#170 = EDGE_CURVE('',#40,#152,#171,.T.);
#171 = ( BOUNDED_CURVE() B_SPLINE_CURVE(2,(#172,#173,#174),
.UNSPECIFIED.,.F.,.F.) B_SPLINE_CURVE_WITH_KNOTS((3,3),(0.,
33.649724969012),.PIECEWISE_BEZIER_KNOTS.) CURVE() 
GEOMETRIC_REPRESENTATION_ITEM() RATIONAL_B_SPLINE_CURVE((1.,
0.708550298101,1.)) REPRESENTATION_ITEM('') );
#172 = CARTESIAN_POINT('',(100.15274343847,-116.5636482886,
    -7.214405788572));
#173 = CARTESIAN_POINT('',(100.15273927327,-116.5636482895,
    -8.210327056644));
#174 = CARTESIAN_POINT('',(100.15229616228,-115.567735438,
    -8.214397435614));
#175 = ORIENTED_EDGE('',*,*,#47,.F.);
#176 = ( BOUNDED_SURFACE() B_SPLINE_SURFACE(2,13,(
    (#177,#178,#179,#180,#181,#182,#183,#184,#185,#186,#187,#188,#189
      ,#190)
    ,(#191,#192,#193,#194,#195,#196,#197,#198,#199,#200,#201,#202,#203
      ,#204)
    ,(#205,#206,#207,#208,#209,#210,#211,#212,#213,#214,#215,#216,#217
,#218
    )),.UNSPECIFIED.,.F.,.F.,.F.) B_SPLINE_SURFACE_WITH_KNOTS((3,3),(14,
    14),(0.,33.649724969012),(1.344022542531E+03,1.3776722675E+03),
.PIECEWISE_BEZIER_KNOTS.) GEOMETRIC_REPRESENTATION_ITEM() 
RATIONAL_B_SPLINE_SURFACE((
    (1.,1.,0.999999999999,1.000000000004,0.999999999993,1.000000000011
      ,0.999999999988,1.000000000012,0.999999999991,1.000000000006
      ,0.999999999997,1.000000000001,1.,1.)
    ,(0.708535447861,0.708535700136,0.70853847692,0.708537334525
      ,0.708541329884,0.708539400674,0.708543498469,0.708542350445
      ,0.70854497829,0.708545432559,0.708546850648,0.708547958112
      ,0.708549131458,0.708550298101)
    ,(1.,1.,0.999999999999,1.000000000004,0.999999999993,1.000000000011
      ,0.999999999988,1.000000000012,0.999999999991,1.000000000006
,0.999999999997,1.000000000001,1.,1.
  ))) REPRESENTATION_ITEM('') SURFACE() );
#177 = CARTESIAN_POINT('',(30.195276740146,-116.5792267827,
    -7.214127762745));
#178 = CARTESIAN_POINT('',(35.578646380095,-116.5780279858,
    -7.214145879294));
#179 = CARTESIAN_POINT('',(40.94601515456,-116.5768327521,
    -7.214173006139));
#180 = CARTESIAN_POINT('',(46.357675784975,-116.5756276552,
    -7.21418619543));
#181 = CARTESIAN_POINT('',(51.696511492121,-116.5744387754,
    -7.214217630317));
#182 = CARTESIAN_POINT('',(57.128465652354,-116.5732291595,
    -7.214228130001));
#183 = CARTESIAN_POINT('',(62.459561344477,-116.5720420033,
    -7.214259917351));
#184 = CARTESIAN_POINT('',(67.881606116128,-116.570834594,
    -7.214273241498));
#185 = CARTESIAN_POINT('',(73.236817000982,-116.5696420677,
    -7.214299869753));
#186 = CARTESIAN_POINT('',(78.631000388794,-116.5684408627,
    -7.214318875193));
#187 = CARTESIAN_POINT('',(84.007767745888,-116.5672435361,
    -7.214341284524));
#188 = CARTESIAN_POINT('',(89.390186270004,-116.566044951,
    -7.214362621407));
#189 = CARTESIAN_POINT('',(94.771409996737,-116.564846632,
    -7.214384207669));
#190 = CARTESIAN_POINT('',(100.15274343847,-116.5636482886,
    -7.214405788572));
#191 = CARTESIAN_POINT('',(30.195365750747,-116.5792267629,
    -8.210090944883));
#192 = CARTESIAN_POINT('',(35.578589940407,-116.5780279984,
    -8.210108362144));
#193 = CARTESIAN_POINT('',(40.945938629376,-116.5768327691,
    -8.210127626776));
#194 = CARTESIAN_POINT('',(46.357693148423,-116.5756276514,
    -8.210144075477));
#195 = CARTESIAN_POINT('',(51.696397606304,-116.5744388008,
    -8.210164189977));
#196 = CARTESIAN_POINT('',(57.128536540458,-116.5732291437,
    -8.210180181916));
#197 = CARTESIAN_POINT('',(62.459423480971,-116.5720420339,
    -8.210200358064));
#198 = CARTESIAN_POINT('',(67.881652552781,-116.5708345837,
    -8.210216957722));
#199 = CARTESIAN_POINT('',(73.236736445867,-116.5696420856,
    -8.210236146195));
#200 = CARTESIAN_POINT('',(78.630990707984,-116.5684408649,
    -8.210253880165));
#201 = CARTESIAN_POINT('',(84.007736553417,-116.567243543,
    -8.210272282833));
#202 = CARTESIAN_POINT('',(89.390167379803,-116.5660449552,
    -8.210290494598));
#203 = CARTESIAN_POINT('',(94.771397489214,-116.5648466348,
    -8.210308768781));
#204 = CARTESIAN_POINT('',(100.15273927327,-116.5636482895,
    -8.210327056644));
#205 = CARTESIAN_POINT('',(30.221631061624,-115.5836181095,
    -8.214117210711));
#206 = CARTESIAN_POINT('',(35.563720057897,-115.5813348454,
    -8.214142830786));
#207 = CARTESIAN_POINT('',(40.936472466377,-115.5821158563,
    -8.214156179712));
#208 = CARTESIAN_POINT('',(46.354439241434,-115.578089665,
    -8.214189099402));
#209 = CARTESIAN_POINT('',(51.696520405888,-115.580344647,
    -8.214196464204));
#210 = CARTESIAN_POINT('',(57.127253875668,-115.5753950732,
    -8.214233158982));
#211 = CARTESIAN_POINT('',(62.460485438612,-115.5777425136,
    -8.214240183223));
#212 = CARTESIAN_POINT('',(67.880399825635,-115.5737633791,
    -8.214272960285));
#213 = CARTESIAN_POINT('',(73.237200391513,-115.5743230101,
    -8.21428729852));
#214 = CARTESIAN_POINT('',(78.630509937439,-115.5722761696,
    -8.214312253234));
#215 = CARTESIAN_POINT('',(84.007612979151,-115.5713823546,
    -8.214332539561));
#216 = CARTESIAN_POINT('',(89.389930475732,-115.5701172026,
    -8.214354354094));
#217 = CARTESIAN_POINT('',(94.771110550668,-115.5689304092,
    -8.214375868959));
#218 = CARTESIAN_POINT('',(100.15229616228,-115.567735438,
    -8.214397435614));
#219 = ADVANCED_FACE('',(#220),#247,.T.);
#220 = FACE_BOUND('',#221,.F.);
#221 = EDGE_LOOP('',(#222,#231,#232,#241));
#222 = ORIENTED_EDGE('',*,*,#223,.T.);
#223 = EDGE_CURVE('',#224,#32,#226,.T.);
#224 = VERTEX_POINT('',#225);
#225 = CARTESIAN_POINT('',(100.15252075325,-115.5636483134,
    2.22044604925E-16));
#226 = CIRCLE('',#227,1.);
#227 = AXIS2_PLACEMENT_3D('',#228,#229,#230);
#228 = CARTESIAN_POINT('',(100.15252075325,-115.5636483134,-1.));
#229 = DIRECTION('',(0.999999975206,2.226852179406E-04,-0.));
#230 = DIRECTION('',(0.,0.,1.));
#231 = ORIENTED_EDGE('',*,*,#31,.T.);
#232 = ORIENTED_EDGE('',*,*,#233,.F.);
#233 = EDGE_CURVE('',#234,#22,#236,.T.);
#234 = VERTEX_POINT('',#235);
#235 = CARTESIAN_POINT('',(30.195054054928,-115.5792268075,
    2.22044604925E-16));
#236 = CIRCLE('',#237,1.);
#237 = AXIS2_PLACEMENT_3D('',#238,#239,#240);
#238 = CARTESIAN_POINT('',(30.195054054928,-115.5792268075,-1.));
#239 = DIRECTION('',(0.999999975206,2.226852179406E-04,-0.));
#240 = DIRECTION('',(0.,0.,1.));
#241 = ORIENTED_EDGE('',*,*,#242,.F.);
#242 = EDGE_CURVE('',#224,#234,#243,.T.);
#243 = LINE('',#244,#245);
#244 = CARTESIAN_POINT('',(100.15252075325,-115.5636483134,
    2.22044604925E-16));
#245 = VECTOR('',#246,1.);
#246 = DIRECTION('',(-0.999999975206,-2.226852179406E-04,0.));
#247 = CYLINDRICAL_SURFACE('',#248,1.);
#248 = AXIS2_PLACEMENT_3D('',#249,#250,#251);
#249 = CARTESIAN_POINT('',(100.15252075325,-115.5636483134,-1.));
#250 = DIRECTION('',(-0.999999975206,-2.226852179406E-04,0.));
#251 = DIRECTION('',(0.,0.,1.));
#252 = ADVANCED_FACE('',(#253),#304,.F.);
#253 = FACE_BOUND('',#254,.F.);
#254 = EDGE_LOOP('',(#255,#256,#265,#273));
#255 = ORIENTED_EDGE('',*,*,#39,.F.);
#256 = ORIENTED_EDGE('',*,*,#257,.F.);
#257 = EDGE_CURVE('',#258,#32,#260,.T.);
#258 = VERTEX_POINT('',#259);
#259 = CARTESIAN_POINT('',(153.46823094358,-122.9369988159,-1.));
#260 = CIRCLE('',#261,219.21384616634);
#261 = AXIS2_PLACEMENT_3D('',#262,#263,#264);
#262 = CARTESIAN_POINT('',(100.98671932597,-335.7759080627,-1.));
#263 = DIRECTION('',(0.,-0.,1.));
#264 = DIRECTION('',(0.239407831829,0.970919095527,0.));
#265 = ORIENTED_EDGE('',*,*,#266,.T.);
#266 = EDGE_CURVE('',#258,#267,#269,.T.);
#267 = VERTEX_POINT('',#268);
#268 = CARTESIAN_POINT('',(153.46823094358,-122.9369988159,
    -7.200238951285));
#269 = LINE('',#270,#271);
#270 = CARTESIAN_POINT('',(153.46823094358,-122.9369988159,0.));
#271 = VECTOR('',#272,1.);
#272 = DIRECTION('',(-0.,-0.,-1.));
#273 = ORIENTED_EDGE('',*,*,#274,.F.);
#274 = EDGE_CURVE('',#40,#267,#275,.T.);
#275 = ( BOUNDED_CURVE() B_SPLINE_CURVE(14,(#276,#277,#278,#279,#280,
    #281,#282,#283,#284,#285,#286,#287,#288,#289,#290,#291,#292,#293,
    #294,#295,#296,#297,#298,#299,#300,#301,#302,#303),.UNSPECIFIED.,.F.
,.F.) B_SPLINE_CURVE_WITH_KNOTS((15,13,15),(1.3776722675E+03,
1.386701987869E+03,1.403436673203E+03),.UNSPECIFIED.) CURVE() 
GEOMETRIC_REPRESENTATION_ITEM() RATIONAL_B_SPLINE_CURVE((1.,1.,
    0.999999999998,1.000000000004,0.999999999992,1.000000000013,
    0.999999999984,1.000000000016,0.999999999987,1.000000000009,
    0.999999999995,1.000000000002,0.999999999999,1.,1.,1.000000000002,
    0.999999999994,1.000000000013,0.999999999979,1.000000000027,
    0.99999999997,1.000000000027,0.99999999998,1.000000000012,
0.999999999994,1.000000000002,1.,1.)) REPRESENTATION_ITEM('') );
#276 = CARTESIAN_POINT('',(100.15274343847,-116.5636482886,
    -7.214405773592));
#277 = CARTESIAN_POINT('',(101.49364627624,-116.5585469287,
    -7.214430805459));
#278 = CARTESIAN_POINT('',(102.83466318705,-116.5622845505,
    -7.214419832686));
#279 = CARTESIAN_POINT('',(104.17424595729,-116.5747963126,
    -7.214372355789));
#280 = CARTESIAN_POINT('',(105.52096953755,-116.5964338188,
    -7.21428771945));
#281 = CARTESIAN_POINT('',(106.84458493045,-116.6259573844,
    -7.214171086382));
#282 = CARTESIAN_POINT('',(108.21933036634,-116.6664718077,
    -7.214009306088));
#283 = CARTESIAN_POINT('',(109.510418736,-116.7121974925,-7.21382899128)
  );
#284 = CARTESIAN_POINT('',(110.90558297104,-116.7713444502,
    -7.213594357167));
#285 = CARTESIAN_POINT('',(112.20436607753,-116.8351981981,
    -7.213345210217));
#286 = CARTESIAN_POINT('',(113.56547183102,-116.9104625239,
    -7.213053053003));
#287 = CARTESIAN_POINT('',(114.89845639154,-116.993519549,
    -7.212735629753));
#288 = CARTESIAN_POINT('',(116.23971944856,-117.0857401248,
    -7.212388341664));
#289 = CARTESIAN_POINT('',(117.57892202268,-117.1867634753,
    -7.212014749097));
#290 = CARTESIAN_POINT('',(121.39944771143,-117.50032452,-7.210878659463
    ));
#291 = CARTESIAN_POINT('',(123.87942235484,-117.734375821,
    -7.210056550311));
#292 = CARTESIAN_POINT('',(126.35940605832,-117.999296781,
    -7.209162273333));
#293 = CARTESIAN_POINT('',(128.83412628668,-118.2938157657,
    -7.208213590642));
#294 = CARTESIAN_POINT('',(131.31097728896,-118.6199286902,
    -7.207223459646));
#295 = CARTESIAN_POINT('',(133.78525790257,-118.97654914,-7.206213604647
    ));
#296 = CARTESIAN_POINT('',(136.25366682483,-119.362918328,
    -7.205206392295));
#297 = CARTESIAN_POINT('',(138.72169442516,-119.780544195,
    -7.204221050108));
#298 = CARTESIAN_POINT('',(141.19058771721,-120.2299202649,
    -7.20328130158));
#299 = CARTESIAN_POINT('',(143.65192801535,-120.7090612053,
    -7.202417392478));
#300 = CARTESIAN_POINT('',(146.10626377609,-121.2181376453,
    -7.201654367654));
#301 = CARTESIAN_POINT('',(148.56871579419,-121.7610467622,
    -7.201010887705));
#302 = CARTESIAN_POINT('',(151.01936707625,-122.3331614914,
    -7.200531841684));
#303 = CARTESIAN_POINT('',(153.46823094358,-122.9369988159,
    -7.200238951285));
#304 = CYLINDRICAL_SURFACE('',#305,219.21384616634);
#305 = AXIS2_PLACEMENT_3D('',#306,#307,#308);
#306 = CARTESIAN_POINT('',(100.98671932597,-335.7759080627,0.));
#307 = DIRECTION('',(0.,0.,1.));
#308 = DIRECTION('',(-3.78699093694E-03,0.999992829324,0.));
#309 = ADVANCED_FACE('',(#310),#367,.T.);
#310 = FACE_BOUND('',#311,.T.);
#311 = EDGE_LOOP('',(#312,#320,#365,#366));
#312 = ORIENTED_EDGE('',*,*,#313,.T.);
#313 = EDGE_CURVE('',#83,#314,#316,.T.);
#314 = VERTEX_POINT('',#315);
#315 = CARTESIAN_POINT('',(25.128385139103,-110.5782340493,
    -8.242637906263));
#316 = ( BOUNDED_CURVE() B_SPLINE_CURVE(2,(#317,#318,#319),
.UNSPECIFIED.,.F.,.F.) B_SPLINE_CURVE_WITH_KNOTS((3,3),(0.,
87.425637052597),.PIECEWISE_BEZIER_KNOTS.) CURVE() 
GEOMETRIC_REPRESENTATION_ITEM() RATIONAL_B_SPLINE_CURVE((1.,0.7071067835
,1.)) REPRESENTATION_ITEM('') );
#317 = CARTESIAN_POINT('',(24.128393221386,-110.5729718103,
    -7.242643676152));
#318 = CARTESIAN_POINT('',(24.128387562274,-110.5804324041,
    -8.242615838976));
#319 = CARTESIAN_POINT('',(25.128385139103,-110.5782340493,
    -8.242637906263));
#320 = ORIENTED_EDGE('',*,*,#321,.T.);
#321 = EDGE_CURVE('',#314,#144,#322,.T.);
#322 = ( BOUNDED_CURVE() B_SPLINE_CURVE(9,(#323,#324,#325,#326,#327,#328
    ,#329,#330,#331,#332,#333,#334,#335,#336,#337,#338,#339,#340,#341,
    #342,#343,#344,#345,#346,#347,#348,#349,#350,#351,#352,#353,#354,
    #355,#356,#357,#358,#359,#360,#361,#362,#363,#364),.UNSPECIFIED.,.F.
,.F.) B_SPLINE_CURVE_WITH_KNOTS((10,8,8,8,8,10),(1.340083539751E+03,
    1.340173279791E+03,1.340588808496E+03,1.341094077241E+03,
1.342115052569E+03,1.344022542531E+03),.UNSPECIFIED.) CURVE() 
GEOMETRIC_REPRESENTATION_ITEM() RATIONAL_B_SPLINE_CURVE((1.,1.,1.,1.,1.,
    1.,1.,1.,1.,1.,1.,1.,1.,1.,1.,1.,1.,1.,1.,1.,1.,1.,1.,1.,1.,1.,1.,1.
,1.,1.,1.,1.,1.,1.,1.,1.,1.,1.,1.,1.,1.,1.)) REPRESENTATION_ITEM('') );
#323 = CARTESIAN_POINT('',(25.128385139118,-110.5782339776,
    -8.242637906798));
#324 = CARTESIAN_POINT('',(25.128399191114,-110.6056209562,
    -8.242433517464));
#325 = CARTESIAN_POINT('',(25.128554711989,-110.6267894892,
    -8.242276129783));
#326 = CARTESIAN_POINT('',(25.12881194162,-110.651114772,-8.242095511064
    ));
#327 = CARTESIAN_POINT('',(25.129209640523,-110.6761120586,
    -8.241910406717));
#328 = CARTESIAN_POINT('',(25.12975711011,-110.7000563933,
    -8.241733743829));
#329 = CARTESIAN_POINT('',(25.13043356777,-110.7239670991,-8.24155780548
    ));
#330 = CARTESIAN_POINT('',(25.131230072012,-110.748687221,
    -8.241376252581));
#331 = CARTESIAN_POINT('',(25.132169192896,-110.7727881176,
    -8.241199869943));
#332 = CARTESIAN_POINT('',(25.138184839215,-110.9092752722,
    -8.240203540538));
#333 = CARTESIAN_POINT('',(25.145967118852,-111.021295064,
    -8.239396367857));
#334 = CARTESIAN_POINT('',(25.156561836193,-111.1329115918,
    -8.238602523314));
#335 = CARTESIAN_POINT('',(25.169936227603,-111.2439592668,
    -8.23782299202));
#336 = CARTESIAN_POINT('',(25.186047391531,-111.3542840961,
    -8.237058616182));
#337 = CARTESIAN_POINT('',(25.20484228851,-111.4637436823,
    -8.236310095101));
#338 = CARTESIAN_POINT('',(25.226257741156,-111.5722072242,
    -8.235577985173));
#339 = CARTESIAN_POINT('',(25.250220434168,-111.6795555159,
    -8.234862699892));
#340 = CARTESIAN_POINT('',(25.30878061361,-111.9147258559,
    -8.233315534538));
#341 = CARTESIAN_POINT('',(25.344576874863,-112.0419985029,
    -8.232491667534));
#342 = CARTESIAN_POINT('',(25.383888761564,-112.1673072434,
    -8.231693387829));
#343 = CARTESIAN_POINT('',(25.426565002012,-112.2904818668,
    -8.230921007053));
#344 = CARTESIAN_POINT('',(25.472449989332,-112.4113735969,
    -8.230174669475));
#345 = CARTESIAN_POINT('',(25.52138378147,-112.529855092,-8.229454351995
    ));
#346 = CARTESIAN_POINT('',(25.573202101201,-112.645820445,
    -8.228759864152));
#347 = CARTESIAN_POINT('',(25.62773633612,-112.7591851834,
    -8.228090848118));
#348 = CARTESIAN_POINT('',(25.800147044061,-113.0935753022,
    -8.226145334687));
#349 = CARTESIAN_POINT('',(25.925798443086,-113.3062749042,
    -8.224946490776));
#350 = CARTESIAN_POINT('',(26.060866565058,-113.5081516437,
    -8.22384260389));
#351 = CARTESIAN_POINT('',(26.204186477316,-113.6989902219,
    -8.222828449022));
#352 = CARTESIAN_POINT('',(26.354596030716,-113.8785842899,
    -8.221899234196));
#353 = CARTESIAN_POINT('',(26.511103734794,-114.0469517502,
    -8.22104953246));
#354 = CARTESIAN_POINT('',(26.672957962574,-114.2043745449,
    -8.220273130918));
#355 = CARTESIAN_POINT('',(26.839617485025,-114.3512629284,
    -8.219563796802));
#356 = CARTESIAN_POINT('',(27.33011385938,-114.7430192975,
    -8.217708475353));
#357 = CARTESIAN_POINT('',(27.664385089086,-114.9618534165,
    -8.216719540714));
#358 = CARTESIAN_POINT('',(28.010449362745,-115.1470159706,
    -8.215915753277));
#359 = CARTESIAN_POINT('',(28.357883979579,-115.2924273685,
    -8.215301012084));
#360 = CARTESIAN_POINT('',(28.72432182306,-115.419568136,-8.214777923944
    ));
#361 = CARTESIAN_POINT('',(29.081860853794,-115.5009874305,
    -8.214447833193));
#362 = CARTESIAN_POINT('',(29.45892000238,-115.5576992036,
    -8.214219639664));
#363 = CARTESIAN_POINT('',(29.784110002833,-115.5878622659,
    -8.214098705499));
#364 = CARTESIAN_POINT('',(30.221631061551,-115.5836181095,
    -8.214117210711));
#365 = ORIENTED_EDGE('',*,*,#143,.F.);
#366 = ORIENTED_EDGE('',*,*,#90,.F.);
#367 = ( BOUNDED_SURFACE() B_SPLINE_SURFACE(2,9,(
    (#368,#369,#370,#371,#372,#373,#374,#375,#376,#377,#378,#379,#380
      ,#381,#382,#383,#384,#385,#386,#387,#388,#389,#390,#391,#392,#393
      ,#394,#395,#396,#397,#398,#399,#400,#401,#402,#403,#404,#405,#406
      ,#407,#408,#409)
    ,(#410,#411,#412,#413,#414,#415,#416,#417,#418,#419,#420,#421,#422
      ,#423,#424,#425,#426,#427,#428,#429,#430,#431,#432,#433,#434,#435
      ,#436,#437,#438,#439,#440,#441,#442,#443,#444,#445,#446,#447,#448
      ,#449,#450,#451)
    ,(#452,#453,#454,#455,#456,#457,#458,#459,#460,#461,#462,#463,#464
      ,#465,#466,#467,#468,#469,#470,#471,#472,#473,#474,#475,#476,#477
      ,#478,#479,#480,#481,#482,#483,#484,#485,#486,#487,#488,#489,#490
      ,#491,#492,#493
)),.UNSPECIFIED.,.F.,.F.,.F.) B_SPLINE_SURFACE_WITH_KNOTS((3,3),(10,8,8,
    8,8,10),(0.,3.939002779289),(1.340083539751E+03,1.340173279791E+03,
    1.340588808496E+03,1.341094077241E+03,1.342115052569E+03,
1.344022542531E+03),.UNSPECIFIED.) GEOMETRIC_REPRESENTATION_ITEM() 
RATIONAL_B_SPLINE_SURFACE((
    (1.,1.,1.,1.,1.,1.,1.,1.,1.,1.,1.,1.,1.,1.,1.,1.,1.,1.,1.,1.,1.,1.
      ,1.,1.,1.,1.,1.,1.,1.,1.,1.,1.,1.,1.,1.,1.,1.,1.,1.,1.,1.,1.)
    ,(0.707110401991,0.707123189069,0.70713590774,0.70714856676
      ,0.707161149183,0.70717365165,0.707186082564,0.707198444704
      ,0.707210727873,0.707279470336,0.707334397786,0.70738766043
      ,0.707439212375,0.707489020882,0.707537066363,0.707583342378
      ,0.707627855643,0.707722633345,0.707772060184,0.707818946726
      ,0.707863343982,0.707905313776,0.707944928756,0.707982272385
      ,0.708017438948,0.708117406411,0.708175811659,0.70822655144
      ,0.708270543816,0.708308666054,0.708341669249,0.708370164261
      ,0.70839467897,0.708455222733,0.708482411316,0.708503488871
      ,0.708511823432,0.708529662698,0.708523558867,0.708539396628
      ,0.708532545964,0.708535738388)
    ,(1.,1.,1.,1.,1.,1.,1.,1.,1.,1.,1.,1.,1.,1.,1.,1.,1.,1.,1.,1.,1.,1.
      ,1.,1.,1.,1.,1.,1.,1.,1.,1.,1.,1.,1.,1.,1.,1.,1.,1.,1.,1.,1.
))) REPRESENTATION_ITEM('') SURFACE() );
#368 = CARTESIAN_POINT('',(24.128393221386,-110.5729718103,
    -7.242653911103));
#369 = CARTESIAN_POINT('',(24.128411101499,-110.6021260005,
    -7.242472562192));
#370 = CARTESIAN_POINT('',(24.128588106851,-110.631289699,
    -7.242291648421));
#371 = CARTESIAN_POINT('',(24.128924287608,-110.6604431932,
    -7.242111316596));
#372 = CARTESIAN_POINT('',(24.129419536814,-110.6895920376,
    -7.241931503367));
#373 = CARTESIAN_POINT('',(24.130073771488,-110.7187378797,
    -7.241752191423));
#374 = CARTESIAN_POINT('',(24.130886922898,-110.7478753626,
    -7.241573428078));
#375 = CARTESIAN_POINT('',(24.131858856689,-110.7770004321,
    -7.241395243437));
#376 = CARTESIAN_POINT('',(24.132989343499,-110.8061153771,
    -7.241217605329));
#377 = CARTESIAN_POINT('',(24.14024607404,-110.9699619667,
    -7.240220709971));
#378 = CARTESIAN_POINT('',(24.149613820798,-111.1044271226,
    -7.239413134455));
#379 = CARTESIAN_POINT('',(24.162354561678,-111.2384036175,
    -7.238618920585));
#380 = CARTESIAN_POINT('',(24.17842925109,-111.3716964373,
    -7.237839031439));
#381 = CARTESIAN_POINT('',(24.197786677211,-111.5041233339,
    -7.237074294255));
#382 = CARTESIAN_POINT('',(24.220363461973,-111.6355148248,
    -7.236325400427));
#383 = CARTESIAN_POINT('',(24.246084061074,-111.7657141929,
    -7.235592905507));
#384 = CARTESIAN_POINT('',(24.274860763968,-111.8945774871,
    -7.234877229203));
#385 = CARTESIAN_POINT('',(24.345179855203,-112.1768827584,
    -7.233329213423));
#386 = CARTESIAN_POINT('',(24.388154748951,-112.3296463534,
    -7.232504988905));
#387 = CARTESIAN_POINT('',(24.435343068291,-112.4800415049,
    -7.231706419899));
#388 = CARTESIAN_POINT('',(24.486564367682,-112.6278698397,
    -7.23093378509));
#389 = CARTESIAN_POINT('',(24.541633062867,-112.7729574125,
    -7.230187203773));
#390 = CARTESIAN_POINT('',(24.600358430874,-112.9151547067,
    -7.229466635858));
#391 = CARTESIAN_POINT('',(24.662544610016,-113.0543366339,
    -7.228771881867));
#392 = CARTESIAN_POINT('',(24.72799059989,-113.1904025339,
    -7.228102582932));
#393 = CARTESIAN_POINT('',(24.934904649767,-113.5917683598,
    -7.22615618531));
#394 = CARTESIAN_POINT('',(25.085791504793,-113.8471774572,
    -7.224956381244));
#395 = CARTESIAN_POINT('',(25.247735953723,-114.0892852489,
    -7.223852831656));
#396 = CARTESIAN_POINT('',(25.419478624787,-114.3180406377,
    -7.222839439109));
#397 = CARTESIAN_POINT('',(25.59983991927,-114.5334777601,
    -7.221910264875));
#398 = CARTESIAN_POINT('',(25.78769895577,-114.7356783922,
    -7.221059664826));
#399 = CARTESIAN_POINT('',(25.982027186595,-114.9247786508,
    -7.220282281988));
#400 = CARTESIAN_POINT('',(26.181976686324,-115.1010199871,
    -7.219572895782));
#401 = CARTESIAN_POINT('',(26.770111703578,-115.5709180491,
    -7.217717770473));
#402 = CARTESIAN_POINT('',(27.170654400144,-115.8334345023,
    -7.216727809457));
#403 = CARTESIAN_POINT('',(27.585170130491,-116.0542345501,
    -7.215934118581));
#404 = CARTESIAN_POINT('',(28.006115031974,-116.2346260146,
    -7.215283003814));
#405 = CARTESIAN_POINT('',(28.440473173731,-116.3780757701,
    -7.214820239004));
#406 = CARTESIAN_POINT('',(28.874085750791,-116.4824180114,
    -7.214430125875));
#407 = CARTESIAN_POINT('',(29.313570653116,-116.5511817056,
    -7.214233826385));
#408 = CARTESIAN_POINT('',(29.754375525677,-116.5833846769,
    -7.214104231345));
#409 = CARTESIAN_POINT('',(30.195276740146,-116.5792267827,
    -7.214128586146));
#410 = CARTESIAN_POINT('',(24.128397796868,-110.5804323053,
    -8.242615839771));
#411 = CARTESIAN_POINT('',(24.128451851647,-110.6095638138,
    -8.242398491778));
#412 = CARTESIAN_POINT('',(24.128664797287,-110.6387047375,
    -8.242181771814));
#413 = CARTESIAN_POINT('',(24.129036656043,-110.6678349248,
    -8.24196580518));
#414 = CARTESIAN_POINT('',(24.129567328847,-110.6969603187,
    -8.241750573569));
#415 = CARTESIAN_POINT('',(24.130256735373,-110.7260826647,
    -8.241536068439));
#416 = CARTESIAN_POINT('',(24.131104799581,-110.7551964003,
    -8.241322314876));
#417 = CARTESIAN_POINT('',(24.132111381251,-110.7842973889,
    -8.241109335734));
#418 = CARTESIAN_POINT('',(24.133276253992,-110.81338816,-8.2408971259)
  );
#419 = CARTESIAN_POINT('',(24.140724489298,-110.977084256,
    -8.239706854077));
#420 = CARTESIAN_POINT('',(24.150243293022,-111.1114198865,
    -8.238744801426));
#421 = CARTESIAN_POINT('',(24.163128590747,-111.2452637654,
    -8.237800812777));
#422 = CARTESIAN_POINT('',(24.179341196544,-111.3784212588,
    -8.236875979097));
#423 = CARTESIAN_POINT('',(24.198829793462,-111.5107105092,
    -8.235971218342));
#424 = CARTESIAN_POINT('',(24.221530936702,-111.6419624143,
    -8.235087275644));
#425 = CARTESIAN_POINT('',(24.247369055423,-111.7720206053,
    -8.234224723477));
#426 = CARTESIAN_POINT('',(24.276256453142,-111.9007414265,
    -8.233383961814));
#427 = CARTESIAN_POINT('',(24.3468006516,-112.1827078844,-8.231569787356
    ));
#428 = CARTESIAN_POINT('',(24.389886107431,-112.3352774533,
    -8.230606828537));
#429 = CARTESIAN_POINT('',(24.437174645122,-112.4854801681,
    -8.229676667232));
#430 = CARTESIAN_POINT('',(24.488486141685,-112.6331180202,
    -8.228779438763));
#431 = CARTESIAN_POINT('',(24.54363536908,-112.7780174222,
    -8.227915088462));
#432 = CARTESIAN_POINT('',(24.602431982044,-112.920029185,
    -8.227083371779));
#433 = CARTESIAN_POINT('',(24.664680505144,-113.0590284975,
    -8.226283854356));
#434 = CARTESIAN_POINT('',(24.730180319169,-113.1949149087,
    -8.225515912094));
#435 = CARTESIAN_POINT('',(24.937212757911,-113.5957105227,
    -8.223289351031));
#436 = CARTESIAN_POINT('',(25.088140285488,-113.8507520143,
    -8.221925918313));
#437 = CARTESIAN_POINT('',(25.250099361698,-114.0925187769,
    -8.220680215967));
#438 = CARTESIAN_POINT('',(25.421833738082,-114.3209573381,
    -8.21954358502));
#439 = CARTESIAN_POINT('',(25.602166001009,-114.5360992805,
    -8.218507636311));
#440 = CARTESIAN_POINT('',(25.789977750817,-114.7380250681,
    -8.217564621863));
#441 = CARTESIAN_POINT('',(25.984243613042,-114.926870954,
    -8.216707467178));
#442 = CARTESIAN_POINT('',(26.184118934,-115.1028787963,-8.21592946529)
  );
#443 = CARTESIAN_POINT('',(26.771979263422,-115.5721351084,
    -8.213905038386));
#444 = CARTESIAN_POINT('',(27.172311055055,-115.8343139369,
    -8.212839074399));
#445 = CARTESIAN_POINT('',(27.58661236142,-116.0548391282,
    -8.211986424228));
#446 = CARTESIAN_POINT('',(28.007273779012,-116.2350111584,
    -8.21131226723));
#447 = CARTESIAN_POINT('',(28.441451563088,-116.3782991977,
    -8.21079930892));
#448 = CARTESIAN_POINT('',(28.874768536101,-116.4825400157,
    -8.210426712603));
#449 = CARTESIAN_POINT('',(29.314075248459,-116.551192879,-8.21018583617
    ));
#450 = CARTESIAN_POINT('',(29.754474158009,-116.5833902789,
    -8.210075603698));
#451 = CARTESIAN_POINT('',(30.1953657723,-116.5792259431,-8.210090948198
    ));
#452 = CARTESIAN_POINT('',(25.128385139118,-110.5782339776,
    -8.242637906798));
#453 = CARTESIAN_POINT('',(25.128399191114,-110.6056209562,
    -8.242433517464));
#454 = CARTESIAN_POINT('',(25.128554711989,-110.6267894892,
    -8.242276129783));
#455 = CARTESIAN_POINT('',(25.12881194162,-110.651114772,-8.242095511064
    ));
#456 = CARTESIAN_POINT('',(25.129209640523,-110.6761120586,
    -8.241910406717));
#457 = CARTESIAN_POINT('',(25.12975711011,-110.7000563933,
    -8.241733743829));
#458 = CARTESIAN_POINT('',(25.13043356777,-110.7239670991,-8.24155780548
    ));
#459 = CARTESIAN_POINT('',(25.131230072012,-110.748687221,
    -8.241376252581));
#460 = CARTESIAN_POINT('',(25.132169192896,-110.7727881176,
    -8.241199869943));
#461 = CARTESIAN_POINT('',(25.138184839215,-110.9092752722,
    -8.240203540538));
#462 = CARTESIAN_POINT('',(25.145967118852,-111.021295064,
    -8.239396367857));
#463 = CARTESIAN_POINT('',(25.156561836193,-111.1329115918,
    -8.238602523314));
#464 = CARTESIAN_POINT('',(25.169936227603,-111.2439592668,
    -8.23782299202));
#465 = CARTESIAN_POINT('',(25.186047391531,-111.3542840961,
    -8.237058616182));
#466 = CARTESIAN_POINT('',(25.20484228851,-111.4637436823,
    -8.236310095101));
#467 = CARTESIAN_POINT('',(25.226257741156,-111.5722072242,
    -8.235577985173));
#468 = CARTESIAN_POINT('',(25.250220434168,-111.6795555159,
    -8.234862699892));
#469 = CARTESIAN_POINT('',(25.30878061361,-111.9147258559,
    -8.233315534538));
#470 = CARTESIAN_POINT('',(25.344576874863,-112.0419985029,
    -8.232491667534));
#471 = CARTESIAN_POINT('',(25.383888761564,-112.1673072434,
    -8.231693387829));
#472 = CARTESIAN_POINT('',(25.426565002012,-112.2904818668,
    -8.230921007053));
#473 = CARTESIAN_POINT('',(25.472449989332,-112.4113735969,
    -8.230174669475));
#474 = CARTESIAN_POINT('',(25.52138378147,-112.529855092,-8.229454351995
    ));
#475 = CARTESIAN_POINT('',(25.573202101201,-112.645820445,
    -8.228759864152));
#476 = CARTESIAN_POINT('',(25.62773633612,-112.7591851834,
    -8.228090848118));
#477 = CARTESIAN_POINT('',(25.800147044061,-113.0935753022,
    -8.226145334687));
#478 = CARTESIAN_POINT('',(25.925798443086,-113.3062749042,
    -8.224946490776));
#479 = CARTESIAN_POINT('',(26.060866565058,-113.5081516437,
    -8.22384260389));
#480 = CARTESIAN_POINT('',(26.204186477316,-113.6989902219,
    -8.222828449022));
#481 = CARTESIAN_POINT('',(26.354596030716,-113.8785842899,
    -8.221899234196));
#482 = CARTESIAN_POINT('',(26.511103734794,-114.0469517502,
    -8.22104953246));
#483 = CARTESIAN_POINT('',(26.672957962574,-114.2043745449,
    -8.220273130918));
#484 = CARTESIAN_POINT('',(26.839617485025,-114.3512629284,
    -8.219563796802));
#485 = CARTESIAN_POINT('',(27.33011385938,-114.7430192975,
    -8.217708475353));
#486 = CARTESIAN_POINT('',(27.664385089086,-114.9618534165,
    -8.216719540714));
#487 = CARTESIAN_POINT('',(28.010449362745,-115.1470159706,
    -8.215915753277));
#488 = CARTESIAN_POINT('',(28.357883979579,-115.2924273685,
    -8.215301012084));
#489 = CARTESIAN_POINT('',(28.72432182306,-115.419568136,-8.214777923944
    ));
#490 = CARTESIAN_POINT('',(29.081860853794,-115.5009874305,
    -8.214447833193));
#491 = CARTESIAN_POINT('',(29.45892000238,-115.5576992036,
    -8.214219639664));
#492 = CARTESIAN_POINT('',(29.784110002833,-115.5878622659,
    -8.214098705499));
#493 = CARTESIAN_POINT('',(30.221631061551,-115.5836181095,
    -8.214117210711));
#494 = ADVANCED_FACE('',(#495),#515,.T.);
#495 = FACE_BOUND('',#496,.T.);
#496 = EDGE_LOOP('',(#497,#498,#507,#514));
#497 = ORIENTED_EDGE('',*,*,#233,.F.);
#498 = ORIENTED_EDGE('',*,*,#499,.T.);
#499 = EDGE_CURVE('',#234,#500,#502,.T.);
#500 = VERTEX_POINT('',#501);
#501 = CARTESIAN_POINT('',(25.12839303332,-110.5723585156,0.));
#502 = CIRCLE('',#503,5.010208237084);
#503 = AXIS2_PLACEMENT_3D('',#504,#505,#506);
#504 = CARTESIAN_POINT('',(30.138600328159,-110.5692857815,0.));
#505 = DIRECTION('',(0.,-0.,-1.));
#506 = DIRECTION('',(9.430024676548E-03,-0.999955536329,0.));
#507 = ORIENTED_EDGE('',*,*,#508,.T.);
#508 = EDGE_CURVE('',#500,#74,#509,.T.);
#509 = CIRCLE('',#510,1.);
#510 = AXIS2_PLACEMENT_3D('',#511,#512,#513);
#511 = CARTESIAN_POINT('',(25.12839303332,-110.5723585156,-1.));
#512 = DIRECTION('',(6.132946837981E-04,-0.999999811935,0.));
#513 = DIRECTION('',(-0.999999811935,-6.132946837981E-04,0.));
#514 = ORIENTED_EDGE('',*,*,#73,.F.);
#515 = TOROIDAL_SURFACE('',#516,5.010208237084,1.);
#516 = AXIS2_PLACEMENT_3D('',#517,#518,#519);
#517 = CARTESIAN_POINT('',(30.138600328159,-110.5692857815,-1.));
#518 = DIRECTION('',(-0.,-0.,-1.));
#519 = DIRECTION('',(9.430024676548E-03,-0.999955536329,0.));
#520 = ADVANCED_FACE('',(#521),#581,.T.);
#521 = FACE_BOUND('',#522,.T.);
#522 = EDGE_LOOP('',(#523,#524,#532,#540));
#523 = ORIENTED_EDGE('',*,*,#82,.F.);
#524 = ORIENTED_EDGE('',*,*,#525,.T.);
#525 = EDGE_CURVE('',#74,#526,#528,.T.);
#526 = VERTEX_POINT('',#527);
#527 = CARTESIAN_POINT('',(24.195173070062,-22.53489638755,-1.));
#528 = LINE('',#529,#530);
#529 = CARTESIAN_POINT('',(24.128393221386,-110.5729718103,-1.));
#530 = VECTOR('',#531,1.);
#531 = DIRECTION('',(7.585334997819E-04,0.999999712313,0.));
#532 = ORIENTED_EDGE('',*,*,#533,.T.);
#533 = EDGE_CURVE('',#526,#534,#536,.T.);
#534 = VERTEX_POINT('',#535);
#535 = CARTESIAN_POINT('',(24.195173070062,-22.53489638755,
    -12.96506591557));
#536 = LINE('',#537,#538);
#537 = CARTESIAN_POINT('',(24.195173070062,-22.53489638755,0.));
#538 = VECTOR('',#539,1.);
#539 = DIRECTION('',(-0.,-0.,-1.));
#540 = ORIENTED_EDGE('',*,*,#541,.T.);
#541 = EDGE_CURVE('',#534,#83,#542,.T.);
#542 = ( BOUNDED_CURVE() B_SPLINE_CURVE(10,(#543,#544,#545,#546,#547,
    #548,#549,#550,#551,#552,#553,#554,#555,#556,#557,#558,#559,#560,
    #561,#562,#563,#564,#565,#566,#567,#568,#569,#570,#571,#572,#573,
    #574,#575,#576,#577,#578,#579,#580),.UNSPECIFIED.,.F.,.F.) 
B_SPLINE_CURVE_WITH_KNOTS((11,9,9,9,11),(1.252657902725E+03,
    1.296177662636E+03,1.318129324389E+03,1.340080986141E+03,
1.340083539778E+03),.UNSPECIFIED.) CURVE() GEOMETRIC_REPRESENTATION_ITEM
() RATIONAL_B_SPLINE_CURVE((1.,1.,1.,1.,1.,1.,1.,1.,1.,1.,1.,1.,1.,1.,1.
    ,1.,1.,1.,1.,1.,1.,1.,1.,1.,1.,1.,1.,1.,1.,1.,1.,1.,1.,1.,1.,1.,1.,
1.)) REPRESENTATION_ITEM('') );
#543 = CARTESIAN_POINT('',(24.195173070062,-22.53489638755,
    -12.96506368049));
#544 = CARTESIAN_POINT('',(24.190606257425,-28.55547599825,
    -12.91689190993));
#545 = CARTESIAN_POINT('',(24.186332874299,-34.18921781399,
    -12.8402649012));
#546 = CARTESIAN_POINT('',(24.182368965429,-39.41496951921,
    -12.73247888697));
#547 = CARTESIAN_POINT('',(24.178735661667,-44.20487361486,
    -12.59249882099));
#548 = CARTESIAN_POINT('',(24.175429831651,-48.56305827614,
    -12.41483001728));
#549 = CARTESIAN_POINT('',(24.172484716034,-52.44570125909,
    -12.20294203102));
#550 = CARTESIAN_POINT('',(24.169896656744,-55.85762511817,
    -11.94644586984));
#551 = CARTESIAN_POINT('',(24.167694243627,-58.7611389166,
    -11.65290899364));
#552 = CARTESIAN_POINT('',(24.165883460143,-61.14835446268,
    -11.31082114759));
#553 = CARTESIAN_POINT('',(24.16380636181,-63.88666165131,
    -10.74513327744));
#554 = CARTESIAN_POINT('',(24.163210720706,-64.67191495056,
    -10.54461793372));
#555 = CARTESIAN_POINT('',(24.162668363715,-65.38692204656,
    -10.33283870969));
#556 = CARTESIAN_POINT('',(24.162134596536,-66.09060491025,
    -10.11506250259));
#557 = CARTESIAN_POINT('',(24.161546489536,-66.86592575014,
    -9.868681520745));
#558 = CARTESIAN_POINT('',(24.160893203992,-67.72717361471,
    -9.629948718502));
#559 = CARTESIAN_POINT('',(24.160133472672,-68.72875245176,
    -9.390735251807));
#560 = CARTESIAN_POINT('',(24.159228684324,-69.92156475077,
    -9.157023096155));
#561 = CARTESIAN_POINT('',(24.158138365454,-71.35896805197,
    -8.930518911504));
#562 = CARTESIAN_POINT('',(24.155503302913,-74.83285784628,
    -8.496303191735));
#563 = CARTESIAN_POINT('',(24.153958599894,-76.8692907452,
    -8.288608772847));
#564 = CARTESIAN_POINT('',(24.152145121208,-79.26005946592,
    -8.092475927208));
#565 = CARTESIAN_POINT('',(24.150020747212,-82.06069171904,
    -7.910143297075));
#566 = CARTESIAN_POINT('',(24.147543356387,-85.32671769248,
    -7.743970569534));
#567 = CARTESIAN_POINT('',(24.144670995627,-89.11344554913,
    -7.596417198352));
#568 = CARTESIAN_POINT('',(24.141361869656,-93.47597537843,
    -7.469995688541));
#569 = CARTESIAN_POINT('',(24.137574312243,-98.46923714466,
    -7.367225819212));
#570 = CARTESIAN_POINT('',(24.133266901891,-104.1478381748,
    -7.290616180401));
#571 = CARTESIAN_POINT('',(24.128398318363,-110.5662522963,
    -7.242693825308));
#572 = CARTESIAN_POINT('',(24.128397752059,-110.5669988738,
    -7.242688251547));
#573 = CARTESIAN_POINT('',(24.128397185748,-110.5677454609,
    -7.242682678187));
#574 = CARTESIAN_POINT('',(24.128396619429,-110.5684920575,
    -7.242677105232));
#575 = CARTESIAN_POINT('',(24.128396053104,-110.5692386629,
    -7.242671532684));
#576 = CARTESIAN_POINT('',(24.128395486772,-110.5699852769,
    -7.242665960546));
#577 = CARTESIAN_POINT('',(24.128394920434,-110.5707318991,
    -7.24266038882));
#578 = CARTESIAN_POINT('',(24.12839435409,-110.571478529,-7.242654817511
    ));
#579 = CARTESIAN_POINT('',(24.12839378774,-110.5722251662,-7.24264924662
    ));
#580 = CARTESIAN_POINT('',(24.128393221386,-110.5729718103,
    -7.242643676152));
#581 = PLANE('',#582);
#582 = AXIS2_PLACEMENT_3D('',#583,#584,#585);
#583 = CARTESIAN_POINT('',(24.195173070062,-22.53489638755,0.));
#584 = DIRECTION('',(-0.999999712313,7.585334997819E-04,0.));
#585 = DIRECTION('',(-7.585334997819E-04,-0.999999712313,0.));
#586 = ADVANCED_FACE('',(#587,#1206,#1299,#1398,#1464,#1545,#1597,#1691)
  ,#1777,.T.);
#587 = FACE_BOUND('',#588,.T.);
#588 = EDGE_LOOP('',(#589,#599,#612,#643,#644,#645,#688,#730,#772,#856,
    #874,#908,#967,#1091,#1124,#1142,#1193));
#589 = ORIENTED_EDGE('',*,*,#590,.F.);
#590 = EDGE_CURVE('',#591,#593,#595,.T.);
#591 = VERTEX_POINT('',#592);
#592 = CARTESIAN_POINT('',(159.29821815291,-122.9414210577,-8.2));
#593 = VERTEX_POINT('',#594);
#594 = CARTESIAN_POINT('',(180.63563710663,-122.9576062095,-8.2));
#595 = LINE('',#596,#597);
#596 = CARTESIAN_POINT('',(24.119089114067,-122.8388831304,-8.2));
#597 = VECTOR('',#598,1.);
#598 = DIRECTION('',(0.999999712313,-7.585334997821E-04,0.));
#599 = ORIENTED_EDGE('',*,*,#600,.F.);
#600 = EDGE_CURVE('',#601,#591,#603,.T.);
#601 = VERTEX_POINT('',#602);
#602 = CARTESIAN_POINT('',(153.68251103822,-121.9607188268,
    -8.200239131885));
#603 = ( BOUNDED_CURVE() B_SPLINE_CURVE(7,(#604,#605,#606,#607,#608,#609
,#610,#611),.UNSPECIFIED.,.F.,.F.) B_SPLINE_CURVE_WITH_KNOTS((8,8),(
    1.403436673203E+03,1.406176900818E+03),.PIECEWISE_BEZIER_KNOTS.) 
CURVE() GEOMETRIC_REPRESENTATION_ITEM() RATIONAL_B_SPLINE_CURVE((1.,1.,
1.,1.,1.,1.,1.,1.)) REPRESENTATION_ITEM('') );
#604 = CARTESIAN_POINT('',(153.68251103821,-121.9607188268,
    -8.200239131885));
#605 = CARTESIAN_POINT('',(154.48164448715,-122.1303131029,
    -8.200155957625));
#606 = CARTESIAN_POINT('',(155.27765806741,-122.2890592068,
    -8.200095198113));
#607 = CARTESIAN_POINT('',(156.07155773821,-122.4376923345,
    -8.200052140018));
#608 = CARTESIAN_POINT('',(156.88025708297,-122.5791525254,
    -8.200023367168));
#609 = CARTESIAN_POINT('',(157.68328172493,-122.7093091914,
    -8.200007122293));
#610 = CARTESIAN_POINT('',(158.49028127625,-122.8302955343,-8.2));
#611 = CARTESIAN_POINT('',(159.29821815291,-122.9414210577,-8.2));
#612 = ORIENTED_EDGE('',*,*,#613,.F.);
#613 = EDGE_CURVE('',#152,#601,#614,.T.);
#614 = ( BOUNDED_CURVE() B_SPLINE_CURVE(14,(#615,#616,#617,#618,#619,
    #620,#621,#622,#623,#624,#625,#626,#627,#628,#629,#630,#631,#632,
    #633,#634,#635,#636,#637,#638,#639,#640,#641,#642),.UNSPECIFIED.,.F.
,.F.) B_SPLINE_CURVE_WITH_KNOTS((15,13,15),(1.3776722675E+03,
1.386701987869E+03,1.403436673203E+03),.UNSPECIFIED.) CURVE() 
GEOMETRIC_REPRESENTATION_ITEM() RATIONAL_B_SPLINE_CURVE((1.,1.,
    0.999999999998,1.000000000004,0.999999999992,1.000000000013,
    0.999999999984,1.000000000016,0.999999999987,1.000000000009,
    0.999999999995,1.000000000002,0.999999999999,1.,1.,1.000000000002,
    0.999999999994,1.000000000013,0.999999999979,1.000000000027,
    0.99999999997,1.000000000027,0.99999999998,1.000000000012,
0.999999999994,1.000000000002,1.,1.)) REPRESENTATION_ITEM('') );
#615 = CARTESIAN_POINT('',(100.15229616228,-115.567735438,
    -8.214397435614));
#616 = CARTESIAN_POINT('',(101.49316216551,-115.5626379259,
    -8.214422426521));
#617 = CARTESIAN_POINT('',(102.83626708929,-115.566362675,
    -8.214411393269));
#618 = CARTESIAN_POINT('',(104.22414471083,-115.5788897034,
    -8.214364420473));
#619 = CARTESIAN_POINT('',(105.45548019147,-115.600855605,
    -8.214278420285));
#620 = CARTESIAN_POINT('',(107.01535776819,-115.6298929591,
    -8.214164671666));
#621 = CARTESIAN_POINT('',(108.07354607166,-115.6715406186,
    -8.21399891876));
#622 = CARTESIAN_POINT('',(109.71760408733,-115.7163080286,
    -8.213823186932));
#623 = CARTESIAN_POINT('',(110.83051649707,-115.7766855246,
    -8.213584949394));
#624 = CARTESIAN_POINT('',(112.31957655519,-115.8401318909,
    -8.213338360352));
#625 = CARTESIAN_POINT('',(113.59842221629,-115.9160184839,
    -8.213045228377));
#626 = CARTESIAN_POINT('',(114.96795577307,-115.9992869275,
    -8.212728406904));
#627 = CARTESIAN_POINT('',(116.30847866506,-116.091898139,
    -8.212381242238));
#628 = CARTESIAN_POINT('',(117.65456396087,-116.1933170304,
    -8.212007891077));
#629 = CARTESIAN_POINT('',(121.49250900967,-116.5081161444,
    -8.210872500348));
#630 = CARTESIAN_POINT('',(123.9838072134,-116.7430439433,
    -8.210050771657));
#631 = CARTESIAN_POINT('',(126.47502004642,-117.009247606,
    -8.209157621215));
#632 = CARTESIAN_POINT('',(128.96117645765,-117.304475654,-8.20820838889
    ));
#633 = CARTESIAN_POINT('',(131.44920985618,-117.6322181799,
    -8.207219619997));
#634 = CARTESIAN_POINT('',(133.93470230249,-117.9904612978,
    -8.206210926933));
#635 = CARTESIAN_POINT('',(136.41452887205,-118.3778836328,
    -8.205203128745));
#636 = CARTESIAN_POINT('',(138.8937271828,-118.7971421797,
    -8.204218177786));
#637 = CARTESIAN_POINT('',(141.3733358106,-119.2488969424,
    -8.203280674231));
#638 = CARTESIAN_POINT('',(143.84584273565,-119.7295714079,
    -8.202416762798));
#639 = CARTESIAN_POINT('',(146.31351566698,-120.240140672,
    -8.201650996759));
#640 = CARTESIAN_POINT('',(148.79287228216,-120.788192573,-8.20100973035
    ));
#641 = CARTESIAN_POINT('',(151.25988016044,-121.3629412384,
    -8.200532447581));
#642 = CARTESIAN_POINT('',(153.68251103822,-121.9607188268,
    -8.200239131885));
#643 = ORIENTED_EDGE('',*,*,#151,.F.);
#644 = ORIENTED_EDGE('',*,*,#321,.F.);
#645 = ORIENTED_EDGE('',*,*,#646,.F.);
#646 = EDGE_CURVE('',#647,#314,#649,.T.);
#647 = VERTEX_POINT('',#648);
#648 = CARTESIAN_POINT('',(25.195129013943,-22.55161902201,
    -13.96496795719));
#649 = ( BOUNDED_CURVE() B_SPLINE_CURVE(10,(#650,#651,#652,#653,#654,
    #655,#656,#657,#658,#659,#660,#661,#662,#663,#664,#665,#666,#667,
    #668,#669,#670,#671,#672,#673,#674,#675,#676,#677,#678,#679,#680,
    #681,#682,#683,#684,#685,#686,#687),.UNSPECIFIED.,.F.,.F.) 
B_SPLINE_CURVE_WITH_KNOTS((11,9,9,9,11),(1.252657902725E+03,
    1.296177662636E+03,1.318129324389E+03,1.340080986141E+03,
1.340083539778E+03),.UNSPECIFIED.) CURVE() GEOMETRIC_REPRESENTATION_ITEM
() RATIONAL_B_SPLINE_CURVE((1.,1.,1.,1.,1.,1.,1.,1.,1.,1.,1.,1.,1.,1.,1.
    ,1.,1.,1.,1.,1.,1.,1.,1.,1.,1.,1.,1.,1.,1.,1.,1.,1.,1.,1.,1.,1.,1.,
1.)) REPRESENTATION_ITEM('') );
#650 = CARTESIAN_POINT('',(25.195129013933,-22.55161903986,
    -13.96496795705));
#651 = CARTESIAN_POINT('',(25.19069348207,-28.5614372795,-13.91684465732
    ));
#652 = CARTESIAN_POINT('',(25.186120874292,-34.20735226308,
    -13.84018150909));
#653 = CARTESIAN_POINT('',(25.182654519832,-39.44090716064,
    -13.73241056466));
#654 = CARTESIAN_POINT('',(25.178364327593,-44.23971539525,
    -13.59152757774));
#655 = CARTESIAN_POINT('',(25.175679845712,-48.60715297397,
    -13.41494604092));
#656 = CARTESIAN_POINT('',(25.172278794602,-52.50493245032,
    -13.20037506304));
#657 = CARTESIAN_POINT('',(25.169898872315,-55.9320605642,
    -12.94536932539));
#658 = CARTESIAN_POINT('',(25.167607425162,-58.86206654945,
    -12.64758426741));
#659 = CARTESIAN_POINT('',(25.16578289832,-61.28130769525,
    -12.30462730122));
#660 = CARTESIAN_POINT('',(25.163625787161,-64.12509842944,
    -11.71714831776));
#661 = CARTESIAN_POINT('',(25.163004596554,-64.94403448941,
    -11.5080770894));
#662 = CARTESIAN_POINT('',(25.162443942062,-65.68316371855,
    -11.28945566561));
#663 = CARTESIAN_POINT('',(25.161902301853,-66.39722607646,
    -11.06383177501));
#664 = CARTESIAN_POINT('',(25.161338151176,-67.14096403121,
    -10.83375209138));
#665 = CARTESIAN_POINT('',(25.160709971277,-67.96911503042,
    -10.60176615359));
#666 = CARTESIAN_POINT('',(25.159976235709,-68.93642201334,
    -10.37041835715));
#667 = CARTESIAN_POINT('',(25.15909541865,-70.09763254435,
    -10.14225642238));
#668 = CARTESIAN_POINT('',(25.15802598617,-71.50750188226,
    -9.919827234983));
#669 = CARTESIAN_POINT('',(25.155426806246,-74.93407345437,
    -9.491530251101));
#670 = CARTESIAN_POINT('',(25.153897326675,-76.95077155919,
    -9.285662559689));
#671 = CARTESIAN_POINT('',(25.152095259228,-79.32565569914,
    -9.090623015896));
#672 = CARTESIAN_POINT('',(25.149980696768,-82.11346793207,
    -8.908961082892));
#673 = CARTESIAN_POINT('',(25.147511871294,-85.36895554124,
    -8.74322576211));
#674 = CARTESIAN_POINT('',(25.144645872868,-89.14687118578,
    -8.595966914032));
#675 = CARTESIAN_POINT('',(25.14134130522,-93.5019032506,-8.46973686812)
  );
#676 = CARTESIAN_POINT('',(25.137559443798,-98.48850332822,
    -8.367088712456));
#677 = CARTESIAN_POINT('',(25.13326046201,-104.1605777655,-8.29056765363
    ));
#678 = CARTESIAN_POINT('',(25.128390725015,-110.5717559335,
    -8.242686268052));
#679 = CARTESIAN_POINT('',(25.128390147817,-110.5724959501,
    -8.242680741755));
#680 = CARTESIAN_POINT('',(25.128389559824,-110.5732304534,
    -8.242675257082));
#681 = CARTESIAN_POINT('',(25.128388961004,-110.5739596393,
    -8.242669812562));
#682 = CARTESIAN_POINT('',(25.12838835133,-110.5746837034,
    -8.242664406725));
#683 = CARTESIAN_POINT('',(25.128387730771,-110.5754028415,
    -8.242659038097));
#684 = CARTESIAN_POINT('',(25.128387099298,-110.5761172494,
    -8.242653705209));
#685 = CARTESIAN_POINT('',(25.128386456882,-110.5768271228,
    -8.242648406588));
#686 = CARTESIAN_POINT('',(25.128385803494,-110.5775326576,
    -8.242643140763));
#687 = CARTESIAN_POINT('',(25.128385139103,-110.5782340493,
    -8.242637906263));
#688 = ORIENTED_EDGE('',*,*,#689,.F.);
#689 = EDGE_CURVE('',#690,#647,#692,.T.);
#690 = VERTEX_POINT('',#691);
#691 = CARTESIAN_POINT('',(30.154642809886,-17.54044462507,
    -13.99587745856));
#692 = ( BOUNDED_CURVE() B_SPLINE_CURVE(8,(#693,#694,#695,#696,#697,#698
    ,#699,#700,#701,#702,#703,#704,#705,#706,#707,#708,#709,#710,#711,
    #712,#713,#714,#715,#716,#717,#718,#719,#720,#721,#722,#723,#724,
    #725,#726,#727,#728,#729),.UNSPECIFIED.,.F.,.F.) 
B_SPLINE_CURVE_WITH_KNOTS((9,7,7,7,7,9),(1.24451269575E+03,
    1.247740213167E+03,1.251067267495E+03,1.251940404368E+03,
1.252652124183E+03,1.252657902712E+03),.UNSPECIFIED.) CURVE() 
GEOMETRIC_REPRESENTATION_ITEM() RATIONAL_B_SPLINE_CURVE((1.,1.,1.,1.,1.,
    1.,1.,1.,1.,1.,1.,1.,1.,1.,1.,1.,1.,1.,1.,1.,1.,1.,1.,1.,1.,1.,1.,1.
,1.,1.,1.,1.,1.,1.,1.,1.,1.)) REPRESENTATION_ITEM('') );
#693 = CARTESIAN_POINT('',(30.154642809222,-17.54044462509,
    -13.99587745856));
#694 = CARTESIAN_POINT('',(29.758880510576,-17.54714401704,
    -13.99584642856));
#695 = CARTESIAN_POINT('',(29.457976919612,-17.5790622909,
    -13.99570390041));
#696 = CARTESIAN_POINT('',(29.11290268981,-17.63518583664,
    -13.99545330386));
#697 = CARTESIAN_POINT('',(28.795282400851,-17.71468881196,
    -13.99509632205));
#698 = CARTESIAN_POINT('',(28.46702110572,-17.82345451406,
    -13.99460124955));
#699 = CARTESIAN_POINT('',(28.150875380475,-17.95622981189,
    -13.99398423351));
#700 = CARTESIAN_POINT('',(27.839300285268,-18.11754168157,
    -13.99321404408));
#701 = CARTESIAN_POINT('',(27.225759284229,-18.50294069874,
    -13.99130855858));
#702 = CARTESIAN_POINT('',(26.923893820132,-18.72921414945,
    -13.99016057343));
#703 = CARTESIAN_POINT('',(26.635116093216,-18.98590264175,
    -13.98881812913));
#704 = CARTESIAN_POINT('',(26.360268772424,-19.27716454405,
    -13.98723733342));
#705 = CARTESIAN_POINT('',(26.104654303308,-19.60287583402,
    -13.98539321577));
#706 = CARTESIAN_POINT('',(25.875075512831,-19.96211533602,
    -13.98325689871));
#707 = CARTESIAN_POINT('',(25.676303689806,-20.35646186366,
    -13.98077789667));
#708 = CARTESIAN_POINT('',(25.474564682742,-20.8921065459,
    -13.97720612713));
#709 = CARTESIAN_POINT('',(25.43531305666,-21.00548301806,
    -13.97643978523));
#710 = CARTESIAN_POINT('',(25.39888962556,-21.12078531257,-13.9756495048
    ));
#711 = CARTESIAN_POINT('',(25.365427252724,-21.23789134474,
    -13.97483540565));
#712 = CARTESIAN_POINT('',(25.335049402519,-21.35665763489,
    -13.97399782441));
#713 = CARTESIAN_POINT('',(25.307870140394,-21.47691930831,
    -13.97313731459));
#714 = CARTESIAN_POINT('',(25.283994132883,-21.59849009529,
    -13.9722546465));
#715 = CARTESIAN_POINT('',(25.246824840751,-21.82115611642,
    -13.97061406116));
#716 = CARTESIAN_POINT('',(25.232381873022,-21.92202108521,
    -13.96986197358));
#717 = CARTESIAN_POINT('',(25.220271229168,-22.02252834219,
    -13.96910534905));
#718 = CARTESIAN_POINT('',(25.210486674238,-22.12688940419,
    -13.96830558287));
#719 = CARTESIAN_POINT('',(25.20289271053,-22.22386754359,-13.9675626236
    ));
#720 = CARTESIAN_POINT('',(25.1982600708,-22.33634028733,-13.96667732129
    ));
#721 = CARTESIAN_POINT('',(25.195358260378,-22.42077588779,
    -13.96601488406));
#722 = CARTESIAN_POINT('',(25.195136207064,-22.54463649548,
    -13.9650238507));
#723 = CARTESIAN_POINT('',(25.195134608914,-22.54563402524,
    -13.96501586837));
#724 = CARTESIAN_POINT('',(25.195133200961,-22.54663154635,
    -13.96500788523));
#725 = CARTESIAN_POINT('',(25.1951319832,-22.5476290588,-13.96499990126)
  );
#726 = CARTESIAN_POINT('',(25.195130955624,-22.54862656259,
    -13.96499191647));
#727 = CARTESIAN_POINT('',(25.195130118227,-22.54962405773,
    -13.96498393087));
#728 = CARTESIAN_POINT('',(25.195129471002,-22.5506215442,
    -13.96497594444));
#729 = CARTESIAN_POINT('',(25.195129013943,-22.55161902201,
    -13.96496795719));
#730 = ORIENTED_EDGE('',*,*,#731,.F.);
#731 = EDGE_CURVE('',#732,#690,#734,.T.);
#732 = VERTEX_POINT('',#733);
#733 = CARTESIAN_POINT('',(105.69028561563,-22.20363001154,
    -13.96817815509));
#734 = ( BOUNDED_CURVE() B_SPLINE_CURVE(8,(#735,#736,#737,#738,#739,#740
    ,#741,#742,#743,#744,#745,#746,#747,#748,#749,#750,#751,#752,#753,
    #754,#755,#756,#757,#758,#759,#760,#761,#762,#763,#764,#765,#766,
    #767,#768,#769,#770,#771),.UNSPECIFIED.,.F.,.F.) 
B_SPLINE_CURVE_WITH_KNOTS((9,7,7,7,7,9),(1.167435986108E+03,
    1.171963979694E+03,1.186944872148E+03,1.206453758188E+03,
1.244512299441E+03,1.244512695749E+03),.UNSPECIFIED.) CURVE() 
GEOMETRIC_REPRESENTATION_ITEM() RATIONAL_B_SPLINE_CURVE((1.,1.,1.,1.,1.,
    1.,1.,1.,1.,1.,1.,1.,1.,1.,1.,1.,1.,1.,1.,1.,1.,1.,1.,1.,1.,1.,1.,1.
,1.,1.,1.,1.,1.,1.,1.,1.,1.)) REPRESENTATION_ITEM('') );
#735 = CARTESIAN_POINT('',(105.69028556175,-22.20363000297,
    -13.96817815516));
#736 = CARTESIAN_POINT('',(105.11816536901,-22.09892118538,
    -13.96897996483));
#737 = CARTESIAN_POINT('',(104.55085776635,-21.99618513784,
    -13.96975711737));
#738 = CARTESIAN_POINT('',(103.99869706049,-21.89633895,-13.97050271515)
  );
#739 = CARTESIAN_POINT('',(103.46657952554,-21.80287978365,
    -13.97119355195));
#740 = CARTESIAN_POINT('',(102.90265752489,-21.70332789094,
    -13.97192142436));
#741 = CARTESIAN_POINT('',(102.35606618675,-21.60893585804,
    -13.97260299186));
#742 = CARTESIAN_POINT('',(101.80371775887,-21.514352614,-13.97327879339
    ));
#743 = CARTESIAN_POINT('',(99.427224741231,-21.11259473288,
    -13.97611747407));
#744 = CARTESIAN_POINT('',(97.60121733548,-20.81647097867,
    -13.97812880914));
#745 = CARTESIAN_POINT('',(95.774193292725,-20.53272239098,
    -13.97998423144));
#746 = CARTESIAN_POINT('',(93.946223742899,-20.26133708004,
    -13.98169537417));
#747 = CARTESIAN_POINT('',(92.117371463259,-20.002302611,-13.98327292598
    ));
#748 = CARTESIAN_POINT('',(90.287690878375,-19.75560600389,
    -13.98472663094));
#749 = CARTESIAN_POINT('',(88.457228060142,-19.52123373367,
    -13.98606528857));
#750 = CARTESIAN_POINT('',(84.241328675988,-19.00999120683,
    -13.98890043096));
#751 = CARTESIAN_POINT('',(81.855327750307,-18.7416847583,
    -13.99032262828));
#752 = CARTESIAN_POINT('',(79.46817843614,-18.49422931773,
    -13.99158064175));
#753 = CARTESIAN_POINT('',(77.080009806107,-18.26760292499,
    -13.99268981387));
#754 = CARTESIAN_POINT('',(74.690919520037,-18.06178472657,
    -13.9936635337));
#755 = CARTESIAN_POINT('',(72.300973824966,-17.87675497565,
    -13.99451323681));
#756 = CARTESIAN_POINT('',(69.910207555139,-17.71249503209,
    -13.99524840534));
#757 = CARTESIAN_POINT('',(62.853048856161,-17.28902813991,
    -13.99710200708));
#758 = CARTESIAN_POINT('',(58.184223524805,-17.08803263923,
    -13.99792083495));
#759 = CARTESIAN_POINT('',(53.510802398466,-16.96593021393,
    -13.99839048231));
#760 = CARTESIAN_POINT('',(48.834375404325,-16.92263981756,
    -13.99854468692));
#761 = CARTESIAN_POINT('',(44.161169045778,-16.95912015604,
    -13.99838909441));
#762 = CARTESIAN_POINT('',(39.488787499093,-17.07339173566,
    -13.99792301126));
#763 = CARTESIAN_POINT('',(34.810832072351,-17.26823458084,
    -13.99709985061));
#764 = CARTESIAN_POINT('',(30.154982139974,-17.54042478706,
    -13.99587754765));
#765 = CARTESIAN_POINT('',(30.154933659997,-17.5404276213,
    -13.99587753492));
#766 = CARTESIAN_POINT('',(30.154885181437,-17.54043045546,
    -13.99587752219));
#767 = CARTESIAN_POINT('',(30.154836704293,-17.54043328954,
    -13.99587750947));
#768 = CARTESIAN_POINT('',(30.154788228567,-17.54043612354,
    -13.99587749674));
#769 = CARTESIAN_POINT('',(30.154739754257,-17.54043895746,
    -13.99587748401));
#770 = CARTESIAN_POINT('',(30.154691281364,-17.54044179131,
    -13.99587747129));
#771 = CARTESIAN_POINT('',(30.154642809886,-17.54044462507,
    -13.99587745856));
#772 = ORIENTED_EDGE('',*,*,#773,.F.);
#773 = EDGE_CURVE('',#774,#732,#776,.T.);
#774 = VERTEX_POINT('',#775);
#775 = CARTESIAN_POINT('',(234.31713241856,-22.21308082237,
    -13.96885272979));
#776 = ( BOUNDED_CURVE() B_SPLINE_CURVE(12,(#777,#778,#779,#780,#781,
    #782,#783,#784,#785,#786,#787,#788,#789,#790,#791,#792,#793,#794,
    #795,#796,#797,#798,#799,#800,#801,#802,#803,#804,#805,#806,#807,
    #808,#809,#810,#811,#812,#813,#814,#815,#816,#817,#818,#819,#820,
    #821,#822,#823,#824,#825,#826,#827,#828,#829,#830,#831,#832,#833,
    #834,#835,#836,#837,#838,#839,#840,#841,#842,#843,#844,#845,#846,
    #847,#848,#849,#850,#851,#852,#853,#854,#855),.UNSPECIFIED.,.F.,.F.)
 B_SPLINE_CURVE_WITH_KNOTS((13,11,11,11,11,11,11,13),(1.046240555777E+03
    ,1.053793530637E+03,1.061181953474E+03,1.07656260503E+03,
    1.107080437887E+03,1.137258211971E+03,1.15995424997E+03,
1.167435986055E+03),.UNSPECIFIED.) CURVE() GEOMETRIC_REPRESENTATION_ITEM
() RATIONAL_B_SPLINE_CURVE((1.,1.,1.000000000001,0.999999999998,
    1.000000000003,0.999999999996,1.000000000004,0.999999999996,
    1.000000000003,0.999999999999,1.,1.,1.,1.,1.000000000001,
    0.999999999999,1.000000000002,0.999999999998,1.000000000002,
    0.999999999999,1.000000000001,1.,1.,1.,1.,1.000000000001,
    0.999999999998,1.000000000002,0.999999999998,1.000000000002,
    0.999999999999,1.000000000001,1.,1.,1.,1.,0.999999999999,
    1.000000000002,0.999999999997,1.000000000004,0.999999999997,
    1.000000000002,0.999999999999,1.,1.,1.,1.,1.,0.999999999999,
    1.000000000001,0.999999999999,1.000000000001,0.999999999999,1.,1.,1.
    ,1.,1.000000000001,0.999999999998,1.000000000003,0.999999999995,
    1.000000000005,0.999999999995,1.000000000003,0.999999999998,
    1.000000000001,1.,1.,1.,1.,1.,1.,1.,1.,1.,1.,1.,1.,1.)) 
REPRESENTATION_ITEM('') );
#777 = CARTESIAN_POINT('',(234.3171324405,-22.21308081981,
    -13.96885272981));
#778 = CARTESIAN_POINT('',(233.66137175679,-22.3016832676,
    -13.96817365161));
#779 = CARTESIAN_POINT('',(233.00950656457,-22.38873689009,
    -13.96749965492));
#780 = CARTESIAN_POINT('',(232.36109874346,-22.47328547475,
    -13.96683931559));
#781 = CARTESIAN_POINT('',(231.58947160561,-22.57566296294,
    -13.96603268636));
#782 = CARTESIAN_POINT('',(231.09284293871,-22.63653091318,
    -13.96554176326));
#783 = CARTESIAN_POINT('',(230.24744446154,-22.74726367083,
    -13.96466041963));
#784 = CARTESIAN_POINT('',(229.71011264203,-22.81202632565,
    -13.96412563553));
#785 = CARTESIAN_POINT('',(228.9721410835,-22.90507084624,
    -13.96336966705));
#786 = CARTESIAN_POINT('',(228.33083299805,-22.98292751561,
    -13.96272372078));
#787 = CARTESIAN_POINT('',(227.65633155892,-23.06461981218,
    -13.96204375893));
#788 = CARTESIAN_POINT('',(226.98920435314,-23.14419588333,
    -13.9613749679));
#789 = CARTESIAN_POINT('',(225.66788116411,-23.29980800972,
    -13.96005655273));
#790 = CARTESIAN_POINT('',(225.01447985988,-23.37577108886,
    -13.9594076696));
#791 = CARTESIAN_POINT('',(224.36107217207,-23.45074762722,
    -13.95876205649));
#792 = CARTESIAN_POINT('',(223.7076653626,-23.52473738987,-13.9581199149
    ));
#793 = CARTESIAN_POINT('',(223.05426465728,-23.59774035433,
    -13.95748144233));
#794 = CARTESIAN_POINT('',(222.40087324428,-23.66975671062,
    -13.95684683228));
#795 = CARTESIAN_POINT('',(221.74749227644,-23.74078686127,
    -13.95621627424));
#796 = CARTESIAN_POINT('',(221.09412086843,-23.81083142125,
    -13.95558995369));
#797 = CARTESIAN_POINT('',(220.44075609963,-23.87989121807,
    -13.95496805211));
#798 = CARTESIAN_POINT('',(219.78739301171,-23.94796729169,
    -13.95435074697));
#799 = CARTESIAN_POINT('',(219.1340246103,-24.01506089457,
    -13.95373821172));
#800 = CARTESIAN_POINT('',(217.12047981407,-24.21880162175,
    -13.95186576934));
#801 = CARTESIAN_POINT('',(215.76017911332,-24.35218643428,
    -13.95062225372));
#802 = CARTESIAN_POINT('',(214.39967166018,-24.48133631392,
    -13.94940162475));
#803 = CARTESIAN_POINT('',(213.03892711353,-24.6062560804,
    -13.94820543056));
#804 = CARTESIAN_POINT('',(211.67794410403,-24.7269478074,
    -13.94703520186));
#805 = CARTESIAN_POINT('',(210.31674144537,-24.84341164138,
    -13.94589244218));
#806 = CARTESIAN_POINT('',(208.95534934564,-24.95564662047,
    -13.9447786181));
#807 = CARTESIAN_POINT('',(207.59380061842,-25.06365149334,
    -13.94369514955));
#808 = CARTESIAN_POINT('',(206.23212189428,-25.16742553805,
    -13.94264339999));
#809 = CARTESIAN_POINT('',(204.87032483185,-25.26696938091,
    -13.94162466668));
#810 = CARTESIAN_POINT('',(203.50839732925,-25.36228581538,
    -13.94064017094));
#811 = CARTESIAN_POINT('',(199.44365114786,-25.63412823346,
    -13.9378078275));
#812 = CARTESIAN_POINT('',(196.74045570696,-25.79824260961,
    -13.93606379151));
#813 = CARTESIAN_POINT('',(194.03676503835,-25.94573086285,
    -13.93446843207));
#814 = CARTESIAN_POINT('',(191.33263572312,-26.0765993196,-13.9330302049
    ));
#815 = CARTESIAN_POINT('',(188.62812429812,-26.19085351919,
    -13.93175652974));
#816 = CARTESIAN_POINT('',(185.92328725521,-26.28849821387,
    -13.93065379034));
#817 = CARTESIAN_POINT('',(183.21818104215,-26.3695373688,
    -13.92972733452));
#818 = CARTESIAN_POINT('',(180.5128620618,-26.43397416204,-13.9289814741
    ));
#819 = CARTESIAN_POINT('',(177.80738667267,-26.48181098458,
    -13.92841948495));
#820 = CARTESIAN_POINT('',(175.10181118864,-26.51304944029,
    -13.92804360694));
#821 = CARTESIAN_POINT('',(172.39619187905,-26.527690346,-13.92785504401
    ));
#822 = CARTESIAN_POINT('',(167.01512650857,-26.52379891928,
    -13.92785289623));
#823 = CARTESIAN_POINT('',(164.33970386063,-26.5056378461,
    -13.92803495388));
#824 = CARTESIAN_POINT('',(161.66432674896,-26.47124456153,
    -13.92840024307));
#825 = CARTESIAN_POINT('',(158.98904593813,-26.42061736573,
    -13.92894772118));
#826 = CARTESIAN_POINT('',(156.31393525419,-26.35375687963,
    -13.92967524271));
#827 = CARTESIAN_POINT('',(153.63907360642,-26.27066411515,
    -13.9305796051));
#828 = CARTESIAN_POINT('',(150.96452700778,-26.17133854532,
    -13.93165659442));
#829 = CARTESIAN_POINT('',(148.29033059717,-26.05577617461,
    -13.93290103115));
#830 = CARTESIAN_POINT('',(145.61647065963,-25.92396760905,
    -13.93430681594));
#831 = CARTESIAN_POINT('',(142.94286664847,-25.77589612647,
    -13.93586697535));
#832 = CARTESIAN_POINT('',(140.26935320593,-25.61153574671,
    -13.93757370763));
#833 = CARTESIAN_POINT('',(135.58483816415,-25.29495901363,
    -13.94080580226));
#834 = CARTESIAN_POINT('',(133.57395513829,-25.14984390803,
    -13.94227121227));
#835 = CARTESIAN_POINT('',(131.56279224887,-24.99545544877,
    -13.94381114556));
#836 = CARTESIAN_POINT('',(129.55129007735,-24.83178527582,
    -13.94542167616));
#837 = CARTESIAN_POINT('',(127.53941990837,-24.65882711906,
    -13.94709862194));
#838 = CARTESIAN_POINT('',(125.52717599517,-24.47656324849,
    -13.94883756475));
#839 = CARTESIAN_POINT('',(123.51469082822,-24.28497546129,
    -13.95063373359));
#840 = CARTESIAN_POINT('',(121.50247340587,-24.08408060558,
    -13.95248175107));
#841 = CARTESIAN_POINT('',(119.49177050781,-23.87399064092,
    -13.95437524293));
#842 = CARTESIAN_POINT('',(117.48505097111,-23.65499723557,
    -13.95630631074));
#843 = CARTESIAN_POINT('',(115.48661296863,-23.42768090053,
    -13.95826486776));
#844 = CARTESIAN_POINT('',(112.84952100299,-23.11569695632,
    -13.96088822647));
#845 = CARTESIAN_POINT('',(112.19727336713,-23.03754815108,-13.961540249
    ));
#846 = CARTESIAN_POINT('',(111.54743568814,-22.9586865484,
    -13.96219295094));
#847 = CARTESIAN_POINT('',(110.8988125466,-22.87901006653,
    -13.96284714629));
#848 = CARTESIAN_POINT('',(110.248308295,-22.79815097711,-13.96350569658
    ));
#849 = CARTESIAN_POINT('',(109.59329543558,-22.71574934276,
    -13.96417120335));
#850 = CARTESIAN_POINT('',(108.93377569551,-22.63175268949,
    -13.96484366841));
#851 = CARTESIAN_POINT('',(108.27294021147,-22.54653913698,
    -13.96551968311));
#852 = CARTESIAN_POINT('',(107.6157578269,-22.46078089707,
    -13.96619371431));
#853 = CARTESIAN_POINT('',(106.96624310151,-22.37508473753,
    -13.96686106136));
#854 = CARTESIAN_POINT('',(106.32507822418,-22.28956569547,
    -13.96752106487));
#855 = CARTESIAN_POINT('',(105.69028561563,-22.20363001154,
    -13.96817815509));
#856 = ORIENTED_EDGE('',*,*,#857,.F.);
#857 = EDGE_CURVE('',#858,#774,#860,.T.);
#858 = VERTEX_POINT('',#859);
#859 = CARTESIAN_POINT('',(245.40189613849,-21.11362516458,
    -13.9768313971));
#860 = ( BOUNDED_CURVE() B_SPLINE_CURVE(12,(#861,#862,#863,#864,#865,
    #866,#867,#868,#869,#870,#871,#872,#873),.UNSPECIFIED.,.F.,.F.) 
B_SPLINE_CURVE_WITH_KNOTS((13,13),(1.035830675488E+03,1.046240555798E+03
),.PIECEWISE_BEZIER_KNOTS.) CURVE() GEOMETRIC_REPRESENTATION_ITEM() 
RATIONAL_B_SPLINE_CURVE((1.,1.,1.000000000002,0.999999999996,
    1.000000000007,0.99999999999,1.00000000001,0.999999999991,
    1.000000000006,0.999999999997,1.000000000001,1.,1.)) 
REPRESENTATION_ITEM('') );
#861 = CARTESIAN_POINT('',(245.40189609366,-21.11362517046,
    -13.97683139706));
#862 = CARTESIAN_POINT('',(244.15277530408,-21.23900824266,
    -13.97597384706));
#863 = CARTESIAN_POINT('',(243.43776181704,-21.30916265458,
    -13.97548116067));
#864 = CARTESIAN_POINT('',(242.6021487987,-21.38956308688,
    -13.97492373025));
#865 = CARTESIAN_POINT('',(241.69216443959,-21.4872934434,
    -13.97423156744));
#866 = CARTESIAN_POINT('',(240.71857113834,-21.57172480582,
    -13.97362978055));
#867 = CARTESIAN_POINT('',(239.87070763857,-21.66918446794,
    -13.97292526453));
#868 = CARTESIAN_POINT('',(238.88152896553,-21.75633479467,
    -13.97228991361));
#869 = CARTESIAN_POINT('',(238.00122743571,-21.85014853811,
    -13.97159819391));
#870 = CARTESIAN_POINT('',(237.05862707719,-21.94075995536,
    -13.97092328568));
#871 = CARTESIAN_POINT('',(236.13942907391,-22.03266073498,
    -13.97023149076));
#872 = CARTESIAN_POINT('',(235.22469601242,-22.12335811064,
    -13.96954180185));
#873 = CARTESIAN_POINT('',(234.31713241856,-22.21308082237,
    -13.96885272979));
#874 = ORIENTED_EDGE('',*,*,#875,.F.);
#875 = EDGE_CURVE('',#876,#858,#878,.T.);
#876 = VERTEX_POINT('',#877);
#877 = CARTESIAN_POINT('',(314.73170650418,-17.52934347823,
    -13.99686697286));
#878 = ( BOUNDED_CURVE() B_SPLINE_CURVE(10,(#879,#880,#881,#882,#883,
    #884,#885,#886,#887,#888,#889,#890,#891,#892,#893,#894,#895,#896,
    #897,#898,#899,#900,#901,#902,#903,#904,#905,#906,#907),
.UNSPECIFIED.,.F.,.F.) B_SPLINE_CURVE_WITH_KNOTS((11,9,9,11),(
    1.008641134811E+03,1.024057862163E+03,1.032768718161E+03,
1.035830675457E+03),.UNSPECIFIED.) CURVE() GEOMETRIC_REPRESENTATION_ITEM
() RATIONAL_B_SPLINE_CURVE((1.,1.,1.,1.,1.,1.,1.,1.,1.,1.,1.,1.,1.,1.,
    0.999999999999,1.,1.,1.,1.,1.,1.,1.,1.,1.,1.,1.,1.,1.,1.)) 
REPRESENTATION_ITEM('') );
#879 = CARTESIAN_POINT('',(314.73170650418,-17.52934347823,
    -13.99686697286));
#880 = CARTESIAN_POINT('',(310.71718987882,-17.2946763104,
    -13.99785987064));
#881 = CARTESIAN_POINT('',(306.72849412594,-17.11790981151,
    -13.99856639424));
#882 = CARTESIAN_POINT('',(302.72927999328,-16.9968959955,
    -13.99902810166));
#883 = CARTESIAN_POINT('',(298.72672549011,-16.93197514794,
    -13.99926392032));
#884 = CARTESIAN_POINT('',(294.72514032599,-16.92348831519,
    -13.99928375695));
#885 = CARTESIAN_POINT('',(290.72331155276,-16.97139348032,
    -13.99908986958));
#886 = CARTESIAN_POINT('',(286.72184313993,-17.07556633942,
    -13.9986749563));
#887 = CARTESIAN_POINT('',(282.7237211905,-17.23598679179,
    -13.99802150424));
#888 = CARTESIAN_POINT('',(278.72830547873,-17.45263245813,
    -13.99710253105));
#889 = CARTESIAN_POINT('',(272.48011256819,-17.87970979024,
    -13.99518836177));
#890 = CARTESIAN_POINT('',(270.2246556553,-18.05199504027,-13.9943990094
    ));
#891 = CARTESIAN_POINT('',(267.97374392046,-18.24139251545,
    -13.99351289425));
#892 = CARTESIAN_POINT('',(265.71275944858,-18.45124638831,
    -13.9924939484));
#893 = CARTESIAN_POINT('',(263.47016684171,-18.67517601102,
    -13.99138567251));
#894 = CARTESIAN_POINT('',(261.21176136223,-18.92055125175,
    -13.9901194947));
#895 = CARTESIAN_POINT('',(258.95619477475,-19.18453333483,-13.988700231
    ));
#896 = CARTESIAN_POINT('',(256.73770089199,-19.45784100463,
    -13.98719509649));
#897 = CARTESIAN_POINT('',(254.3533046525,-19.77710282475,
    -13.98532924923));
#898 = CARTESIAN_POINT('',(251.46677992962,-20.18368173095,
    -13.98286153816));
#899 = CARTESIAN_POINT('',(250.7465906706,-20.28717964686,-13.9822246343
    ));
#900 = CARTESIAN_POINT('',(250.11099386513,-20.38042680835,
    -13.98164101659));
#901 = CARTESIAN_POINT('',(249.44680015629,-20.47875012152,
    -13.98102504479));
#902 = CARTESIAN_POINT('',(248.69210103249,-20.59191354587,
    -13.98030036458));
#903 = CARTESIAN_POINT('',(247.94068155004,-20.7077264758,
    -13.97955625139));
#904 = CARTESIAN_POINT('',(247.10423750186,-20.83800274508,
    -13.9786968432));
#905 = CARTESIAN_POINT('',(246.34538124013,-20.96086699673,
    -13.97786898131));
#906 = CARTESIAN_POINT('',(245.83910370998,-21.04265923928,
    -13.97731537515));
#907 = CARTESIAN_POINT('',(245.40189613849,-21.11362516458,
    -13.9768313971));
#908 = ORIENTED_EDGE('',*,*,#909,.F.);
#909 = EDGE_CURVE('',#910,#876,#912,.T.);
#910 = VERTEX_POINT('',#911);
#911 = CARTESIAN_POINT('',(319.70825812986,-22.54021740623,
    -13.96682656223));
#912 = ( BOUNDED_CURVE() B_SPLINE_CURVE(14,(#913,#914,#915,#916,#917,
    #918,#919,#920,#921,#922,#923,#924,#925,#926,#927,#928,#929,#930,
    #931,#932,#933,#934,#935,#936,#937,#938,#939,#940,#941,#942,#943,
    #944,#945,#946,#947,#948,#949,#950,#951,#952,#953,#954,#955,#956,
    #957,#958,#959,#960,#961,#962,#963,#964,#965,#966),.UNSPECIFIED.,.F.
,.F.) B_SPLINE_CURVE_WITH_KNOTS((15,13,13,13,15),(1.005110517354E+03,
    1.005620871795E+03,1.006115785314E+03,1.00679799781E+03,
1.008641134811E+03),.UNSPECIFIED.) CURVE() GEOMETRIC_REPRESENTATION_ITEM
() RATIONAL_B_SPLINE_CURVE((1.,1.,1.,1.,0.999999999999,1.000000000001,
    0.999999999998,1.000000000002,0.999999999998,1.000000000002,
    0.999999999998,1.000000000001,1.,1.,1.,1.,1.,1.,1.,0.999999999999,
    1.000000000002,0.999999999998,1.000000000002,0.999999999999,
    1.000000000001,1.,1.,1.,1.000000000001,0.999999999996,1.000000000008
    ,0.999999999988,1.000000000015,0.999999999984,1.000000000013,
    0.999999999991,1.000000000005,0.999999999998,1.000000000001,1.,1.,1.
    ,0.999999999999,1.000000000002,0.999999999996,1.000000000004,
    0.999999999996,1.000000000004,0.999999999997,1.000000000001,
0.999999999999,1.,1.,1.)) REPRESENTATION_ITEM('') );
#913 = CARTESIAN_POINT('',(319.70825812986,-22.54021740623,
    -13.96682656223));
#914 = CARTESIAN_POINT('',(319.70826771949,-22.51541452661,
    -13.96702062613));
#915 = CARTESIAN_POINT('',(319.70816958838,-22.49027282356,
    -13.96721682613));
#916 = CARTESIAN_POINT('',(319.70794653616,-22.47377008454,
    -13.96734490052));
#917 = CARTESIAN_POINT('',(319.7077439147,-22.45960863045,
    -13.96745496409));
#918 = CARTESIAN_POINT('',(319.70754328304,-22.44588317924,
    -13.96756153186));
#919 = CARTESIAN_POINT('',(319.70726081772,-22.42925790965,
    -13.96769037158));
#920 = CARTESIAN_POINT('',(319.70682694583,-22.40704946498,
    -13.96786236174));
#921 = CARTESIAN_POINT('',(319.70617193828,-22.37927998159,
    -13.96807702064));
#922 = CARTESIAN_POINT('',(319.70517248058,-22.34561473498,
    -13.96833637388));
#923 = CARTESIAN_POINT('',(319.7036007176,-22.30273908759,
    -13.96866552409));
#924 = CARTESIAN_POINT('',(319.70106151946,-22.24770877432,
    -13.96908605376));
#925 = CARTESIAN_POINT('',(319.69691465712,-22.18161910595,
    -13.96958678758));
#926 = CARTESIAN_POINT('',(319.69037251294,-22.10301859624,
    -13.97017621709));
#927 = CARTESIAN_POINT('',(319.67282607346,-21.93401779723,
    -13.97143048358));
#928 = CARTESIAN_POINT('',(319.66200117865,-21.84389073006,
    -13.9720938543));
#929 = CARTESIAN_POINT('',(319.6487398928,-21.75112215134,
    -13.97276881384));
#930 = CARTESIAN_POINT('',(319.63455873935,-21.66481417643,
    -13.97339003099));
#931 = CARTESIAN_POINT('',(319.61908085908,-21.57976406335,
    -13.97399672359));
#932 = CARTESIAN_POINT('',(319.60134186791,-21.49034599356,
    -13.97462931741));
#933 = CARTESIAN_POINT('',(319.58103536029,-21.39751497332,
    -13.97527940752));
#934 = CARTESIAN_POINT('',(319.55851352762,-21.30501314421,
    -13.97591926838));
#935 = CARTESIAN_POINT('',(319.53412552061,-21.2137978606,
    -13.97654283579));
#936 = CARTESIAN_POINT('',(319.50779030954,-21.12190840984,
    -13.9771652276));
#937 = CARTESIAN_POINT('',(319.47918324554,-21.02872740786,
    -13.97779027326));
#938 = CARTESIAN_POINT('',(319.44818765239,-20.93615692093,
    -13.97840297927));
#939 = CARTESIAN_POINT('',(319.41494594021,-20.84290143412,
    -13.97901416065));
#940 = CARTESIAN_POINT('',(319.33078299861,-20.62220927853,
    -13.98044420499));
#941 = CARTESIAN_POINT('',(319.27790257686,-20.49475464612,
    -13.98125740615));
#942 = CARTESIAN_POINT('',(319.22157800735,-20.37030483688,
    -13.98203815195));
#943 = CARTESIAN_POINT('',(319.16317270663,-20.25063733498,
    -13.98277744014));
#944 = CARTESIAN_POINT('',(319.10256662686,-20.13478845338,
    -13.98348272364));
#945 = CARTESIAN_POINT('',(319.03900617392,-20.02109665897,
    -13.98416492882));
#946 = CARTESIAN_POINT('',(318.97221379617,-19.90904826258,
    -13.98482767994));
#947 = CARTESIAN_POINT('',(318.90266095931,-19.79946529446,
    -13.98546662949));
#948 = CARTESIAN_POINT('',(318.83104948119,-19.69339246054,
    -13.98607635063));
#949 = CARTESIAN_POINT('',(318.75764685887,-19.59093039716,
    -13.98665724219));
#950 = CARTESIAN_POINT('',(318.68218128319,-19.49122601127,
    -13.98721533102));
#951 = CARTESIAN_POINT('',(318.60452149898,-19.39386751032,
    -13.98775372845));
#952 = CARTESIAN_POINT('',(318.52534553583,-19.30004178934,
    -13.98826580886));
#953 = CARTESIAN_POINT('',(318.22585932867,-18.96301399507,
    -13.99008378738));
#954 = CARTESIAN_POINT('',(317.99472972048,-18.73829204172,
    -13.99125116746));
#955 = CARTESIAN_POINT('',(317.75758586713,-18.53640426447,
    -13.99226591549));
#956 = CARTESIAN_POINT('',(317.49353539856,-18.34654290778,
    -13.99318526184));
#957 = CARTESIAN_POINT('',(317.28045628978,-18.20495750406,
    -13.99386673222));
#958 = CARTESIAN_POINT('',(316.93658010425,-18.01278016513,
    -13.99473881874));
#959 = CARTESIAN_POINT('',(316.775389931,-17.96154866236,-13.99498679811
    ));
#960 = CARTESIAN_POINT('',(316.41651643481,-17.76744993813,
    -13.9958378417));
#961 = CARTESIAN_POINT('',(316.17542130251,-17.75532932291,
    -13.9958962861));
#962 = CARTESIAN_POINT('',(315.93144376978,-17.63354256704,
    -13.99642332084));
#963 = CARTESIAN_POINT('',(315.60146343569,-17.59790710396,
    -13.99657550383));
#964 = CARTESIAN_POINT('',(315.33670269406,-17.55490975679,
    -13.99675936158));
#965 = CARTESIAN_POINT('',(315.07528820204,-17.53350927206,
    -13.99685023248));
#966 = CARTESIAN_POINT('',(314.73170650418,-17.52934347823,
    -13.99686697286));
#967 = ORIENTED_EDGE('',*,*,#968,.F.);
#968 = EDGE_CURVE('',#969,#910,#971,.T.);
#969 = VERTEX_POINT('',#970);
#970 = CARTESIAN_POINT('',(319.67672459538,-110.5644433936,
    -8.244429355709));
#971 = ( BOUNDED_CURVE() B_SPLINE_CURVE(14,(#972,#973,#974,#975,#976,
    #977,#978,#979,#980,#981,#982,#983,#984,#985,#986,#987,#988,#989,
    #990,#991,#992,#993,#994,#995,#996,#997,#998,#999,#1000,#1001,#1002,
    #1003,#1004,#1005,#1006,#1007,#1008,#1009,#1010,#1011,#1012,#1013,
    #1014,#1015,#1016,#1017,#1018,#1019,#1020,#1021,#1022,#1023,#1024,
    #1025,#1026,#1027,#1028,#1029,#1030,#1031,#1032,#1033,#1034,#1035,
    #1036,#1037,#1038,#1039,#1040,#1041,#1042,#1043,#1044,#1045,#1046,
    #1047,#1048,#1049,#1050,#1051,#1052,#1053,#1054,#1055,#1056,#1057,
    #1058,#1059,#1060,#1061,#1062,#1063,#1064,#1065,#1066,#1067,#1068,
    #1069,#1070,#1071,#1072,#1073,#1074,#1075,#1076,#1077,#1078,#1079,
    #1080,#1081,#1082,#1083,#1084,#1085,#1086,#1087,#1088,#1089,#1090),
.UNSPECIFIED.,.F.,.F.) B_SPLINE_CURVE_WITH_KNOTS((15,13,13,13,13,13,13,
    13,13,15),(893.77235467539,893.78194899498,911.88294893758,
    929.98305527106,948.07606166037,952.77722913936,957.47839661834,
    966.8807315763,985.99204349121,1.005110517354E+03),.UNSPECIFIED.) 
CURVE() GEOMETRIC_REPRESENTATION_ITEM() RATIONAL_B_SPLINE_CURVE((1.,1.,
    0.999999999999,1.000000000002,0.999999999995,1.000000000008,
    0.99999999999,1.00000000001,0.999999999991,1.000000000007,
    0.999999999996,1.000000000002,0.999999999999,1.,1.000000000001,
    0.999999999996,1.000000000012,0.999999999975,1.000000000041,
    0.999999999945,1.00000000006,0.999999999947,1.000000000039,
    0.999999999977,1.00000000001,0.999999999997,1.,1.,0.999999999999,
    1.000000000005,0.99999999999,1.000000000016,0.99999999998,
    1.00000000002,0.999999999983,1.000000000012,0.999999999994,
    1.000000000003,0.999999999999,1.,1.,1.,1.,0.999999999999,
    1.000000000001,0.999999999999,1.000000000001,0.999999999999,
    1.000000000001,1.,1.,1.000000000001,1.,1.,0.999999999997,
    1.00000000001,0.99999999998,1.000000000033,0.999999999958,
    1.000000000044,0.999999999963,1.000000000026,0.999999999986,
    1.000000000006,0.999999999998,1.,1.,0.999999999998,1.000000000007,
    0.999999999984,1.000000000025,0.999999999967,1.000000000034,
    0.999999999971,1.00000000002,0.999999999989,1.000000000005,
    0.999999999999,1.,1.,0.999999999999,1.000000000004,0.999999999992,
    1.000000000014,0.999999999982,1.00000000002,0.999999999982,
    1.000000000013,0.999999999992,1.000000000004,0.999999999999,1.,1.,
    1.000000000001,0.999999999999,1.000000000003,0.999999999996,
    1.000000000006,0.999999999994,1.000000000006,0.999999999995,
    1.000000000003,0.999999999998,1.000000000001,1.,1.,0.999999999999,
    1.000000000002,0.999999999996,1.000000000008,0.999999999988,
    1.000000000014,0.999999999986,1.000000000011,0.999999999993,
1.000000000003,0.999999999999,1.,1.)) REPRESENTATION_ITEM('') );
#972 = CARTESIAN_POINT('',(319.67672459537,-110.5644433766,
    -8.244429355838));
#973 = CARTESIAN_POINT('',(319.67672450267,-110.5639148291,
    -8.244433394594));
#974 = CARTESIAN_POINT('',(319.67672441459,-110.5633860378,
    -8.24443743544));
#975 = CARTESIAN_POINT('',(319.67672433114,-110.5628570021,
    -8.244441478381));
#976 = CARTESIAN_POINT('',(319.67672425233,-110.5623277208,
    -8.244445523425));
#977 = CARTESIAN_POINT('',(319.67672417813,-110.5617981943,
    -8.244449570574));
#978 = CARTESIAN_POINT('',(319.67672410858,-110.5612684201,
    -8.244453619839));
#979 = CARTESIAN_POINT('',(319.67672404364,-110.5607383999,
    -8.24445767122));
#980 = CARTESIAN_POINT('',(319.67672398334,-110.5602081302,
    -8.244461724727));
#981 = CARTESIAN_POINT('',(319.67672392765,-110.5596776132,
    -8.244465780364));
#982 = CARTESIAN_POINT('',(319.6767238766,-110.5591468456,
    -8.244469838136));
#983 = CARTESIAN_POINT('',(319.67672383017,-110.5586158287,
    -8.24447389805));
#984 = CARTESIAN_POINT('',(319.67672378837,-110.5580845606,
    -8.244477960111));
#985 = CARTESIAN_POINT('',(319.67672375119,-110.5575530411,
    -8.244482024325));
#986 = CARTESIAN_POINT('',(319.67666230164,-109.5537609026,
    -8.252157860245));
#987 = CARTESIAN_POINT('',(319.6776135294,-108.5284452321,
    -8.260816157217));
#988 = CARTESIAN_POINT('',(319.67757384994,-107.4960710164,
    -8.270444000895));
#989 = CARTESIAN_POINT('',(319.67792326884,-106.4662627981,
    -8.28100751194));
#990 = CARTESIAN_POINT('',(319.67851286435,-105.4395654189,
    -8.292529297363));
#991 = CARTESIAN_POINT('',(319.67886561596,-104.4135407288,
    -8.305067535531));
#992 = CARTESIAN_POINT('',(319.67907737134,-103.3867922562,
    -8.31869241233));
#993 = CARTESIAN_POINT('',(319.67945660048,-102.3593814143,
    -8.333474938301));
#994 = CARTESIAN_POINT('',(319.67995991671,-101.3318743315,
    -8.349479981153));
#995 = CARTESIAN_POINT('',(319.68030857041,-100.3049123216,
    -8.366762246921));
#996 = CARTESIAN_POINT('',(319.68055262867,-99.27917465263,
    -8.38537760051));
#997 = CARTESIAN_POINT('',(319.68102773263,-98.25434217086,
    -8.405419201746));
#998 = CARTESIAN_POINT('',(319.68136755809,-97.22761787339,
    -8.427045110579));
#999 = CARTESIAN_POINT('',(319.68210599372,-95.17234940103,
    -8.473669645131));
#1000 = CARTESIAN_POINT('',(319.68247551326,-94.14377030723,
    -8.49867614022));
#1001 = CARTESIAN_POINT('',(319.68284522085,-93.11455605481,
    -8.525447236145));
#1002 = CARTESIAN_POINT('',(319.68321391572,-92.08802746202,
    -8.55410690939));
#1003 = CARTESIAN_POINT('',(319.68358142022,-91.06466928565,
    -8.584721153056));
#1004 = CARTESIAN_POINT('',(319.68394867874,-90.04184126191,
    -8.617451652753));
#1005 = CARTESIAN_POINT('',(319.68431679888,-89.01643615254,
    -8.652598593818));
#1006 = CARTESIAN_POINT('',(319.68468601563,-87.98776602862,
    -8.690481223902));
#1007 = CARTESIAN_POINT('',(319.68505536577,-86.95847954551,
    -8.731290428439));
#1008 = CARTESIAN_POINT('',(319.68542343385,-85.93248906848,
    -8.775093511082));
#1009 = CARTESIAN_POINT('',(319.68578987557,-84.91071703737,
    -8.822077608764));
#1010 = CARTESIAN_POINT('',(319.68615653655,-83.88795606844,
    -8.872884709329));
#1011 = CARTESIAN_POINT('',(319.6865258665,-82.85727684712,
    -8.928518081135));
#1012 = CARTESIAN_POINT('',(319.68725994846,-80.80754917917,
    -9.049032410504));
#1013 = CARTESIAN_POINT('',(319.68762472625,-79.78845225877,
    -9.113855080343));
#1014 = CARTESIAN_POINT('',(319.68799029214,-78.76633005386,
    -9.184653397625));
#1015 = CARTESIAN_POINT('',(319.6883589622,-77.73519861725,
    -9.261310595681));
#1016 = CARTESIAN_POINT('',(319.68872730974,-76.70306716029,
    -9.347301438351));
#1017 = CARTESIAN_POINT('',(319.68909188975,-75.68099042189,
    -9.43961974586));
#1018 = CARTESIAN_POINT('',(319.68945122841,-74.6719824558,
    -9.540663171111));
#1019 = CARTESIAN_POINT('',(319.68980838434,-73.6663109332,
    -9.654216637988));
#1020 = CARTESIAN_POINT('',(319.69016956017,-72.64763888984,
    -9.780767476696));
#1021 = CARTESIAN_POINT('',(319.69053663238,-71.60936516552,
    -9.926052835951));
#1022 = CARTESIAN_POINT('',(319.69090138801,-70.57051476288,
    -10.10058210272));
#1023 = CARTESIAN_POINT('',(319.69124988829,-69.57130219227,
    -10.29975976853));
#1024 = CARTESIAN_POINT('',(319.69157619921,-68.6257779828,
    -10.52144854318));
#1025 = CARTESIAN_POINT('',(319.692023143,-67.34759403882,
    -10.86385132783));
#1026 = CARTESIAN_POINT('',(319.69211724708,-67.07931143845,
    -10.93783905699));
#1027 = CARTESIAN_POINT('',(319.69221161639,-66.81148695729,
    -11.0137299483));
#1028 = CARTESIAN_POINT('',(319.69230545266,-66.54683434076,
    -11.09031950425));
#1029 = CARTESIAN_POINT('',(319.69239851598,-66.28638787901,
    -11.16666725145));
#1030 = CARTESIAN_POINT('',(319.69249089738,-66.0300807286,
    -11.24207795929));
#1031 = CARTESIAN_POINT('',(319.69258285595,-65.77719013012,
    -11.31606736011));
#1032 = CARTESIAN_POINT('',(319.69267470939,-65.52666751743,
    -11.38831821574));
#1033 = CARTESIAN_POINT('',(319.69276676718,-65.27737151325,
    -11.45863257621));
#1034 = CARTESIAN_POINT('',(319.69285929555,-65.02822180532,
    -11.52688607588));
#1035 = CARTESIAN_POINT('',(319.69295250323,-64.77829189943,
    -11.59299011215));
#1036 = CARTESIAN_POINT('',(319.69304653714,-64.52685874246,
    -11.65686775253));
#1037 = CARTESIAN_POINT('',(319.69314147711,-64.27342721202,
    -11.71844921504));
#1038 = CARTESIAN_POINT('',(319.69333316042,-63.76206772036,
    -11.83693632032));
#1039 = CARTESIAN_POINT('',(319.69343015786,-63.50413881755,
    -11.89385531453));
#1040 = CARTESIAN_POINT('',(319.69352575272,-63.2436559678,
    -11.94813632496));
#1041 = CARTESIAN_POINT('',(319.69363182733,-62.98095321089,
    -12.0017560411));
#1042 = CARTESIAN_POINT('',(319.69371615749,-62.71458197059,
    -12.04620375074));
#1043 = CARTESIAN_POINT('',(319.69383234518,-62.44922835559,
    -12.10312407132));
#1044 = CARTESIAN_POINT('',(319.69391709244,-62.17833029872,
    -12.13808495977));
#1045 = CARTESIAN_POINT('',(319.69402565764,-61.9108561382,
    -12.1917175764));
#1046 = CARTESIAN_POINT('',(319.69412094636,-61.63977301816,
    -12.22769888986));
#1047 = CARTESIAN_POINT('',(319.69422126258,-61.37093332773,
    -12.27139644108));
#1048 = CARTESIAN_POINT('',(319.69431975986,-61.10191428152,
    -12.30933267475));
#1049 = CARTESIAN_POINT('',(319.69441795438,-60.83420131778,
    -12.34705817614));
#1050 = CARTESIAN_POINT('',(319.69451559205,-60.56764701792,
    -12.38307622567));
#1051 = CARTESIAN_POINT('',(319.6948067968,-59.77181289875,
    -12.4871814863));
#1052 = CARTESIAN_POINT('',(319.69499867106,-59.24633920338,
    -12.55121147714));
#1053 = CARTESIAN_POINT('',(319.69518822755,-58.72637688492,
    -12.61061169663));
#1054 = CARTESIAN_POINT('',(319.69537617129,-58.21018654834,
    -12.66622379719));
#1055 = CARTESIAN_POINT('',(319.69556399445,-57.69379623401,
    -12.71894356599));
#1056 = CARTESIAN_POINT('',(319.6957536616,-57.17187694289,
    -12.7695772003));
#1057 = CARTESIAN_POINT('',(319.69594695465,-56.63956029814,
    -12.81867024195));
#1058 = CARTESIAN_POINT('',(319.69614461324,-56.09482693669,
    -12.86637289739));
#1059 = CARTESIAN_POINT('',(319.69634554009,-55.54072037087,
    -12.91239659001));
#1060 = CARTESIAN_POINT('',(319.69654647512,-54.98626722055,
    -12.95610770562));
#1061 = CARTESIAN_POINT('',(319.69674267634,-54.44461086399,
    -12.99679561293));
#1062 = CARTESIAN_POINT('',(319.69693027945,-53.92649171242,
    -13.03414315503));
#1063 = CARTESIAN_POINT('',(319.69711114254,-53.42683346564,
    -13.06891892805));
#1064 = CARTESIAN_POINT('',(319.69768725879,-51.8346732056,
    -13.17500838958));
#1065 = CARTESIAN_POINT('',(319.69811104207,-50.66276538052,
    -13.24693911159));
#1066 = CARTESIAN_POINT('',(319.69848993671,-49.61416100171,
    -13.30364354572));
#1067 = CARTESIAN_POINT('',(319.69885824661,-48.59461090764,
    -13.35611730268));
#1068 = CARTESIAN_POINT('',(319.69924703437,-47.51810062729,
    -13.40851397177));
#1069 = CARTESIAN_POINT('',(319.69965435193,-46.38982230343,
    -13.45848117489));
#1070 = CARTESIAN_POINT('',(319.70005945486,-45.26727828111,
    -13.50348133415));
#1071 = CARTESIAN_POINT('',(319.70044736536,-44.19216253144,
    -13.54355751107));
#1072 = CARTESIAN_POINT('',(319.70082273223,-43.15168663524,
    -13.58041604655));
#1073 = CARTESIAN_POINT('',(319.70120444123,-42.09344197983,
    -13.61557488303));
#1074 = CARTESIAN_POINT('',(319.70160488115,-40.98304146577,
    -13.64942351348));
#1075 = CARTESIAN_POINT('',(319.70201019657,-39.85898521691,
    -13.68111161629));
#1076 = CARTESIAN_POINT('',(319.70239028085,-38.80476787625,
    -13.70898273115));
#1077 = CARTESIAN_POINT('',(319.70316928495,-36.64385296195,
    -13.76212911933));
#1078 = CARTESIAN_POINT('',(319.70357103892,-35.53730223544,
    -13.78737104466));
#1079 = CARTESIAN_POINT('',(319.70394798003,-34.46264554009,
    -13.80983321398));
#1080 = CARTESIAN_POINT('',(319.70434449208,-33.39453637977,
    -13.83065115625));
#1081 = CARTESIAN_POINT('',(319.70473832192,-32.30913114863,
    -13.85028143558));
#1082 = CARTESIAN_POINT('',(319.70512159727,-31.21092979299,
    -13.86850850935));
#1083 = CARTESIAN_POINT('',(319.70551311212,-30.11829671891,
    -13.88510403634));
#1084 = CARTESIAN_POINT('',(319.70591570627,-29.04032528373,
    -13.90015203757));
#1085 = CARTESIAN_POINT('',(319.70630547773,-27.96812793979,
    -13.91395540966));
#1086 = CARTESIAN_POINT('',(319.70667721612,-26.8833029062,
    -13.92679259789));
#1087 = CARTESIAN_POINT('',(319.70707624626,-25.77026854971,
    -13.93877267513));
#1088 = CARTESIAN_POINT('',(319.70752423855,-24.62238919238,
    -13.949817574));
#1089 = CARTESIAN_POINT('',(319.7078988909,-23.46936226601,
    -13.95955670184));
#1090 = CARTESIAN_POINT('',(319.70825812986,-22.54021740623,
    -13.96682656223));
#1091 = ORIENTED_EDGE('',*,*,#1092,.F.);
#1092 = EDGE_CURVE('',#1093,#969,#1095,.T.);
#1093 = VERTEX_POINT('',#1094);
#1094 = CARTESIAN_POINT('',(314.65821780839,-115.5787454334,
    -8.215024668986));
#1095 = ( BOUNDED_CURVE() B_SPLINE_CURVE(14,(#1096,#1097,#1098,#1099,
    #1100,#1101,#1102,#1103,#1104,#1105,#1106,#1107,#1108,#1109,#1110,
    #1111,#1112,#1113,#1114,#1115,#1116,#1117,#1118,#1119,#1120,#1121,
#1122,#1123),.UNSPECIFIED.,.F.,.F.) B_SPLINE_CURVE_WITH_KNOTS((15,13,15)
  ,(879.40321428732,883.64537645066,893.77235465335),.UNSPECIFIED.) 
CURVE() GEOMETRIC_REPRESENTATION_ITEM() RATIONAL_B_SPLINE_CURVE((1.,1.,
    0.999999999999,1.000000000002,0.999999999996,1.000000000006,
    0.999999999993,1.000000000007,0.999999999995,1.000000000004,
    0.999999999998,1.000000000001,1.,1.,1.000000000001,0.999999999996,
    1.000000000011,0.999999999979,1.000000000034,0.999999999958,
    1.000000000043,0.999999999963,1.000000000026,0.999999999985,
1.000000000007,0.999999999998,1.,1.)) REPRESENTATION_ITEM('') );
#1096 = CARTESIAN_POINT('',(314.65821780838,-115.5787454334,
    -8.215024668986));
#1097 = CARTESIAN_POINT('',(314.82859730602,-115.57872771,
    -8.215025283638));
#1098 = CARTESIAN_POINT('',(314.97049102794,-115.5737699183,
    -8.215046466906));
#1099 = CARTESIAN_POINT('',(315.10853770868,-115.5647932554,
    -8.21508445751));
#1100 = CARTESIAN_POINT('',(315.24879655112,-115.5517645362,
    -8.215139455959));
#1101 = CARTESIAN_POINT('',(315.39070276929,-115.5344105758,
    -8.215212698139));
#1102 = CARTESIAN_POINT('',(315.53273648877,-115.5125341696,
    -8.215305157483));
#1103 = CARTESIAN_POINT('',(315.67424303401,-115.4860845127,
    -8.215417253647));
#1104 = CARTESIAN_POINT('',(315.81531085979,-115.4551036909,
    -8.215549072141));
#1105 = CARTESIAN_POINT('',(315.95608161348,-115.4196396667,
    -8.215700725133));
#1106 = CARTESIAN_POINT('',(316.09633504221,-115.3796849744,
    -8.21587261045));
#1107 = CARTESIAN_POINT('',(316.23565968855,-115.3351691308,
    -8.216065451344));
#1108 = CARTESIAN_POINT('',(316.37398854596,-115.2860015577,
    -8.21628012649));
#1109 = CARTESIAN_POINT('',(316.51174707459,-115.2321306041,
    -8.216517425306));
#1110 = CARTESIAN_POINT('',(316.9743809246,-115.0337154827,
    -8.217400016697));
#1111 = CARTESIAN_POINT('',(317.29402346414,-114.8667058682,
    -8.218160040499));
#1112 = CARTESIAN_POINT('',(317.60953845516,-114.6755142928,
    -8.219009555429));
#1113 = CARTESIAN_POINT('',(317.89654588317,-114.436307719,
    -8.22031157721));
#1114 = CARTESIAN_POINT('',(318.23332499515,-114.2467971365,
    -8.220733605395));
#1115 = CARTESIAN_POINT('',(318.42399419971,-113.7939686548,
    -8.224145567443));
#1116 = CARTESIAN_POINT('',(318.81942306877,-113.8198032155,
    -8.222154211157));
#1117 = CARTESIAN_POINT('',(318.90676195955,-112.9326628397,
    -8.229416831225));
#1118 = CARTESIAN_POINT('',(319.25499596132,-113.2222102893,
    -8.225387508365));
#1119 = CARTESIAN_POINT('',(319.34542065684,-112.1501212037,
    -8.233727569935));
#1120 = CARTESIAN_POINT('',(319.54757046697,-112.2272171808,
    -8.232147883354));
#1121 = CARTESIAN_POINT('',(319.6211030793,-111.406793167,
    -8.238237833645));
#1122 = CARTESIAN_POINT('',(319.67699591654,-111.1223378873,
    -8.240166353711));
#1123 = CARTESIAN_POINT('',(319.67672459538,-110.5644433936,
    -8.244429355709));
#1124 = ORIENTED_EDGE('',*,*,#1125,.F.);
#1125 = EDGE_CURVE('',#1126,#1093,#1128,.T.);
#1126 = VERTEX_POINT('',#1127);
#1127 = CARTESIAN_POINT('',(239.81671985805,-115.5734505574,
    -8.214810214759));
#1128 = ( BOUNDED_CURVE() B_SPLINE_CURVE(12,(#1129,#1130,#1131,#1132,
    #1133,#1134,#1135,#1136,#1137,#1138,#1139,#1140,#1141),
.UNSPECIFIED.,.F.,.F.) B_SPLINE_CURVE_WITH_KNOTS((13,13),(
746.91704508782,879.40321428732),.PIECEWISE_BEZIER_KNOTS.) CURVE() 
GEOMETRIC_REPRESENTATION_ITEM() RATIONAL_B_SPLINE_CURVE((1.,1.,1.,1.,
    0.999999999999,1.000000000002,0.999999999998,1.000000000002,
0.999999999998,1.000000000001,1.,1.,1.)) REPRESENTATION_ITEM('') );
#1129 = CARTESIAN_POINT('',(239.81671985805,-115.5734505574,
    -8.214810214759));
#1130 = CARTESIAN_POINT('',(246.05496636364,-115.5738756879,
    -8.21482808792));
#1131 = CARTESIAN_POINT('',(252.29363900815,-115.5743148118,
    -8.214845916544));
#1132 = CARTESIAN_POINT('',(258.53061766066,-115.5746381199,
    -8.214864237843));
#1133 = CARTESIAN_POINT('',(264.77491502134,-115.5754631433,
    -8.214880492523));
#1134 = CARTESIAN_POINT('',(270.99844209326,-115.5748670672,
    -8.214902649386));
#1135 = CARTESIAN_POINT('',(277.26384320265,-115.5771777675,
    -8.214912771208));
#1136 = CARTESIAN_POINT('',(283.46537396675,-115.5749563838,
    -8.214941692689));
#1137 = CARTESIAN_POINT('',(289.74291193347,-115.5783184368,
    -8.214947476675));
#1138 = CARTESIAN_POINT('',(295.94935560663,-115.576084094,
    -8.214976488326));
#1139 = CARTESIAN_POINT('',(302.21425967857,-115.5785293421,
    -8.214986103903));
#1140 = CARTESIAN_POINT('',(308.45024636337,-115.5776904608,
    -8.215009386603));
#1141 = CARTESIAN_POINT('',(314.65821780839,-115.5787454334,
    -8.215024668986));
#1142 = ORIENTED_EDGE('',*,*,#1143,.F.);
#1143 = EDGE_CURVE('',#1144,#1126,#1146,.T.);
#1144 = VERTEX_POINT('',#1145);
#1145 = CARTESIAN_POINT('',(186.19761348562,-121.9973529159,
    -8.200233276868));
#1146 = ( BOUNDED_CURVE() B_SPLINE_CURVE(12,(#1147,#1148,#1149,#1150,
    #1151,#1152,#1153,#1154,#1155,#1156,#1157,#1158,#1159,#1160,#1161,
    #1162,#1163,#1164,#1165,#1166,#1167,#1168,#1169,#1170,#1171,#1172,
    #1173,#1174,#1175,#1176,#1177,#1178,#1179,#1180,#1181,#1182,#1183,
    #1184,#1185,#1186,#1187,#1188,#1189,#1190,#1191,#1192),
.UNSPECIFIED.,.F.,.F.) B_SPLINE_CURVE_WITH_KNOTS((13,11,11,11,13),(
    651.97580310578,652.03256213193,652.18501072507,699.55102790645,
746.91704508782),.UNSPECIFIED.) CURVE() GEOMETRIC_REPRESENTATION_ITEM() 
RATIONAL_B_SPLINE_CURVE((1.,1.,1.,1.,1.,1.,1.,1.,1.,1.,1.,1.,1.,1.,1.,1.
    ,1.,1.000000000001,0.999999999999,1.000000000001,1.,1.,1.,1.,
    0.999999999999,1.000000000002,0.999999999997,1.000000000004,
    0.999999999996,1.000000000004,0.999999999998,1.000000000001,1.,1.,1.
    ,1.,0.999999999999,1.000000000002,0.999999999997,1.000000000003,
    0.999999999997,1.000000000002,0.999999999999,1.000000000001,1.,1.)) 
REPRESENTATION_ITEM('') );
#1147 = CARTESIAN_POINT('',(186.19761348562,-121.9973529159,
    -8.200233276868));
#1148 = CARTESIAN_POINT('',(186.19997616311,-121.9967665152,
    -8.20023356277));
#1149 = CARTESIAN_POINT('',(186.20213173179,-121.9962248389,
    -8.200233827103));
#1150 = CARTESIAN_POINT('',(186.20078982889,-121.9965252233,
    -8.200233680618));
#1151 = CARTESIAN_POINT('',(186.19995802487,-121.9967161892,
    -8.200233587367));
#1152 = CARTESIAN_POINT('',(186.20157816636,-121.9963248497,
    -8.200233778176));
#1153 = CARTESIAN_POINT('',(186.20465754705,-121.9955761335,
    -8.200234143546));
#1154 = CARTESIAN_POINT('',(186.20753372239,-121.9948641963,
    -8.20023449133));
#1155 = CARTESIAN_POINT('',(186.20979563667,-121.9942957222,
    -8.200234769465));
#1156 = CARTESIAN_POINT('',(186.21226757716,-121.9936841407,
    -8.20023506886));
#1157 = CARTESIAN_POINT('',(186.21534632428,-121.992933111,
    -8.200235436474));
#1158 = CARTESIAN_POINT('',(186.21786571256,-121.9923069479,
    -8.200235743459));
#1159 = CARTESIAN_POINT('',(186.22774743273,-121.9898670575,
    -8.200236940221));
#1160 = CARTESIAN_POINT('',(186.23507260398,-121.9880585736,
    -8.2002378288));
#1161 = CARTESIAN_POINT('',(186.24208723063,-121.9863273699,
    -8.200238682395));
#1162 = CARTESIAN_POINT('',(186.24837293268,-121.9847760188,
    -8.200239447808));
#1163 = CARTESIAN_POINT('',(186.25476498435,-121.9831984167,
    -8.200240226782));
#1164 = CARTESIAN_POINT('',(186.26219963892,-121.9813640044,
    -8.200241134908));
#1165 = CARTESIAN_POINT('',(186.2705254612,-121.979310367,
    -8.200242154508));
#1166 = CARTESIAN_POINT('',(186.27850550524,-121.9773423945,
    -8.20024313387));
#1167 = CARTESIAN_POINT('',(186.28511025799,-121.9757136334,
    -8.200243945988));
#1168 = CARTESIAN_POINT('',(186.291074342,-121.9742429064,
    -8.200244680583));
#1169 = CARTESIAN_POINT('',(186.29856305327,-121.9723967227,
    -8.200245603958));
#1170 = CARTESIAN_POINT('',(188.5131501767,-121.4265228405,
    -8.200519255477));
#1171 = CARTESIAN_POINT('',(190.7237533028,-120.9080118142,
    -8.200946099198));
#1172 = CARTESIAN_POINT('',(192.93730806777,-120.41503569,
    -8.201503881036));
#1173 = CARTESIAN_POINT('',(195.15364632292,-119.9475222904,
    -8.20217043158));
#1174 = CARTESIAN_POINT('',(197.37260096631,-119.5054039434,
    -8.202924544032));
#1175 = CARTESIAN_POINT('',(199.59400594258,-119.088617482,-8.2037459742
    ));
#1176 = CARTESIAN_POINT('',(201.81769624303,-118.6971042449,
    -8.204615440499));
#1177 = CARTESIAN_POINT('',(204.04350790571,-118.3308100761,
    -8.205514623955));
#1178 = CARTESIAN_POINT('',(206.27127801517,-117.9896853247,
    -8.206426168201));
#1179 = CARTESIAN_POINT('',(208.50084470278,-117.6736848456,
    -8.207333679476));
#1180 = CARTESIAN_POINT('',(210.73204714644,-117.3827679986,
    -8.20822172663));
#1181 = CARTESIAN_POINT('',(215.19740399508,-116.8510292996,
    -8.20992995561));
#1182 = CARTESIAN_POINT('',(217.43109460359,-116.6102031581,
    -8.210750727964));
#1183 = CARTESIAN_POINT('',(219.67018003956,-116.3944163362,
    -8.211524253629));
#1184 = CARTESIAN_POINT('',(221.89286601483,-116.2034778888,
    -8.212238673656));
#1185 = CARTESIAN_POINT('',(224.16542615006,-116.037843862,
    -8.212881158746));
#1186 = CARTESIAN_POINT('',(226.3416175174,-115.8964264647,
    -8.213446124799));
#1187 = CARTESIAN_POINT('',(228.66397758489,-115.7809602592,
    -8.213919083446));
#1188 = CARTESIAN_POINT('',(230.81842854276,-115.6891863791,
    -8.214301989761));
#1189 = CARTESIAN_POINT('',(233.12714489133,-115.6233444626,
    -8.214581815724));
#1190 = CARTESIAN_POINT('',(235.32361434854,-115.5816411125,
    -8.214762109879));
#1191 = CARTESIAN_POINT('',(237.58722731829,-115.5651917668,
    -8.214837470462));
#1192 = CARTESIAN_POINT('',(239.81671985805,-115.5734505574,
    -8.214810214759));
#1193 = ORIENTED_EDGE('',*,*,#1194,.F.);
#1194 = EDGE_CURVE('',#593,#1144,#1195,.T.);
#1195 = ( BOUNDED_CURVE() B_SPLINE_CURVE(9,(#1196,#1197,#1198,#1199,
    #1200,#1201,#1202,#1203,#1204,#1205),.UNSPECIFIED.,.F.,.F.) 
B_SPLINE_CURVE_WITH_KNOTS((10,10),(641.95903591831,651.97580310578),
.PIECEWISE_BEZIER_KNOTS.) CURVE() GEOMETRIC_REPRESENTATION_ITEM() 
RATIONAL_B_SPLINE_CURVE((1.,1.,1.,1.,1.,1.,1.,1.,1.,1.)) 
REPRESENTATION_ITEM('') );
#1196 = CARTESIAN_POINT('',(180.63563710663,-122.9576062095,-8.2));
#1197 = CARTESIAN_POINT('',(181.26003302552,-122.8726903076,-8.2));
#1198 = CARTESIAN_POINT('',(181.8834413452,-122.7819287439,
    -8.20000421553));
#1199 = CARTESIAN_POINT('',(182.50751063369,-122.6870933559,
    -8.200012463315));
#1200 = CARTESIAN_POINT('',(183.12614329178,-122.5816014517,
    -8.200029974938));
#1201 = CARTESIAN_POINT('',(183.75209664332,-122.4809181412,
    -8.20004781951));
#1202 = CARTESIAN_POINT('',(184.36852613787,-122.3595146679,
    -8.200084206338));
#1203 = CARTESIAN_POINT('',(184.98306583881,-122.2498817861,
    -8.200117994003));
#1204 = CARTESIAN_POINT('',(185.63649928145,-122.1135915771,
    -8.200176569996));
#1205 = CARTESIAN_POINT('',(186.19761348562,-121.9973529159,
    -8.200233276868));
#1206 = FACE_BOUND('',#1207,.T.);
#1207 = EDGE_LOOP('',(#1208,#1245));
#1208 = ORIENTED_EDGE('',*,*,#1209,.T.);
#1209 = EDGE_CURVE('',#1210,#1212,#1214,.T.);
#1210 = VERTEX_POINT('',#1211);
#1211 = CARTESIAN_POINT('',(317.976573,-23.836875,-13.95600535639));
#1212 = VERTEX_POINT('',#1213);
#1213 = CARTESIAN_POINT('',(313.77657371113,-23.83514677808,
    -13.9559924429));
#1214 = B_SPLINE_CURVE_WITH_KNOTS('',8,(#1215,#1216,#1217,#1218,#1219,
    #1220,#1221,#1222,#1223,#1224,#1225,#1226,#1227,#1228,#1229,#1230,
    #1231,#1232,#1233,#1234,#1235,#1236,#1237,#1238,#1239,#1240,#1241,
    #1242,#1243,#1244),.UNSPECIFIED.,.F.,.F.,(9,7,7,7,9),(0.,
    0.234042145038,0.487116703241,0.851708060051,1.),.UNSPECIFIED.);
#1215 = CARTESIAN_POINT('',(317.976573,-23.836875,-13.95600535639));
#1216 = CARTESIAN_POINT('',(317.976573,-23.60798081781,-13.95803306352)
  );
#1217 = CARTESIAN_POINT('',(317.94805947521,-23.37945158666,
    -13.96000837528));
#1218 = CARTESIAN_POINT('',(317.89119676918,-23.15965289945,
    -13.96185806729));
#1219 = CARTESIAN_POINT('',(317.80978815903,-22.95392052808,
    -13.96354583471));
#1220 = CARTESIAN_POINT('',(317.70811309605,-22.76555548623,
    -13.96505699327));
#1221 = CARTESIAN_POINT('',(317.59072596959,-22.59619616612,
    -13.96639010833));
#1222 = CARTESIAN_POINT('',(317.46155214794,-22.44614349684,
    -13.96755260892));
#1223 = CARTESIAN_POINT('',(317.17418081019,-22.17294900434,
    -13.96964126585));
#1224 = CARTESIAN_POINT('',(317.01405794189,-22.05251511438,
    -13.97054454368));
#1225 = CARTESIAN_POINT('',(316.84576948719,-21.95259709403,
    -13.97128213299));
#1226 = CARTESIAN_POINT('',(316.6715873072,-21.87237895437,
    -13.97186711776));
#1227 = CARTESIAN_POINT('',(316.49339753544,-21.81121327278,
    -13.97230950035));
#1228 = CARTESIAN_POINT('',(316.31270057781,-21.76862119296,
    -13.97261620141));
#1229 = CARTESIAN_POINT('',(316.1306111126,-21.74429242492,
    -13.97279105998));
#1230 = CARTESIAN_POINT('',(315.68457531424,-21.72914288353,
    -13.97289789553));
#1231 = CARTESIAN_POINT('',(315.42267878611,-21.75803773879,
    -13.97268798327));
#1232 = CARTESIAN_POINT('',(315.16256029253,-21.82349718123,
    -13.97221515794));
#1233 = CARTESIAN_POINT('',(314.90740755439,-21.9274959077,
    -13.97146059527));
#1234 = CARTESIAN_POINT('',(314.66229357487,-22.0725324555,
    -13.97039528434));
#1235 = CARTESIAN_POINT('',(314.43399894141,-22.26036206675,
    -13.96898754317));
#1236 = CARTESIAN_POINT('',(314.23156708185,-22.49218590321,
    -13.96719935075));
#1237 = CARTESIAN_POINT('',(314.00089831937,-22.8834138744,
    -13.96406534987));
#1238 = CARTESIAN_POINT('',(313.94079037285,-23.00383750065,
    -13.96308926931));
#1239 = CARTESIAN_POINT('',(313.88836490667,-23.13115963556,
    -13.96204386318));
#1240 = CARTESIAN_POINT('',(313.84476317305,-23.26469075921,
    -13.96093197081));
#1241 = CARTESIAN_POINT('',(313.81106209814,-23.4034251506,
    -13.95975920753));
#1242 = CARTESIAN_POINT('',(313.78817575519,-23.54599841629,
    -13.95853482834));
#1243 = CARTESIAN_POINT('',(313.77669263249,-23.69064289856,
    -13.9572727339));
#1244 = CARTESIAN_POINT('',(313.77657371113,-23.83514677808,
    -13.9559924429));
#1245 = ORIENTED_EDGE('',*,*,#1246,.T.);
#1246 = EDGE_CURVE('',#1212,#1210,#1247,.T.);
#1247 = B_SPLINE_CURVE_WITH_KNOTS('',8,(#1248,#1249,#1250,#1251,#1252,
    #1253,#1254,#1255,#1256,#1257,#1258,#1259,#1260,#1261,#1262,#1263,
    #1264,#1265,#1266,#1267,#1268,#1269,#1270,#1271,#1272,#1273,#1274,
    #1275,#1276,#1277,#1278,#1279,#1280,#1281,#1282,#1283,#1284,#1285,
    #1286,#1287,#1288,#1289,#1290,#1291,#1292,#1293,#1294,#1295,#1296,
    #1297,#1298),.UNSPECIFIED.,.F.,.F.,(9,7,7,7,7,7,7,9),(0.,
    4.208268852419E-02,0.149582200955,0.34135674699,0.666659704863,
    0.99104237772,0.99647995781,1.),.UNSPECIFIED.);
#1248 = CARTESIAN_POINT('',(313.77657371113,-23.83514677808,
    -13.9559924429));
#1249 = CARTESIAN_POINT('',(313.77654003679,-23.87606518633,
    -13.95562990959));
#1250 = CARTESIAN_POINT('',(313.77741756074,-23.91698489903,
    -13.95526580577));
#1251 = CARTESIAN_POINT('',(313.7792063415,-23.95786216646,
    -13.95490051547));
#1252 = CARTESIAN_POINT('',(313.78190323422,-23.99865422132,
    -13.95453442347));
#1253 = CARTESIAN_POINT('',(313.78550203428,-24.03931931431,
    -13.9541679146));
#1254 = CARTESIAN_POINT('',(313.78999362086,-24.07981674968,
    -13.95380137298));
#1255 = CARTESIAN_POINT('',(313.79536610056,-24.1201069208,
    -13.95343518137));
#1256 = CARTESIAN_POINT('',(313.81754198842,-24.26244414831,
    -13.95213615657));
#1257 = CARTESIAN_POINT('',(313.83916366974,-24.36312239498,
    -13.9512073589));
#1258 = CARTESIAN_POINT('',(313.86616284025,-24.46157494982,
    -13.95028960433));
#1259 = CARTESIAN_POINT('',(313.89820558591,-24.55729222388,
    -13.94938835968));
#1260 = CARTESIAN_POINT('',(313.93493123333,-24.64986617506,
    -13.94850828167));
#1261 = CARTESIAN_POINT('',(313.9759523498,-24.73899030816,
    -13.94765321691));
#1262 = CARTESIAN_POINT('',(314.02085474323,-24.82445967484,
    -13.94682620189));
#1263 = CARTESIAN_POINT('',(314.15543881143,-25.05194016796,
    -13.94460811488));
#1264 = CARTESIAN_POINT('',(314.25265575279,-25.18549594303,
    -13.94328515919));
#1265 = CARTESIAN_POINT('',(314.35882882829,-25.30671933695,
    -13.94206789803));
#1266 = CARTESIAN_POINT('',(314.47221767546,-25.41561721183,
    -13.94096160822));
#1267 = CARTESIAN_POINT('',(314.59136102733,-25.5123221539,
    -13.93996954139));
#1268 = CARTESIAN_POINT('',(314.71507671247,-25.59709247344,
    -13.93909292392));
#1269 = CARTESIAN_POINT('',(314.84246165499,-25.67031220484,
    -13.93833095699));
#1270 = CARTESIAN_POINT('',(315.19413779629,-25.8379638143,
    -13.93657799759));
#1271 = CARTESIAN_POINT('',(315.42311021044,-25.91110230202,
    -13.93580288418));
#1272 = CARTESIAN_POINT('',(315.65719395523,-25.95358148458,
    -13.93534912225));
#1273 = CARTESIAN_POINT('',(315.89376899998,-25.96639218853,
    -13.93521294614));
#1274 = CARTESIAN_POINT('',(316.13021044504,-25.94984115205,
    -13.93539317855));
#1275 = CARTESIAN_POINT('',(316.36388852185,-25.90355102504,
    -13.93589123061));
#1276 = CARTESIAN_POINT('',(316.59216859286,-25.82646036904,
    -13.93671110183));
#1277 = CARTESIAN_POINT('',(317.03203064217,-25.60749710874,
    -13.93900440991));
#1278 = CARTESIAN_POINT('',(317.24356010692,-25.46561519658,
    -13.94047771938));
#1279 = CARTESIAN_POINT('',(317.44395729828,-25.2888665035,
    -13.94229093717));
#1280 = CARTESIAN_POINT('',(317.62661690658,-25.07490131198,
    -13.94444957096));
#1281 = CARTESIAN_POINT('',(317.78147515181,-24.82361873831,
    -13.94692746679));
#1282 = CARTESIAN_POINT('',(317.89832188587,-24.53851334522,
    -13.94965468621));
#1283 = CARTESIAN_POINT('',(317.96460172614,-24.22751029708,
    -13.95252417218));
#1284 = CARTESIAN_POINT('',(317.97556246515,-23.90223565879,
    -13.95542460173));
#1285 = CARTESIAN_POINT('',(317.97572752907,-23.8968719059,
    -13.95547240252));
#1286 = CARTESIAN_POINT('',(317.97587694155,-23.89150723048,
    -13.95552018446));
#1287 = CARTESIAN_POINT('',(317.97601069346,-23.88614179703,
    -13.95556794607));
#1288 = CARTESIAN_POINT('',(317.97612877772,-23.88077574305,
    -13.95561568614));
#1289 = CARTESIAN_POINT('',(317.97623118931,-23.875409179,
    -13.95566340367));
#1290 = CARTESIAN_POINT('',(317.97631792527,-23.87004218834,
    -13.95571109792));
#1291 = CARTESIAN_POINT('',(317.97643498533,-23.86120024207,
    -13.95578962809));
#1292 = CARTESIAN_POINT('',(317.9764744166,-23.85772544345,
    -13.95582047834));
#1293 = CARTESIAN_POINT('',(317.97650727724,-23.85425050701,
    -13.95585131848));
#1294 = CARTESIAN_POINT('',(317.97653356633,-23.85077548818,
    -13.955882148));
#1295 = CARTESIAN_POINT('',(317.97655328327,-23.84730042245,
    -13.9559129666));
#1296 = CARTESIAN_POINT('',(317.97656642778,-23.8438253254,
    -13.95594377414));
#1297 = CARTESIAN_POINT('',(317.9765729999,-23.84035019268,
    -13.95597457067));
#1298 = CARTESIAN_POINT('',(317.976573,-23.836875,-13.95600535639));
#1299 = FACE_BOUND('',#1300,.T.);
#1300 = EDGE_LOOP('',(#1301,#1345));
#1301 = ORIENTED_EDGE('',*,*,#1302,.T.);
#1302 = EDGE_CURVE('',#1303,#1305,#1307,.T.);
#1303 = VERTEX_POINT('',#1304);
#1304 = CARTESIAN_POINT('',(317.976573,-68.936875,-10.46506402945));
#1305 = VERTEX_POINT('',#1306);
#1306 = CARTESIAN_POINT('',(313.92348032956,-68.16523452627,
    -10.64831367056));
#1307 = B_SPLINE_CURVE_WITH_KNOTS('',8,(#1308,#1309,#1310,#1311,#1312,
    #1313,#1314,#1315,#1316,#1317,#1318,#1319,#1320,#1321,#1322,#1323,
    #1324,#1325,#1326,#1327,#1328,#1329,#1330,#1331,#1332,#1333,#1334,
    #1335,#1336,#1337,#1338,#1339,#1340,#1341,#1342,#1343,#1344),
  .UNSPECIFIED.,.F.,.F.,(9,7,7,7,7,9),(0.,0.117308400058,0.291203289423,
    0.45180956529,0.788799711238,1.),.UNSPECIFIED.);
#1308 = CARTESIAN_POINT('',(317.976573,-68.936875,-10.46506402945));
#1309 = CARTESIAN_POINT('',(317.976573,-68.83678584567,-10.48768887349)
  );
#1310 = CARTESIAN_POINT('',(317.97112097502,-68.73680325423,
    -10.51065311315));
#1311 = CARTESIAN_POINT('',(317.9602379056,-68.63755782835,
    -10.53381684272));
#1312 = CARTESIAN_POINT('',(317.94405597214,-68.5396046364,
    -10.55704305399));
#1313 = CARTESIAN_POINT('',(317.92278701359,-68.44342814961,
    -10.58019857723));
#1314 = CARTESIAN_POINT('',(317.89669857318,-68.34944682242,
    -10.60315559684));
#1315 = CARTESIAN_POINT('',(317.86609753115,-68.25801731608,
    -10.62579374192));
#1316 = CARTESIAN_POINT('',(317.77976998951,-68.03813125677,
    -10.68092480357));
#1317 = CARTESIAN_POINT('',(317.71904651785,-67.91309549758,
    -10.71290193777));
#1318 = CARTESIAN_POINT('',(317.65015902275,-67.79506910087,
    -10.74363358955));
#1319 = CARTESIAN_POINT('',(317.57413356689,-67.68450391195,
    -10.77287448436));
#1320 = CARTESIAN_POINT('',(317.49193731386,-67.58165118625,
    -10.80043514628));
#1321 = CARTESIAN_POINT('',(317.40444182321,-67.4866099195,-10.826181541
    ));
#1322 = CARTESIAN_POINT('',(317.3123994589,-67.3993629537,
    -10.85002963527));
#1323 = CARTESIAN_POINT('',(317.12774789399,-67.24636683527,
    -10.89215805398));
#1324 = CARTESIAN_POINT('',(317.03574979626,-67.17950925512,
    -10.91071776446));
#1325 = CARTESIAN_POINT('',(316.9408942301,-67.11918652175,
    -10.92757117634));
#1326 = CARTESIAN_POINT('',(316.84361813404,-67.06533208277,
    -10.94269234219));
#1327 = CARTESIAN_POINT('',(316.74431605042,-67.01787558959,
    -10.95606721361));
#1328 = CARTESIAN_POINT('',(316.64334133803,-66.97674415992,
    -10.96769138526));
#1329 = CARTESIAN_POINT('',(316.54100529058,-66.94186876653,
    -10.97756634706));
#1330 = CARTESIAN_POINT('',(316.22055106341,-66.85303295242,
    -11.00274850497));
#1331 = CARTESIAN_POINT('',(315.99913103553,-66.8202942426,
    -11.01207792815));
#1332 = CARTESIAN_POINT('',(315.7754523107,-66.81419728061,
    -11.0137841893));
#1333 = CARTESIAN_POINT('',(315.55178870392,-66.83480956788,
    -11.00783205569));
#1334 = CARTESIAN_POINT('',(315.3305848238,-66.88226993314,
    -10.99420178013));
#1335 = CARTESIAN_POINT('',(315.11453049429,-66.95700988395,
    -10.97283782205));
#1336 = CARTESIAN_POINT('',(314.90650817926,-67.05940679148,
    -10.94381372865));
#1337 = CARTESIAN_POINT('',(314.58667803265,-67.27310440239,
    -10.8842034999));
#1338 = CARTESIAN_POINT('',(314.46816081871,-67.36666742853,
    -10.85828538283));
#1339 = CARTESIAN_POINT('',(314.35520716685,-67.47167694795,
    -10.82945444903));
#1340 = CARTESIAN_POINT('',(314.24901250054,-67.58828029258,
    -10.79780133201));
#1341 = CARTESIAN_POINT('',(314.15102422627,-67.7164373324,
    -10.76351006646));
#1342 = CARTESIAN_POINT('',(314.06290147156,-67.85584639627,
    -10.72687585277));
#1343 = CARTESIAN_POINT('',(313.98645195078,-68.00584758892,
    -10.68830625761));
#1344 = CARTESIAN_POINT('',(313.92348032956,-68.16523452627,
    -10.64831367056));
#1345 = ORIENTED_EDGE('',*,*,#1346,.T.);
#1346 = EDGE_CURVE('',#1305,#1303,#1347,.T.);
#1347 = B_SPLINE_CURVE_WITH_KNOTS('',7,(#1348,#1349,#1350,#1351,#1352,
    #1353,#1354,#1355,#1356,#1357,#1358,#1359,#1360,#1361,#1362,#1363,
    #1364,#1365,#1366,#1367,#1368,#1369,#1370,#1371,#1372,#1373,#1374,
    #1375,#1376,#1377,#1378,#1379,#1380,#1381,#1382,#1383,#1384,#1385,
    #1386,#1387,#1388,#1389,#1390,#1391,#1392,#1393,#1394,#1395,#1396,
    #1397),.UNSPECIFIED.,.F.,.F.,(8,6,6,6,6,6,6,6,8),(0.,0.103493664439,
    0.263651738834,0.402509366391,0.598571339902,0.75720991199,
    0.894928986785,0.946813804573,1.),.UNSPECIFIED.);
#1348 = CARTESIAN_POINT('',(313.92348032956,-68.16523452627,
    -10.64831367056));
#1349 = CARTESIAN_POINT('',(313.88016343871,-68.27487354199,
    -10.62080358754));
#1350 = CARTESIAN_POINT('',(313.84337031715,-68.3890110626,
    -10.59261503561));
#1351 = CARTESIAN_POINT('',(313.81380073292,-68.50702566511,
    -10.56397643533));
#1352 = CARTESIAN_POINT('',(313.7920616083,-68.62814013157,
    -10.53514297305));
#1353 = CARTESIAN_POINT('',(313.77863505331,-68.7514088316,
    -10.50638492232));
#1354 = CARTESIAN_POINT('',(313.77380085985,-68.87570620303,
    -10.47797977879));
#1355 = CARTESIAN_POINT('',(313.78325875822,-69.19162395439,
    -10.40723126683));
#1356 = CARTESIAN_POINT('',(313.8094789823,-69.38307504997,
    -10.36571977327));
#1357 = CARTESIAN_POINT('',(313.85607567692,-69.56897633987,
    -10.32676999948));
#1358 = CARTESIAN_POINT('',(313.92102204392,-69.74573052995,
    -10.29090660385));
#1359 = CARTESIAN_POINT('',(314.00177253173,-69.91083336446,
    -10.25833453462));
#1360 = CARTESIAN_POINT('',(314.09549120217,-70.06275470354,
    -10.22907741495));
#1361 = CARTESIAN_POINT('',(314.28964969282,-70.320391585,
    -10.18046525303));
#1362 = CARTESIAN_POINT('',(314.3877228842,-70.42981126293,
    -10.1602644508));
#1363 = CARTESIAN_POINT('',(314.49230961378,-70.5288515303,
    -10.14231684244));
#1364 = CARTESIAN_POINT('',(314.60218039158,-70.61754224164,
    -10.12649183262));
#1365 = CARTESIAN_POINT('',(314.71629313393,-70.69604855823,
    -10.11266076168));
#1366 = CARTESIAN_POINT('',(314.83381636158,-70.76460632604,
    -10.1007065589));
#1367 = CARTESIAN_POINT('',(315.12406778593,-70.90652173003,
    -10.07616384911));
#1368 = CARTESIAN_POINT('',(315.29935922529,-70.97013379916,
    -10.06535310276));
#1369 = CARTESIAN_POINT('',(315.47837656569,-71.01493515892,
    -10.05783531994));
#1370 = CARTESIAN_POINT('',(315.65960246431,-71.04135648638,
    -10.0534367354));
#1371 = CARTESIAN_POINT('',(315.84165455623,-71.04960462013,
    -10.0520734139));
#1372 = CARTESIAN_POINT('',(316.02328545442,-71.03966256031,
    -10.05375125027));
#1373 = CARTESIAN_POINT('',(316.34910390742,-70.98833210119,
    -10.06246167714));
#1374 = CARTESIAN_POINT('',(316.49364861172,-70.95333894069,
    -10.06840739478));
#1375 = CARTESIAN_POINT('',(316.63642220124,-70.90613983715,
    -10.07645086703));
#1376 = CARTESIAN_POINT('',(316.7766436748,-70.84651630659,
    -10.0866777744));
#1377 = CARTESIAN_POINT('',(316.91334569147,-70.77420153097,
    -10.09921173314));
#1378 = CARTESIAN_POINT('',(317.04537457054,-70.6888803582,
    -10.11421429526));
#1379 = CARTESIAN_POINT('',(317.28078845534,-70.5045125291,
    -10.14722539177));
#1380 = CARTESIAN_POINT('',(317.38558258579,-70.40881623928,
    -10.16456928204));
#1381 = CARTESIAN_POINT('',(317.48488177981,-70.30289794749,
    -10.18404654391));
#1382 = CARTESIAN_POINT('',(317.57746815948,-70.18668282291,
    -10.20578851297));
#1383 = CARTESIAN_POINT('',(317.66189238551,-70.06036271913,
    -10.22990323169));
#1384 = CARTESIAN_POINT('',(317.73652934305,-69.92448993091,
    -10.25645711588));
#1385 = CARTESIAN_POINT('',(317.82363373588,-69.72584740864,
    -10.29628974769));
#1386 = CARTESIAN_POINT('',(317.84585128098,-69.67031009202,
    -10.30752430511));
#1387 = CARTESIAN_POINT('',(317.86635973185,-69.61366462301,
    -10.31908847409));
#1388 = CARTESIAN_POINT('',(317.88507549321,-69.55599618256,
    -10.33097365808));
#1389 = CARTESIAN_POINT('',(317.90192202883,-69.49740419352,
    -10.34316747051));
#1390 = CARTESIAN_POINT('',(317.91682986149,-69.43800232054,
    -10.35565373478));
#1391 = CARTESIAN_POINT('',(317.94296701126,-69.31632759358,
    -10.38149124934));
#1392 = CARTESIAN_POINT('',(317.95409719765,-69.25401626309,
    -10.39485690632));
#1393 = CARTESIAN_POINT('',(317.96306272896,-69.19112648727,
    -10.40848651035));
#1394 = CARTESIAN_POINT('',(317.96981503121,-69.12780821966,
    -10.42235367927));
#1395 = CARTESIAN_POINT('',(317.97432272809,-69.06421811229,
    -10.43642853816));
#1396 = CARTESIAN_POINT('',(317.9765730095,-69.00051826921,
    -10.45067766385));
#1397 = CARTESIAN_POINT('',(317.976573,-68.936875,-10.46506402945));
#1398 = FACE_BOUND('',#1399,.T.);
#1399 = EDGE_LOOP('',(#1400,#1439));
#1400 = ORIENTED_EDGE('',*,*,#1401,.T.);
#1401 = EDGE_CURVE('',#1402,#1404,#1406,.T.);
#1402 = VERTEX_POINT('',#1403);
#1403 = CARTESIAN_POINT('',(317.976573,-109.274375,-8.254914433602));
#1404 = VERTEX_POINT('',#1405);
#1405 = CARTESIAN_POINT('',(313.77672925204,-109.2487579322,
    -8.255108403676));
#1406 = B_SPLINE_CURVE_WITH_KNOTS('',7,(#1407,#1408,#1409,#1410,#1411,
    #1412,#1413,#1414,#1415,#1416,#1417,#1418,#1419,#1420,#1421,#1422,
    #1423,#1424,#1425,#1426,#1427,#1428,#1429,#1430,#1431,#1432,#1433,
    #1434,#1435,#1436,#1437,#1438),.UNSPECIFIED.,.F.,.F.,(8,6,6,6,6,8),(
    0.,2.056683114134E-02,8.773625467044E-02,0.374734704337,
    0.767527197772,1.),.UNSPECIFIED.);
#1407 = CARTESIAN_POINT('',(317.976573,-109.274375,-8.254914433602));
#1408 = CARTESIAN_POINT('',(317.976573,-109.2515135901,-8.255111919119)
  );
#1409 = CARTESIAN_POINT('',(317.97628263953,-109.2286523414,
    -8.255309885023));
#1410 = CARTESIAN_POINT('',(317.97570193291,-109.2057993085,
    -8.2555082623));
#1411 = CARTESIAN_POINT('',(317.97483124571,-109.1829624835,
    -8.255706981474));
#1412 = CARTESIAN_POINT('',(317.97367129481,-109.1601497958,
    -8.255905972606));
#1413 = CARTESIAN_POINT('',(317.97222314831,-109.1373691126,
    -8.256105165292));
#1414 = CARTESIAN_POINT('',(317.96482212396,-109.0403585853,
    -8.256955460912));
#1415 = CARTESIAN_POINT('',(317.95609310464,-108.966510634,
    -8.257607863882));
#1416 = CARTESIAN_POINT('',(317.94436012742,-108.8933616027,
    -8.258259155916));
#1417 = CARTESIAN_POINT('',(317.92970810145,-108.8211602933,
    -8.258906963819));
#1418 = CARTESIAN_POINT('',(317.91224788521,-108.7501270916,
    -8.259549082869));
#1419 = CARTESIAN_POINT('',(317.89211628658,-108.6804539672,
    -8.26018347681));
#1420 = CARTESIAN_POINT('',(317.77273994697,-108.3211184233,
    -8.263477899284));
#1421 = CARTESIAN_POINT('',(317.6306719049,-108.0615382825,
    -8.265940174562));
#1422 = CARTESIAN_POINT('',(317.45608552113,-107.8373636849,
    -8.268123859069));
#1423 = CARTESIAN_POINT('',(317.25923382264,-107.6504488849,
    -8.269982611987));
#1424 = CARTESIAN_POINT('',(317.04780927873,-107.5007027573,
    -8.271494996306));
#1425 = CARTESIAN_POINT('',(316.82694380108,-107.3860887976,
    -8.272664478824));
#1426 = CARTESIAN_POINT('',(316.28752545373,-107.1883948695,
    -8.274689535645));
#1427 = CARTESIAN_POINT('',(315.96578236604,-107.1356381327,
    -8.275241455253));
#1428 = CARTESIAN_POINT('',(315.63965044781,-107.1384448134,
    -8.275211579249));
#1429 = CARTESIAN_POINT('',(315.31442293965,-107.1980089241,
    -8.274583541479));
#1430 = CARTESIAN_POINT('',(314.99890376942,-107.3170351197,
    -8.273342259428));
#1431 = CARTESIAN_POINT('',(314.70127462026,-107.4963641764,
    -8.271505864442));
#1432 = CARTESIAN_POINT('',(314.27936841515,-107.8940120029,
    -8.267571601776));
#1433 = CARTESIAN_POINT('',(314.1338972851,-108.0665876011,
    -8.265885939142));
#1434 = CARTESIAN_POINT('',(314.00425418674,-108.2648735455,
    -8.263980752923));
#1435 = CARTESIAN_POINT('',(313.89730943406,-108.4879839028,
    -8.261880682259));
#1436 = CARTESIAN_POINT('',(313.82036430103,-108.7321626721,
    -8.259642656176));
#1437 = CARTESIAN_POINT('',(313.77989134935,-108.9895592472,
    -8.257352094886));
#1438 = CARTESIAN_POINT('',(313.77672925204,-109.2487579322,
    -8.255108403676));
#1439 = ORIENTED_EDGE('',*,*,#1440,.T.);
#1440 = EDGE_CURVE('',#1404,#1402,#1441,.T.);
#1441 = B_SPLINE_CURVE_WITH_KNOTS('',6,(#1442,#1443,#1444,#1445,#1446,
    #1447,#1448,#1449,#1450,#1451,#1452,#1453,#1454,#1455,#1456,#1457,
    #1458,#1459,#1460,#1461,#1462,#1463),.UNSPECIFIED.,.F.,.F.,(7,5,5,5,
    7),(0.,0.112858133459,0.381715557152,0.844539384878,1.),
  .UNSPECIFIED.);
#1442 = CARTESIAN_POINT('',(313.77672925204,-109.2487579322,
    -8.255108403676));
#1443 = CARTESIAN_POINT('',(313.77493085881,-109.3961731172,
    -8.253832339505));
#1444 = CARTESIAN_POINT('',(313.78554931886,-109.5439186053,
    -8.252574200721));
#1445 = CARTESIAN_POINT('',(313.80867078192,-109.6893928657,
    -8.251356505775));
#1446 = CARTESIAN_POINT('',(313.84347517884,-109.830492431,
    -8.250194973461));
#1447 = CARTESIAN_POINT('',(313.88873213889,-109.9656158836,
    -8.249099643466));
#1448 = CARTESIAN_POINT('',(314.07215867354,-110.3985470832,
    -8.245638846693));
#1449 = CARTESIAN_POINT('',(314.2517885602,-110.6605489549,
    -8.243631293138));
#1450 = CARTESIAN_POINT('',(314.46410413783,-110.8767021251,
    -8.242027318726));
#1451 = CARTESIAN_POINT('',(314.69616873872,-111.0466695579,
    -8.240793913059));
#1452 = CARTESIAN_POINT('',(314.93985863149,-111.1726971212,
    -8.239891499227));
#1453 = CARTESIAN_POINT('',(315.62567524233,-111.4092356816,
    -8.238210827618));
#1454 = CARTESIAN_POINT('',(316.07274406326,-111.4362429155,
    -8.238040618004));
#1455 = CARTESIAN_POINT('',(316.52776521156,-111.3655552595,
    -8.23852645249));
#1456 = CARTESIAN_POINT('',(316.9663158124,-111.1680512563,
    -8.239905653374));
#1457 = CARTESIAN_POINT('',(317.36337293173,-110.854644134,
    -8.242149862854));
#1458 = CARTESIAN_POINT('',(317.75162722234,-110.2375852731,
    -8.246946748984));
#1459 = CARTESIAN_POINT('',(317.83692720363,-110.0659769423,
    -8.248302605778));
#1460 = CARTESIAN_POINT('',(317.905352625,-109.8796315002,
    -8.249803809955));
#1461 = CARTESIAN_POINT('',(317.95278451525,-109.6821223449,
    -8.251431596991));
#1462 = CARTESIAN_POINT('',(317.97657300515,-109.4784100658,
    -8.253151901412));
#1463 = CARTESIAN_POINT('',(317.976573,-109.274375,-8.254914433602));
#1464 = FACE_BOUND('',#1465,.T.);
#1465 = EDGE_LOOP('',(#1466,#1510));
#1466 = ORIENTED_EDGE('',*,*,#1467,.T.);
#1467 = EDGE_CURVE('',#1468,#1470,#1472,.T.);
#1468 = VERTEX_POINT('',#1469);
#1469 = CARTESIAN_POINT('',(31.09563,-23.836875,-13.95405820119));
#1470 = VERTEX_POINT('',#1471);
#1471 = CARTESIAN_POINT('',(26.895701769459,-23.85423664097,
    -13.9538723302));
#1472 = B_SPLINE_CURVE_WITH_KNOTS('',8,(#1473,#1474,#1475,#1476,#1477,
    #1478,#1479,#1480,#1481,#1482,#1483,#1484,#1485,#1486,#1487,#1488,
    #1489,#1490,#1491,#1492,#1493,#1494,#1495,#1496,#1497,#1498,#1499,
    #1500,#1501,#1502,#1503,#1504,#1505,#1506,#1507,#1508,#1509),
  .UNSPECIFIED.,.F.,.F.,(9,7,7,7,7,9),(0.,4.24634111016E-02,
    0.151347688187,0.353213948685,0.861238126256,1.),.UNSPECIFIED.);
#1473 = CARTESIAN_POINT('',(31.09563,-23.836875,-13.95405820119));
#1474 = CARTESIAN_POINT('',(31.09563,-23.79527291745,-13.95443417876));
#1475 = CARTESIAN_POINT('',(31.094688097714,-23.75367079479,
    -13.95480851824));
#1476 = CARTESIAN_POINT('',(31.092804312888,-23.71211464999,
    -13.95518080742));
#1477 = CARTESIAN_POINT('',(31.089982090643,-23.67064941971,
    -13.95555065414));
#1478 = CARTESIAN_POINT('',(31.086228141037,-23.62931892153,
    -13.95591768595));
#1479 = CARTESIAN_POINT('',(31.081552278631,-23.5881658161,
    -13.95628154989));
#1480 = CARTESIAN_POINT('',(31.075967262057,-23.5472315693,
    -13.95664191223));
#1481 = CARTESIAN_POINT('',(31.052876195709,-23.40225756722,
    -13.95791270995));
#1482 = CARTESIAN_POINT('',(31.030354496262,-23.29967674273,
    -13.9588016302));
#1483 = CARTESIAN_POINT('',(31.002256580809,-23.19945594581,
    -13.95966046329));
#1484 = CARTESIAN_POINT('',(30.968941952436,-23.10212807145,
    -13.96048550057));
#1485 = CARTESIAN_POINT('',(30.930796571745,-23.00811690489,
    -13.96127408039));
#1486 = CARTESIAN_POINT('',(30.888232856852,-22.91773712153,
    -13.96202458811));
#1487 = CARTESIAN_POINT('',(30.841689683387,-22.83119428702,
    -13.96273645606));
#1488 = CARTESIAN_POINT('',(30.698828537985,-22.59543091134,
    -13.96465918528));
#1489 = CARTESIAN_POINT('',(30.593935271998,-22.45611042309,
    -13.96577410417));
#1490 = CARTESIAN_POINT('',(30.479304953343,-22.33067707087,
    -13.96676139797));
#1491 = CARTESIAN_POINT('',(30.356950196247,-22.21905845156,
    -13.96762754902));
#1492 = CARTESIAN_POINT('',(30.228543862352,-22.12105608054,
    -13.96837904422));
#1493 = CARTESIAN_POINT('',(30.095419060722,-22.03634539167,
    -13.96902237511));
#1494 = CARTESIAN_POINT('',(29.958569147836,-21.96447573727,
    -13.96956403783));
#1495 = CARTESIAN_POINT('',(29.466516250691,-21.75486533842,
    -13.97113419984));
#1496 = CARTESIAN_POINT('',(29.104013434225,-21.68707914035,
    -13.97162114969));
#1497 = CARTESIAN_POINT('',(28.733089211025,-21.68469708823,
    -13.97163585421));
#1498 = CARTESIAN_POINT('',(28.36176545703,-21.75684010142,
    -13.97110533128));
#1499 = CARTESIAN_POINT('',(27.997503174759,-21.90050960434,
    -13.97006076607));
#1500 = CARTESIAN_POINT('',(27.660510402047,-22.12929532556,
    -13.96834576575));
#1501 = CARTESIAN_POINT('',(27.365276795652,-22.43634896385,
    -13.96596282505));
#1502 = CARTESIAN_POINT('',(27.088393157419,-22.94913666566,
    -13.96173935708));
#1503 = CARTESIAN_POINT('',(27.035220990074,-23.06551652773,
    -13.96076990458));
#1504 = CARTESIAN_POINT('',(26.989245460746,-23.18779684406,
    -13.95973865785));
#1505 = CARTESIAN_POINT('',(26.951421159738,-23.3152834735,
    -13.95864910831));
#1506 = CARTESIAN_POINT('',(26.922613934717,-23.44703372128,-13.95750709
    ));
#1507 = CARTESIAN_POINT('',(26.903525698678,-23.58183349108,
    -13.9563213684));
#1508 = CARTESIAN_POINT('',(26.894576846608,-23.71817477594,
    -13.95510428519));
#1509 = CARTESIAN_POINT('',(26.895701769459,-23.85423664097,
    -13.9538723302));
#1510 = ORIENTED_EDGE('',*,*,#1511,.T.);
#1511 = EDGE_CURVE('',#1470,#1468,#1512,.T.);
#1512 = B_SPLINE_CURVE_WITH_KNOTS('',7,(#1513,#1514,#1515,#1516,#1517,
    #1518,#1519,#1520,#1521,#1522,#1523,#1524,#1525,#1526,#1527,#1528,
    #1529,#1530,#1531,#1532,#1533,#1534,#1535,#1536,#1537,#1538,#1539,
    #1540,#1541,#1542,#1543,#1544),.UNSPECIFIED.,.F.,.F.,(8,6,6,6,6,8),(
    0.,0.148705989207,0.341879331049,0.725292745456,0.928213798397,1.),
  .UNSPECIFIED.);
#1513 = CARTESIAN_POINT('',(26.895701769459,-23.85423664097,
    -13.9538723302));
#1514 = CARTESIAN_POINT('',(26.897068329971,-24.0195251066,
    -13.95237574664));
#1515 = CARTESIAN_POINT('',(26.913613261858,-24.18465828002,
    -13.95085435344));
#1516 = CARTESIAN_POINT('',(26.945297152562,-24.34622495071,
    -13.9493388826));
#1517 = CARTESIAN_POINT('',(26.99090608979,-24.50167846211,
    -13.94785550339));
#1518 = CARTESIAN_POINT('',(27.048806895446,-24.64918421219,
    -13.94642587286));
#1519 = CARTESIAN_POINT('',(27.117146538388,-24.78752119199,
    -13.94506649021));
#1520 = CARTESIAN_POINT('',(27.294073316734,-25.08288946858,
    -13.94212883111));
#1521 = CARTESIAN_POINT('',(27.408724826619,-25.23323995446,
    -13.9406055401));
#1522 = CARTESIAN_POINT('',(27.534790776023,-25.36689245609,
    -13.93923044793));
#1523 = CARTESIAN_POINT('',(27.669571939885,-25.48393507719,
    -13.93801108873));
#1524 = CARTESIAN_POINT('',(27.810937347047,-25.58469946651,
    -13.93695091723));
#1525 = CARTESIAN_POINT('',(27.957324280256,-25.66976081781,
    -13.93604930881));
#1526 = CARTESIAN_POINT('',(28.406282284319,-25.87922636016,
    -13.93381741517));
#1527 = CARTESIAN_POINT('',(28.717638401596,-25.95875106911,
    -13.93295096293));
#1528 = CARTESIAN_POINT('',(29.036487271097,-25.9829609957,
    -13.93268453023));
#1529 = CARTESIAN_POINT('',(29.35656858996,-25.95365703666,
    -13.93301038438));
#1530 = CARTESIAN_POINT('',(29.670681109349,-25.86999198656,
    -13.93393073251));
#1531 = CARTESIAN_POINT('',(29.97068263446,-25.72847053775,
    -13.93545772159));
#1532 = CARTESIAN_POINT('',(30.393989977155,-25.41417742115,
    -13.93875434874));
#1533 = CARTESIAN_POINT('',(30.533530055437,-25.28803220224,
    -13.94006616606));
#1534 = CARTESIAN_POINT('',(30.663706543599,-25.14299751447,
    -13.94155530775));
#1535 = CARTESIAN_POINT('',(30.781549596371,-24.97873330468,
    -13.94321583518));
#1536 = CARTESIAN_POINT('',(30.883523238967,-24.79607557578,
    -13.94502945374));
#1537 = CARTESIAN_POINT('',(30.96552536709,-24.59703638673,
    -13.94696551283));
#1538 = CARTESIAN_POINT('',(31.043180502683,-24.30972358239,
    -13.94969401506));
#1539 = CARTESIAN_POINT('',(31.060417054046,-24.23306891061,
    -13.9504164063));
#1540 = CARTESIAN_POINT('',(31.074402592394,-24.15513757288,
    -13.9511449411));
#1541 = CARTESIAN_POINT('',(31.084990639297,-24.07623515413,
    -13.95187645115));
#1542 = CARTESIAN_POINT('',(31.092083046524,-23.99667508854,
    -13.95260783823));
#1543 = CARTESIAN_POINT('',(31.095629996037,-23.91677865958,
    -13.95333607425));
#1544 = CARTESIAN_POINT('',(31.09563,-23.836875,-13.95405820119));
#1545 = FACE_BOUND('',#1546,.T.);
#1546 = EDGE_LOOP('',(#1547,#1588));
#1547 = ORIENTED_EDGE('',*,*,#1548,.T.);
#1548 = EDGE_CURVE('',#1549,#1551,#1553,.T.);
#1549 = VERTEX_POINT('',#1550);
#1550 = CARTESIAN_POINT('',(172.1,-120.,-8.202228468992));
#1551 = VERTEX_POINT('',#1552);
#1552 = CARTESIAN_POINT('',(171.7128032972,-121.2150328658,
    -8.200761477028));
#1553 = B_SPLINE_CURVE_WITH_KNOTS('',5,(#1554,#1555,#1556,#1557,#1558,
    #1559,#1560,#1561,#1562,#1563,#1564,#1565,#1566,#1567,#1568,#1569,
    #1570,#1571,#1572,#1573,#1574,#1575,#1576,#1577,#1578,#1579,#1580,
    #1581,#1582,#1583,#1584,#1585,#1586,#1587),.UNSPECIFIED.,.F.,.F.,(6,
    4,4,4,4,4,4,4,6),(0.,7.963891819238E-03,3.382904749454E-02,
    0.188405473793,0.413245425268,0.546745551377,0.582249602425,
    0.741464226326,1.),.UNSPECIFIED.);
#1554 = CARTESIAN_POINT('',(172.1,-120.,-8.202228468992));
#1555 = CARTESIAN_POINT('',(172.1,-119.9772057346,-8.202263415791));
#1556 = CARTESIAN_POINT('',(172.09969072631,-119.9544116485,
    -8.202298714848));
#1557 = CARTESIAN_POINT('',(172.09907219194,-119.9316278988,
    -8.20233435098));
#1558 = CARTESIAN_POINT('',(172.09814504786,-119.9088645604,
    -8.202370307884));
#1559 = CARTESIAN_POINT('',(172.0929012838,-119.8122995186,
    -8.202524334303));
#1560 = CARTESIAN_POINT('',(172.08564895013,-119.7387859284,
    -8.202645306115));
#1561 = CARTESIAN_POINT('',(172.07520272221,-119.6659394232,
    -8.202768867658));
#1562 = CARTESIAN_POINT('',(172.06166882755,-119.5940672924,
    -8.202894352436));
#1563 = CARTESIAN_POINT('',(171.94685211853,-119.1013231403,
    -8.20377817905));
#1564 = CARTESIAN_POINT('',(171.74389341883,-118.733014626,
    -8.204567056539));
#1565 = CARTESIAN_POINT('',(171.48124163175,-118.4431324841,
    -8.205258247502));
#1566 = CARTESIAN_POINT('',(171.18837247714,-118.2354649661,
    -8.205787935067));
#1567 = CARTESIAN_POINT('',(170.42981124519,-117.885693611,
    -8.206696068375));
#1568 = CARTESIAN_POINT('',(169.95134298696,-117.8231725015,
    -8.206889587004));
#1569 = CARTESIAN_POINT('',(169.46353579419,-117.8858753378,
    -8.206704262311));
#1570 = CARTESIAN_POINT('',(168.99876130268,-118.0790720364,
    -8.206154459126));
#1571 = CARTESIAN_POINT('',(168.3666634813,-118.6428757746,
    -8.204797623327));
#1572 = CARTESIAN_POINT('',(168.15819824093,-118.9080186311,
    -8.204192138207));
#1573 = CARTESIAN_POINT('',(167.98693830784,-119.2376719023,
    -8.203490785728));
#1574 = CARTESIAN_POINT('',(167.90004923522,-119.6180702236,
    -8.202808534335));
#1575 = CARTESIAN_POINT('',(167.89998692811,-120.1012305122,
    -8.202068547162));
#1576 = CARTESIAN_POINT('',(167.90610651379,-120.202740384,
    -8.20192008264));
#1577 = CARTESIAN_POINT('',(167.91835917803,-120.3033239507,
    -8.20178000659));
#1578 = CARTESIAN_POINT('',(167.93648026552,-120.4021636015,
    -8.20164901173));
#1579 = CARTESIAN_POINT('',(168.06570268,-120.9308928684,-8.200981534792
    ));
#1580 = CARTESIAN_POINT('',(168.28063159293,-121.3040680267,
    -8.200640252256));
#1581 = CARTESIAN_POINT('',(168.55596580539,-121.5941190084,
    -8.200440327342));
#1582 = CARTESIAN_POINT('',(168.86059269282,-121.7980358733,
    -8.200327936109));
#1583 = CARTESIAN_POINT('',(169.70167710014,-122.1541900678,
    -8.200145913531));
#1584 = CARTESIAN_POINT('',(170.25381326957,-122.1852812985,
    -8.200156851041));
#1585 = CARTESIAN_POINT('',(170.81025680279,-122.0568913223,
    -8.200197366168));
#1586 = CARTESIAN_POINT('',(171.33503669846,-121.7475615686,
    -8.200289902342));
#1587 = CARTESIAN_POINT('',(171.7128032972,-121.2150328658,
    -8.200761477028));
#1588 = ORIENTED_EDGE('',*,*,#1589,.T.);
#1589 = EDGE_CURVE('',#1551,#1549,#1590,.T.);
#1590 = B_SPLINE_CURVE_WITH_KNOTS('',5,(#1591,#1592,#1593,#1594,#1595,
    #1596),.UNSPECIFIED.,.F.,.F.,(6,6),(0.,1.),
  .PIECEWISE_BEZIER_KNOTS.);
#1591 = CARTESIAN_POINT('',(171.7128032972,-121.2150328658,
    -8.200761477028));
#1592 = CARTESIAN_POINT('',(171.85041659767,-121.0210426278,
    -8.200933262858));
#1593 = CARTESIAN_POINT('',(171.9698390895,-120.7945400309,
    -8.201158367145));
#1594 = CARTESIAN_POINT('',(172.05640950202,-120.5402687125,
    -8.201449792697));
#1595 = CARTESIAN_POINT('',(172.10000000416,-120.2706248158,
    -8.201813563269));
#1596 = CARTESIAN_POINT('',(172.1,-120.,-8.202228468992));
#1597 = FACE_BOUND('',#1598,.T.);
#1598 = EDGE_LOOP('',(#1599,#1638));
#1599 = ORIENTED_EDGE('',*,*,#1600,.T.);
#1600 = EDGE_CURVE('',#1601,#1603,#1605,.T.);
#1601 = VERTEX_POINT('',#1602);
#1602 = CARTESIAN_POINT('',(31.09563,-68.936875,-10.41662302689));
#1603 = VERTEX_POINT('',#1604);
#1604 = CARTESIAN_POINT('',(27.143189235069,-67.94770200581,
    -10.64831367056));
#1605 = B_SPLINE_CURVE_WITH_KNOTS('',7,(#1606,#1607,#1608,#1609,#1610,
    #1611,#1612,#1613,#1614,#1615,#1616,#1617,#1618,#1619,#1620,#1621,
    #1622,#1623,#1624,#1625,#1626,#1627,#1628,#1629,#1630,#1631,#1632,
    #1633,#1634,#1635,#1636,#1637),.UNSPECIFIED.,.F.,.F.,(8,6,6,6,6,8),(
    0.,0.117327565149,0.370873348203,0.589601088792,0.871902884762,1.),
  .UNSPECIFIED.);
#1606 = CARTESIAN_POINT('',(31.09563,-68.936875,-10.41662302689));
#1607 = CARTESIAN_POINT('',(31.09563,-68.82651263686,-10.44081321667));
#1608 = CARTESIAN_POINT('',(31.088863272856,-68.71627567384,
    -10.4654177031));
#1609 = CARTESIAN_POINT('',(31.075358314939,-68.60707357089,
    -10.49024288549));
#1610 = CARTESIAN_POINT('',(31.055337917913,-68.49968657374,
    -10.51509988566));
#1611 = CARTESIAN_POINT('',(31.029149103831,-68.39477573692,
    -10.53980628065));
#1612 = CARTESIAN_POINT('',(30.997217645088,-68.29289201583,
    -10.56418975539));
#1613 = CARTESIAN_POINT('',(30.879658260912,-67.98182486309,
    -10.63975023268));
#1614 = CARTESIAN_POINT('',(30.774890845344,-67.78582877352,
    -10.68906257575));
#1615 = CARTESIAN_POINT('',(30.65021450817,-67.60939922845,
    -10.73483338718));
#1616 = CARTESIAN_POINT('',(30.510074003094,-67.4536208109,
    -10.77617717312));
#1617 = CARTESIAN_POINT('',(30.358177760007,-67.31867152465,
    -10.81257683137));
#1618 = CARTESIAN_POINT('',(30.197458980943,-67.20402351813,
    -10.84386042417));
#1619 = CARTESIAN_POINT('',(29.884907625792,-67.02720344721,
    -10.89249703375));
#1620 = CARTESIAN_POINT('',(29.735051680738,-66.96007330301,
    -10.91114886925));
#1621 = CARTESIAN_POINT('',(29.58139866122,-66.90739216575,
    -10.92587676756));
#1622 = CARTESIAN_POINT('',(29.42510426735,-66.86890790921,
    -10.93666634123));
#1623 = CARTESIAN_POINT('',(29.267189110533,-66.84444558214,
    -10.94352232644));
#1624 = CARTESIAN_POINT('',(29.108552435111,-66.8339237945,
    -10.94645177571));
#1625 = CARTESIAN_POINT('',(28.745331256785,-66.84182038646,
    -10.94415075667));
#1626 = CARTESIAN_POINT('',(28.541355896203,-66.86953886464,
    -10.93630302877));
#1627 = CARTESIAN_POINT('',(28.339531955571,-66.9204310952,
    -10.92194019001));
#1628 = CARTESIAN_POINT('',(28.141854322129,-66.99497916645,
    -10.90100583257));
#1629 = CARTESIAN_POINT('',(27.950894509504,-67.09374717943,
    -10.8734899017));
#1630 = CARTESIAN_POINT('',(27.769629315048,-67.21720565787,
    -10.8395690769));
#1631 = CARTESIAN_POINT('',(27.525657962278,-67.43369598081,
    -10.78138148209));
#1632 = CARTESIAN_POINT('',(27.452328735332,-67.50646375707,
    -10.76197513747));
#1633 = CARTESIAN_POINT('',(27.382190225707,-67.58446349548,
    -10.74136153555));
#1634 = CARTESIAN_POINT('',(27.315683844178,-67.6676920637,
    -10.71959640917));
#1635 = CARTESIAN_POINT('',(27.253312098874,-67.75608798878,
    -10.69675901652));
#1636 = CARTESIAN_POINT('',(27.195622947512,-67.84950851796,
    -10.67295449304));
#1637 = CARTESIAN_POINT('',(27.143189235069,-67.94770200581,
    -10.64831367056));
#1638 = ORIENTED_EDGE('',*,*,#1639,.T.);
#1639 = EDGE_CURVE('',#1603,#1601,#1640,.T.);
#1640 = B_SPLINE_CURVE_WITH_KNOTS('',7,(#1641,#1642,#1643,#1644,#1645,
    #1646,#1647,#1648,#1649,#1650,#1651,#1652,#1653,#1654,#1655,#1656,
    #1657,#1658,#1659,#1660,#1661,#1662,#1663,#1664,#1665,#1666,#1667,
    #1668,#1669,#1670,#1671,#1672,#1673,#1674,#1675,#1676,#1677,#1678,
    #1679,#1680,#1681,#1682,#1683,#1684,#1685,#1686,#1687,#1688,#1689,
    #1690),.UNSPECIFIED.,.F.,.F.,(8,6,6,6,6,6,6,6,8),(0.,0.128725059368,
    0.286762875641,0.429086151357,0.615701273873,0.764553894898,
    0.907986984897,0.95859834055,1.),.UNSPECIFIED.);
#1641 = CARTESIAN_POINT('',(27.143189235069,-67.94770200581,
    -10.64831367056));
#1642 = CARTESIAN_POINT('',(27.073866143255,-68.07752451611,
    -10.61573581331));
#1643 = CARTESIAN_POINT('',(27.013634368899,-68.21586795902,
    -10.58165147184));
#1644 = CARTESIAN_POINT('',(26.964026706666,-68.36188065557,
    -10.54643378908));
#1645 = CARTESIAN_POINT('',(26.926503776525,-68.51430989848,
    -10.51054424255));
#1646 = CARTESIAN_POINT('',(26.902296283774,-68.6714466689,
    -10.47450990724));
#1647 = CARTESIAN_POINT('',(26.892259130955,-68.83105797638,
    -10.43888794137));
#1648 = CARTESIAN_POINT('',(26.901281169491,-69.18574684007,
    -10.3617692162));
#1649 = CARTESIAN_POINT('',(26.927493529653,-69.38087402757,
    -10.32072735427));
#1650 = CARTESIAN_POINT('',(26.974877445588,-69.57023552342,
    -10.28227074825));
#1651 = CARTESIAN_POINT('',(27.041260273364,-69.7500424019,
    -10.24692449517));
#1652 = CARTESIAN_POINT('',(27.123937861087,-69.91768161369,
    -10.21488965485));
#1653 = CARTESIAN_POINT('',(27.219904005409,-70.0715838461,
    -10.1861825552));
#1654 = CARTESIAN_POINT('',(27.422169916482,-70.33658064624,
    -10.13775067695));
#1655 = CARTESIAN_POINT('',(27.52670682628,-70.45069083281,
    -10.11736539536));
#1656 = CARTESIAN_POINT('',(27.638313157078,-70.55321007195,
    -10.09939877803));
#1657 = CARTESIAN_POINT('',(27.755574077625,-70.64420600537,
    -10.08370073839));
#1658 = CARTESIAN_POINT('',(27.877302948516,-70.72389565071,
    -10.07012657275));
#1659 = CARTESIAN_POINT('',(28.002565844873,-70.7925689651,
    -10.05854691126));
#1660 = CARTESIAN_POINT('',(28.298740932411,-70.9264344001,
    -10.03615197994));
#1661 = CARTESIAN_POINT('',(28.47146963223,-70.98381377221,
    -10.02670545164));
#1662 = CARTESIAN_POINT('',(28.647457582048,-71.02321088283,
    -10.02029459954));
#1663 = CARTESIAN_POINT('',(28.82533769671,-71.04500259388,
    -10.01677549475));
#1664 = CARTESIAN_POINT('',(29.003817592962,-71.04935899561,
    -10.01608328925));
#1665 = CARTESIAN_POINT('',(29.181679589457,-71.03624340653,
    -10.01823221594));
#1666 = CARTESIAN_POINT('',(29.498246883982,-70.98082015389,
    -10.02737031544));
#1667 = CARTESIAN_POINT('',(29.637549460922,-70.94497175311,
    -10.03329121229));
#1668 = CARTESIAN_POINT('',(29.775110820397,-70.89770770721,
    -10.04112359051));
#1669 = CARTESIAN_POINT('',(29.910199073769,-70.83882445454,
    -10.05094522187));
#1670 = CARTESIAN_POINT('',(30.041928060933,-70.76807433573,
    -10.06286633849));
#1671 = CARTESIAN_POINT('',(30.169257350315,-70.68516559371,
    -10.07702963289));
#1672 = CARTESIAN_POINT('',(30.408294917904,-70.49783266126,
    -10.10958720401));
#1673 = CARTESIAN_POINT('',(30.520315972115,-70.39436455001,
    -10.12780064251));
#1674 = CARTESIAN_POINT('',(30.625961463845,-70.27909626516,
    -10.14840707282));
#1675 = CARTESIAN_POINT('',(30.723689016595,-70.15193717216,
    -10.17156467332));
#1676 = CARTESIAN_POINT('',(30.811657540799,-70.01317230338,
    -10.19739756271));
#1677 = CARTESIAN_POINT('',(30.887798214669,-69.86358785798,
    -10.22597300936));
#1678 = CARTESIAN_POINT('',(30.97218817982,-69.6488023874,
    -10.26817875021));
#1679 = CARTESIAN_POINT('',(30.992479719496,-69.59165754278,
    -10.27950945693));
#1680 = CARTESIAN_POINT('',(31.010961043405,-69.53347340493,
    -10.29115528887));
#1681 = CARTESIAN_POINT('',(31.027550653498,-69.47434851668,
    -10.30310502531));
#1682 = CARTESIAN_POINT('',(31.042176421219,-69.41439551504,
    -10.3153435564));
#1683 = CARTESIAN_POINT('',(31.054775587512,-69.35374113128,
    -10.32785188311));
#1684 = CARTESIAN_POINT('',(31.073899774632,-69.24245047004,
    -10.35104129455));
#1685 = CARTESIAN_POINT('',(31.081114769071,-69.19199498598,
    -10.36164147083));
#1686 = CARTESIAN_POINT('',(31.086911653077,-69.14124028424,
    -10.37239421293));
#1687 = CARTESIAN_POINT('',(31.091270155777,-69.09026790432,
    -10.38328496916));
#1688 = CARTESIAN_POINT('',(31.094177828476,-69.0391603797,
    -10.39429806922));
#1689 = CARTESIAN_POINT('',(31.095630044662,-68.9880012378,
    -10.40541672428));
#1690 = CARTESIAN_POINT('',(31.09563,-68.936875,-10.41662302689));
#1691 = FACE_BOUND('',#1692,.T.);
#1692 = EDGE_LOOP('',(#1693,#1706));
#1693 = ORIENTED_EDGE('',*,*,#1694,.T.);
#1694 = EDGE_CURVE('',#1695,#1697,#1699,.T.);
#1695 = VERTEX_POINT('',#1696);
#1696 = CARTESIAN_POINT('',(31.09563,-109.274375,-8.253053373812));
#1697 = VERTEX_POINT('',#1698);
#1698 = CARTESIAN_POINT('',(31.095572750077,-109.2588686658,
    -8.253184752352));
#1699 = B_SPLINE_CURVE_WITH_KNOTS('',3,(#1700,#1701,#1702,#1703,#1704,
    #1705),.UNSPECIFIED.,.F.,.F.,(4,1,1,4),(0.,0.3940830135,
    0.723892557411,1.),.UNSPECIFIED.);
#1700 = CARTESIAN_POINT('',(31.09563,-109.274375,-8.253053373812));
#1701 = CARTESIAN_POINT('',(31.09563,-109.2723380385,-8.25307061974));
#1702 = CARTESIAN_POINT('',(31.095624555895,-109.2685963256,
    -8.253102307898));
#1703 = CARTESIAN_POINT('',(31.095603220924,-109.2634275327,
    -8.253146104574));
#1704 = CARTESIAN_POINT('',(31.095583287996,-109.2602957618,
    -8.253172652505));
#1705 = CARTESIAN_POINT('',(31.095572750077,-109.2588686658,
    -8.253184752352));
#1706 = ORIENTED_EDGE('',*,*,#1707,.T.);
#1707 = EDGE_CURVE('',#1697,#1695,#1708,.T.);
#1708 = B_SPLINE_CURVE_WITH_KNOTS('',7,(#1709,#1710,#1711,#1712,#1713,
    #1714,#1715,#1716,#1717,#1718,#1719,#1720,#1721,#1722,#1723,#1724,
    #1725,#1726,#1727,#1728,#1729,#1730,#1731,#1732,#1733,#1734,#1735,
    #1736,#1737,#1738,#1739,#1740,#1741,#1742,#1743,#1744,#1745,#1746,
    #1747,#1748,#1749,#1750,#1751,#1752,#1753,#1754,#1755,#1756,#1757,
    #1758,#1759,#1760,#1761,#1762,#1763,#1764,#1765,#1766,#1767,#1768,
    #1769,#1770,#1771,#1772,#1773,#1774,#1775,#1776),.UNSPECIFIED.,.F.,
  .F.,(8,6,6,6,6,6,6,6,6,6,6,8),(0.,8.215497063321E-02,0.26372834544,
    0.330542972727,0.498209310014,0.500158971892,0.508645120786,
    0.535747360735,0.688053725133,0.927824729245,0.997259970748,1.),
  .UNSPECIFIED.);
#1709 = CARTESIAN_POINT('',(31.095572750077,-109.2588686658,
    -8.253184752352));
#1710 = CARTESIAN_POINT('',(31.094224575118,-109.0762922943,
    -8.254732753337));
#1711 = CARTESIAN_POINT('',(31.07435765711,-108.8939675963,
    -8.256309105878));
#1712 = CARTESIAN_POINT('',(31.036048169249,-108.716382279,
    -8.257875913169));
#1713 = CARTESIAN_POINT('',(30.981060529619,-108.5468511813,
    -8.259400683561));
#1714 = CARTESIAN_POINT('',(30.911699528548,-108.3876254444,
    -8.260857374072));
#1715 = CARTESIAN_POINT('',(30.830499015955,-108.240074449,
    -8.262227341652));
#1716 = CARTESIAN_POINT('',(30.539340644162,-107.805869375,
    -8.266310119757));
#1717 = CARTESIAN_POINT('',(30.294213875915,-107.5685079462,
    -8.268624685307));
#1718 = CARTESIAN_POINT('',(30.020821175523,-107.3880870312,
    -8.270430807068));
#1719 = CARTESIAN_POINT('',(29.731774053082,-107.2610268919,
    -8.271722429197));
#1720 = CARTESIAN_POINT('',(29.435893267132,-107.18481039,
    -8.272499512211));
#1721 = CARTESIAN_POINT('',(29.138208824657,-107.1579829877,
    -8.272768032989));
#1722 = CARTESIAN_POINT('',(28.730211592354,-107.1883106842,
    -8.272456068522));
#1723 = CARTESIAN_POINT('',(28.620744888842,-107.2031949805,
    -8.272303741871));
#1724 = CARTESIAN_POINT('',(28.511814119754,-107.2248359141,
    -8.272082871713));
#1725 = CARTESIAN_POINT('',(28.403705573663,-107.2532991752,
    -8.271793237388));
#1726 = CARTESIAN_POINT('',(28.296737578511,-107.2886858665,
    -8.271434530681));
#1727 = CARTESIAN_POINT('',(28.191260501611,-107.3311325031,
    -8.271006355823));
#1728 = CARTESIAN_POINT('',(27.827670840458,-107.5054755348,
    -8.269258218511));
#1729 = CARTESIAN_POINT('',(27.580136415924,-107.6757129377,
    -8.267571892496));
#1730 = CARTESIAN_POINT('',(27.346480636929,-107.8956227891,
    -8.265412307993));
#1731 = CARTESIAN_POINT('',(27.141786589985,-108.169939089,
    -8.262782791679));
#1732 = CARTESIAN_POINT('',(26.987114565448,-108.4976043872,
    -8.259755289186));
#1733 = CARTESIAN_POINT('',(26.901823335741,-108.8653439006,
    -8.256498713934));
#1734 = CARTESIAN_POINT('',(26.895822456086,-109.245610631,
    -8.253270185432));
#1735 = CARTESIAN_POINT('',(26.895764092889,-109.2499818702,
    -8.253233090495));
#1736 = CARTESIAN_POINT('',(26.895716345347,-109.2543533204,
    -8.253196011388));
#1737 = CARTESIAN_POINT('',(26.895679214555,-109.2587249452,
    -8.253158948418));
#1738 = CARTESIAN_POINT('',(26.895652701338,-109.2630966998,
    -8.253121901959));
#1739 = CARTESIAN_POINT('',(26.895636806254,-109.2674685316,
    -8.253084872458));
#1740 = CARTESIAN_POINT('',(26.895608562275,-109.2908693984,
    -8.252886760894));
#1741 = CARTESIAN_POINT('',(26.895786764451,-109.3098987464,
    -8.252725992126));
#1742 = CARTESIAN_POINT('',(26.896166142873,-109.3289237887,
    -8.25256559302));
#1743 = CARTESIAN_POINT('',(26.896746534639,-109.3479399133,
    -8.252405601802));
#1744 = CARTESIAN_POINT('',(26.897527607199,-109.3669425319,
    -8.252246056023));
#1745 = CARTESIAN_POINT('',(26.89850885835,-109.3859270792,
    -8.252086992563));
#1746 = CARTESIAN_POINT('',(26.903460606359,-109.4654478015,
    -8.251422102171));
#1747 = CARTESIAN_POINT('',(26.909267890955,-109.5257776791,
    -8.25092103503));
#1748 = CARTESIAN_POINT('',(26.917086490538,-109.5857278015,
    -8.25042644066));
#1749 = CARTESIAN_POINT('',(26.926878182037,-109.6451585587,
    -8.249939382468));
#1750 = CARTESIAN_POINT('',(26.9385914988,-109.703941575,-8.249460792814
    ));
#1751 = CARTESIAN_POINT('',(26.952161730596,-109.7619597093,
    -8.248991473005));
#1752 = CARTESIAN_POINT('',(27.05376873066,-110.1402577976,
    -8.245950518782));
#1753 = CARTESIAN_POINT('',(27.195801060142,-110.4281423241,
    -8.243732301483));
#1754 = CARTESIAN_POINT('',(27.377565160553,-110.6765414144,
    -8.241882835244));
#1755 = CARTESIAN_POINT('',(27.586196194065,-110.8821558048,
    -8.240393417718));
#1756 = CARTESIAN_POINT('',(27.812007236523,-111.0446061883,
    -8.239241250374));
#1757 = CARTESIAN_POINT('',(28.048489277445,-111.1664332147,
    -8.238389438497));
#1758 = CARTESIAN_POINT('',(28.676152251402,-111.3895302681,
    -8.236838577792));
#1759 = CARTESIAN_POINT('',(29.070422511825,-111.4320415504,
    -8.236559712818));
#1760 = CARTESIAN_POINT('',(29.46992379177,-111.3959745673,
    -8.236808303403));
#1761 = CARTESIAN_POINT('',(29.868118742422,-111.2739646571,
    -8.237633716218));
#1762 = CARTESIAN_POINT('',(30.241525083388,-111.0554351184,
    -8.239144419524));
#1763 = CARTESIAN_POINT('',(30.573238117792,-110.7444718335,
    -8.241370000895));
#1764 = CARTESIAN_POINT('',(30.887684842239,-110.1964694131,
    -8.245569921609));
#1765 = CARTESIAN_POINT('',(30.950411265288,-110.0649645585,
    -8.246590585128));
#1766 = CARTESIAN_POINT('',(31.003497712187,-109.9255045208,
    -8.247689518534));
#1767 = CARTESIAN_POINT('',(31.04549939443,-109.7791330626,
    -8.248861976416));
#1768 = CARTESIAN_POINT('',(31.075281092694,-109.6274472607,
    -8.25009772892));
#1769 = CARTESIAN_POINT('',(31.092017156835,-109.472597506,
    -8.251381061756));
#1770 = CARTESIAN_POINT('',(31.095316770942,-109.3111587148,
    -8.252742459682));
#1771 = CARTESIAN_POINT('',(31.095421171928,-109.3050290661,
    -8.252794184704));
#1772 = CARTESIAN_POINT('',(31.095504700351,-109.2988988,-8.252845949234
    ));
#1773 = CARTESIAN_POINT('',(31.095567350041,-109.2927681188,
    -8.25289775159));
#1774 = CARTESIAN_POINT('',(31.095609117163,-109.2866371841,
    -8.252949590423));
#1775 = CARTESIAN_POINT('',(31.095630000208,-109.2805061175,
    -8.253001464723));
#1776 = CARTESIAN_POINT('',(31.09563,-109.274375,-8.253053373812));
#1777 = SURFACE_OF_LINEAR_EXTRUSION('',#1778,#1784);
#1778 = B_SPLINE_CURVE_WITH_KNOTS('',3,(#1779,#1780,#1781,#1782,#1783),
  .UNSPECIFIED.,.F.,.F.,(4,1,4),(0.,1.,2.),.QUASI_UNIFORM_KNOTS.);
#1779 = CARTESIAN_POINT('',(24.199725365367,-16.53345545379,-14.));
#1780 = CARTESIAN_POINT('',(24.182076090779,-39.80107582272,
    -13.91168756774));
#1781 = CARTESIAN_POINT('',(24.157108673497,-72.71644489573,-12.7724));
#1782 = CARTESIAN_POINT('',(24.161103859712,-67.44945923566,-8.2));
#1783 = CARTESIAN_POINT('',(24.119089114067,-122.8388831304,-8.2));
#1784 = VECTOR('',#1785,1.);
#1785 = DIRECTION('',(-0.999999712313,7.585334997821E-04,0.));
#1786 = ADVANCED_FACE('',(#1787),#1798,.T.);
#1787 = FACE_BOUND('',#1788,.T.);
#1788 = EDGE_LOOP('',(#1789,#1790,#1791,#1797));
#1789 = ORIENTED_EDGE('',*,*,#170,.T.);
#1790 = ORIENTED_EDGE('',*,*,#613,.T.);
#1791 = ORIENTED_EDGE('',*,*,#1792,.F.);
#1792 = EDGE_CURVE('',#267,#601,#1793,.T.);
#1793 = ( BOUNDED_CURVE() B_SPLINE_CURVE(2,(#1794,#1795,#1796),
.UNSPECIFIED.,.F.,.F.) B_SPLINE_CURVE_WITH_KNOTS((3,3),(0.,
25.764405703325),.PIECEWISE_BEZIER_KNOTS.) CURVE() 
GEOMETRIC_REPRESENTATION_ITEM() RATIONAL_B_SPLINE_CURVE((1.,
0.707276654273,1.)) REPRESENTATION_ITEM('') );
#1794 = CARTESIAN_POINT('',(153.46823094358,-122.9369988159,
    -7.200238951285));
#1795 = CARTESIAN_POINT('',(153.46824212888,-122.9370015739,
    -8.199758535259));
#1796 = CARTESIAN_POINT('',(153.68251103822,-121.9607188268,
    -8.200239131885));
#1797 = ORIENTED_EDGE('',*,*,#274,.F.);
#1798 = ( BOUNDED_SURFACE() B_SPLINE_SURFACE(2,14,(
    (#1799,#1800,#1801,#1802,#1803,#1804,#1805,#1806,#1807,#1808,#1809
      ,#1810,#1811,#1812,#1813,#1814,#1815,#1816,#1817,#1818,#1819,#1820
      ,#1821,#1822,#1823,#1824,#1825,#1826)
    ,(#1827,#1828,#1829,#1830,#1831,#1832,#1833,#1834,#1835,#1836,#1837
      ,#1838,#1839,#1840,#1841,#1842,#1843,#1844,#1845,#1846,#1847,#1848
      ,#1849,#1850,#1851,#1852,#1853,#1854)
    ,(#1855,#1856,#1857,#1858,#1859,#1860,#1861,#1862,#1863,#1864,#1865
      ,#1866,#1867,#1868,#1869,#1870,#1871,#1872,#1873,#1874,#1875,#1876
      ,#1877,#1878,#1879,#1880,#1881,#1882
)),.UNSPECIFIED.,.F.,.F.,.F.) B_SPLINE_SURFACE_WITH_KNOTS((3,3),(15,13,
    15),(0.,25.764405703325),(1.3776722675E+03,1.386701987869E+03,
1.403436673203E+03),.UNSPECIFIED.) GEOMETRIC_REPRESENTATION_ITEM() 
RATIONAL_B_SPLINE_SURFACE((
    (1.,1.,0.999999999998,1.000000000004,0.999999999992,1.000000000013
      ,0.999999999984,1.000000000016,0.999999999987,1.000000000009
      ,0.999999999995,1.000000000002,0.999999999999,1.,1.,1.000000000002
      ,0.999999999994,1.000000000013,0.999999999979,1.000000000027
      ,0.99999999997,1.000000000027,0.99999999998,1.000000000012
      ,0.999999999994,1.000000000002,1.,1.)
    ,(0.708550292815,0.708551653552,0.708551097782,0.708548413168
      ,0.708543642929,0.708537430536,0.708527834638,0.708518401381
      ,0.70850449713,0.708490737294,0.708473722507,0.708455351382
      ,0.708434895808,0.708412597998,0.708343688036,0.708292636023
      ,0.708235067868,0.708172394341,0.708103040728,0.708028385348
      ,0.707949416201,0.707865047871,0.707775332014,0.707682535648
      ,0.707586423745,0.70748355561,0.707380703496,0.707276654273)
    ,(1.,1.,0.999999999998,1.000000000004,0.999999999992,1.000000000013
      ,0.999999999984,1.000000000016,0.999999999987,1.000000000009
      ,0.999999999995,1.000000000002,0.999999999999,1.,1.,1.000000000002
      ,0.999999999994,1.000000000013,0.999999999979,1.000000000027
      ,0.99999999997,1.000000000027,0.99999999998,1.000000000012
,0.999999999994,1.000000000002,1.,1.
  ))) REPRESENTATION_ITEM('') SURFACE() );
#1799 = CARTESIAN_POINT('',(100.15274343847,-116.5636482886,
    -7.214405773592));
#1800 = CARTESIAN_POINT('',(101.49364627624,-116.5585469287,
    -7.214430805459));
#1801 = CARTESIAN_POINT('',(102.83466318705,-116.5622845505,
    -7.214419832686));
#1802 = CARTESIAN_POINT('',(104.17424595729,-116.5747963126,
    -7.214372355789));
#1803 = CARTESIAN_POINT('',(105.52096953755,-116.5964338188,
    -7.21428771945));
#1804 = CARTESIAN_POINT('',(106.84458493045,-116.6259573844,
    -7.214171086382));
#1805 = CARTESIAN_POINT('',(108.21933036634,-116.6664718077,
    -7.214009306088));
#1806 = CARTESIAN_POINT('',(109.510418736,-116.7121974925,-7.21382899128
    ));
#1807 = CARTESIAN_POINT('',(110.90558297104,-116.7713444502,
    -7.213594357167));
#1808 = CARTESIAN_POINT('',(112.20436607753,-116.8351981981,
    -7.213345210217));
#1809 = CARTESIAN_POINT('',(113.56547183102,-116.9104625239,
    -7.213053053003));
#1810 = CARTESIAN_POINT('',(114.89845639154,-116.993519549,
    -7.212735629753));
#1811 = CARTESIAN_POINT('',(116.23971944856,-117.0857401248,
    -7.212388341664));
#1812 = CARTESIAN_POINT('',(117.57892202268,-117.1867634753,
    -7.212014749097));
#1813 = CARTESIAN_POINT('',(121.39944771143,-117.50032452,
    -7.210878659463));
#1814 = CARTESIAN_POINT('',(123.87942235484,-117.734375821,
    -7.210056550311));
#1815 = CARTESIAN_POINT('',(126.35940605832,-117.999296781,
    -7.209162273333));
#1816 = CARTESIAN_POINT('',(128.83412628668,-118.2938157657,
    -7.208213590642));
#1817 = CARTESIAN_POINT('',(131.31097728896,-118.6199286902,
    -7.207223459646));
#1818 = CARTESIAN_POINT('',(133.78525790257,-118.97654914,
    -7.206213604647));
#1819 = CARTESIAN_POINT('',(136.25366682483,-119.362918328,
    -7.205206392295));
#1820 = CARTESIAN_POINT('',(138.72169442516,-119.780544195,
    -7.204221050108));
#1821 = CARTESIAN_POINT('',(141.19058771721,-120.2299202649,
    -7.20328130158));
#1822 = CARTESIAN_POINT('',(143.65192801535,-120.7090612053,
    -7.202417392478));
#1823 = CARTESIAN_POINT('',(146.10626377609,-121.2181376453,
    -7.201654367654));
#1824 = CARTESIAN_POINT('',(148.56871579419,-121.7610467622,
    -7.201010887705));
#1825 = CARTESIAN_POINT('',(151.01936707625,-122.3331614914,
    -7.200531841684));
#1826 = CARTESIAN_POINT('',(153.46823094358,-122.9369988159,
    -7.200238951285));
#1827 = CARTESIAN_POINT('',(100.15273927327,-116.5636483044,
    -8.210327056583));
#1828 = CARTESIAN_POINT('',(101.49363940679,-116.5585469293,
    -8.210348247473));
#1829 = CARTESIAN_POINT('',(102.83466858713,-116.5622843708,
    -8.210338843744));
#1830 = CARTESIAN_POINT('',(104.17443114402,-116.574796736,
    -8.210298944515));
#1831 = CARTESIAN_POINT('',(105.52076924799,-116.5964358138,
    -8.21022776681));
#1832 = CARTESIAN_POINT('',(106.84522152218,-116.6259589654,
    -8.21012867507));
#1833 = CARTESIAN_POINT('',(108.21888925828,-116.6664790553,
    -8.209993961577));
#1834 = CARTESIAN_POINT('',(109.51121107164,-116.7122028242,
    -8.209840285746));
#1835 = CARTESIAN_POINT('',(110.90541678466,-116.7713569117,
    -8.209644878428));
#1836 = CARTESIAN_POINT('',(112.20485560891,-116.8352107006,
    -8.209434577924));
#1837 = CARTESIAN_POINT('',(113.56567945417,-116.9104795366,
    -8.209190441239));
#1838 = CARTESIAN_POINT('',(114.89877502282,-116.9935384667,
    -8.208924878481));
#1839 = CARTESIAN_POINT('',(116.24001144475,-117.0857608916,
    -8.208635337547));
#1840 = CARTESIAN_POINT('',(117.57919939746,-117.1867847293,
    -8.208324699719));
#1841 = CARTESIAN_POINT('',(121.39987381273,-117.5003622918,
    -8.20738312876));
#1842 = CARTESIAN_POINT('',(123.88004881255,-117.734437944,
    -8.206705105578));
#1843 = CARTESIAN_POINT('',(126.36021676055,-117.9993851057,
    -8.205973320206));
#1844 = CARTESIAN_POINT('',(128.83515180052,-118.2939426472,
    -8.205201548561));
#1845 = CARTESIAN_POINT('',(131.31214848477,-118.6200871297,
    -8.204407230262));
#1846 = CARTESIAN_POINT('',(133.78654635642,-118.9767398231,
    -8.203608198686));
#1847 = CARTESIAN_POINT('',(136.25505727949,-119.3631442068,
    -8.202824038931));
#1848 = CARTESIAN_POINT('',(138.72311088391,-119.7807937797,
    -8.202077067782));
#1849 = CARTESIAN_POINT('',(141.19194271803,-120.2301768919,
    -8.20139086777));
#1850 = CARTESIAN_POINT('',(143.65318012172,-120.7093159932,
    -8.200789270729));
#1851 = CARTESIAN_POINT('',(146.10734958493,-121.218374565,
    -8.200297986261));
#1852 = CARTESIAN_POINT('',(148.56950133629,-121.7612297884,
    -8.199945395344));
#1853 = CARTESIAN_POINT('',(151.01977662279,-122.3332623403,
    -8.199757200408));
#1854 = CARTESIAN_POINT('',(153.46824212888,-122.9370015739,
    -8.199758535259));
#1855 = CARTESIAN_POINT('',(100.15229616228,-115.567735438,
    -8.214397435614));
#1856 = CARTESIAN_POINT('',(101.49316216551,-115.5626379259,
    -8.214422426521));
#1857 = CARTESIAN_POINT('',(102.83626708929,-115.566362675,
    -8.214411393269));
#1858 = CARTESIAN_POINT('',(104.22414471083,-115.5788897034,
    -8.214364420473));
#1859 = CARTESIAN_POINT('',(105.45548019147,-115.600855605,
    -8.214278420285));
#1860 = CARTESIAN_POINT('',(107.01535776819,-115.6298929591,
    -8.214164671666));
#1861 = CARTESIAN_POINT('',(108.07354607166,-115.6715406186,
    -8.21399891876));
#1862 = CARTESIAN_POINT('',(109.71760408733,-115.7163080286,
    -8.213823186932));
#1863 = CARTESIAN_POINT('',(110.83051649707,-115.7766855246,
    -8.213584949394));
#1864 = CARTESIAN_POINT('',(112.31957655519,-115.8401318909,
    -8.213338360352));
#1865 = CARTESIAN_POINT('',(113.59842221629,-115.9160184839,
    -8.213045228377));
#1866 = CARTESIAN_POINT('',(114.96795577307,-115.9992869275,
    -8.212728406904));
#1867 = CARTESIAN_POINT('',(116.30847866506,-116.091898139,
    -8.212381242238));
#1868 = CARTESIAN_POINT('',(117.65456396087,-116.1933170304,
    -8.212007891077));
#1869 = CARTESIAN_POINT('',(121.49250900967,-116.5081161444,
    -8.210872500348));
#1870 = CARTESIAN_POINT('',(123.9838072134,-116.7430439433,
    -8.210050771657));
#1871 = CARTESIAN_POINT('',(126.47502004642,-117.009247606,
    -8.209157621215));
#1872 = CARTESIAN_POINT('',(128.96117645765,-117.304475654,
    -8.20820838889));
#1873 = CARTESIAN_POINT('',(131.44920985618,-117.6322181799,
    -8.207219619997));
#1874 = CARTESIAN_POINT('',(133.93470230249,-117.9904612978,
    -8.206210926933));
#1875 = CARTESIAN_POINT('',(136.41452887205,-118.3778836328,
    -8.205203128745));
#1876 = CARTESIAN_POINT('',(138.8937271828,-118.7971421797,
    -8.204218177786));
#1877 = CARTESIAN_POINT('',(141.3733358106,-119.2488969424,
    -8.203280674231));
#1878 = CARTESIAN_POINT('',(143.84584273565,-119.7295714079,
    -8.202416762798));
#1879 = CARTESIAN_POINT('',(146.31351566698,-120.240140672,
    -8.201650996759));
#1880 = CARTESIAN_POINT('',(148.79287228216,-120.788192573,
    -8.20100973035));
#1881 = CARTESIAN_POINT('',(151.25988016044,-121.3629412384,
    -8.200532447581));
#1882 = CARTESIAN_POINT('',(153.68251103822,-121.9607188268,
    -8.200239131885));
#1883 = ADVANCED_FACE('',(#1884),#1904,.T.);
#1884 = FACE_BOUND('',#1885,.T.);
#1885 = EDGE_LOOP('',(#1886,#1895,#1902,#1903));
#1886 = ORIENTED_EDGE('',*,*,#1887,.F.);
#1887 = EDGE_CURVE('',#1888,#258,#1890,.T.);
#1888 = VERTEX_POINT('',#1889);
#1889 = CARTESIAN_POINT('',(153.67600158424,-121.9588212446,0.));
#1890 = CIRCLE('',#1891,1.);
#1891 = AXIS2_PLACEMENT_3D('',#1892,#1893,#1894);
#1892 = CARTESIAN_POINT('',(153.67600158424,-121.9588212446,-1.));
#1893 = DIRECTION('',(0.978177571242,-0.207770640657,0.));
#1894 = DIRECTION('',(-0.207770640657,-0.978177571242,0.));
#1895 = ORIENTED_EDGE('',*,*,#1896,.T.);
#1896 = EDGE_CURVE('',#1888,#224,#1897,.T.);
#1897 = CIRCLE('',#1898,220.21384616634);
#1898 = AXIS2_PLACEMENT_3D('',#1899,#1900,#1901);
#1899 = CARTESIAN_POINT('',(100.98671932597,-335.7759080627,0.));
#1900 = DIRECTION('',(0.,-0.,1.));
#1901 = DIRECTION('',(0.239407831829,0.970919095527,0.));
#1902 = ORIENTED_EDGE('',*,*,#223,.T.);
#1903 = ORIENTED_EDGE('',*,*,#257,.F.);
#1904 = TOROIDAL_SURFACE('',#1905,220.21384616634,1.);
#1905 = AXIS2_PLACEMENT_3D('',#1906,#1907,#1908);
#1906 = CARTESIAN_POINT('',(100.98671932597,-335.7759080627,-1.));
#1907 = DIRECTION('',(0.,0.,1.));
#1908 = DIRECTION('',(0.239407831829,0.970919095527,0.));
#1909 = ADVANCED_FACE('',(#1910,#2017),#2158,.T.);
#1910 = FACE_BOUND('',#1911,.T.);
#1911 = EDGE_LOOP('',(#1912,#1913,#1914,#1923,#1932,#1940,#1949,#1957,
    #1966,#1975,#1983,#1992,#2001,#2010,#2016));
#1912 = ORIENTED_EDGE('',*,*,#242,.F.);
#1913 = ORIENTED_EDGE('',*,*,#1896,.F.);
#1914 = ORIENTED_EDGE('',*,*,#1915,.F.);
#1915 = EDGE_CURVE('',#1916,#1888,#1918,.T.);
#1916 = VERTEX_POINT('',#1917);
#1917 = CARTESIAN_POINT('',(186.18859299125,-121.9990524195,0.));
#1918 = CIRCLE('',#1919,78.692860786056);
#1919 = AXIS2_PLACEMENT_3D('',#1920,#1921,#1922);
#1920 = CARTESIAN_POINT('',(170.02606768492,-44.98322980687,0.));
#1921 = DIRECTION('',(0.,-0.,-1.));
#1922 = DIRECTION('',(0.205821446964,-0.978589562569,0.));
#1923 = ORIENTED_EDGE('',*,*,#1924,.F.);
#1924 = EDGE_CURVE('',#1925,#1916,#1927,.T.);
#1925 = VERTEX_POINT('',#1926);
#1926 = CARTESIAN_POINT('',(239.81672014869,-115.5693004305,
    2.22044604925E-16));
#1927 = CIRCLE('',#1928,220.09143013398);
#1928 = AXIS2_PLACEMENT_3D('',#1929,#1930,#1931);
#1929 = CARTESIAN_POINT('',(239.00494884425,-335.6592269323,0.));
#1930 = DIRECTION('',(0.,-0.,1.));
#1931 = DIRECTION('',(3.704862031994E-03,0.999993136975,0.));
#1932 = ORIENTED_EDGE('',*,*,#1933,.F.);
#1933 = EDGE_CURVE('',#1934,#1925,#1936,.T.);
#1934 = VERTEX_POINT('',#1935);
#1935 = CARTESIAN_POINT('',(314.67742235664,-115.5743747808,0.));
#1936 = LINE('',#1937,#1938);
#1937 = CARTESIAN_POINT('',(314.67769506624,-115.5743747621,
    2.22044604925E-16));
#1938 = VECTOR('',#1939,1.);
#1939 = DIRECTION('',(-0.999999997703,6.778340233489E-05,0.));
#1940 = ORIENTED_EDGE('',*,*,#1941,.F.);
#1941 = EDGE_CURVE('',#1942,#1934,#1944,.T.);
#1942 = VERTEX_POINT('',#1943);
#1943 = CARTESIAN_POINT('',(319.67657294039,-110.5741904278,
    2.22044604925E-16));
#1944 = CIRCLE('',#1945,5.000175196123);
#1945 = AXIS2_PLACEMENT_3D('',#1946,#1947,#1948);
#1946 = CARTESIAN_POINT('',(314.67639768975,-110.5741996897,0.));
#1947 = DIRECTION('',(0.,-0.,-1.));
#1948 = DIRECTION('',(0.999999998293,-5.843333416423E-05,0.));
#1949 = ORIENTED_EDGE('',*,*,#1950,.F.);
#1950 = EDGE_CURVE('',#1951,#1942,#1953,.T.);
#1951 = VERTEX_POINT('',#1952);
#1952 = CARTESIAN_POINT('',(319.70825811125,-22.52856291226,0.));
#1953 = LINE('',#1954,#1955);
#1954 = CARTESIAN_POINT('',(319.70825811125,-22.52856291226,
    2.22044604925E-16));
#1955 = VECTOR('',#1956,1.);
#1956 = DIRECTION('',(-3.598721447313E-04,-0.999999935246,-0.));
#1957 = ORIENTED_EDGE('',*,*,#1958,.F.);
#1958 = EDGE_CURVE('',#1959,#1951,#1961,.T.);
#1959 = VERTEX_POINT('',#1960);
#1960 = CARTESIAN_POINT('',(314.72128160983,-17.5245020328,0.));
#1961 = CIRCLE('',#1962,5.000994387119);
#1962 = AXIS2_PLACEMENT_3D('',#1963,#1964,#1965);
#1963 = CARTESIAN_POINT('',(314.70726404796,-22.52676319368,0.));
#1964 = DIRECTION('',(0.,0.,-1.));
#1965 = DIRECTION('',(1.20568423194E-02,0.999927313635,0.));
#1966 = ORIENTED_EDGE('',*,*,#1967,.F.);
#1967 = EDGE_CURVE('',#1968,#1959,#1970,.T.);
#1968 = VERTEX_POINT('',#1969);
#1969 = CARTESIAN_POINT('',(245.36347906764,-21.11139531808,
    2.22044604925E-16));
#1970 = CIRCLE('',#1971,316.12966029345);
#1971 = AXIS2_PLACEMENT_3D('',#1972,#1973,#1974);
#1972 = CARTESIAN_POINT('',(296.27970575072,-333.1158048234,0.));
#1973 = DIRECTION('',(0.,0.,-1.));
#1974 = DIRECTION('',(-0.160864172804,0.98697655388,0.));
#1975 = ORIENTED_EDGE('',*,*,#1976,.F.);
#1976 = EDGE_CURVE('',#1977,#1968,#1979,.T.);
#1977 = VERTEX_POINT('',#1978);
#1978 = CARTESIAN_POINT('',(234.33520698149,-22.20319266348,0.));
#1979 = LINE('',#1980,#1981);
#1980 = CARTESIAN_POINT('',(234.30027136902,-22.20727486129,
    2.22044604925E-16));
#1981 = VECTOR('',#1982,1.);
#1982 = DIRECTION('',(0.995129744115,9.857379153646E-02,0.));
#1983 = ORIENTED_EDGE('',*,*,#1984,.F.);
#1984 = EDGE_CURVE('',#1985,#1977,#1987,.T.);
#1985 = VERTEX_POINT('',#1986);
#1986 = CARTESIAN_POINT('',(105.6635051985,-22.19139975065,0.));
#1987 = CIRCLE('',#1988,481.58651678114);
#1988 = AXIS2_PLACEMENT_3D('',#1989,#1990,#1991);
#1989 = CARTESIAN_POINT('',(170.03887814835,455.07194312715,0.));
#1990 = DIRECTION('',(0.,0.,1.));
#1991 = DIRECTION('',(-0.13357605164,-0.991038565561,0.));
#1992 = ORIENTED_EDGE('',*,*,#1993,.F.);
#1993 = EDGE_CURVE('',#1994,#1985,#1996,.T.);
#1994 = VERTEX_POINT('',#1995);
#1995 = CARTESIAN_POINT('',(30.109985946429,-17.53777794551,0.));
#1996 = CIRCLE('',#1997,316.12428686613);
#1997 = AXIS2_PLACEMENT_3D('',#1998,#1999,#2000);
#1998 = CARTESIAN_POINT('',(48.595621362002,-333.1219729997,0.));
#1999 = DIRECTION('',(0.,0.,-1.));
#2000 = DIRECTION('',(-5.834563097614E-02,0.998296442619,0.));
#2001 = ORIENTED_EDGE('',*,*,#2002,.F.);
#2002 = EDGE_CURVE('',#2003,#1994,#2005,.T.);
#2003 = VERTEX_POINT('',#2004);
#2004 = CARTESIAN_POINT('',(25.195172782375,-22.53565492105,
    2.22044604925E-16));
#2005 = CIRCLE('',#2006,5.000732141869);
#2006 = AXIS2_PLACEMENT_3D('',#2007,#2008,#2009);
#2007 = CARTESIAN_POINT('',(30.195904522948,-22.5377719408,0.));
#2008 = DIRECTION('',(0.,0.,-1.));
#2009 = DIRECTION('',(-0.999999885183,4.792004011488E-04,0.));
#2010 = ORIENTED_EDGE('',*,*,#2011,.F.);
#2011 = EDGE_CURVE('',#500,#2003,#2012,.T.);
#2012 = LINE('',#2013,#2014);
#2013 = CARTESIAN_POINT('',(25.128392933699,-110.5737303438,
    2.22044604925E-16));
#2014 = VECTOR('',#2015,1.);
#2015 = DIRECTION('',(7.585334997819E-04,0.999999712313,0.));
#2016 = ORIENTED_EDGE('',*,*,#499,.F.);
#2017 = FACE_BOUND('',#2018,.T.);
#2018 = EDGE_LOOP('',(#2019,#2030,#2038,#2047,#2056,#2065,#2073,#2082,
    #2090,#2099,#2108,#2117,#2125,#2134,#2143,#2152));
#2019 = ORIENTED_EDGE('',*,*,#2020,.F.);
#2020 = EDGE_CURVE('',#2021,#2023,#2025,.T.);
#2021 = VERTEX_POINT('',#2022);
#2022 = CARTESIAN_POINT('',(314.68489401098,-114.3914715601,0.));
#2023 = VERTEX_POINT('',#2024);
#2024 = CARTESIAN_POINT('',(318.67657203426,-110.574375,0.));
#2025 = CIRCLE('',#2026,4.00394595749);
#2026 = AXIS2_PLACEMENT_3D('',#2027,#2028,#2029);
#2027 = CARTESIAN_POINT('',(314.67698787462,-110.3875334083,0.));
#2028 = DIRECTION('',(-0.,0.,1.));
#2029 = DIRECTION('',(0.999999998293,-5.843333300133E-05,0.));
#2030 = ORIENTED_EDGE('',*,*,#2031,.F.);
#2031 = EDGE_CURVE('',#2032,#2021,#2034,.T.);
#2032 = VERTEX_POINT('',#2033);
#2033 = CARTESIAN_POINT('',(239.63287744721,-115.0458938264,0.));
#2034 = LINE('',#2035,#2036);
#2035 = CARTESIAN_POINT('',(239.63287744721,-115.0458938264,0.));
#2036 = VECTOR('',#2037,1.);
#2037 = DIRECTION('',(0.999961986606,8.719251253916E-03,0.));
#2038 = ORIENTED_EDGE('',*,*,#2039,.T.);
#2039 = EDGE_CURVE('',#2032,#2040,#2042,.T.);
#2040 = VERTEX_POINT('',#2041);
#2041 = CARTESIAN_POINT('',(186.13982601426,-121.3914312415,0.));
#2042 = CIRCLE('',#2043,220.8692263825);
#2043 = AXIS2_PLACEMENT_3D('',#2044,#2045,#2046);
#2044 = CARTESIAN_POINT('',(238.71005681211,-335.9131923676,0.));
#2045 = DIRECTION('',(0.,0.,1.));
#2046 = DIRECTION('',(-0.239443070739,0.970910405689,0.));
#2047 = ORIENTED_EDGE('',*,*,#2048,.F.);
#2048 = EDGE_CURVE('',#2049,#2040,#2051,.T.);
#2049 = VERTEX_POINT('',#2050);
#2050 = CARTESIAN_POINT('',(153.93612552217,-121.2687148454,0.));
#2051 = CIRCLE('',#2052,77.864374508734);
#2052 = AXIS2_PLACEMENT_3D('',#2053,#2054,#2055);
#2053 = CARTESIAN_POINT('',(170.3282723536,-45.14934582621,0.));
#2054 = DIRECTION('',(-0.,0.,1.));
#2055 = DIRECTION('',(0.205705667743,-0.978613906635,0.));
#2056 = ORIENTED_EDGE('',*,*,#2057,.T.);
#2057 = EDGE_CURVE('',#2049,#2058,#2060,.T.);
#2058 = VERTEX_POINT('',#2059);
#2059 = CARTESIAN_POINT('',(100.1423029936,-114.8129907684,0.));
#2060 = CIRCLE('',#2061,221.08349407996);
#2061 = AXIS2_PLACEMENT_3D('',#2062,#2063,#2064);
#2062 = CARTESIAN_POINT('',(100.89480742067,-335.8952041907,0.));
#2063 = DIRECTION('',(0.,0.,1.));
#2064 = DIRECTION('',(-3.78699093694E-03,0.999992829324,0.));
#2065 = ORIENTED_EDGE('',*,*,#2066,.T.);
#2066 = EDGE_CURVE('',#2058,#2067,#2069,.T.);
#2067 = VERTEX_POINT('',#2068);
#2068 = CARTESIAN_POINT('',(30.195630093986,-114.5743819767,0.));
#2069 = LINE('',#2070,#2071);
#2070 = CARTESIAN_POINT('',(100.1423029936,-114.8129907684,0.));
#2071 = VECTOR('',#2072,1.);
#2072 = DIRECTION('',(-0.999994181581,3.411275954328E-03,0.));
#2073 = ORIENTED_EDGE('',*,*,#2074,.F.);
#2074 = EDGE_CURVE('',#2075,#2067,#2077,.T.);
#2075 = VERTEX_POINT('',#2076);
#2076 = CARTESIAN_POINT('',(26.1819935888,-110.5808490734,0.));
#2077 = CIRCLE('',#2078,4.0000398118);
#2078 = AXIS2_PLACEMENT_3D('',#2079,#2080,#2081);
#2079 = CARTESIAN_POINT('',(30.18202814572,-110.5743652914,0.));
#2080 = DIRECTION('',(0.,0.,1.));
#2081 = DIRECTION('',(-3.23617539844E-06,-0.999999999995,0.));
#2082 = ORIENTED_EDGE('',*,*,#2083,.F.);
#2083 = EDGE_CURVE('',#2084,#2075,#2086,.T.);
#2084 = VERTEX_POINT('',#2085);
#2085 = CARTESIAN_POINT('',(26.195601658555,-22.53686321112,0.));
#2086 = LINE('',#2087,#2088);
#2087 = CARTESIAN_POINT('',(26.195601658555,-22.53686321112,0.));
#2088 = VECTOR('',#2089,1.);
#2089 = DIRECTION('',(-1.54559899339E-04,-0.999999988056,0.));
#2090 = ORIENTED_EDGE('',*,*,#2091,.F.);
#2091 = EDGE_CURVE('',#2092,#2084,#2094,.T.);
#2092 = VERTEX_POINT('',#2093);
#2093 = CARTESIAN_POINT('',(30.167997459679,-18.51349746468,0.));
#2094 = CIRCLE('',#2095,4.000105759091);
#2095 = AXIS2_PLACEMENT_3D('',#2096,#2097,#2098);
#2096 = CARTESIAN_POINT('',(30.195639233977,-22.5135077167,0.));
#2097 = DIRECTION('',(0.,0.,1.));
#2098 = DIRECTION('',(-0.999999999997,-2.4541814577E-06,0.));
#2099 = ORIENTED_EDGE('',*,*,#2100,.F.);
#2100 = EDGE_CURVE('',#2101,#2092,#2103,.T.);
#2101 = VERTEX_POINT('',#2102);
#2102 = CARTESIAN_POINT('',(105.53536601969,-23.1650473721,0.));
#2103 = CIRCLE('',#2104,315.13502154435);
#2104 = AXIS2_PLACEMENT_3D('',#2105,#2106,#2107);
#2105 = CARTESIAN_POINT('',(48.578830486259,-333.1102600529,0.));
#2106 = DIRECTION('',(0.,0.,1.));
#2107 = DIRECTION('',(-5.85748498341E-02,0.998283019472,0.));
#2108 = ORIENTED_EDGE('',*,*,#2109,.T.);
#2109 = EDGE_CURVE('',#2101,#2110,#2112,.T.);
#2110 = VERTEX_POINT('',#2111);
#2111 = CARTESIAN_POINT('',(234.46757724843,-23.17830177707,0.));
#2112 = CIRCLE('',#2113,482.5776788094);
#2113 = AXIS2_PLACEMENT_3D('',#2114,#2115,#2116);
#2114 = CARTESIAN_POINT('',(170.05063662243,455.08070111305,0.));
#2115 = DIRECTION('',(-0.,0.,1.));
#2116 = DIRECTION('',(0.133506953229,-0.991047876462,0.));
#2117 = ORIENTED_EDGE('',*,*,#2118,.F.);
#2118 = EDGE_CURVE('',#2119,#2110,#2121,.T.);
#2119 = VERTEX_POINT('',#2120);
#2120 = CARTESIAN_POINT('',(245.51172456385,-22.02820541046,0.));
#2121 = LINE('',#2122,#2123);
#2122 = CARTESIAN_POINT('',(245.51172456385,-22.02820541046,0.));
#2123 = VECTOR('',#2124,1.);
#2124 = DIRECTION('',(-0.99462152337,-0.103576180895,0.));
#2125 = ORIENTED_EDGE('',*,*,#2126,.F.);
#2126 = EDGE_CURVE('',#2127,#2119,#2129,.T.);
#2127 = VERTEX_POINT('',#2128);
#2128 = CARTESIAN_POINT('',(311.67658029826,-18.28483177247,0.));
#2129 = CIRCLE('',#2130,315.16764022289);
#2130 = AXIS2_PLACEMENT_3D('',#2131,#2132,#2133);
#2131 = CARTESIAN_POINT('',(296.29809011809,-333.077054496,0.));
#2132 = DIRECTION('',(0.,0.,1.));
#2133 = DIRECTION('',(-0.161153330526,0.986929381496,0.));
#2134 = ORIENTED_EDGE('',*,*,#2135,.F.);
#2135 = EDGE_CURVE('',#2136,#2127,#2138,.T.);
#2136 = VERTEX_POINT('',#2137);
#2137 = CARTESIAN_POINT('',(314.70051708856,-18.44712565063,0.));
#2138 = CIRCLE('',#2139,315.16764022289);
#2139 = AXIS2_PLACEMENT_3D('',#2140,#2141,#2142);
#2140 = CARTESIAN_POINT('',(296.29809011809,-333.077054496,0.));
#2141 = DIRECTION('',(0.,0.,1.));
#2142 = DIRECTION('',(-0.161153330526,0.986929381496,0.));
#2143 = ORIENTED_EDGE('',*,*,#2144,.F.);
#2144 = EDGE_CURVE('',#2145,#2136,#2147,.T.);
#2145 = VERTEX_POINT('',#2146);
#2146 = CARTESIAN_POINT('',(318.67658856225,-22.53675886309,0.));
#2147 = CIRCLE('',#2148,4.00092457579);
#2148 = AXIS2_PLACEMENT_3D('',#2149,#2150,#2151);
#2149 = CARTESIAN_POINT('',(314.67664911236,-22.4479790322,0.));
#2150 = DIRECTION('',(0.,0.,1.));
#2151 = DIRECTION('',(-2.976772267294E-05,0.999999999557,0.));
#2152 = ORIENTED_EDGE('',*,*,#2153,.F.);
#2153 = EDGE_CURVE('',#2023,#2145,#2154,.T.);
#2154 = LINE('',#2155,#2156);
#2155 = CARTESIAN_POINT('',(318.67657203426,-110.574375,0.));
#2156 = VECTOR('',#2157,1.);
#2157 = DIRECTION('',(1.8773780945E-07,1.,0.));
#2158 = PLANE('',#2159);
#2159 = AXIS2_PLACEMENT_3D('',#2160,#2161,#2162);
#2160 = CARTESIAN_POINT('',(172.42102825131,-68.58883765619,0.));
#2161 = DIRECTION('',(0.,0.,1.));
#2162 = DIRECTION('',(1.,0.,0.));
#2163 = ADVANCED_FACE('',(#2164),#2219,.T.);
#2164 = FACE_BOUND('',#2165,.T.);
#2165 = EDGE_LOOP('',(#2166,#2176,#2183,#2184,#2197,#2206));
#2166 = ORIENTED_EDGE('',*,*,#2167,.F.);
#2167 = EDGE_CURVE('',#2168,#2170,#2172,.T.);
#2168 = VERTEX_POINT('',#2169);
#2169 = CARTESIAN_POINT('',(186.42856760462,-122.9698315834,-1.));
#2170 = VERTEX_POINT('',#2171);
#2171 = CARTESIAN_POINT('',(186.42856760462,-122.9698315834,
    -7.200233388649));
#2172 = LINE('',#2173,#2174);
#2173 = CARTESIAN_POINT('',(186.42856760462,-122.9698315834,0.));
#2174 = VECTOR('',#2175,1.);
#2175 = DIRECTION('',(-0.,-0.,-1.));
#2176 = ORIENTED_EDGE('',*,*,#2177,.T.);
#2177 = EDGE_CURVE('',#2168,#258,#2178,.T.);
#2178 = CIRCLE('',#2179,79.692860786056);
#2179 = AXIS2_PLACEMENT_3D('',#2180,#2181,#2182);
#2180 = CARTESIAN_POINT('',(170.02606768492,-44.98322980687,-1.));
#2181 = DIRECTION('',(0.,-0.,-1.));
#2182 = DIRECTION('',(0.205821446964,-0.978589562569,0.));
#2183 = ORIENTED_EDGE('',*,*,#266,.T.);
#2184 = ORIENTED_EDGE('',*,*,#2185,.T.);
#2185 = EDGE_CURVE('',#267,#2186,#2188,.T.);
#2186 = VERTEX_POINT('',#2187);
#2187 = CARTESIAN_POINT('',(159.16189257744,-123.9320851468,-7.2));
#2188 = ( BOUNDED_CURVE() B_SPLINE_CURVE(7,(#2189,#2190,#2191,#2192,
    #2193,#2194,#2195,#2196),.UNSPECIFIED.,.F.,.F.) 
B_SPLINE_CURVE_WITH_KNOTS((8,8),(1.403436673203E+03,1.406176900818E+03),
.PIECEWISE_BEZIER_KNOTS.) CURVE() GEOMETRIC_REPRESENTATION_ITEM() 
RATIONAL_B_SPLINE_CURVE((1.,1.,1.,1.,1.,1.,1.,1.)) REPRESENTATION_ITEM(
  '') );
#2189 = CARTESIAN_POINT('',(153.46823094358,-122.9369988159,
    -7.200239325364));
#2190 = CARTESIAN_POINT('',(154.27595825866,-123.1085648246,
    -7.200156041798));
#2191 = CARTESIAN_POINT('',(155.08597156261,-123.2704114876,
    -7.200095095572));
#2192 = CARTESIAN_POINT('',(155.897850227,-123.4224406058,
    -7.200052331039));
#2193 = CARTESIAN_POINT('',(156.71152670119,-123.5646496369,
    -7.200023285055));
#2194 = CARTESIAN_POINT('',(157.52686307824,-123.6970081841,
    -7.200007150062));
#2195 = CARTESIAN_POINT('',(158.34369624491,-123.8194929099,-7.2));
#2196 = CARTESIAN_POINT('',(159.16189257744,-123.9320851469,-7.2));
#2197 = ORIENTED_EDGE('',*,*,#2198,.T.);
#2198 = EDGE_CURVE('',#2186,#2199,#2201,.T.);
#2199 = VERTEX_POINT('',#2200);
#2200 = CARTESIAN_POINT('',(180.77045962186,-123.9484759736,-7.2));
#2201 = CIRCLE('',#2202,79.692860786056);
#2202 = AXIS2_PLACEMENT_3D('',#2203,#2204,#2205);
#2203 = CARTESIAN_POINT('',(170.02606768492,-44.98322980687,-7.2));
#2204 = DIRECTION('',(1.08446464699E-20,1.429685485632E-17,1.));
#2205 = DIRECTION('',(-0.207770640657,-0.978177571242,1.39871159589E-17)
  );
#2206 = ORIENTED_EDGE('',*,*,#2207,.T.);
#2207 = EDGE_CURVE('',#2199,#2170,#2208,.T.);
#2208 = ( BOUNDED_CURVE() B_SPLINE_CURVE(9,(#2209,#2210,#2211,#2212,
    #2213,#2214,#2215,#2216,#2217,#2218),.UNSPECIFIED.,.F.,.F.) 
B_SPLINE_CURVE_WITH_KNOTS((10,10),(641.95903591831,651.97580310578),
.PIECEWISE_BEZIER_KNOTS.) CURVE() GEOMETRIC_REPRESENTATION_ITEM() 
RATIONAL_B_SPLINE_CURVE((1.,1.,1.,1.,1.,1.,1.,1.,1.,1.)) 
REPRESENTATION_ITEM('') );
#2209 = CARTESIAN_POINT('',(180.77045962186,-123.9484759736,-7.2));
#2210 = CARTESIAN_POINT('',(181.40278439657,-123.8624388175,-7.2));
#2211 = CARTESIAN_POINT('',(182.0341383773,-123.7707472182,
    -7.200004217678));
#2212 = CARTESIAN_POINT('',(182.66598567018,-123.6730833725,
    -7.200012468931));
#2213 = CARTESIAN_POINT('',(183.29270165137,-123.5706452877,
    -7.200029990672));
#2214 = CARTESIAN_POINT('',(183.92682741365,-123.4607551832,
    -7.200047840974));
#2215 = CARTESIAN_POINT('',(184.5487697747,-123.3475771167,
    -7.200084249393));
#2216 = CARTESIAN_POINT('',(185.18003959743,-123.2265586959,
    -7.200118049235));
#2217 = CARTESIAN_POINT('',(185.80393989796,-123.1012061487,
    -7.200176657833));
#2218 = CARTESIAN_POINT('',(186.42856760462,-122.9698315834,
    -7.200233388649));
#2219 = CYLINDRICAL_SURFACE('',#2220,79.692860786056);
#2220 = AXIS2_PLACEMENT_3D('',#2221,#2222,#2223);
#2221 = CARTESIAN_POINT('',(170.02606768492,-44.98322980687,0.));
#2222 = DIRECTION('',(0.,0.,1.));
#2223 = DIRECTION('',(0.205705667743,-0.978613906635,0.));
#2224 = ADVANCED_FACE('',(#2225),#2236,.T.);
#2225 = FACE_BOUND('',#2226,.T.);
#2226 = EDGE_LOOP('',(#2227,#2233,#2234,#2235));
#2227 = ORIENTED_EDGE('',*,*,#2228,.T.);
#2228 = EDGE_CURVE('',#534,#647,#2229,.T.);
#2229 = ( BOUNDED_CURVE() B_SPLINE_CURVE(2,(#2230,#2231,#2232),
.UNSPECIFIED.,.F.,.F.) B_SPLINE_CURVE_WITH_KNOTS((3,3),(0.,
8.145206962315),.PIECEWISE_BEZIER_KNOTS.) CURVE() 
GEOMETRIC_REPRESENTATION_ITEM() RATIONAL_B_SPLINE_CURVE((1.,
0.70710755387,1.)) REPRESENTATION_ITEM('') );
#2230 = CARTESIAN_POINT('',(24.195173070062,-22.53489638755,
    -12.96506591557));
#2231 = CARTESIAN_POINT('',(24.195169235994,-22.54289735559,
    -13.96503172176));
#2232 = CARTESIAN_POINT('',(25.195129013943,-22.55161902201,
    -13.96496795719));
#2233 = ORIENTED_EDGE('',*,*,#646,.T.);
#2234 = ORIENTED_EDGE('',*,*,#313,.F.);
#2235 = ORIENTED_EDGE('',*,*,#541,.F.);
#2236 = ( BOUNDED_SURFACE() B_SPLINE_SURFACE(2,10,(
    (#2237,#2238,#2239,#2240,#2241,#2242,#2243,#2244,#2245,#2246,#2247
      ,#2248,#2249,#2250,#2251,#2252,#2253,#2254,#2255,#2256,#2257,#2258
      ,#2259,#2260,#2261,#2262,#2263,#2264,#2265,#2266,#2267,#2268,#2269
      ,#2270,#2271,#2272,#2273,#2274)
    ,(#2275,#2276,#2277,#2278,#2279,#2280,#2281,#2282,#2283,#2284,#2285
      ,#2286,#2287,#2288,#2289,#2290,#2291,#2292,#2293,#2294,#2295,#2296
      ,#2297,#2298,#2299,#2300,#2301,#2302,#2303,#2304,#2305,#2306,#2307
      ,#2308,#2309,#2310,#2311,#2312)
    ,(#2313,#2314,#2315,#2316,#2317,#2318,#2319,#2320,#2321,#2322,#2323
      ,#2324,#2325,#2326,#2327,#2328,#2329,#2330,#2331,#2332,#2333,#2334
      ,#2335,#2336,#2337,#2338,#2339,#2340,#2341,#2342,#2343,#2344,#2345
      ,#2346,#2347,#2348,#2349,#2350
)),.UNSPECIFIED.,.F.,.F.,.F.) B_SPLINE_SURFACE_WITH_KNOTS((3,3),(11,9,9,
    9,11),(0.,87.425637052597),(1.252657902725E+03,1.296177662636E+03,
    1.318129324389E+03,1.340080986141E+03,1.340083539778E+03),
.UNSPECIFIED.) GEOMETRIC_REPRESENTATION_ITEM() RATIONAL_B_SPLINE_SURFACE
((
    (1.,1.,1.,1.,1.,1.,1.,1.,1.,1.,1.,1.,1.,1.,1.,1.,1.,1.,1.,1.,1.,1.
      ,1.,1.,1.,1.,1.,1.,1.,1.,1.,1.,1.,1.,1.,1.,1.,1.)
    ,(0.707106763675,0.707106840566,0.70710663916,0.707107010348
      ,0.707106514788,0.707107003008,0.707106653728,0.707106827588
      ,0.707106772772,0.707106781187,0.707106781187,0.707106781187
      ,0.707106781186,0.707106781188,0.707106781184,0.707106781189
      ,0.707106781186,0.707106781184,0.707106781189,0.707106781219
      ,0.707106780838,0.707106781804,0.707106781699,0.707106780732
      ,0.707106780974,0.707106782712,0.70710678257,0.70710677805
      ,0.707106783144,0.707106783153,0.707106783169,0.707106783193
      ,0.707106783225,0.707106783265,0.707106783312,0.707106783367
      ,0.70710678343,0.7071067835)
    ,(1.,1.,1.,1.,1.,1.,1.,1.,1.,1.,1.,1.,1.,1.,1.,1.,1.,1.,1.,1.,1.,1.
      ,1.,1.,1.,1.,1.,1.,1.,1.,1.,1.,1.,1.,1.,1.,1.,1.
))) REPRESENTATION_ITEM('') SURFACE() );
#2237 = CARTESIAN_POINT('',(24.195173070062,-22.53489638755,
    -12.96506368049));
#2238 = CARTESIAN_POINT('',(24.190606257425,-28.55547599825,
    -12.91689190993));
#2239 = CARTESIAN_POINT('',(24.186332874299,-34.18921781399,
    -12.8402649012));
#2240 = CARTESIAN_POINT('',(24.182368965429,-39.41496951921,
    -12.73247888697));
#2241 = CARTESIAN_POINT('',(24.178735661667,-44.20487361486,
    -12.59249882099));
#2242 = CARTESIAN_POINT('',(24.175429831651,-48.56305827614,
    -12.41483001728));
#2243 = CARTESIAN_POINT('',(24.172484716034,-52.44570125909,
    -12.20294203102));
#2244 = CARTESIAN_POINT('',(24.169896656744,-55.85762511817,
    -11.94644586984));
#2245 = CARTESIAN_POINT('',(24.167694243627,-58.7611389166,
    -11.65290899364));
#2246 = CARTESIAN_POINT('',(24.165883460143,-61.14835446268,
    -11.31082114759));
#2247 = CARTESIAN_POINT('',(24.16380636181,-63.88666165131,
    -10.74513327744));
#2248 = CARTESIAN_POINT('',(24.163210720706,-64.67191495056,
    -10.54461793372));
#2249 = CARTESIAN_POINT('',(24.162668363715,-65.38692204656,
    -10.33283870969));
#2250 = CARTESIAN_POINT('',(24.162134596536,-66.09060491025,
    -10.11506250259));
#2251 = CARTESIAN_POINT('',(24.161546489536,-66.86592575014,
    -9.868681520745));
#2252 = CARTESIAN_POINT('',(24.160893203992,-67.72717361471,
    -9.629948718502));
#2253 = CARTESIAN_POINT('',(24.160133472672,-68.72875245176,
    -9.390735251807));
#2254 = CARTESIAN_POINT('',(24.159228684324,-69.92156475077,
    -9.157023096155));
#2255 = CARTESIAN_POINT('',(24.158138365454,-71.35896805197,
    -8.930518911504));
#2256 = CARTESIAN_POINT('',(24.155503302913,-74.83285784628,
    -8.496303191735));
#2257 = CARTESIAN_POINT('',(24.153958599894,-76.8692907452,
    -8.288608772847));
#2258 = CARTESIAN_POINT('',(24.152145121208,-79.26005946592,
    -8.092475927208));
#2259 = CARTESIAN_POINT('',(24.150020747212,-82.06069171904,
    -7.910143297075));
#2260 = CARTESIAN_POINT('',(24.147543356387,-85.32671769248,
    -7.743970569534));
#2261 = CARTESIAN_POINT('',(24.144670995627,-89.11344554913,
    -7.596417198352));
#2262 = CARTESIAN_POINT('',(24.141361869656,-93.47597537843,
    -7.469995688541));
#2263 = CARTESIAN_POINT('',(24.137574312243,-98.46923714466,
    -7.367225819212));
#2264 = CARTESIAN_POINT('',(24.133266901891,-104.1478381748,
    -7.290616180401));
#2265 = CARTESIAN_POINT('',(24.128398318363,-110.5662522963,
    -7.242693825308));
#2266 = CARTESIAN_POINT('',(24.128397752059,-110.5669988738,
    -7.242688251547));
#2267 = CARTESIAN_POINT('',(24.128397185748,-110.5677454609,
    -7.242682678187));
#2268 = CARTESIAN_POINT('',(24.128396619429,-110.5684920575,
    -7.242677105232));
#2269 = CARTESIAN_POINT('',(24.128396053104,-110.5692386629,
    -7.242671532684));
#2270 = CARTESIAN_POINT('',(24.128395486772,-110.5699852769,
    -7.242665960546));
#2271 = CARTESIAN_POINT('',(24.128394920434,-110.5707318991,
    -7.24266038882));
#2272 = CARTESIAN_POINT('',(24.12839435409,-110.571478529,
    -7.242654817511));
#2273 = CARTESIAN_POINT('',(24.12839378774,-110.5722251662,
    -7.24264924662));
#2274 = CARTESIAN_POINT('',(24.128393221386,-110.5729718103,
    -7.242643676152));
#2275 = CARTESIAN_POINT('',(24.195167001059,-22.54289735399,
    -13.96503172176));
#2276 = CARTESIAN_POINT('',(24.190596604426,-28.56820186514,
    -13.91682192871));
#2277 = CARTESIAN_POINT('',(24.186318905868,-34.20763285741,
    -13.84009372078));
#2278 = CARTESIAN_POINT('',(24.182349920139,-39.44007755245,
    -13.73239465721));
#2279 = CARTESIAN_POINT('',(24.178709821565,-44.23893947259,
    -13.59153451312));
#2280 = CARTESIAN_POINT('',(24.175396944766,-48.60641414209,
    -13.41494352199));
#2281 = CARTESIAN_POINT('',(24.172440370565,-52.50416335286,
    -13.20037588797));
#2282 = CARTESIAN_POINT('',(24.169840767685,-55.93130550629,
    -12.94536912651));
#2283 = CARTESIAN_POINT('',(24.167618262421,-58.86130744409,
    -12.64758429242));
#2284 = CARTESIAN_POINT('',(24.165783186007,-61.28054916175,
    -12.30462730122));
#2285 = CARTESIAN_POINT('',(24.163626074848,-64.12433989594,
    -11.71714831776));
#2286 = CARTESIAN_POINT('',(24.163004884221,-64.94327597286,
    -11.50807708595));
#2287 = CARTESIAN_POINT('',(24.162444229868,-65.68240508344,
    -11.28945569518));
#2288 = CARTESIAN_POINT('',(24.161902589186,-66.39646784699,
    -11.06383164711));
#2289 = CARTESIAN_POINT('',(24.161338439511,-67.14020495444,
    -10.83375244164));
#2290 = CARTESIAN_POINT('',(24.160710258336,-67.96835690213,
    -10.60176555537));
#2291 = CARTESIAN_POINT('',(24.159976522782,-68.93566466439,
    -10.3704185781));
#2292 = CARTESIAN_POINT('',(24.159095710889,-70.09686801386,
    -10.14225884097));
#2293 = CARTESIAN_POINT('',(24.158026297961,-71.50671032128,
    -9.919833497762));
#2294 = CARTESIAN_POINT('',(24.155427211199,-74.93317206068,
    -9.491545973027));
#2295 = CARTESIAN_POINT('',(24.153897540603,-76.9497872209,
    -9.285683900686));
#2296 = CARTESIAN_POINT('',(24.152096200621,-79.32455308765,
    -9.090650191034));
#2297 = CARTESIAN_POINT('',(24.149981671247,-82.11220685137,
    -8.908992959729));
#2298 = CARTESIAN_POINT('',(24.147512417602,-85.36750531269,
    -8.743259339255));
#2299 = CARTESIAN_POINT('',(24.144646877727,-89.14524097156,
    -8.595997047389));
#2300 = CARTESIAN_POINT('',(24.141343493093,-93.50020180624,
    -8.46975671429));
#2301 = CARTESIAN_POINT('',(24.137560799776,-98.48705107609,
    -8.36709174312));
#2302 = CARTESIAN_POINT('',(24.133257598407,-104.1601032643,
    -8.290552486427));
#2303 = CARTESIAN_POINT('',(24.128392655441,-110.5737179131,
    -8.24266595165));
#2304 = CARTESIAN_POINT('',(24.128392089561,-110.5744639323,
    -8.242660382033));
#2305 = CARTESIAN_POINT('',(24.128391523673,-110.5752099613,
    -8.242654812794));
#2306 = CARTESIAN_POINT('',(24.128390957777,-110.5759559996,
    -8.242649243936));
#2307 = CARTESIAN_POINT('',(24.128390391875,-110.576702047,
    -8.242643675463));
#2308 = CARTESIAN_POINT('',(24.128389825967,-110.5774481029,
    -8.242638107377));
#2309 = CARTESIAN_POINT('',(24.128389260052,-110.5781941669,
    -8.242632539683));
#2310 = CARTESIAN_POINT('',(24.128388694131,-110.5789402388,
    -8.242626972382));
#2311 = CARTESIAN_POINT('',(24.128388128205,-110.579686318,
    -8.242621405479));
#2312 = CARTESIAN_POINT('',(24.128387562274,-110.5804324041,
    -8.242615838976));
#2313 = CARTESIAN_POINT('',(25.195129013933,-22.55161903986,
    -13.96496795705));
#2314 = CARTESIAN_POINT('',(25.19069348207,-28.5614372795,
    -13.91684465732));
#2315 = CARTESIAN_POINT('',(25.186120874292,-34.20735226308,
    -13.84018150909));
#2316 = CARTESIAN_POINT('',(25.182654519832,-39.44090716064,
    -13.73241056466));
#2317 = CARTESIAN_POINT('',(25.178364327593,-44.23971539525,
    -13.59152757774));
#2318 = CARTESIAN_POINT('',(25.175679845712,-48.60715297397,
    -13.41494604092));
#2319 = CARTESIAN_POINT('',(25.172278794602,-52.50493245032,
    -13.20037506304));
#2320 = CARTESIAN_POINT('',(25.169898872315,-55.9320605642,
    -12.94536932539));
#2321 = CARTESIAN_POINT('',(25.167607425162,-58.86206654945,
    -12.64758426741));
#2322 = CARTESIAN_POINT('',(25.16578289832,-61.28130769525,
    -12.30462730122));
#2323 = CARTESIAN_POINT('',(25.163625787161,-64.12509842944,
    -11.71714831776));
#2324 = CARTESIAN_POINT('',(25.163004596554,-64.94403448941,
    -11.5080770894));
#2325 = CARTESIAN_POINT('',(25.162443942062,-65.68316371855,
    -11.28945566561));
#2326 = CARTESIAN_POINT('',(25.161902301853,-66.39722607646,
    -11.06383177501));
#2327 = CARTESIAN_POINT('',(25.161338151176,-67.14096403121,
    -10.83375209138));
#2328 = CARTESIAN_POINT('',(25.160709971277,-67.96911503042,
    -10.60176615359));
#2329 = CARTESIAN_POINT('',(25.159976235709,-68.93642201334,
    -10.37041835715));
#2330 = CARTESIAN_POINT('',(25.15909541865,-70.09763254435,
    -10.14225642238));
#2331 = CARTESIAN_POINT('',(25.15802598617,-71.50750188226,
    -9.919827234983));
#2332 = CARTESIAN_POINT('',(25.155426806246,-74.93407345437,
    -9.491530251101));
#2333 = CARTESIAN_POINT('',(25.153897326675,-76.95077155919,
    -9.285662559689));
#2334 = CARTESIAN_POINT('',(25.152095259228,-79.32565569914,
    -9.090623015896));
#2335 = CARTESIAN_POINT('',(25.149980696768,-82.11346793207,
    -8.908961082892));
#2336 = CARTESIAN_POINT('',(25.147511871294,-85.36895554124,
    -8.74322576211));
#2337 = CARTESIAN_POINT('',(25.144645872868,-89.14687118578,
    -8.595966914032));
#2338 = CARTESIAN_POINT('',(25.14134130522,-93.5019032506,-8.46973686812
    ));
#2339 = CARTESIAN_POINT('',(25.137559443798,-98.48850332822,
    -8.367088712456));
#2340 = CARTESIAN_POINT('',(25.13326046201,-104.1605777655,
    -8.29056765363));
#2341 = CARTESIAN_POINT('',(25.128390725015,-110.5717559335,
    -8.242686268052));
#2342 = CARTESIAN_POINT('',(25.128390147817,-110.5724959501,
    -8.242680741755));
#2343 = CARTESIAN_POINT('',(25.128389559824,-110.5732304534,
    -8.242675257082));
#2344 = CARTESIAN_POINT('',(25.128388961004,-110.5739596393,
    -8.242669812562));
#2345 = CARTESIAN_POINT('',(25.12838835133,-110.5746837034,
    -8.242664406725));
#2346 = CARTESIAN_POINT('',(25.128387730771,-110.5754028415,
    -8.242659038097));
#2347 = CARTESIAN_POINT('',(25.128387099298,-110.5761172494,
    -8.242653705209));
#2348 = CARTESIAN_POINT('',(25.128386456882,-110.5768271228,
    -8.242648406588));
#2349 = CARTESIAN_POINT('',(25.128385803494,-110.5775326576,
    -8.242643140763));
#2350 = CARTESIAN_POINT('',(25.128385139103,-110.5782340493,
    -8.242637906263));
#2351 = ADVANCED_FACE('',(#2352),#2364,.T.);
#2352 = FACE_BOUND('',#2353,.F.);
#2353 = EDGE_LOOP('',(#2354,#2355,#2356,#2363));
#2354 = ORIENTED_EDGE('',*,*,#508,.T.);
#2355 = ORIENTED_EDGE('',*,*,#525,.T.);
#2356 = ORIENTED_EDGE('',*,*,#2357,.F.);
#2357 = EDGE_CURVE('',#2003,#526,#2358,.T.);
#2358 = CIRCLE('',#2359,1.);
#2359 = AXIS2_PLACEMENT_3D('',#2360,#2361,#2362);
#2360 = CARTESIAN_POINT('',(25.195172782375,-22.53565492105,-1.));
#2361 = DIRECTION('',(-7.585334997819E-04,-0.999999712313,0.));
#2362 = DIRECTION('',(0.,0.,1.));
#2363 = ORIENTED_EDGE('',*,*,#2011,.F.);
#2364 = CYLINDRICAL_SURFACE('',#2365,1.);
#2365 = AXIS2_PLACEMENT_3D('',#2366,#2367,#2368);
#2366 = CARTESIAN_POINT('',(25.128392933699,-110.5737303438,-1.));
#2367 = DIRECTION('',(7.585334997819E-04,0.999999712313,0.));
#2368 = DIRECTION('',(0.,0.,1.));
#2369 = ADVANCED_FACE('',(#2370),#2430,.T.);
#2370 = FACE_BOUND('',#2371,.T.);
#2371 = EDGE_LOOP('',(#2372,#2373,#2382,#2390));
#2372 = ORIENTED_EDGE('',*,*,#533,.F.);
#2373 = ORIENTED_EDGE('',*,*,#2374,.T.);
#2374 = EDGE_CURVE('',#526,#2375,#2377,.T.);
#2375 = VERTEX_POINT('',#2376);
#2376 = CARTESIAN_POINT('',(30.09280474694,-16.53792555321,-1.));
#2377 = CIRCLE('',#2378,6.000732141869);
#2378 = AXIS2_PLACEMENT_3D('',#2379,#2380,#2381);
#2379 = CARTESIAN_POINT('',(30.195904522948,-22.5377719408,-1.));
#2380 = DIRECTION('',(0.,0.,-1.));
#2381 = DIRECTION('',(-0.999999885183,4.792004011488E-04,0.));
#2382 = ORIENTED_EDGE('',*,*,#2383,.T.);
#2383 = EDGE_CURVE('',#2375,#2384,#2386,.T.);
#2384 = VERTEX_POINT('',#2385);
#2385 = CARTESIAN_POINT('',(30.09280474694,-16.53792555321,
    -12.99588682772));
#2386 = LINE('',#2387,#2388);
#2387 = CARTESIAN_POINT('',(30.09280474694,-16.53792555321,0.));
#2388 = VECTOR('',#2389,1.);
#2389 = DIRECTION('',(-0.,-0.,-1.));
#2390 = ORIENTED_EDGE('',*,*,#2391,.T.);
#2391 = EDGE_CURVE('',#2384,#534,#2392,.T.);
#2392 = ( BOUNDED_CURVE() B_SPLINE_CURVE(8,(#2393,#2394,#2395,#2396,
    #2397,#2398,#2399,#2400,#2401,#2402,#2403,#2404,#2405,#2406,#2407,
    #2408,#2409,#2410,#2411,#2412,#2413,#2414,#2415,#2416,#2417,#2418,
    #2419,#2420,#2421,#2422,#2423,#2424,#2425,#2426,#2427,#2428,#2429),
.UNSPECIFIED.,.F.,.F.) B_SPLINE_CURVE_WITH_KNOTS((9,7,7,7,7,9),(
    1.24451269575E+03,1.247740213167E+03,1.251067267495E+03,
    1.251940404368E+03,1.252652124183E+03,1.252657902712E+03),
.UNSPECIFIED.) CURVE() GEOMETRIC_REPRESENTATION_ITEM() 
RATIONAL_B_SPLINE_CURVE((1.,1.,1.,1.,1.,1.,1.,1.,1.,1.,1.,1.,1.,1.,1.,1.
    ,1.,1.,1.,1.,1.,1.,1.,1.,1.,1.,1.,1.,1.,1.,1.,1.,1.,1.,1.,1.,1.)) 
REPRESENTATION_ITEM('') );
#2393 = CARTESIAN_POINT('',(30.09280474694,-16.53792555321,
    -12.99588158014));
#2394 = CARTESIAN_POINT('',(29.694679277617,-16.54476683614,
    -12.99585753428));
#2395 = CARTESIAN_POINT('',(29.299190386913,-16.58172669581,
    -12.9957031607));
#2396 = CARTESIAN_POINT('',(28.902009847572,-16.64864275808,
    -12.99548284902));
#2397 = CARTESIAN_POINT('',(28.511659288894,-16.74608575516,
    -12.99508772177));
#2398 = CARTESIAN_POINT('',(28.122174062964,-16.87455512855,
    -12.99462136394));
#2399 = CARTESIAN_POINT('',(27.741037666033,-17.0348647021,
    -12.99399197251));
#2400 = CARTESIAN_POINT('',(27.367359570425,-17.22821644923,
    -12.99322429354));
#2401 = CARTESIAN_POINT('',(26.631098730442,-17.69053731415,
    -12.99131936229));
#2402 = CARTESIAN_POINT('',(26.268996522225,-17.96182420355,
    -12.9901723245));
#2403 = CARTESIAN_POINT('',(25.922057674048,-18.27015133386,
    -12.98882854642));
#2404 = CARTESIAN_POINT('',(25.592389202315,-18.61940775773,
    -12.98724873008));
#2405 = CARTESIAN_POINT('',(25.285934476202,-19.00986351617,
    -12.98540615035));
#2406 = CARTESIAN_POINT('',(25.010257152565,-19.4410182656,
    -12.98326939265));
#2407 = CARTESIAN_POINT('',(24.771882811066,-19.91395676742,
    -12.98079137548));
#2408 = CARTESIAN_POINT('',(24.529953912517,-20.556320265,
    -12.97722129388));
#2409 = CARTESIAN_POINT('',(24.482876360191,-20.69231697862,
    -12.97645513294));
#2410 = CARTESIAN_POINT('',(24.439192568012,-20.83062478446,
    -12.97566503455));
#2411 = CARTESIAN_POINT('',(24.399067115699,-20.97107880959,
    -12.97485122302));
#2412 = CARTESIAN_POINT('',(24.362650094503,-21.11350023349,
    -12.974014073));
#2413 = CARTESIAN_POINT('',(24.330077107197,-21.25769628806,
    -12.9731541095));
#2414 = CARTESIAN_POINT('',(24.301469268082,-21.40346025762,
    -12.97227200788));
#2415 = CARTESIAN_POINT('',(24.256933127106,-21.67048620759,
    -12.97063219421));
#2416 = CARTESIAN_POINT('',(24.239639219953,-21.79128047172,
    -12.96988173922));
#2417 = CARTESIAN_POINT('',(24.225108838278,-21.91285699564,
    -12.96911754394));
#2418 = CARTESIAN_POINT('',(24.213389267729,-22.03495551745,
    -12.96834108909));
#2419 = CARTESIAN_POINT('',(24.204516324328,-22.15768889299,
    -12.96755111482));
#2420 = CARTESIAN_POINT('',(24.19851440273,-22.2805846142,
    -12.96675135543));
#2421 = CARTESIAN_POINT('',(24.195405188546,-22.40381700301,
    -12.96593936599));
#2422 = CARTESIAN_POINT('',(24.195180416058,-22.52790127005,
    -12.96511254338));
#2423 = CARTESIAN_POINT('',(24.195178796023,-22.52890060046,
    -12.96510588386));
#2424 = CARTESIAN_POINT('',(24.195177366201,-22.52989992156,
    -12.9650992238));
#2425 = CARTESIAN_POINT('',(24.195176126585,-22.53089923337,
    -12.96509256321));
#2426 = CARTESIAN_POINT('',(24.19517507717,-22.53189853587,
    -12.9650859021));
#2427 = CARTESIAN_POINT('',(24.195174217949,-22.53289782907,
    -12.96507924045));
#2428 = CARTESIAN_POINT('',(24.195173548915,-22.53389711296,
    -12.96507257828));
#2429 = CARTESIAN_POINT('',(24.195173070062,-22.53489638755,
    -12.96506591557));
#2430 = CYLINDRICAL_SURFACE('',#2431,6.000732141869);
#2431 = AXIS2_PLACEMENT_3D('',#2432,#2433,#2434);
#2432 = CARTESIAN_POINT('',(30.195904522948,-22.5377719408,0.));
#2433 = DIRECTION('',(0.,0.,1.));
#2434 = DIRECTION('',(-0.999999999997,-2.4541814577E-06,0.));
#2435 = ADVANCED_FACE('',(#2436),#2446,.T.);
#2436 = FACE_BOUND('',#2437,.T.);
#2437 = EDGE_LOOP('',(#2438,#2439));
#2438 = ORIENTED_EDGE('',*,*,#590,.T.);
#2439 = ORIENTED_EDGE('',*,*,#2440,.F.);
#2440 = EDGE_CURVE('',#591,#593,#2441,.T.);
#2441 = CIRCLE('',#2442,78.692860786056);
#2442 = AXIS2_PLACEMENT_3D('',#2443,#2444,#2445);
#2443 = CARTESIAN_POINT('',(170.02606768492,-44.98322980687,-8.2));
#2444 = DIRECTION('',(1.08446464699E-20,1.429685485632E-17,1.));
#2445 = DIRECTION('',(-0.207770640657,-0.978177571242,1.39871159589E-17)
  );
#2446 = PLANE('',#2447);
#2447 = AXIS2_PLACEMENT_3D('',#2448,#2449,#2450);
#2448 = CARTESIAN_POINT('',(24.119089114067,-122.8388831304,-8.2));
#2449 = DIRECTION('',(-1.08446464699E-20,-1.429685485632E-17,-1.));
#2450 = DIRECTION('',(-7.585334997822E-04,-0.999999712313,
    1.429685896934E-17));
#2451 = ADVANCED_FACE('',(#2452),#2464,.T.);
#2452 = FACE_BOUND('',#2453,.T.);
#2453 = EDGE_LOOP('',(#2454,#2455,#2456,#2463));
#2454 = ORIENTED_EDGE('',*,*,#1792,.T.);
#2455 = ORIENTED_EDGE('',*,*,#600,.T.);
#2456 = ORIENTED_EDGE('',*,*,#2457,.F.);
#2457 = EDGE_CURVE('',#2186,#591,#2458,.T.);
#2458 = CIRCLE('',#2459,1.);
#2459 = AXIS2_PLACEMENT_3D('',#2460,#2461,#2462);
#2460 = CARTESIAN_POINT('',(159.29821815291,-122.9414210577,-7.2));
#2461 = DIRECTION('',(0.99066408912,-0.13632557547,1.938283563878E-18));
#2462 = DIRECTION('',(-0.13632557547,-0.99066408912,1.41648590962E-17));
#2463 = ORIENTED_EDGE('',*,*,#2185,.F.);
#2464 = ( BOUNDED_SURFACE() B_SPLINE_SURFACE(2,7,(
    (#2465,#2466,#2467,#2468,#2469,#2470,#2471,#2472)
    ,(#2473,#2474,#2475,#2476,#2477,#2478,#2479,#2480)
    ,(#2481,#2482,#2483,#2484,#2485,#2486,#2487,#2488
)),.UNSPECIFIED.,.F.,.F.,.F.) B_SPLINE_SURFACE_WITH_KNOTS((3,3),(8,8),(
    0.,2.74022761483),(1.403436673203E+03,1.406176900818E+03),
.PIECEWISE_BEZIER_KNOTS.) GEOMETRIC_REPRESENTATION_ITEM() 
RATIONAL_B_SPLINE_SURFACE((
    (1.,1.,1.,1.,1.,1.,1.,1.)
    ,(0.707276786498,0.707247244347,0.707219837518,0.70719421537
      ,0.707169446,0.707146993071,0.707126012441,0.707106781187)
,(1.,1.,1.,1.,1.,1.,1.,1.))) REPRESENTATION_ITEM('') SURFACE() );
#2465 = CARTESIAN_POINT('',(153.46823094358,-122.9369988159,
    -7.200239325364));
#2466 = CARTESIAN_POINT('',(154.27595825866,-123.1085648246,
    -7.200156041798));
#2467 = CARTESIAN_POINT('',(155.08597156261,-123.2704114876,
    -7.200095095572));
#2468 = CARTESIAN_POINT('',(155.897850227,-123.4224406058,
    -7.200052331039));
#2469 = CARTESIAN_POINT('',(156.71152670119,-123.5646496369,
    -7.200023285055));
#2470 = CARTESIAN_POINT('',(157.52686307824,-123.6970081841,
    -7.200007150062));
#2471 = CARTESIAN_POINT('',(158.34369624491,-123.8194929099,-7.2));
#2472 = CARTESIAN_POINT('',(159.16189257744,-123.9320851469,-7.2));
#2473 = CARTESIAN_POINT('',(153.46824220903,-122.9370012087,
    -8.199758535438));
#2474 = CARTESIAN_POINT('',(154.27599070738,-123.1085715949,
    -8.199758789779));
#2475 = CARTESIAN_POINT('',(155.08601129136,-123.2704192319,
    -8.199775348389));
#2476 = CARTESIAN_POINT('',(155.89791085362,-123.4224519672,
    -8.199805045128));
#2477 = CARTESIAN_POINT('',(156.71158149166,-123.5646585592,
    -8.199846050961));
#2478 = CARTESIAN_POINT('',(157.52690346681,-123.6970143378,
    -8.199893417999));
#2479 = CARTESIAN_POINT('',(158.34371849687,-123.819495972,
    -8.199945607277));
#2480 = CARTESIAN_POINT('',(159.16189257745,-123.9320851469,-8.2));
#2481 = CARTESIAN_POINT('',(153.68251103821,-121.9607188268,
    -8.200239131885));
#2482 = CARTESIAN_POINT('',(154.48164448715,-122.1303131029,
    -8.200155957625));
#2483 = CARTESIAN_POINT('',(155.27765806741,-122.2890592068,
    -8.200095198113));
#2484 = CARTESIAN_POINT('',(156.07155773821,-122.4376923345,
    -8.200052140018));
#2485 = CARTESIAN_POINT('',(156.88025708297,-122.5791525254,
    -8.200023367168));
#2486 = CARTESIAN_POINT('',(157.68328172493,-122.7093091914,
    -8.200007122293));
#2487 = CARTESIAN_POINT('',(158.49028127625,-122.8302955343,-8.2));
#2488 = CARTESIAN_POINT('',(159.29821815291,-122.9414210577,-8.2));
#2489 = ADVANCED_FACE('',(#2490),#2507,.T.);
#2490 = FACE_BOUND('',#2491,.T.);
#2491 = EDGE_LOOP('',(#2492,#2499,#2500,#2506));
#2492 = ORIENTED_EDGE('',*,*,#2493,.T.);
#2493 = EDGE_CURVE('',#2199,#593,#2494,.T.);
#2494 = CIRCLE('',#2495,1.);
#2495 = AXIS2_PLACEMENT_3D('',#2496,#2497,#2498);
#2496 = CARTESIAN_POINT('',(180.63563710663,-122.9576062095,-7.2));
#2497 = DIRECTION('',(0.99086976409,0.134822515229,-1.938283563878E-18)
  );
#2498 = DIRECTION('',(0.134822515229,-0.99086976409,1.41648590962E-17));
#2499 = ORIENTED_EDGE('',*,*,#1194,.T.);
#2500 = ORIENTED_EDGE('',*,*,#2501,.F.);
#2501 = EDGE_CURVE('',#2170,#1144,#2502,.T.);
#2502 = ( BOUNDED_CURVE() B_SPLINE_CURVE(2,(#2503,#2504,#2505),
.UNSPECIFIED.,.F.,.F.) B_SPLINE_CURVE_WITH_KNOTS((3,3),(0.,
10.01676718747),.PIECEWISE_BEZIER_KNOTS.) CURVE() 
GEOMETRIC_REPRESENTATION_ITEM() RATIONAL_B_SPLINE_CURVE((1.,
0.707273932053,1.)) REPRESENTATION_ITEM('') );
#2503 = CARTESIAN_POINT('',(186.42856760462,-122.9698315834,
    -7.200233388649));
#2504 = CARTESIAN_POINT('',(186.42856760472,-122.9698315833,
    -8.199760670456));
#2505 = CARTESIAN_POINT('',(186.19761348562,-121.9973529159,
    -8.200233276868));
#2506 = ORIENTED_EDGE('',*,*,#2207,.F.);
#2507 = ( BOUNDED_SURFACE() B_SPLINE_SURFACE(2,9,(
    (#2508,#2509,#2510,#2511,#2512,#2513,#2514,#2515,#2516,#2517)
    ,(#2518,#2519,#2520,#2521,#2522,#2523,#2524,#2525,#2526,#2527)
    ,(#2528,#2529,#2530,#2531,#2532,#2533,#2534,#2535,#2536,#2537
)),.UNSPECIFIED.,.F.,.F.,.F.) B_SPLINE_SURFACE_WITH_KNOTS((3,3),(10,10),
  (0.,10.01676718747),(641.95903591831,651.97580310578),
.PIECEWISE_BEZIER_KNOTS.) GEOMETRIC_REPRESENTATION_ITEM() 
RATIONAL_B_SPLINE_SURFACE((
    (1.,1.,1.,1.,1.,1.,1.,1.,1.,1.)
    ,(0.707106781187,0.707121640547,0.707137577596,0.707153846531
      ,0.707173243973,0.707189170042,0.707212643556,0.707229465071
      ,0.707256024289,0.707273932053)
,(1.,1.,1.,1.,1.,1.,1.,1.,1.,1.))) REPRESENTATION_ITEM('') SURFACE() );
#2508 = CARTESIAN_POINT('',(180.77045962186,-123.9484759736,-7.2));
#2509 = CARTESIAN_POINT('',(181.40278439657,-123.8624388175,-7.2));
#2510 = CARTESIAN_POINT('',(182.0341383773,-123.7707472182,
    -7.200004217678));
#2511 = CARTESIAN_POINT('',(182.66598567018,-123.6730833725,
    -7.200012468931));
#2512 = CARTESIAN_POINT('',(183.29270165137,-123.5706452877,
    -7.200029990672));
#2513 = CARTESIAN_POINT('',(183.92682741365,-123.4607551832,
    -7.200047840974));
#2514 = CARTESIAN_POINT('',(184.5487697747,-123.3475771167,
    -7.200084249393));
#2515 = CARTESIAN_POINT('',(185.18003959743,-123.2265586959,
    -7.200118049235));
#2516 = CARTESIAN_POINT('',(185.80393989796,-123.1012061487,
    -7.200176657833));
#2517 = CARTESIAN_POINT('',(186.42856760462,-122.9698315834,
    -7.200233388649));
#2518 = CARTESIAN_POINT('',(180.77045962186,-123.9484759736,-8.2));
#2519 = CARTESIAN_POINT('',(181.40277110898,-123.8624406254,
    -8.199957972264));
#2520 = CARTESIAN_POINT('',(182.03411415923,-123.7707507223,
    -8.199917114915));
#2521 = CARTESIAN_POINT('',(182.66594797403,-123.6730894094,
    -8.199879353086));
#2522 = CARTESIAN_POINT('',(183.292668473,-123.5706505618,
    -8.199842015247));
#2523 = CARTESIAN_POINT('',(183.92677412792,-123.4607649508,
    -8.199814823201));
#2524 = CARTESIAN_POINT('',(184.54873939287,-123.3475826097,
    -8.199784847914));
#2525 = CARTESIAN_POINT('',(185.17999728498,-123.2265672183,
    -8.199771075443));
#2526 = CARTESIAN_POINT('',(185.80392408223,-123.1012094751,
    -8.199754578327));
#2527 = CARTESIAN_POINT('',(186.42856760472,-122.9698315833,
    -8.199760670456));
#2528 = CARTESIAN_POINT('',(180.63563710663,-122.9576062095,-8.2));
#2529 = CARTESIAN_POINT('',(181.26003302552,-122.8726903076,-8.2));
#2530 = CARTESIAN_POINT('',(181.8834413452,-122.7819287439,
    -8.20000421553));
#2531 = CARTESIAN_POINT('',(182.50751063369,-122.6870933559,
    -8.200012463315));
#2532 = CARTESIAN_POINT('',(183.12614329178,-122.5816014517,
    -8.200029974938));
#2533 = CARTESIAN_POINT('',(183.75209664332,-122.4809181412,
    -8.20004781951));
#2534 = CARTESIAN_POINT('',(184.36852613787,-122.3595146679,
    -8.200084206338));
#2535 = CARTESIAN_POINT('',(184.98306583881,-122.2498817861,
    -8.200117994003));
#2536 = CARTESIAN_POINT('',(185.63649928145,-122.1135915771,
    -8.200176569996));
#2537 = CARTESIAN_POINT('',(186.19761348562,-121.9973529159,
    -8.200233276868));
#2538 = ADVANCED_FACE('',(#2539),#2600,.T.);
#2539 = FACE_BOUND('',#2540,.T.);
#2540 = EDGE_LOOP('',(#2541,#2542,#2543,#2551));
#2541 = ORIENTED_EDGE('',*,*,#2501,.T.);
#2542 = ORIENTED_EDGE('',*,*,#1143,.T.);
#2543 = ORIENTED_EDGE('',*,*,#2544,.F.);
#2544 = EDGE_CURVE('',#2545,#1126,#2547,.T.);
#2545 = VERTEX_POINT('',#2546);
#2546 = CARTESIAN_POINT('',(239.81665236529,-116.5693004282,
    -7.214818828762));
#2547 = ( BOUNDED_CURVE() B_SPLINE_CURVE(2,(#2548,#2549,#2550),
.UNSPECIFIED.,.F.,.F.) B_SPLINE_CURVE_WITH_KNOTS((3,3),(0.,
94.941241982046),.PIECEWISE_BEZIER_KNOTS.) CURVE() 
GEOMETRIC_REPRESENTATION_ITEM() RATIONAL_B_SPLINE_CURVE((1.,
0.708572495525,1.)) REPRESENTATION_ITEM('') );
#2548 = CARTESIAN_POINT('',(239.81665236529,-116.5693004282,
    -7.214818828762));
#2549 = CARTESIAN_POINT('',(239.81665236541,-116.5693004282,
    -8.210677441398));
#2550 = CARTESIAN_POINT('',(239.81671985805,-115.5734505574,
    -8.214810214759));
#2551 = ORIENTED_EDGE('',*,*,#2552,.F.);
#2552 = EDGE_CURVE('',#2170,#2545,#2553,.T.);
#2553 = ( BOUNDED_CURVE() B_SPLINE_CURVE(12,(#2554,#2555,#2556,#2557,
    #2558,#2559,#2560,#2561,#2562,#2563,#2564,#2565,#2566,#2567,#2568,
    #2569,#2570,#2571,#2572,#2573,#2574,#2575,#2576,#2577,#2578,#2579,
    #2580,#2581,#2582,#2583,#2584,#2585,#2586,#2587,#2588,#2589,#2590,
    #2591,#2592,#2593,#2594,#2595,#2596,#2597,#2598,#2599),
.UNSPECIFIED.,.F.,.F.) B_SPLINE_CURVE_WITH_KNOTS((13,11,11,11,13),(
    651.97580310578,652.03256213193,652.18501072507,699.55102790645,
746.91704508782),.UNSPECIFIED.) CURVE() GEOMETRIC_REPRESENTATION_ITEM() 
RATIONAL_B_SPLINE_CURVE((1.,1.,1.,1.,1.,1.,1.,1.,1.,1.,1.,1.,1.,1.,1.,1.
    ,1.,1.000000000001,0.999999999999,1.000000000001,1.,1.,1.,1.,
    0.999999999999,1.000000000002,0.999999999997,1.000000000004,
    0.999999999996,1.000000000004,0.999999999998,1.000000000001,1.,1.,1.
    ,1.,0.999999999999,1.000000000002,0.999999999997,1.000000000003,
    0.999999999997,1.000000000002,0.999999999999,1.000000000001,1.,1.)) 
REPRESENTATION_ITEM('') );
#2554 = CARTESIAN_POINT('',(186.42856760462,-122.9698315834,
    -7.200233388653));
#2555 = CARTESIAN_POINT('',(186.43120019126,-122.9691808133,
    -7.200233674678));
#2556 = CARTESIAN_POINT('',(186.43383286443,-122.9685300597,
    -7.200233939112));
#2557 = CARTESIAN_POINT('',(186.43646550489,-122.9678793518,
    -7.20023379234));
#2558 = CARTESIAN_POINT('',(186.43909815655,-122.9672286789,
    -7.200233698849));
#2559 = CARTESIAN_POINT('',(186.44173087685,-122.9665780267,
    -7.200233889684));
#2560 = CARTESIAN_POINT('',(186.44436367781,-122.9659273924,
    -7.200234255247));
#2561 = CARTESIAN_POINT('',(186.44699652907,-122.9652767833,
    -7.200234603214));
#2562 = CARTESIAN_POINT('',(186.449629396,-122.9646262081,
    -7.200234881473));
#2563 = CARTESIAN_POINT('',(186.4522622804,-122.9639756662,
    -7.20023518101));
#2564 = CARTESIAN_POINT('',(186.45489523452,-122.9633251449,
    -7.20023554882));
#2565 = CARTESIAN_POINT('',(186.45752831347,-122.9626746305,
    -7.200235855926));
#2566 = CARTESIAN_POINT('',(186.46723370689,-122.9602770069,
    -7.200237053081));
#2567 = CARTESIAN_POINT('',(186.47430677755,-122.9585299451,
    -7.200237942493));
#2568 = CARTESIAN_POINT('',(186.48137888965,-122.9567833934,
    -7.20023879537));
#2569 = CARTESIAN_POINT('',(186.48844694798,-122.9550381139,
    -7.200239561469));
#2570 = CARTESIAN_POINT('',(186.49551483707,-122.9532931475,
    -7.20024034232));
#2571 = CARTESIAN_POINT('',(186.50258775583,-122.9515472117,
    -7.200241251282));
#2572 = CARTESIAN_POINT('',(186.50966560214,-122.9498003325,
    -7.200242269754));
#2573 = CARTESIAN_POINT('',(186.51674238779,-122.9480539876,
    -7.200243247752));
#2574 = CARTESIAN_POINT('',(186.52381261535,-122.9463095331,
    -7.200244060672));
#2575 = CARTESIAN_POINT('',(186.53087949342,-122.9445661768,
    -7.200244797737));
#2576 = CARTESIAN_POINT('',(186.5379538176,-122.9428212554,
    -7.200245721279));
#2577 = CARTESIAN_POINT('',(188.74245479419,-122.3991537284,
    -7.200519507398));
#2578 = CARTESIAN_POINT('',(190.94300422565,-121.8827299112,
    -7.200946566875));
#2579 = CARTESIAN_POINT('',(193.14650158326,-121.3917311405,
    -7.201504637281));
#2580 = CARTESIAN_POINT('',(195.35277565742,-120.9260872056,
    -7.202171540211));
#2581 = CARTESIAN_POINT('',(197.56165703087,-120.4857321564,
    -7.202926059647));
#2582 = CARTESIAN_POINT('',(199.77297807863,-120.0706043035,
    -7.203747941948));
#2583 = CARTESIAN_POINT('',(201.98657296792,-119.6806462177,
    -7.204617895865));
#2584 = CARTESIAN_POINT('',(204.20227765844,-119.3158047307,
    -7.205517592525));
#2585 = CARTESIAN_POINT('',(206.41992990194,-118.9760309344,
    -7.206429665444));
#2586 = CARTESIAN_POINT('',(208.63936924266,-118.6612801813,
    -7.20733771052));
#2587 = CARTESIAN_POINT('',(210.860437017,-118.3715120846,
    -7.208226286035));
#2588 = CARTESIAN_POINT('',(215.30551569044,-117.8418689511,
    -7.209935539274));
#2589 = CARTESIAN_POINT('',(217.52952974108,-117.6019936799,
    -7.210756824986));
#2590 = CARTESIAN_POINT('',(219.75482492268,-117.3870277867,
    -7.211530705961));
#2591 = CARTESIAN_POINT('',(221.98141248936,-117.1969411218,
    -7.212245997328));
#2592 = CARTESIAN_POINT('',(224.20864109777,-117.0316987033,
    -7.212887884599));
#2593 = CARTESIAN_POINT('',(226.43741006534,-116.8912908855,
    -7.213454815304));
#2594 = CARTESIAN_POINT('',(228.66589870311,-116.775673749,
    -7.213926195375));
#2595 = CARTESIAN_POINT('',(230.89600916003,-116.6848614792,
    -7.214310930547));
#2596 = CARTESIAN_POINT('',(233.12560859921,-116.6188125197,
    -7.214589979274));
#2597 = CARTESIAN_POINT('',(235.35609947093,-116.577543522,
    -7.214770770708));
#2598 = CARTESIAN_POINT('',(237.58632141078,-116.561037299,
    -7.214846092889));
#2599 = CARTESIAN_POINT('',(239.81665236529,-116.5693004282,
    -7.214818828762));
#2600 = ( BOUNDED_SURFACE() B_SPLINE_SURFACE(2,12,(
    (#2601,#2602,#2603,#2604,#2605,#2606,#2607,#2608,#2609,#2610,#2611
      ,#2612,#2613,#2614,#2615,#2616,#2617,#2618,#2619,#2620,#2621,#2622
      ,#2623,#2624,#2625,#2626,#2627,#2628,#2629,#2630,#2631,#2632,#2633
      ,#2634,#2635,#2636,#2637,#2638,#2639,#2640,#2641,#2642,#2643,#2644
      ,#2645,#2646)
    ,(#2647,#2648,#2649,#2650,#2651,#2652,#2653,#2654,#2655,#2656,#2657
      ,#2658,#2659,#2660,#2661,#2662,#2663,#2664,#2665,#2666,#2667,#2668
      ,#2669,#2670,#2671,#2672,#2673,#2674,#2675,#2676,#2677,#2678,#2679
      ,#2680,#2681,#2682,#2683,#2684,#2685,#2686,#2687,#2688,#2689,#2690
      ,#2691,#2692)
    ,(#2693,#2694,#2695,#2696,#2697,#2698,#2699,#2700,#2701,#2702,#2703
      ,#2704,#2705,#2706,#2707,#2708,#2709,#2710,#2711,#2712,#2713,#2714
      ,#2715,#2716,#2717,#2718,#2719,#2720,#2721,#2722,#2723,#2724,#2725
      ,#2726,#2727,#2728,#2729,#2730,#2731,#2732,#2733,#2734,#2735,#2736
      ,#2737,#2738
)),.UNSPECIFIED.,.F.,.F.,.F.) B_SPLINE_SURFACE_WITH_KNOTS((3,3),(13,11,
    11,11,13),(0.,94.941241982046),(651.97580310578,652.03256213193,
    652.18501072507,699.55102790645,746.91704508782),.UNSPECIFIED.) 
GEOMETRIC_REPRESENTATION_ITEM() RATIONAL_B_SPLINE_SURFACE((
    (1.,1.,1.,1.,1.,1.,1.,1.,1.,1.,1.,1.,1.,1.,1.,1.,1.,1.000000000001
      ,0.999999999999,1.000000000001,1.,1.,1.,1.,0.999999999999
      ,1.000000000002,0.999999999997,1.000000000004,0.999999999996
      ,1.000000000004,0.999999999998,1.000000000001,1.,1.,1.,1.
      ,0.999999999999,1.000000000002,0.999999999997,1.000000000003
      ,0.999999999997,1.000000000002,0.999999999999,1.000000000001,1.,1.
      )
    ,(0.707273932055,0.707274024402,0.707274101102,0.707273883921
      ,0.707273704922,0.707273729089,0.707273877875,0.707274013759
      ,0.707274099585,0.707274200538,0.707274350201,0.707274456214
      ,0.707274893113,0.707275222337,0.707275524514,0.707275763791
      ,0.707276012344,0.707276350873,0.707276766192,0.707277151586
      ,0.707277418335,0.707277629885,0.707277972944,0.707374548037
      ,0.707468544603,0.707559994521,0.707648627687,0.707734181883
      ,0.707816402721,0.70789504372,0.707969866215,0.708040639444
      ,0.708107140481,0.708169154278,0.708283793012,0.708336441519
      ,0.708384123565,0.708427146006,0.70846391243,0.708497335176
      ,0.708522465931,0.708545085713,0.70855958094,0.708569980116
      ,0.708573949944,0.708572495525)
    ,(1.,1.,1.,1.,1.,1.,1.,1.,1.,1.,1.,1.,1.,1.,1.,1.,1.,1.000000000001
      ,0.999999999999,1.000000000001,1.,1.,1.,1.,0.999999999999
      ,1.000000000002,0.999999999997,1.000000000004,0.999999999996
      ,1.000000000004,0.999999999998,1.000000000001,1.,1.,1.,1.
      ,0.999999999999,1.000000000002,0.999999999997,1.000000000003
      ,0.999999999997,1.000000000002,0.999999999999,1.000000000001,1.,1.
))) REPRESENTATION_ITEM('') SURFACE() );
#2601 = CARTESIAN_POINT('',(186.42856760462,-122.9698315834,
    -7.200233388653));
#2602 = CARTESIAN_POINT('',(186.43120019126,-122.9691808133,
    -7.200233674678));
#2603 = CARTESIAN_POINT('',(186.43383286443,-122.9685300597,
    -7.200233939112));
#2604 = CARTESIAN_POINT('',(186.43646550489,-122.9678793518,
    -7.20023379234));
#2605 = CARTESIAN_POINT('',(186.43909815655,-122.9672286789,
    -7.200233698849));
#2606 = CARTESIAN_POINT('',(186.44173087685,-122.9665780267,
    -7.200233889684));
#2607 = CARTESIAN_POINT('',(186.44436367781,-122.9659273924,
    -7.200234255247));
#2608 = CARTESIAN_POINT('',(186.44699652907,-122.9652767833,
    -7.200234603214));
#2609 = CARTESIAN_POINT('',(186.449629396,-122.9646262081,
    -7.200234881473));
#2610 = CARTESIAN_POINT('',(186.4522622804,-122.9639756662,
    -7.20023518101));
#2611 = CARTESIAN_POINT('',(186.45489523452,-122.9633251449,
    -7.20023554882));
#2612 = CARTESIAN_POINT('',(186.45752831347,-122.9626746305,
    -7.200235855926));
#2613 = CARTESIAN_POINT('',(186.46723370689,-122.9602770069,
    -7.200237053081));
#2614 = CARTESIAN_POINT('',(186.47430677755,-122.9585299451,
    -7.200237942493));
#2615 = CARTESIAN_POINT('',(186.48137888965,-122.9567833934,
    -7.20023879537));
#2616 = CARTESIAN_POINT('',(186.48844694798,-122.9550381139,
    -7.200239561469));
#2617 = CARTESIAN_POINT('',(186.49551483707,-122.9532931475,
    -7.20024034232));
#2618 = CARTESIAN_POINT('',(186.50258775583,-122.9515472117,
    -7.200241251282));
#2619 = CARTESIAN_POINT('',(186.50966560214,-122.9498003325,
    -7.200242269754));
#2620 = CARTESIAN_POINT('',(186.51674238779,-122.9480539876,
    -7.200243247752));
#2621 = CARTESIAN_POINT('',(186.52381261535,-122.9463095331,
    -7.200244060672));
#2622 = CARTESIAN_POINT('',(186.53087949342,-122.9445661768,
    -7.200244797737));
#2623 = CARTESIAN_POINT('',(186.5379538176,-122.9428212554,
    -7.200245721279));
#2624 = CARTESIAN_POINT('',(188.74245479419,-122.3991537284,
    -7.200519507398));
#2625 = CARTESIAN_POINT('',(190.94300422565,-121.8827299112,
    -7.200946566875));
#2626 = CARTESIAN_POINT('',(193.14650158326,-121.3917311405,
    -7.201504637281));
#2627 = CARTESIAN_POINT('',(195.35277565742,-120.9260872056,
    -7.202171540211));
#2628 = CARTESIAN_POINT('',(197.56165703087,-120.4857321564,
    -7.202926059647));
#2629 = CARTESIAN_POINT('',(199.77297807863,-120.0706043035,
    -7.203747941948));
#2630 = CARTESIAN_POINT('',(201.98657296792,-119.6806462177,
    -7.204617895865));
#2631 = CARTESIAN_POINT('',(204.20227765844,-119.3158047307,
    -7.205517592525));
#2632 = CARTESIAN_POINT('',(206.41992990194,-118.9760309344,
    -7.206429665444));
#2633 = CARTESIAN_POINT('',(208.63936924266,-118.6612801813,
    -7.20733771052));
#2634 = CARTESIAN_POINT('',(210.860437017,-118.3715120846,
    -7.208226286035));
#2635 = CARTESIAN_POINT('',(215.30551569044,-117.8418689511,
    -7.209935539274));
#2636 = CARTESIAN_POINT('',(217.52952974108,-117.6019936799,
    -7.210756824986));
#2637 = CARTESIAN_POINT('',(219.75482492268,-117.3870277867,
    -7.211530705961));
#2638 = CARTESIAN_POINT('',(221.98141248936,-117.1969411218,
    -7.212245997328));
#2639 = CARTESIAN_POINT('',(224.20864109777,-117.0316987033,
    -7.212887884599));
#2640 = CARTESIAN_POINT('',(226.43741006534,-116.8912908855,
    -7.213454815304));
#2641 = CARTESIAN_POINT('',(228.66589870311,-116.775673749,
    -7.213926195375));
#2642 = CARTESIAN_POINT('',(230.89600916003,-116.6848614792,
    -7.214310930547));
#2643 = CARTESIAN_POINT('',(233.12560859921,-116.6188125197,
    -7.214589979274));
#2644 = CARTESIAN_POINT('',(235.35609947093,-116.577543522,
    -7.214770770708));
#2645 = CARTESIAN_POINT('',(237.58632141078,-116.561037299,
    -7.214846092889));
#2646 = CARTESIAN_POINT('',(239.81665236529,-116.5693004282,
    -7.214818828762));
#2647 = CARTESIAN_POINT('',(186.42856760472,-122.9698315833,
    -8.199760670456));
#2648 = CARTESIAN_POINT('',(186.43120019101,-122.9691808134,
    -8.199760695347));
#2649 = CARTESIAN_POINT('',(186.43383286387,-122.9685300598,
    -8.199760742891));
#2650 = CARTESIAN_POINT('',(186.43646550731,-122.9678793512,
    -8.199761210255));
#2651 = CARTESIAN_POINT('',(186.43909815854,-122.9672286784,
    -8.199761622928));
#2652 = CARTESIAN_POINT('',(186.44173087526,-122.9665780271,
    -8.199761745428));
#2653 = CARTESIAN_POINT('',(186.44436367507,-122.965927393,
    -8.199761690253));
#2654 = CARTESIAN_POINT('',(186.44699652808,-122.9652767835,
    -8.19976165398));
#2655 = CARTESIAN_POINT('',(186.44962938347,-122.9646262112,
    -8.199761689539));
#2656 = CARTESIAN_POINT('',(186.45226221203,-122.9639756831,
    -8.199761703608));
#2657 = CARTESIAN_POINT('',(186.45489503581,-122.963325194,
    -8.199761648206));
#2658 = CARTESIAN_POINT('',(186.45752790617,-122.9626747311,
    -8.199761655532));
#2659 = CARTESIAN_POINT('',(186.4672323594,-122.9602773398,
    -8.199761617245));
#2660 = CARTESIAN_POINT('',(186.47430402486,-122.9585306253,
    -8.199761575692));
#2661 = CARTESIAN_POINT('',(186.48137570702,-122.9567841788,
    -8.19976157408));
#2662 = CARTESIAN_POINT('',(186.48844751206,-122.9550379742,
    -8.199761663569));
#2663 = CARTESIAN_POINT('',(186.49551944078,-122.9532920111,
    -8.199761741577));
#2664 = CARTESIAN_POINT('',(186.50259140774,-122.9515463107,
    -8.199761693269));
#2665 = CARTESIAN_POINT('',(186.50966335095,-122.9498008883,
    -8.199761537312));
#2666 = CARTESIAN_POINT('',(186.51673530102,-122.9480557364,
    -8.199761425507));
#2667 = CARTESIAN_POINT('',(186.52380734769,-122.9463108327,
    -8.19976148413));
#2668 = CARTESIAN_POINT('',(186.53087953051,-122.9445661675,
    -8.199761622996));
#2669 = CARTESIAN_POINT('',(186.53795176767,-122.942821761,
    -8.199761576452));
#2670 = CARTESIAN_POINT('',(188.74209047097,-122.399243552,
    -8.199762272916));
#2671 = CARTESIAN_POINT('',(190.94235400602,-121.8828807754,
    -8.199923539465));
#2672 = CARTESIAN_POINT('',(193.1456389572,-121.391919588,
    -8.200223032873));
#2673 = CARTESIAN_POINT('',(195.3517708181,-120.9262939204,
    -8.200639348203));
#2674 = CARTESIAN_POINT('',(197.56057614639,-120.4859414523,
    -8.201152020094));
#2675 = CARTESIAN_POINT('',(199.77188244368,-120.0708037277,
    -8.201741521696));
#2676 = CARTESIAN_POINT('',(201.9855180335,-119.6808262649,
    -8.202389263505));
#2677 = CARTESIAN_POINT('',(204.20131193855,-119.3159586621,
    -8.203077592113));
#2678 = CARTESIAN_POINT('',(206.41909375538,-118.9761546994,
    -8.203789788905));
#2679 = CARTESIAN_POINT('',(208.63869352905,-118.6613724354,
    -8.204510068696));
#2680 = CARTESIAN_POINT('',(210.85994162523,-118.3715743008,
    -8.205223578362));
#2681 = CARTESIAN_POINT('',(215.3050358209,-117.8419229404,
    -8.206609100378));
#2682 = CARTESIAN_POINT('',(217.52894330505,-117.602053256,
    -8.207281693031));
#2683 = CARTESIAN_POINT('',(219.75420310321,-117.3870850162,
    -8.207920938251));
#2684 = CARTESIAN_POINT('',(221.98075523685,-117.1969888265,
    -8.208514780761));
#2685 = CARTESIAN_POINT('',(224.20813675265,-117.0317387978,
    -8.20905289317));
#2686 = CARTESIAN_POINT('',(226.43679151276,-116.8913142361,
    -8.209525512019));
#2687 = CARTESIAN_POINT('',(228.66564512377,-116.775693282,
    -8.209925973246));
#2688 = CARTESIAN_POINT('',(230.89558632119,-116.6848670156,
    -8.210246891223));
#2689 = CARTESIAN_POINT('',(233.1255224292,-116.6188169709,
    -8.21048503483));
#2690 = CARTESIAN_POINT('',(235.35595633117,-116.5775432023,
    -8.21063648357));
#2691 = CARTESIAN_POINT('',(237.58632652182,-116.561037322,
    -8.21070060024));
#2692 = CARTESIAN_POINT('',(239.81665236541,-116.5693004282,
    -8.210677441398));
#2693 = CARTESIAN_POINT('',(186.19761348562,-121.9973529159,
    -8.200233276868));
#2694 = CARTESIAN_POINT('',(186.19997616311,-121.9967665152,
    -8.20023356277));
#2695 = CARTESIAN_POINT('',(186.20213173179,-121.9962248389,
    -8.200233827103));
#2696 = CARTESIAN_POINT('',(186.20078982889,-121.9965252233,
    -8.200233680618));
#2697 = CARTESIAN_POINT('',(186.19995802487,-121.9967161892,
    -8.200233587367));
#2698 = CARTESIAN_POINT('',(186.20157816636,-121.9963248497,
    -8.200233778176));
#2699 = CARTESIAN_POINT('',(186.20465754705,-121.9955761335,
    -8.200234143546));
#2700 = CARTESIAN_POINT('',(186.20753372239,-121.9948641963,
    -8.20023449133));
#2701 = CARTESIAN_POINT('',(186.20979563667,-121.9942957222,
    -8.200234769465));
#2702 = CARTESIAN_POINT('',(186.21226757716,-121.9936841407,
    -8.20023506886));
#2703 = CARTESIAN_POINT('',(186.21534632428,-121.992933111,
    -8.200235436474));
#2704 = CARTESIAN_POINT('',(186.21786571256,-121.9923069479,
    -8.200235743459));
#2705 = CARTESIAN_POINT('',(186.22774743273,-121.9898670575,
    -8.200236940221));
#2706 = CARTESIAN_POINT('',(186.23507260398,-121.9880585736,
    -8.2002378288));
#2707 = CARTESIAN_POINT('',(186.24208723063,-121.9863273699,
    -8.200238682395));
#2708 = CARTESIAN_POINT('',(186.24837293268,-121.9847760188,
    -8.200239447808));
#2709 = CARTESIAN_POINT('',(186.25476498435,-121.9831984167,
    -8.200240226782));
#2710 = CARTESIAN_POINT('',(186.26219963892,-121.9813640044,
    -8.200241134908));
#2711 = CARTESIAN_POINT('',(186.2705254612,-121.979310367,
    -8.200242154508));
#2712 = CARTESIAN_POINT('',(186.27850550524,-121.9773423945,
    -8.20024313387));
#2713 = CARTESIAN_POINT('',(186.28511025799,-121.9757136334,
    -8.200243945988));
#2714 = CARTESIAN_POINT('',(186.291074342,-121.9742429064,
    -8.200244680583));
#2715 = CARTESIAN_POINT('',(186.29856305327,-121.9723967227,
    -8.200245603958));
#2716 = CARTESIAN_POINT('',(188.5131501767,-121.4265228405,
    -8.200519255477));
#2717 = CARTESIAN_POINT('',(190.7237533028,-120.9080118142,
    -8.200946099198));
#2718 = CARTESIAN_POINT('',(192.93730806777,-120.41503569,
    -8.201503881036));
#2719 = CARTESIAN_POINT('',(195.15364632292,-119.9475222904,
    -8.20217043158));
#2720 = CARTESIAN_POINT('',(197.37260096631,-119.5054039434,
    -8.202924544032));
#2721 = CARTESIAN_POINT('',(199.59400594258,-119.088617482,-8.2037459742
    ));
#2722 = CARTESIAN_POINT('',(201.81769624303,-118.6971042449,
    -8.204615440499));
#2723 = CARTESIAN_POINT('',(204.04350790571,-118.3308100761,
    -8.205514623955));
#2724 = CARTESIAN_POINT('',(206.27127801517,-117.9896853247,
    -8.206426168201));
#2725 = CARTESIAN_POINT('',(208.50084470278,-117.6736848456,
    -8.207333679476));
#2726 = CARTESIAN_POINT('',(210.73204714644,-117.3827679986,
    -8.20822172663));
#2727 = CARTESIAN_POINT('',(215.19740399508,-116.8510292996,
    -8.20992995561));
#2728 = CARTESIAN_POINT('',(217.43109460359,-116.6102031581,
    -8.210750727964));
#2729 = CARTESIAN_POINT('',(219.67018003956,-116.3944163362,
    -8.211524253629));
#2730 = CARTESIAN_POINT('',(221.89286601483,-116.2034778888,
    -8.212238673656));
#2731 = CARTESIAN_POINT('',(224.16542615006,-116.037843862,
    -8.212881158746));
#2732 = CARTESIAN_POINT('',(226.3416175174,-115.8964264647,
    -8.213446124799));
#2733 = CARTESIAN_POINT('',(228.66397758489,-115.7809602592,
    -8.213919083446));
#2734 = CARTESIAN_POINT('',(230.81842854276,-115.6891863791,
    -8.214301989761));
#2735 = CARTESIAN_POINT('',(233.12714489133,-115.6233444626,
    -8.214581815724));
#2736 = CARTESIAN_POINT('',(235.32361434854,-115.5816411125,
    -8.214762109879));
#2737 = CARTESIAN_POINT('',(237.58722731829,-115.5651917668,
    -8.214837470462));
#2738 = CARTESIAN_POINT('',(239.81671985805,-115.5734505574,
    -8.214810214759));
#2739 = ADVANCED_FACE('',(#2740),#2768,.T.);
#2740 = FACE_BOUND('',#2741,.T.);
#2741 = EDGE_LOOP('',(#2742,#2743,#2744,#2752));
#2742 = ORIENTED_EDGE('',*,*,#2544,.T.);
#2743 = ORIENTED_EDGE('',*,*,#1125,.T.);
#2744 = ORIENTED_EDGE('',*,*,#2745,.F.);
#2745 = EDGE_CURVE('',#2746,#1093,#2748,.T.);
#2746 = VERTEX_POINT('',#2747);
#2747 = CARTESIAN_POINT('',(314.67762728284,-116.5743747598,
    -7.215034818434));
#2748 = ( BOUNDED_CURVE() B_SPLINE_CURVE(2,(#2749,#2750,#2751),
.UNSPECIFIED.,.F.,.F.) B_SPLINE_CURVE_WITH_KNOTS((3,3),(0.,
132.48616919949),.PIECEWISE_BEZIER_KNOTS.) CURVE() 
GEOMETRIC_REPRESENTATION_ITEM() RATIONAL_B_SPLINE_CURVE((1.,
0.708584119126,1.)) REPRESENTATION_ITEM('') );
#2749 = CARTESIAN_POINT('',(314.67762728284,-116.5743747598,
    -7.215034818434));
#2750 = CARTESIAN_POINT('',(314.67755551657,-116.574374755,
    -8.210860619973));
#2751 = CARTESIAN_POINT('',(314.65821780839,-115.5787454334,
    -8.215024668986));
#2752 = ORIENTED_EDGE('',*,*,#2753,.F.);
#2753 = EDGE_CURVE('',#2545,#2746,#2754,.T.);
#2754 = ( BOUNDED_CURVE() B_SPLINE_CURVE(12,(#2755,#2756,#2757,#2758,
    #2759,#2760,#2761,#2762,#2763,#2764,#2765,#2766,#2767),
.UNSPECIFIED.,.F.,.F.) B_SPLINE_CURVE_WITH_KNOTS((13,13),(
746.91704508782,879.40321428732),.PIECEWISE_BEZIER_KNOTS.) CURVE() 
GEOMETRIC_REPRESENTATION_ITEM() RATIONAL_B_SPLINE_CURVE((1.,1.,1.,1.,
    0.999999999999,1.000000000002,0.999999999998,1.000000000002,
0.999999999998,1.000000000001,1.,1.,1.)) REPRESENTATION_ITEM('') );
#2755 = CARTESIAN_POINT('',(239.81665236529,-116.5693004282,
    -7.2148188273));
#2756 = CARTESIAN_POINT('',(246.0550651841,-116.5697232891,
    -7.214836708839));
#2757 = CARTESIAN_POINT('',(252.29365779592,-116.5701461621,
    -7.214854645438));
#2758 = CARTESIAN_POINT('',(258.53058158697,-116.570568922,
    -7.214872246132));
#2759 = CARTESIAN_POINT('',(264.77479857167,-116.5709921763,
    -7.214891369928));
#2760 = CARTESIAN_POINT('',(270.998489611,-116.5714140393,
    -7.214906229391));
#2761 = CARTESIAN_POINT('',(277.26360668926,-116.5718387102,
    -7.214929846657));
#2762 = CARTESIAN_POINT('',(283.46549811446,-116.5722590955,
    -7.214939849065));
#2763 = CARTESIAN_POINT('',(289.74269353841,-116.5726845852,
    -7.214966641287));
#2764 = CARTESIAN_POINT('',(295.94849641903,-116.5731052356,
    -7.214976646334));
#2765 = CARTESIAN_POINT('',(302.20855181869,-116.5735295635,
    -7.215000694989));
#2766 = CARTESIAN_POINT('',(308.43721501169,-116.5739517635,
    -7.215014929901));
#2767 = CARTESIAN_POINT('',(314.67762728284,-116.5743747598,
    -7.215034818434));
#2768 = ( BOUNDED_SURFACE() B_SPLINE_SURFACE(2,12,(
    (#2769,#2770,#2771,#2772,#2773,#2774,#2775,#2776,#2777,#2778,#2779
      ,#2780,#2781)
    ,(#2782,#2783,#2784,#2785,#2786,#2787,#2788,#2789,#2790,#2791,#2792
      ,#2793,#2794)
    ,(#2795,#2796,#2797,#2798,#2799,#2800,#2801,#2802,#2803,#2804,#2805
      ,#2806,#2807
)),.UNSPECIFIED.,.F.,.F.,.F.) B_SPLINE_SURFACE_WITH_KNOTS((3,3),(13,13),
  (0.,132.48616919949),(746.91704508782,879.40321428732),
.PIECEWISE_BEZIER_KNOTS.) GEOMETRIC_REPRESENTATION_ITEM() 
RATIONAL_B_SPLINE_SURFACE((
    (1.,1.,1.,1.,0.999999999999,1.000000000002,0.999999999998
      ,1.000000000002,0.999999999998,1.000000000001,1.,1.,1.)
    ,(0.70857249501,0.708573449781,0.708574416508,0.708575287512
      ,0.708576573949,0.70857668451,0.708579199898,0.708577967743
      ,0.708581350616,0.708580110666,0.708582735723,0.708582651119
      ,0.708584119126)
    ,(1.,1.,1.,1.,0.999999999999,1.000000000002,0.999999999998
      ,1.000000000002,0.999999999998,1.000000000001,1.,1.,1.
))) REPRESENTATION_ITEM('') SURFACE() );
#2769 = CARTESIAN_POINT('',(239.81665236529,-116.5693004282,
    -7.2148188273));
#2770 = CARTESIAN_POINT('',(246.0550651841,-116.5697232891,
    -7.214836708839));
#2771 = CARTESIAN_POINT('',(252.29365779592,-116.5701461621,
    -7.214854645438));
#2772 = CARTESIAN_POINT('',(258.53058158697,-116.570568922,
    -7.214872246132));
#2773 = CARTESIAN_POINT('',(264.77479857167,-116.5709921763,
    -7.214891369928));
#2774 = CARTESIAN_POINT('',(270.998489611,-116.5714140393,
    -7.214906229391));
#2775 = CARTESIAN_POINT('',(277.26360668926,-116.5718387102,
    -7.214929846657));
#2776 = CARTESIAN_POINT('',(283.46549811446,-116.5722590955,
    -7.214939849065));
#2777 = CARTESIAN_POINT('',(289.74269353841,-116.5726845852,
    -7.214966641287));
#2778 = CARTESIAN_POINT('',(295.94849641903,-116.5731052356,
    -7.214976646334));
#2779 = CARTESIAN_POINT('',(302.20855181869,-116.5735295635,
    -7.215000694989));
#2780 = CARTESIAN_POINT('',(308.43721501169,-116.5739517635,
    -7.215014929901));
#2781 = CARTESIAN_POINT('',(314.67762728284,-116.5743747598,
    -7.215034818434));
#2782 = CARTESIAN_POINT('',(239.81665236541,-116.5693004282,
    -8.210677441397));
#2783 = CARTESIAN_POINT('',(246.055053767,-116.5697232883,
    -8.210692627976));
#2784 = CARTESIAN_POINT('',(252.29364104762,-116.570146161,
    -8.210707835709));
#2785 = CARTESIAN_POINT('',(258.53055028694,-116.5705689199,
    -8.21072297918));
#2786 = CARTESIAN_POINT('',(264.77479778383,-116.5709921763,
    -8.210738466884));
#2787 = CARTESIAN_POINT('',(270.99840632746,-116.5714140336,
    -8.210753027084));
#2788 = CARTESIAN_POINT('',(277.26365570659,-116.5718387136,
    -8.210769520788));
#2789 = CARTESIAN_POINT('',(283.4653835434,-116.5722590878,
    -8.21078303434));
#2790 = CARTESIAN_POINT('',(289.74273594503,-116.5726845881,
    -8.210800241171));
#2791 = CARTESIAN_POINT('',(295.94843401879,-116.5731052314,
    -8.210813779652));
#2792 = CARTESIAN_POINT('',(302.20857218598,-116.5735295649,
    -8.210830393429));
#2793 = CARTESIAN_POINT('',(308.43724582565,-116.5739517656,
    -8.210844883262));
#2794 = CARTESIAN_POINT('',(314.67755551657,-116.574374755,
    -8.210860619973));
#2795 = CARTESIAN_POINT('',(239.81671985805,-115.5734505574,
    -8.214810214759));
#2796 = CARTESIAN_POINT('',(246.05496636364,-115.5738756879,
    -8.21482808792));
#2797 = CARTESIAN_POINT('',(252.29363900815,-115.5743148118,
    -8.214845916544));
#2798 = CARTESIAN_POINT('',(258.53061766066,-115.5746381199,
    -8.214864237843));
#2799 = CARTESIAN_POINT('',(264.77491502134,-115.5754631433,
    -8.214880492523));
#2800 = CARTESIAN_POINT('',(270.99844209326,-115.5748670672,
    -8.214902649386));
#2801 = CARTESIAN_POINT('',(277.26384320265,-115.5771777675,
    -8.214912771208));
#2802 = CARTESIAN_POINT('',(283.46537396675,-115.5749563838,
    -8.214941692689));
#2803 = CARTESIAN_POINT('',(289.74291193347,-115.5783184368,
    -8.214947476675));
#2804 = CARTESIAN_POINT('',(295.94935560663,-115.576084094,
    -8.214976488326));
#2805 = CARTESIAN_POINT('',(302.21425967857,-115.5785293421,
    -8.214986103903));
#2806 = CARTESIAN_POINT('',(308.45024636337,-115.5776904608,
    -8.215009386603));
#2807 = CARTESIAN_POINT('',(314.65821780839,-115.5787454334,
    -8.215024668986));
#2808 = ADVANCED_FACE('',(#2809),#2852,.T.);
#2809 = FACE_BOUND('',#2810,.T.);
#2810 = EDGE_LOOP('',(#2811,#2812,#2813,#2821));
#2811 = ORIENTED_EDGE('',*,*,#2745,.T.);
#2812 = ORIENTED_EDGE('',*,*,#1092,.T.);
#2813 = ORIENTED_EDGE('',*,*,#2814,.F.);
#2814 = EDGE_CURVE('',#2815,#969,#2817,.T.);
#2815 = VERTEX_POINT('',#2816);
#2816 = CARTESIAN_POINT('',(320.67657287563,-110.5745502999,
    -7.244323647101));
#2817 = ( BOUNDED_CURVE() B_SPLINE_CURVE(2,(#2818,#2819,#2820),
.UNSPECIFIED.,.F.,.F.) B_SPLINE_CURVE_WITH_KNOTS((3,3),(0.,
14.369140366033),.PIECEWISE_BEZIER_KNOTS.) CURVE() 
GEOMETRIC_REPRESENTATION_ITEM() RATIONAL_B_SPLINE_CURVE((1.,
0.707104984872,1.)) REPRESENTATION_ITEM('') );
#2818 = CARTESIAN_POINT('',(320.67657287563,-110.5745502999,
    -7.244323647101));
#2819 = CARTESIAN_POINT('',(320.67657243003,-110.5821761951,
    -8.244299650438));
#2820 = CARTESIAN_POINT('',(319.67672459538,-110.5644433936,
    -8.244429355709));
#2821 = ORIENTED_EDGE('',*,*,#2822,.F.);
#2822 = EDGE_CURVE('',#2746,#2815,#2823,.T.);
#2823 = ( BOUNDED_CURVE() B_SPLINE_CURVE(14,(#2824,#2825,#2826,#2827,
    #2828,#2829,#2830,#2831,#2832,#2833,#2834,#2835,#2836,#2837,#2838,
    #2839,#2840,#2841,#2842,#2843,#2844,#2845,#2846,#2847,#2848,#2849,
#2850,#2851),.UNSPECIFIED.,.F.,.F.) B_SPLINE_CURVE_WITH_KNOTS((15,13,15)
  ,(879.40321428732,883.64537645066,893.77235465335),.UNSPECIFIED.) 
CURVE() GEOMETRIC_REPRESENTATION_ITEM() RATIONAL_B_SPLINE_CURVE((1.,1.,
    0.999999999999,1.000000000002,0.999999999996,1.000000000006,
    0.999999999993,1.000000000007,0.999999999995,1.000000000004,
    0.999999999998,1.000000000001,1.,1.,1.000000000001,0.999999999996,
    1.000000000011,0.999999999979,1.000000000034,0.999999999958,
    1.000000000043,0.999999999963,1.000000000026,0.999999999985,
1.000000000007,0.999999999998,1.,1.)) REPRESENTATION_ITEM('') );
#2824 = CARTESIAN_POINT('',(314.67762728284,-116.5743747598,
    -7.215034798777));
#2825 = CARTESIAN_POINT('',(314.84889713226,-116.5743396622,
    -7.215033481639));
#2826 = CARTESIAN_POINT('',(315.02025766779,-116.5690374136,
    -7.215054571347));
#2827 = CARTESIAN_POINT('',(315.19146282937,-116.5584675012,
    -7.215092067674));
#2828 = CARTESIAN_POINT('',(315.36244286959,-116.5426279204,
    -7.215146822129));
#2829 = CARTESIAN_POINT('',(315.53315977436,-116.5215070096,
    -7.215220556068));
#2830 = CARTESIAN_POINT('',(315.70355003028,-116.4950831125,
    -7.215313904811));
#2831 = CARTESIAN_POINT('',(315.87351807886,-116.4633273261,
    -7.215426593345));
#2832 = CARTESIAN_POINT('',(316.04295197532,-116.4262060945,
    -7.215558329979));
#2833 = CARTESIAN_POINT('',(316.21174094759,-116.3836819136,
    -7.215709485953));
#2834 = CARTESIAN_POINT('',(316.37978272882,-116.3357119112,
    -7.215881109486));
#2835 = CARTESIAN_POINT('',(316.5469767143,-116.2822455725,
    -7.216074304629));
#2836 = CARTESIAN_POINT('',(316.71320717187,-116.2232243806,
    -7.216289485665));
#2837 = CARTESIAN_POINT('',(316.87832891192,-116.1585876474,
    -7.216526499606));
#2838 = CARTESIAN_POINT('',(317.4333151996,-115.9204750349,
    -7.21740917666));
#2839 = CARTESIAN_POINT('',(317.81711944346,-115.7203240617,
    -7.218164345734));
#2840 = CARTESIAN_POINT('',(318.19240225302,-115.4879911996,
    -7.219060745474));
#2841 = CARTESIAN_POINT('',(318.55256585982,-115.2165522697,
    -7.220134977543));
#2842 = CARTESIAN_POINT('',(318.9104451696,-114.9303626994,
    -7.221302860956));
#2843 = CARTESIAN_POINT('',(319.2364686334,-114.5454410648,
    -7.222929673022));
#2844 = CARTESIAN_POINT('',(319.55588193811,-114.2504233143,
    -7.224233374198));
#2845 = CARTESIAN_POINT('',(319.8512991848,-113.7126763172,
    -7.226667269597));
#2846 = CARTESIAN_POINT('',(320.08710897245,-113.3792281865,
    -7.228356803502));
#2847 = CARTESIAN_POINT('',(320.33222735066,-112.8016532433,
    -7.231169820062));
#2848 = CARTESIAN_POINT('',(320.49577904156,-112.2919590194,
    -7.233993221112));
#2849 = CARTESIAN_POINT('',(320.61736559071,-111.7252880493,
    -7.237187441215));
#2850 = CARTESIAN_POINT('',(320.67653924832,-111.1500319612,
    -7.240665986427));
#2851 = CARTESIAN_POINT('',(320.67657287563,-110.5745502999,
    -7.244323647101));
#2852 = ( BOUNDED_SURFACE() B_SPLINE_SURFACE(2,14,(
    (#2853,#2854,#2855,#2856,#2857,#2858,#2859,#2860,#2861,#2862,#2863
      ,#2864,#2865,#2866,#2867,#2868,#2869,#2870,#2871,#2872,#2873,#2874
      ,#2875,#2876,#2877,#2878,#2879,#2880)
    ,(#2881,#2882,#2883,#2884,#2885,#2886,#2887,#2888,#2889,#2890,#2891
      ,#2892,#2893,#2894,#2895,#2896,#2897,#2898,#2899,#2900,#2901,#2902
      ,#2903,#2904,#2905,#2906,#2907,#2908)
    ,(#2909,#2910,#2911,#2912,#2913,#2914,#2915,#2916,#2917,#2918,#2919
      ,#2920,#2921,#2922,#2923,#2924,#2925,#2926,#2927,#2928,#2929,#2930
      ,#2931,#2932,#2933,#2934,#2935,#2936
)),.UNSPECIFIED.,.F.,.F.,.F.) B_SPLINE_SURFACE_WITH_KNOTS((3,3),(15,13,
    15),(0.,14.369140366033),(879.40321428732,883.64537645066,
893.77235465335),.UNSPECIFIED.) GEOMETRIC_REPRESENTATION_ITEM() 
RATIONAL_B_SPLINE_SURFACE((
    (1.,1.,0.999999999999,1.000000000002,0.999999999996,1.000000000006
      ,0.999999999993,1.000000000007,0.999999999995,1.000000000004
      ,0.999999999998,1.000000000001,1.,1.,1.000000000001,0.999999999996
      ,1.000000000011,0.999999999979,1.000000000034,0.999999999958
      ,1.000000000043,0.999999999963,1.000000000026,0.999999999985
      ,1.000000000007,0.999999999998,1.,1.)
    ,(0.70858411219,0.708583436645,0.708583987128,0.708583444051
      ,0.708582089201,0.708580524828,0.708578913255,0.708577027424
      ,0.708574581437,0.70857148968,0.708567881736,0.708563879628
      ,0.708559322881,0.708553805907,0.708532688141,0.708512902043
      ,0.708490295782,0.708445300248,0.708440606896,0.708307260049
      ,0.708368416303,0.708122864678,0.708164652602,0.707927284968
      ,0.70781172437,0.707591908938,0.707363983071,0.707104984872)
    ,(1.,1.,0.999999999999,1.000000000002,0.999999999996,1.000000000006
      ,0.999999999993,1.000000000007,0.999999999995,1.000000000004
      ,0.999999999998,1.000000000001,1.,1.,1.000000000001,0.999999999996
      ,1.000000000011,0.999999999979,1.000000000034,0.999999999958
      ,1.000000000043,0.999999999963,1.000000000026,0.999999999985
,1.000000000007,0.999999999998,1.,1.
  ))) REPRESENTATION_ITEM('') SURFACE() );
#2853 = CARTESIAN_POINT('',(314.67762728284,-116.5743747598,
    -7.215034798777));
#2854 = CARTESIAN_POINT('',(314.84889713226,-116.5743396622,
    -7.215033481639));
#2855 = CARTESIAN_POINT('',(315.02025766779,-116.5690374136,
    -7.215054571347));
#2856 = CARTESIAN_POINT('',(315.19146282937,-116.5584675012,
    -7.215092067674));
#2857 = CARTESIAN_POINT('',(315.36244286959,-116.5426279204,
    -7.215146822129));
#2858 = CARTESIAN_POINT('',(315.53315977436,-116.5215070096,
    -7.215220556068));
#2859 = CARTESIAN_POINT('',(315.70355003028,-116.4950831125,
    -7.215313904811));
#2860 = CARTESIAN_POINT('',(315.87351807886,-116.4633273261,
    -7.215426593345));
#2861 = CARTESIAN_POINT('',(316.04295197532,-116.4262060945,
    -7.215558329979));
#2862 = CARTESIAN_POINT('',(316.21174094759,-116.3836819136,
    -7.215709485953));
#2863 = CARTESIAN_POINT('',(316.37978272882,-116.3357119112,
    -7.215881109486));
#2864 = CARTESIAN_POINT('',(316.5469767143,-116.2822455725,
    -7.216074304629));
#2865 = CARTESIAN_POINT('',(316.71320717187,-116.2232243806,
    -7.216289485665));
#2866 = CARTESIAN_POINT('',(316.87832891192,-116.1585876474,
    -7.216526499606));
#2867 = CARTESIAN_POINT('',(317.4333151996,-115.9204750349,
    -7.21740917666));
#2868 = CARTESIAN_POINT('',(317.81711944346,-115.7203240617,
    -7.218164345734));
#2869 = CARTESIAN_POINT('',(318.19240225302,-115.4879911996,
    -7.219060745474));
#2870 = CARTESIAN_POINT('',(318.55256585982,-115.2165522697,
    -7.220134977543));
#2871 = CARTESIAN_POINT('',(318.9104451696,-114.9303626994,
    -7.221302860956));
#2872 = CARTESIAN_POINT('',(319.2364686334,-114.5454410648,
    -7.222929673022));
#2873 = CARTESIAN_POINT('',(319.55588193811,-114.2504233143,
    -7.224233374198));
#2874 = CARTESIAN_POINT('',(319.8512991848,-113.7126763172,
    -7.226667269597));
#2875 = CARTESIAN_POINT('',(320.08710897245,-113.3792281865,
    -7.228356803502));
#2876 = CARTESIAN_POINT('',(320.33222735066,-112.8016532433,
    -7.231169820062));
#2877 = CARTESIAN_POINT('',(320.49577904156,-112.2919590194,
    -7.233993221112));
#2878 = CARTESIAN_POINT('',(320.61736559071,-111.7252880493,
    -7.237187441215));
#2879 = CARTESIAN_POINT('',(320.67653924832,-111.1500319612,
    -7.240665986427));
#2880 = CARTESIAN_POINT('',(320.67657287563,-110.5745502999,
    -7.244323647101));
#2881 = CARTESIAN_POINT('',(314.67755551695,-116.5743747745,
    -8.210860619891));
#2882 = CARTESIAN_POINT('',(314.84882239915,-116.574341726,
    -8.210861209293));
#2883 = CARTESIAN_POINT('',(315.02007795662,-116.5690420959,
    -8.210880740593));
#2884 = CARTESIAN_POINT('',(315.19116551422,-116.5584840564,
    -8.210919749389));
#2885 = CARTESIAN_POINT('',(315.36203718579,-116.542664714,
    -8.21097829225));
#2886 = CARTESIAN_POINT('',(315.53265248352,-116.521570117,
    -8.211056393717));
#2887 = CARTESIAN_POINT('',(315.70294230376,-116.4951778003,
    -8.21115423266));
#2888 = CARTESIAN_POINT('',(315.87280926216,-116.4634595044,
    -8.211272174708));
#2889 = CARTESIAN_POINT('',(316.04214258146,-116.4263826863,
    -8.211410733601));
#2890 = CARTESIAN_POINT('',(316.21083257505,-116.3839103221,
    -8.211570520389));
#2891 = CARTESIAN_POINT('',(316.37877621574,-116.3359993579,
    -8.211752215987));
#2892 = CARTESIAN_POINT('',(316.54587133504,-116.2825990377,
    -8.211956578788));
#2893 = CARTESIAN_POINT('',(316.71200266661,-116.2236513021,
    -8.212184475089));
#2894 = CARTESIAN_POINT('',(316.87702823808,-116.1590965589,
    -8.212436895558));
#2895 = CARTESIAN_POINT('',(317.43170172801,-115.9212845763,
    -8.213378562586));
#2896 = CARTESIAN_POINT('',(317.81530086444,-115.7213958579,
    -8.21418898313));
#2897 = CARTESIAN_POINT('',(318.19040510219,-115.4892817567,
    -8.21514910467));
#2898 = CARTESIAN_POINT('',(318.55036790271,-115.2185439557,
    -8.216347035191));
#2899 = CARTESIAN_POINT('',(318.9082000357,-114.9317280531,
    -8.21753448538));
#2900 = CARTESIAN_POINT('',(319.23398869674,-114.549367314,
    -8.219521523313));
#2901 = CARTESIAN_POINT('',(319.55352605382,-114.2515780138,
    -8.220674613492));
#2902 = CARTESIAN_POINT('',(319.84885032538,-113.7182351838,
    -8.223772460701));
#2903 = CARTESIAN_POINT('',(320.08479517704,-113.3818999402,
    -8.225367353498));
#2904 = CARTESIAN_POINT('',(320.33014277858,-112.8074111661,
    -8.228830424436));
#2905 = CARTESIAN_POINT('',(320.49398353427,-112.2970768117,
    -8.231987392627));
#2906 = CARTESIAN_POINT('',(320.61603612701,-111.7316990524,
    -8.235794756619));
#2907 = CARTESIAN_POINT('',(320.67580770431,-111.1569804075,
    -8.2399145756));
#2908 = CARTESIAN_POINT('',(320.67657243003,-110.5821761951,
    -8.244299650438));
#2909 = CARTESIAN_POINT('',(314.65821780838,-115.5787454334,
    -8.215024668986));
#2910 = CARTESIAN_POINT('',(314.82859730602,-115.57872771,
    -8.215025283638));
#2911 = CARTESIAN_POINT('',(314.97049102794,-115.5737699183,
    -8.215046466906));
#2912 = CARTESIAN_POINT('',(315.10853770868,-115.5647932554,
    -8.21508445751));
#2913 = CARTESIAN_POINT('',(315.24879655112,-115.5517645362,
    -8.215139455959));
#2914 = CARTESIAN_POINT('',(315.39070276929,-115.5344105758,
    -8.215212698139));
#2915 = CARTESIAN_POINT('',(315.53273648877,-115.5125341696,
    -8.215305157483));
#2916 = CARTESIAN_POINT('',(315.67424303401,-115.4860845127,
    -8.215417253647));
#2917 = CARTESIAN_POINT('',(315.81531085979,-115.4551036909,
    -8.215549072141));
#2918 = CARTESIAN_POINT('',(315.95608161348,-115.4196396667,
    -8.215700725133));
#2919 = CARTESIAN_POINT('',(316.09633504221,-115.3796849744,
    -8.21587261045));
#2920 = CARTESIAN_POINT('',(316.23565968855,-115.3351691308,
    -8.216065451344));
#2921 = CARTESIAN_POINT('',(316.37398854596,-115.2860015577,
    -8.21628012649));
#2922 = CARTESIAN_POINT('',(316.51174707459,-115.2321306041,
    -8.216517425306));
#2923 = CARTESIAN_POINT('',(316.9743809246,-115.0337154827,
    -8.217400016697));
#2924 = CARTESIAN_POINT('',(317.29402346414,-114.8667058682,
    -8.218160040499));
#2925 = CARTESIAN_POINT('',(317.60953845516,-114.6755142928,
    -8.219009555429));
#2926 = CARTESIAN_POINT('',(317.89654588317,-114.436307719,
    -8.22031157721));
#2927 = CARTESIAN_POINT('',(318.23332499515,-114.2467971365,
    -8.220733605395));
#2928 = CARTESIAN_POINT('',(318.42399419971,-113.7939686548,
    -8.224145567443));
#2929 = CARTESIAN_POINT('',(318.81942306877,-113.8198032155,
    -8.222154211157));
#2930 = CARTESIAN_POINT('',(318.90676195955,-112.9326628397,
    -8.229416831225));
#2931 = CARTESIAN_POINT('',(319.25499596132,-113.2222102893,
    -8.225387508365));
#2932 = CARTESIAN_POINT('',(319.34542065684,-112.1501212037,
    -8.233727569935));
#2933 = CARTESIAN_POINT('',(319.54757046697,-112.2272171808,
    -8.232147883354));
#2934 = CARTESIAN_POINT('',(319.6211030793,-111.406793167,
    -8.238237833645));
#2935 = CARTESIAN_POINT('',(319.67699591654,-111.1223378873,
    -8.240166353711));
#2936 = CARTESIAN_POINT('',(319.67672459538,-110.5644433936,
    -8.244429355709));
#2937 = ADVANCED_FACE('',(#2938),#3072,.T.);
#2938 = FACE_BOUND('',#2939,.T.);
#2939 = EDGE_LOOP('',(#2940,#2941,#2942,#2950));
#2940 = ORIENTED_EDGE('',*,*,#2814,.T.);
#2941 = ORIENTED_EDGE('',*,*,#968,.T.);
#2942 = ORIENTED_EDGE('',*,*,#2943,.F.);
#2943 = EDGE_CURVE('',#2944,#910,#2946,.T.);
#2944 = VERTEX_POINT('',#2945);
#2945 = CARTESIAN_POINT('',(320.70825804649,-22.5289227844,
    -12.96688751609));
#2946 = ( BOUNDED_CURVE() B_SPLINE_CURVE(2,(#2947,#2948,#2949),
.UNSPECIFIED.,.F.,.F.) B_SPLINE_CURVE_WITH_KNOTS((3,3),(0.,
111.33816267848),.PIECEWISE_BEZIER_KNOTS.) CURVE() 
GEOMETRIC_REPRESENTATION_ITEM() RATIONAL_B_SPLINE_CURVE((1.,
0.707105809312,1.)) REPRESENTATION_ITEM('') );
#2947 = CARTESIAN_POINT('',(320.70825804649,-22.5289227844,
    -12.96688751609));
#2948 = CARTESIAN_POINT('',(320.70825519513,-22.53684603329,
    -13.96685887562));
#2949 = CARTESIAN_POINT('',(319.70825812986,-22.54021740623,
    -13.96682656223));
#2950 = ORIENTED_EDGE('',*,*,#2951,.F.);
#2951 = EDGE_CURVE('',#2815,#2944,#2952,.T.);
#2952 = ( BOUNDED_CURVE() B_SPLINE_CURVE(14,(#2953,#2954,#2955,#2956,
    #2957,#2958,#2959,#2960,#2961,#2962,#2963,#2964,#2965,#2966,#2967,
    #2968,#2969,#2970,#2971,#2972,#2973,#2974,#2975,#2976,#2977,#2978,
    #2979,#2980,#2981,#2982,#2983,#2984,#2985,#2986,#2987,#2988,#2989,
    #2990,#2991,#2992,#2993,#2994,#2995,#2996,#2997,#2998,#2999,#3000,
    #3001,#3002,#3003,#3004,#3005,#3006,#3007,#3008,#3009,#3010,#3011,
    #3012,#3013,#3014,#3015,#3016,#3017,#3018,#3019,#3020,#3021,#3022,
    #3023,#3024,#3025,#3026,#3027,#3028,#3029,#3030,#3031,#3032,#3033,
    #3034,#3035,#3036,#3037,#3038,#3039,#3040,#3041,#3042,#3043,#3044,
    #3045,#3046,#3047,#3048,#3049,#3050,#3051,#3052,#3053,#3054,#3055,
    #3056,#3057,#3058,#3059,#3060,#3061,#3062,#3063,#3064,#3065,#3066,
    #3067,#3068,#3069,#3070,#3071),.UNSPECIFIED.,.F.,.F.) 
B_SPLINE_CURVE_WITH_KNOTS((15,13,13,13,13,13,13,13,13,15),(
    893.77235467539,893.78194899498,911.88294893758,929.98305527106,
    948.07606166037,952.77722913936,957.47839661834,966.8807315763,
985.99204349121,1.005110517354E+03),.UNSPECIFIED.) CURVE() 
GEOMETRIC_REPRESENTATION_ITEM() RATIONAL_B_SPLINE_CURVE((1.,1.,
    0.999999999999,1.000000000002,0.999999999995,1.000000000008,
    0.99999999999,1.00000000001,0.999999999991,1.000000000007,
    0.999999999996,1.000000000002,0.999999999999,1.,1.000000000001,
    0.999999999996,1.000000000012,0.999999999975,1.000000000041,
    0.999999999945,1.00000000006,0.999999999947,1.000000000039,
    0.999999999977,1.00000000001,0.999999999997,1.,1.,0.999999999999,
    1.000000000005,0.99999999999,1.000000000016,0.99999999998,
    1.00000000002,0.999999999983,1.000000000012,0.999999999994,
    1.000000000003,0.999999999999,1.,1.,1.,1.,0.999999999999,
    1.000000000001,0.999999999999,1.000000000001,0.999999999999,
    1.000000000001,1.,1.,1.000000000001,1.,1.,0.999999999997,
    1.00000000001,0.99999999998,1.000000000033,0.999999999958,
    1.000000000044,0.999999999963,1.000000000026,0.999999999986,
    1.000000000006,0.999999999998,1.,1.,0.999999999998,1.000000000007,
    0.999999999984,1.000000000025,0.999999999967,1.000000000034,
    0.999999999971,1.00000000002,0.999999999989,1.000000000005,
    0.999999999999,1.,1.,0.999999999999,1.000000000004,0.999999999992,
    1.000000000014,0.999999999982,1.00000000002,0.999999999982,
    1.000000000013,0.999999999992,1.000000000004,0.999999999999,1.,1.,
    1.000000000001,0.999999999999,1.000000000003,0.999999999996,
    1.000000000006,0.999999999994,1.000000000006,0.999999999995,
    1.000000000003,0.999999999998,1.000000000001,1.,1.,0.999999999999,
    1.000000000002,0.999999999996,1.000000000008,0.999999999988,
    1.000000000014,0.999999999986,1.000000000011,0.999999999993,
1.000000000003,0.999999999999,1.,1.)) REPRESENTATION_ITEM('') );
#2953 = CARTESIAN_POINT('',(320.67657287563,-110.5745502999,
    -7.244325946244));
#2954 = CARTESIAN_POINT('',(320.67657307184,-110.5740050957,
    -7.244330104645));
#2955 = CARTESIAN_POINT('',(320.67657326804,-110.5734598923,
    -7.244334263284));
#2956 = CARTESIAN_POINT('',(320.67657346424,-110.5729146897,
    -7.24433842216));
#2957 = CARTESIAN_POINT('',(320.67657366044,-110.572369488,
    -7.244342581275));
#2958 = CARTESIAN_POINT('',(320.67657385665,-110.5718242874,
    -7.244346740626));
#2959 = CARTESIAN_POINT('',(320.67657405285,-110.5712790873,
    -7.244350900216));
#2960 = CARTESIAN_POINT('',(320.67657424906,-110.5707338886,
    -7.244355060043));
#2961 = CARTESIAN_POINT('',(320.67657444525,-110.5701886901,
    -7.244359220107));
#2962 = CARTESIAN_POINT('',(320.67657464146,-110.5696434932,
    -7.244363380411));
#2963 = CARTESIAN_POINT('',(320.67657483765,-110.5690982966,
    -7.244367540949));
#2964 = CARTESIAN_POINT('',(320.67657503386,-110.5685531012,
    -7.244371701728));
#2965 = CARTESIAN_POINT('',(320.67657523006,-110.5680079066,
    -7.244375862742));
#2966 = CARTESIAN_POINT('',(320.67657542626,-110.5674627129,
    -7.244380023995));
#2967 = CARTESIAN_POINT('',(320.67694578015,-109.53833648,-7.25223540736
    ));
#2968 = CARTESIAN_POINT('',(320.67731473915,-108.5130863129,
    -7.260922526885));
#2969 = CARTESIAN_POINT('',(320.67768515434,-107.4837897263,
    -7.270527666584));
#2970 = CARTESIAN_POINT('',(320.67805536916,-106.4550499444,
    -7.281076957609));
#2971 = CARTESIAN_POINT('',(320.6784250017,-105.4279281454,
    -7.292600990246));
#2972 = CARTESIAN_POINT('',(320.67879455136,-104.4010367076,
    -7.305148761215));
#2973 = CARTESIAN_POINT('',(320.67916438897,-103.3733450605,
    -7.318785570214));
#2974 = CARTESIAN_POINT('',(320.67953450335,-102.3448843906,
    -7.333582990448));
#2975 = CARTESIAN_POINT('',(320.67990469237,-101.3162162596,
    -7.3496060646));
#2976 = CARTESIAN_POINT('',(320.68027469869,-100.2880558625,
    -7.366908101458));
#2977 = CARTESIAN_POINT('',(320.68064428202,-99.26107083051,
    -7.385545651876));
#2978 = CARTESIAN_POINT('',(320.68101358364,-98.2348685913,
    -7.405614277355));
#2979 = CARTESIAN_POINT('',(320.68138355797,-97.20679705122,
    -7.427268372438));
#2980 = CARTESIAN_POINT('',(320.68212424651,-95.14859805853,
    -7.47395928859));
#2981 = CARTESIAN_POINT('',(320.68249496853,-94.11844887318,
    -7.499003171226));
#2982 = CARTESIAN_POINT('',(320.68286599045,-93.08746634192,
    -7.52582084676));
#2983 = CARTESIAN_POINT('',(320.68323610037,-92.05901804425,
    -7.55453254605));
#2984 = CARTESIAN_POINT('',(320.68360509929,-91.03365695034,
    -7.585205303144));
#2985 = CARTESIAN_POINT('',(320.68397392434,-90.00877897777,
    -7.618002162076));
#2986 = CARTESIAN_POINT('',(320.68434370547,-88.98124433962,
    -7.653222853195));
#2987 = CARTESIAN_POINT('',(320.68471473048,-87.95025318358,
    -7.691188187795));
#2988 = CARTESIAN_POINT('',(320.68508609939,-86.91830646611,
    -7.732096795724));
#2989 = CARTESIAN_POINT('',(320.68545643206,-85.8892391775,
    -7.776026943311));
#2990 = CARTESIAN_POINT('',(320.68582535654,-84.8640849544,
    -7.823168039597));
#2991 = CARTESIAN_POINT('',(320.68619464519,-83.83791875377,
    -7.874146044983));
#2992 = CARTESIAN_POINT('',(320.6865667858,-82.80382765397,
    -7.929954358882));
#2993 = CARTESIAN_POINT('',(320.68730801211,-80.74413430952,
    -8.051055614667));
#2994 = CARTESIAN_POINT('',(320.68767599477,-79.72159716625,
    -8.116130351716));
#2995 = CARTESIAN_POINT('',(320.68804584017,-78.69388389913,
    -8.187149136668));
#2996 = CARTESIAN_POINT('',(320.68842004922,-77.65404506241,
    -8.264785689205));
#2997 = CARTESIAN_POINT('',(320.68879359684,-76.61604422205,
    -8.350779843436));
#2998 = CARTESIAN_POINT('',(320.68916449123,-75.58541605817,
    -8.444127873064));
#2999 = CARTESIAN_POINT('',(320.68953098249,-74.56702314938,
    -8.546342844452));
#3000 = CARTESIAN_POINT('',(320.68989628632,-73.55192986552,
    -8.660311424394));
#3001 = CARTESIAN_POINT('',(320.69026865111,-72.51721579211,
    -8.788702562758));
#3002 = CARTESIAN_POINT('',(320.69064960082,-71.45864627034,
    -8.937291065848));
#3003 = CARTESIAN_POINT('',(320.69102936918,-70.40335945365,
    -9.113810174255));
#3004 = CARTESIAN_POINT('',(320.69139963741,-69.37447121457,
    -9.318051292818));
#3005 = CARTESIAN_POINT('',(320.69175294165,-68.39272194206,
    -9.548715315084));
#3006 = CARTESIAN_POINT('',(320.69222445248,-67.08250440175,
    -9.89970232426));
#3007 = CARTESIAN_POINT('',(320.69232315101,-66.80824442331,
    -9.975337089127));
#3008 = CARTESIAN_POINT('',(320.69242133848,-66.53540457215,
    -10.05266857826));
#3009 = CARTESIAN_POINT('',(320.69251788799,-66.26711622123,
    -10.13033781252));
#3010 = CARTESIAN_POINT('',(320.69261229149,-66.00479112782,
    -10.20725425005));
#3011 = CARTESIAN_POINT('',(320.69270448072,-65.74861898447,
    -10.28262322602));
#3012 = CARTESIAN_POINT('',(320.69279468216,-65.49797042107,
    -10.35593318099));
#3013 = CARTESIAN_POINT('',(320.69288330169,-65.2517176315,
    -10.42691345797));
#3014 = CARTESIAN_POINT('',(320.69297083441,-65.00848479842,
    -10.49547344796));
#3015 = CARTESIAN_POINT('',(320.69305779547,-64.76684048805,
    -10.5616338645));
#3016 = CARTESIAN_POINT('',(320.69314466728,-64.52544419032,
    -10.62546092653));
#3017 = CARTESIAN_POINT('',(320.69323185892,-64.28315917505,
    -10.68701423038));
#3018 = CARTESIAN_POINT('',(320.69331967324,-64.03914383963,
    -10.74631909028));
#3019 = CARTESIAN_POINT('',(320.69349688158,-63.5467235997,
    -10.86042916514));
#3020 = CARTESIAN_POINT('',(320.69358628204,-63.29830078762,
    -10.91525562803));
#3021 = CARTESIAN_POINT('',(320.69367668267,-63.04709873396,
    -10.96760107229));
#3022 = CARTESIAN_POINT('',(320.69376803414,-62.79325451653,
    -11.01947458636));
#3023 = CARTESIAN_POINT('',(320.69386090179,-62.53519716642,
    -11.06237182337));
#3024 = CARTESIAN_POINT('',(320.69395361964,-62.27755616023,
    -11.11792698636));
#3025 = CARTESIAN_POINT('',(320.69404855318,-62.01375810783,
    -11.15169095853));
#3026 = CARTESIAN_POINT('',(320.69414246871,-61.75278905397,
    -11.20427519906));
#3027 = CARTESIAN_POINT('',(320.69423788407,-61.48765218866,
    -11.23933724974));
#3028 = CARTESIAN_POINT('',(320.69433267652,-61.22424632062,
    -11.2822264359));
#3029 = CARTESIAN_POINT('',(320.69442769913,-60.96020087544,
    -11.3194487488));
#3030 = CARTESIAN_POINT('',(320.69452239778,-60.69705560869,
    -11.356540182));
#3031 = CARTESIAN_POINT('',(320.69461680622,-60.43471679518,
    -11.39199130472));
#3032 = CARTESIAN_POINT('',(320.69489897915,-59.65062467938,
    -11.49456455428));
#3033 = CARTESIAN_POINT('',(320.69508570233,-59.13176493366,
    -11.557799326));
#3034 = CARTESIAN_POINT('',(320.69527072604,-58.61762762083,
    -11.61654036596));
#3035 = CARTESIAN_POINT('',(320.69545454483,-58.10683850717,
    -11.67157176111));
#3036 = CARTESIAN_POINT('',(320.69563851348,-57.59563292809,
    -11.72376273371));
#3037 = CARTESIAN_POINT('',(320.69582453792,-57.07871485365,
    -11.77391540499));
#3038 = CARTESIAN_POINT('',(320.69601440579,-56.55111673527,
    -11.82258252983));
#3039 = CARTESIAN_POINT('',(320.69620889914,-56.01066553189,
    -11.86992224728));
#3040 = CARTESIAN_POINT('',(320.69640696538,-55.46028608258,
    -11.91564701518));
#3041 = CARTESIAN_POINT('',(320.69660535835,-54.90899877123,
    -11.95911402509));
#3042 = CARTESIAN_POINT('',(320.6967992951,-54.37009419942,
    -11.99959451616));
#3043 = CARTESIAN_POINT('',(320.69698480951,-53.85459335876,
    -12.03674953454));
#3044 = CARTESIAN_POINT('',(320.69716361768,-53.35772756833,
    -12.0713298079));
#3045 = CARTESIAN_POINT('',(320.69773322692,-51.77491762439,
    -12.17679719946));
#3046 = CARTESIAN_POINT('',(320.69815413499,-50.60531323901,
    -12.24861330026));
#3047 = CARTESIAN_POINT('',(320.69852954083,-49.56214882022,
    -12.30497605382));
#3048 = CARTESIAN_POINT('',(320.69889471714,-48.54740984253,
    -12.35721432697));
#3049 = CARTESIAN_POINT('',(320.69928108842,-47.47377507809,
    -12.40951031083));
#3050 = CARTESIAN_POINT('',(320.6996863636,-46.34761078363,
    -12.4593871507));
#3051 = CARTESIAN_POINT('',(320.70008940664,-45.22764913,-12.50425923562
    ));
#3052 = CARTESIAN_POINT('',(320.70047516846,-44.15570783123,
    -12.54420985896));
#3053 = CARTESIAN_POINT('',(320.7008485063,-43.11828994648,
    -12.58097979024));
#3054 = CARTESIAN_POINT('',(320.70122854378,-42.0622552641,
    -12.61607577079));
#3055 = CARTESIAN_POINT('',(320.7016276759,-40.9531611273,
    -12.64987290611));
#3056 = CARTESIAN_POINT('',(320.70203168507,-39.83051477212,
    -12.68152218904));
#3057 = CARTESIAN_POINT('',(320.70241000787,-38.77924480505,
    -12.7093167973));
#3058 = CARTESIAN_POINT('',(320.70318666734,-36.62109106034,
    -12.76239550923));
#3059 = CARTESIAN_POINT('',(320.70358429114,-35.51618817199,
    -12.78759693824));
#3060 = CARTESIAN_POINT('',(320.70397022251,-34.44377578579,
    -12.81001812825));
#3061 = CARTESIAN_POINT('',(320.70435432693,-33.37644006183,
    -12.83081730995));
#3062 = CARTESIAN_POINT('',(320.70474458184,-32.29201356663,
    -12.85043001569));
#3063 = CARTESIAN_POINT('',(320.70513916545,-31.19555867218,
    -12.86863151152));
#3064 = CARTESIAN_POINT('',(320.70553188153,-30.1042931531,
    -12.88520539588));
#3065 = CARTESIAN_POINT('',(320.70591958931,-29.02694457823,
    -12.90024192882));
#3066 = CARTESIAN_POINT('',(320.70630506126,-27.95580877666,
    -12.91403285087));
#3067 = CARTESIAN_POINT('',(320.70669474513,-26.87296909122,
    -12.92684911772));
#3068 = CARTESIAN_POINT('',(320.70709488859,-25.76106464578,
    -12.93881547638));
#3069 = CARTESIAN_POINT('',(320.70750803263,-24.61303465662,
    -12.94986251972));
#3070 = CARTESIAN_POINT('',(320.70792162126,-23.46376927794,
    -12.95957413794));
#3071 = CARTESIAN_POINT('',(320.70825804649,-22.5289227844,
    -12.96688751609));
#3072 = ( BOUNDED_SURFACE() B_SPLINE_SURFACE(2,14,(
    (#3073,#3074,#3075,#3076,#3077,#3078,#3079,#3080,#3081,#3082,#3083
      ,#3084,#3085,#3086,#3087,#3088,#3089,#3090,#3091,#3092,#3093,#3094
      ,#3095,#3096,#3097,#3098,#3099,#3100,#3101,#3102,#3103,#3104,#3105
      ,#3106,#3107,#3108,#3109,#3110,#3111,#3112,#3113,#3114,#3115,#3116
      ,#3117,#3118,#3119,#3120,#3121,#3122,#3123,#3124,#3125,#3126,#3127
      ,#3128,#3129,#3130,#3131,#3132,#3133,#3134,#3135,#3136,#3137,#3138
      ,#3139,#3140,#3141,#3142,#3143,#3144,#3145,#3146,#3147,#3148,#3149
      ,#3150,#3151,#3152,#3153,#3154,#3155,#3156,#3157,#3158,#3159,#3160
      ,#3161,#3162,#3163,#3164,#3165,#3166,#3167,#3168,#3169,#3170,#3171
      ,#3172,#3173,#3174,#3175,#3176,#3177,#3178,#3179,#3180,#3181,#3182
      ,#3183,#3184,#3185,#3186,#3187,#3188,#3189,#3190,#3191)
    ,(#3192,#3193,#3194,#3195,#3196,#3197,#3198,#3199,#3200,#3201,#3202
      ,#3203,#3204,#3205,#3206,#3207,#3208,#3209,#3210,#3211,#3212,#3213
      ,#3214,#3215,#3216,#3217,#3218,#3219,#3220,#3221,#3222,#3223,#3224
      ,#3225,#3226,#3227,#3228,#3229,#3230,#3231,#3232,#3233,#3234,#3235
      ,#3236,#3237,#3238,#3239,#3240,#3241,#3242,#3243,#3244,#3245,#3246
      ,#3247,#3248,#3249,#3250,#3251,#3252,#3253,#3254,#3255,#3256,#3257
      ,#3258,#3259,#3260,#3261,#3262,#3263,#3264,#3265,#3266,#3267,#3268
      ,#3269,#3270,#3271,#3272,#3273,#3274,#3275,#3276,#3277,#3278,#3279
      ,#3280,#3281,#3282,#3283,#3284,#3285,#3286,#3287,#3288,#3289,#3290
      ,#3291,#3292,#3293,#3294,#3295,#3296,#3297,#3298,#3299,#3300,#3301
      ,#3302,#3303,#3304,#3305,#3306,#3307,#3308,#3309,#3310)
    ,(#3311,#3312,#3313,#3314,#3315,#3316,#3317,#3318,#3319,#3320,#3321
      ,#3322,#3323,#3324,#3325,#3326,#3327,#3328,#3329,#3330,#3331,#3332
      ,#3333,#3334,#3335,#3336,#3337,#3338,#3339,#3340,#3341,#3342,#3343
      ,#3344,#3345,#3346,#3347,#3348,#3349,#3350,#3351,#3352,#3353,#3354
      ,#3355,#3356,#3357,#3358,#3359,#3360,#3361,#3362,#3363,#3364,#3365
      ,#3366,#3367,#3368,#3369,#3370,#3371,#3372,#3373,#3374,#3375,#3376
      ,#3377,#3378,#3379,#3380,#3381,#3382,#3383,#3384,#3385,#3386,#3387
      ,#3388,#3389,#3390,#3391,#3392,#3393,#3394,#3395,#3396,#3397,#3398
      ,#3399,#3400,#3401,#3402,#3403,#3404,#3405,#3406,#3407,#3408,#3409
      ,#3410,#3411,#3412,#3413,#3414,#3415,#3416,#3417,#3418,#3419,#3420
      ,#3421,#3422,#3423,#3424,#3425,#3426,#3427,#3428,#3429
)),.UNSPECIFIED.,.F.,.F.,.F.) B_SPLINE_SURFACE_WITH_KNOTS((3,3),(15,13,
    13,13,13,13,13,13,13,15),(0.,111.33816267848),(893.77235467539,
    893.78194899498,911.88294893758,929.98305527106,948.07606166037,
    952.77722913936,957.47839661834,966.8807315763,985.99204349121,
1.005110517354E+03),.UNSPECIFIED.) GEOMETRIC_REPRESENTATION_ITEM() 
RATIONAL_B_SPLINE_SURFACE((
    (1.,1.,0.999999999999,1.000000000002,0.999999999995,1.000000000008
      ,0.99999999999,1.00000000001,0.999999999991,1.000000000007
      ,0.999999999996,1.000000000002,0.999999999999,1.,1.000000000001
      ,0.999999999996,1.000000000012,0.999999999975,1.000000000041
      ,0.999999999945,1.00000000006,0.999999999947,1.000000000039
      ,0.999999999977,1.00000000001,0.999999999997,1.,1.,0.999999999999
      ,1.000000000005,0.99999999999,1.000000000016,0.99999999998
      ,1.00000000002,0.999999999983,1.000000000012,0.999999999994
      ,1.000000000003,0.999999999999,1.,1.,1.,1.,0.999999999999
      ,1.000000000001,0.999999999999,1.000000000001,0.999999999999
      ,1.000000000001,1.,1.,1.000000000001,1.,1.,0.999999999997
      ,1.00000000001,0.99999999998,1.000000000033,0.999999999958
      ,1.000000000044,0.999999999963,1.000000000026,0.999999999986
      ,1.000000000006,0.999999999998,1.,1.,0.999999999998,1.000000000007
      ,0.999999999984,1.000000000025,0.999999999967,1.000000000034
      ,0.999999999971,1.00000000002,0.999999999989,1.000000000005
      ,0.999999999999,1.,1.,0.999999999999,1.000000000004,0.999999999992
      ,1.000000000014,0.999999999982,1.00000000002,0.999999999982
      ,1.000000000013,0.999999999992,1.000000000004,0.999999999999,1.,1.
      ,1.000000000001,0.999999999999,1.000000000003,0.999999999996
      ,1.000000000006,0.999999999994,1.000000000006,0.999999999995
      ,1.000000000003,0.999999999998,1.000000000001,1.,1.,0.999999999999
      ,1.000000000002,0.999999999996,1.000000000008,0.999999999988
      ,1.000000000014,0.999999999986,1.000000000011,0.999999999993
      ,1.000000000003,0.999999999999,1.,1.)
    ,(0.70710579772,0.707105797417,0.707105797116,0.707105796819
      ,0.707105796518,0.707105796232,0.70710579593,0.707105795652
      ,0.707105795354,0.707105795078,0.70710579479,0.707105794512
      ,0.707105794233,0.707105793957,0.707105277346,0.70710599565
      ,0.707105076782,0.707105037425,0.707105356856,0.707105120859
      ,0.707104638797,0.707104548087,0.707104687864,0.707104453451
      ,0.707104001864,0.707104063928,0.707103796378,0.707103372716
      ,0.707103147343,0.707102907644,0.707102651589,0.707102378088
      ,0.707102085031,0.707101768761,0.707101424725,0.707101049474
      ,0.707100640276,0.707100192826,0.707099697055,0.707099137441
      ,0.707097879488,0.7070971841,0.707096382428,0.707095531963
      ,0.707094440227,0.707093295769,0.707091961001,0.707090279019
      ,0.70708836417,0.707086039989,0.70708282337,0.707078902853
      ,0.707073968096,0.707069357865,0.70706849396,0.707067782131
      ,0.707067285397,0.707067050618,0.707067101337,0.707067437393
      ,0.707068037463,0.707068865963,0.707069879387,0.707071033766
      ,0.707072288976,0.707073610273,0.707076318355,0.707077794856
      ,0.707078450495,0.707082528954,0.707078452531,0.707085769338
      ,0.707081264417,0.707085616324,0.707084814973,0.707086076576
      ,0.707086672272,0.707087327095,0.707087932466,0.707089631759
      ,0.707090611441,0.707091472908,0.707092244082,0.707092947215
      ,0.707093598769,0.707094209439,0.707094783661,0.707095320857
      ,0.707095816801,0.707096267305,0.707096672638,0.707097043873
      ,0.707098154784,0.707098878257,0.707099419591,0.707099915346
      ,0.707100403849,0.70710085696,0.70710125669,0.707101612454
      ,0.707101940754,0.707102250536,0.707102546704,0.707102829148
      ,0.707103076918,0.707103554558,0.707103903996,0.707103685745
      ,0.707104337305,0.707104658879,0.707104347657,0.707104385395
      ,0.707105086113,0.707105442542,0.70710489383,0.707104838237
      ,0.707106193163,0.707105126592,0.707105809312)
    ,(1.,1.,0.999999999999,1.000000000002,0.999999999995,1.000000000008
      ,0.99999999999,1.00000000001,0.999999999991,1.000000000007
      ,0.999999999996,1.000000000002,0.999999999999,1.,1.000000000001
      ,0.999999999996,1.000000000012,0.999999999975,1.000000000041
      ,0.999999999945,1.00000000006,0.999999999947,1.000000000039
      ,0.999999999977,1.00000000001,0.999999999997,1.,1.,0.999999999999
      ,1.000000000005,0.99999999999,1.000000000016,0.99999999998
      ,1.00000000002,0.999999999983,1.000000000012,0.999999999994
      ,1.000000000003,0.999999999999,1.,1.,1.,1.,0.999999999999
      ,1.000000000001,0.999999999999,1.000000000001,0.999999999999
      ,1.000000000001,1.,1.,1.000000000001,1.,1.,0.999999999997
      ,1.00000000001,0.99999999998,1.000000000033,0.999999999958
      ,1.000000000044,0.999999999963,1.000000000026,0.999999999986
      ,1.000000000006,0.999999999998,1.,1.,0.999999999998,1.000000000007
      ,0.999999999984,1.000000000025,0.999999999967,1.000000000034
      ,0.999999999971,1.00000000002,0.999999999989,1.000000000005
      ,0.999999999999,1.,1.,0.999999999999,1.000000000004,0.999999999992
      ,1.000000000014,0.999999999982,1.00000000002,0.999999999982
      ,1.000000000013,0.999999999992,1.000000000004,0.999999999999,1.,1.
      ,1.000000000001,0.999999999999,1.000000000003,0.999999999996
      ,1.000000000006,0.999999999994,1.000000000006,0.999999999995
      ,1.000000000003,0.999999999998,1.000000000001,1.,1.,0.999999999999
      ,1.000000000002,0.999999999996,1.000000000008,0.999999999988
      ,1.000000000014,0.999999999986,1.000000000011,0.999999999993
,1.000000000003,0.999999999999,1.,1.
  ))) REPRESENTATION_ITEM('') SURFACE() );
#3073 = CARTESIAN_POINT('',(320.67657287563,-110.5745502999,
    -7.244325946244));
#3074 = CARTESIAN_POINT('',(320.67657307184,-110.5740050957,
    -7.244330104645));
#3075 = CARTESIAN_POINT('',(320.67657326804,-110.5734598923,
    -7.244334263284));
#3076 = CARTESIAN_POINT('',(320.67657346424,-110.5729146897,
    -7.24433842216));
#3077 = CARTESIAN_POINT('',(320.67657366044,-110.572369488,
    -7.244342581275));
#3078 = CARTESIAN_POINT('',(320.67657385665,-110.5718242874,
    -7.244346740626));
#3079 = CARTESIAN_POINT('',(320.67657405285,-110.5712790873,
    -7.244350900216));
#3080 = CARTESIAN_POINT('',(320.67657424906,-110.5707338886,
    -7.244355060043));
#3081 = CARTESIAN_POINT('',(320.67657444525,-110.5701886901,
    -7.244359220107));
#3082 = CARTESIAN_POINT('',(320.67657464146,-110.5696434932,
    -7.244363380411));
#3083 = CARTESIAN_POINT('',(320.67657483765,-110.5690982966,
    -7.244367540949));
#3084 = CARTESIAN_POINT('',(320.67657503386,-110.5685531012,
    -7.244371701728));
#3085 = CARTESIAN_POINT('',(320.67657523006,-110.5680079066,
    -7.244375862742));
#3086 = CARTESIAN_POINT('',(320.67657542626,-110.5674627129,
    -7.244380023995));
#3087 = CARTESIAN_POINT('',(320.67694578015,-109.53833648,-7.25223540736
    ));
#3088 = CARTESIAN_POINT('',(320.67731473915,-108.5130863129,
    -7.260922526885));
#3089 = CARTESIAN_POINT('',(320.67768515434,-107.4837897263,
    -7.270527666584));
#3090 = CARTESIAN_POINT('',(320.67805536916,-106.4550499444,
    -7.281076957609));
#3091 = CARTESIAN_POINT('',(320.6784250017,-105.4279281454,
    -7.292600990246));
#3092 = CARTESIAN_POINT('',(320.67879455136,-104.4010367076,
    -7.305148761215));
#3093 = CARTESIAN_POINT('',(320.67916438897,-103.3733450605,
    -7.318785570214));
#3094 = CARTESIAN_POINT('',(320.67953450335,-102.3448843906,
    -7.333582990448));
#3095 = CARTESIAN_POINT('',(320.67990469237,-101.3162162596,
    -7.3496060646));
#3096 = CARTESIAN_POINT('',(320.68027469869,-100.2880558625,
    -7.366908101458));
#3097 = CARTESIAN_POINT('',(320.68064428202,-99.26107083051,
    -7.385545651876));
#3098 = CARTESIAN_POINT('',(320.68101358364,-98.2348685913,
    -7.405614277355));
#3099 = CARTESIAN_POINT('',(320.68138355797,-97.20679705122,
    -7.427268372438));
#3100 = CARTESIAN_POINT('',(320.68212424651,-95.14859805853,
    -7.47395928859));
#3101 = CARTESIAN_POINT('',(320.68249496853,-94.11844887318,
    -7.499003171226));
#3102 = CARTESIAN_POINT('',(320.68286599045,-93.08746634192,
    -7.52582084676));
#3103 = CARTESIAN_POINT('',(320.68323610037,-92.05901804425,
    -7.55453254605));
#3104 = CARTESIAN_POINT('',(320.68360509929,-91.03365695034,
    -7.585205303144));
#3105 = CARTESIAN_POINT('',(320.68397392434,-90.00877897777,
    -7.618002162076));
#3106 = CARTESIAN_POINT('',(320.68434370547,-88.98124433962,
    -7.653222853195));
#3107 = CARTESIAN_POINT('',(320.68471473048,-87.95025318358,
    -7.691188187795));
#3108 = CARTESIAN_POINT('',(320.68508609939,-86.91830646611,
    -7.732096795724));
#3109 = CARTESIAN_POINT('',(320.68545643206,-85.8892391775,
    -7.776026943311));
#3110 = CARTESIAN_POINT('',(320.68582535654,-84.8640849544,
    -7.823168039597));
#3111 = CARTESIAN_POINT('',(320.68619464519,-83.83791875377,
    -7.874146044983));
#3112 = CARTESIAN_POINT('',(320.6865667858,-82.80382765397,
    -7.929954358882));
#3113 = CARTESIAN_POINT('',(320.68730801211,-80.74413430952,
    -8.051055614667));
#3114 = CARTESIAN_POINT('',(320.68767599477,-79.72159716625,
    -8.116130351716));
#3115 = CARTESIAN_POINT('',(320.68804584017,-78.69388389913,
    -8.187149136668));
#3116 = CARTESIAN_POINT('',(320.68842004922,-77.65404506241,
    -8.264785689205));
#3117 = CARTESIAN_POINT('',(320.68879359684,-76.61604422205,
    -8.350779843436));
#3118 = CARTESIAN_POINT('',(320.68916449123,-75.58541605817,
    -8.444127873064));
#3119 = CARTESIAN_POINT('',(320.68953098249,-74.56702314938,
    -8.546342844452));
#3120 = CARTESIAN_POINT('',(320.68989628632,-73.55192986552,
    -8.660311424394));
#3121 = CARTESIAN_POINT('',(320.69026865111,-72.51721579211,
    -8.788702562758));
#3122 = CARTESIAN_POINT('',(320.69064960082,-71.45864627034,
    -8.937291065848));
#3123 = CARTESIAN_POINT('',(320.69102936918,-70.40335945365,
    -9.113810174255));
#3124 = CARTESIAN_POINT('',(320.69139963741,-69.37447121457,
    -9.318051292818));
#3125 = CARTESIAN_POINT('',(320.69175294165,-68.39272194206,
    -9.548715315084));
#3126 = CARTESIAN_POINT('',(320.69222445248,-67.08250440175,
    -9.89970232426));
#3127 = CARTESIAN_POINT('',(320.69232315101,-66.80824442331,
    -9.975337089127));
#3128 = CARTESIAN_POINT('',(320.69242133848,-66.53540457215,
    -10.05266857826));
#3129 = CARTESIAN_POINT('',(320.69251788799,-66.26711622123,
    -10.13033781252));
#3130 = CARTESIAN_POINT('',(320.69261229149,-66.00479112782,
    -10.20725425005));
#3131 = CARTESIAN_POINT('',(320.69270448072,-65.74861898447,
    -10.28262322602));
#3132 = CARTESIAN_POINT('',(320.69279468216,-65.49797042107,
    -10.35593318099));
#3133 = CARTESIAN_POINT('',(320.69288330169,-65.2517176315,
    -10.42691345797));
#3134 = CARTESIAN_POINT('',(320.69297083441,-65.00848479842,
    -10.49547344796));
#3135 = CARTESIAN_POINT('',(320.69305779547,-64.76684048805,
    -10.5616338645));
#3136 = CARTESIAN_POINT('',(320.69314466728,-64.52544419032,
    -10.62546092653));
#3137 = CARTESIAN_POINT('',(320.69323185892,-64.28315917505,
    -10.68701423038));
#3138 = CARTESIAN_POINT('',(320.69331967324,-64.03914383963,
    -10.74631909028));
#3139 = CARTESIAN_POINT('',(320.69349688158,-63.5467235997,
    -10.86042916514));
#3140 = CARTESIAN_POINT('',(320.69358628204,-63.29830078762,
    -10.91525562803));
#3141 = CARTESIAN_POINT('',(320.69367668267,-63.04709873396,
    -10.96760107229));
#3142 = CARTESIAN_POINT('',(320.69376803414,-62.79325451653,
    -11.01947458636));
#3143 = CARTESIAN_POINT('',(320.69386090179,-62.53519716642,
    -11.06237182337));
#3144 = CARTESIAN_POINT('',(320.69395361964,-62.27755616023,
    -11.11792698636));
#3145 = CARTESIAN_POINT('',(320.69404855318,-62.01375810783,
    -11.15169095853));
#3146 = CARTESIAN_POINT('',(320.69414246871,-61.75278905397,
    -11.20427519906));
#3147 = CARTESIAN_POINT('',(320.69423788407,-61.48765218866,
    -11.23933724974));
#3148 = CARTESIAN_POINT('',(320.69433267652,-61.22424632062,
    -11.2822264359));
#3149 = CARTESIAN_POINT('',(320.69442769913,-60.96020087544,
    -11.3194487488));
#3150 = CARTESIAN_POINT('',(320.69452239778,-60.69705560869,
    -11.356540182));
#3151 = CARTESIAN_POINT('',(320.69461680622,-60.43471679518,
    -11.39199130472));
#3152 = CARTESIAN_POINT('',(320.69489897915,-59.65062467938,
    -11.49456455428));
#3153 = CARTESIAN_POINT('',(320.69508570233,-59.13176493366,
    -11.557799326));
#3154 = CARTESIAN_POINT('',(320.69527072604,-58.61762762083,
    -11.61654036596));
#3155 = CARTESIAN_POINT('',(320.69545454483,-58.10683850717,
    -11.67157176111));
#3156 = CARTESIAN_POINT('',(320.69563851348,-57.59563292809,
    -11.72376273371));
#3157 = CARTESIAN_POINT('',(320.69582453792,-57.07871485365,
    -11.77391540499));
#3158 = CARTESIAN_POINT('',(320.69601440579,-56.55111673527,
    -11.82258252983));
#3159 = CARTESIAN_POINT('',(320.69620889914,-56.01066553189,
    -11.86992224728));
#3160 = CARTESIAN_POINT('',(320.69640696538,-55.46028608258,
    -11.91564701518));
#3161 = CARTESIAN_POINT('',(320.69660535835,-54.90899877123,
    -11.95911402509));
#3162 = CARTESIAN_POINT('',(320.6967992951,-54.37009419942,
    -11.99959451616));
#3163 = CARTESIAN_POINT('',(320.69698480951,-53.85459335876,
    -12.03674953454));
#3164 = CARTESIAN_POINT('',(320.69716361768,-53.35772756833,
    -12.0713298079));
#3165 = CARTESIAN_POINT('',(320.69773322692,-51.77491762439,
    -12.17679719946));
#3166 = CARTESIAN_POINT('',(320.69815413499,-50.60531323901,
    -12.24861330026));
#3167 = CARTESIAN_POINT('',(320.69852954083,-49.56214882022,
    -12.30497605382));
#3168 = CARTESIAN_POINT('',(320.69889471714,-48.54740984253,
    -12.35721432697));
#3169 = CARTESIAN_POINT('',(320.69928108842,-47.47377507809,
    -12.40951031083));
#3170 = CARTESIAN_POINT('',(320.6996863636,-46.34761078363,
    -12.4593871507));
#3171 = CARTESIAN_POINT('',(320.70008940664,-45.22764913,-12.50425923562
    ));
#3172 = CARTESIAN_POINT('',(320.70047516846,-44.15570783123,
    -12.54420985896));
#3173 = CARTESIAN_POINT('',(320.7008485063,-43.11828994648,
    -12.58097979024));
#3174 = CARTESIAN_POINT('',(320.70122854378,-42.0622552641,
    -12.61607577079));
#3175 = CARTESIAN_POINT('',(320.7016276759,-40.9531611273,
    -12.64987290611));
#3176 = CARTESIAN_POINT('',(320.70203168507,-39.83051477212,
    -12.68152218904));
#3177 = CARTESIAN_POINT('',(320.70241000787,-38.77924480505,
    -12.7093167973));
#3178 = CARTESIAN_POINT('',(320.70318666734,-36.62109106034,
    -12.76239550923));
#3179 = CARTESIAN_POINT('',(320.70358429114,-35.51618817199,
    -12.78759693824));
#3180 = CARTESIAN_POINT('',(320.70397022251,-34.44377578579,
    -12.81001812825));
#3181 = CARTESIAN_POINT('',(320.70435432693,-33.37644006183,
    -12.83081730995));
#3182 = CARTESIAN_POINT('',(320.70474458184,-32.29201356663,
    -12.85043001569));
#3183 = CARTESIAN_POINT('',(320.70513916545,-31.19555867218,
    -12.86863151152));
#3184 = CARTESIAN_POINT('',(320.70553188153,-30.1042931531,
    -12.88520539588));
#3185 = CARTESIAN_POINT('',(320.70591958931,-29.02694457823,
    -12.90024192882));
#3186 = CARTESIAN_POINT('',(320.70630506126,-27.95580877666,
    -12.91403285087));
#3187 = CARTESIAN_POINT('',(320.70669474513,-26.87296909122,
    -12.92684911772));
#3188 = CARTESIAN_POINT('',(320.70709488859,-25.76106464578,
    -12.93881547638));
#3189 = CARTESIAN_POINT('',(320.70750803263,-24.61303465662,
    -12.94986251972));
#3190 = CARTESIAN_POINT('',(320.70792162126,-23.46376927794,
    -12.95957413794));
#3191 = CARTESIAN_POINT('',(320.70825804649,-22.5289227844,
    -12.96688751609));
#3192 = CARTESIAN_POINT('',(320.67657013131,-110.5821761369,
    -8.24429965087));
#3193 = CARTESIAN_POINT('',(320.67657032736,-110.5816313574,
    -8.244303806888));
#3194 = CARTESIAN_POINT('',(320.67657052341,-110.5810865788,
    -8.244307963137));
#3195 = CARTESIAN_POINT('',(320.67657071946,-110.5805418014,
    -8.244312119618));
#3196 = CARTESIAN_POINT('',(320.67657091551,-110.5799970246,
    -8.244316276327));
#3197 = CARTESIAN_POINT('',(320.67657111156,-110.5794522493,
    -8.244320433268));
#3198 = CARTESIAN_POINT('',(320.6765713076,-110.5789074741,
    -8.244324590439));
#3199 = CARTESIAN_POINT('',(320.67657150366,-110.5783627011,
    -8.244328747838));
#3200 = CARTESIAN_POINT('',(320.6765716997,-110.5778179277,
    -8.244332905473));
#3201 = CARTESIAN_POINT('',(320.67657189575,-110.5772731565,
    -8.24433706333));
#3202 = CARTESIAN_POINT('',(320.6765720918,-110.5767283853,
    -8.244341221427));
#3203 = CARTESIAN_POINT('',(320.67657228785,-110.5761836157,
    -8.244345379746));
#3204 = CARTESIAN_POINT('',(320.67657248389,-110.5756388467,
    -8.244349538301));
#3205 = CARTESIAN_POINT('',(320.67657267994,-110.5750940788,
    -8.244353697084));
#3206 = CARTESIAN_POINT('',(320.67694274478,-109.5467710465,
    -8.252204411674));
#3207 = CARTESIAN_POINT('',(320.67731142555,-108.5222940088,
    -8.26088290492));
#3208 = CARTESIAN_POINT('',(320.67768154385,-107.4938224255,
    -8.27048304245));
#3209 = CARTESIAN_POINT('',(320.67805143607,-106.4659790782,
    -8.28102343802));
#3210 = CARTESIAN_POINT('',(320.67842072818,-105.4398032653,
    -8.292536092265));
#3211 = CARTESIAN_POINT('',(320.67878992946,-104.4138798755,
    -8.305072747432));
#3212 = CARTESIAN_POINT('',(320.67915941067,-103.387178593,
    -8.31869784441));
#3213 = CARTESIAN_POINT('',(320.67952915053,-102.3597586202,
    -8.333480794284));
#3214 = CARTESIAN_POINT('',(320.67989893639,-101.3322107734,
    -8.349486454805));
#3215 = CARTESIAN_POINT('',(320.68026850787,-100.3052586822,
    -8.366769208658));
#3216 = CARTESIAN_POINT('',(320.68063762896,-99.27955811288,
    -8.385384844262));
#3217 = CARTESIAN_POINT('',(320.6810064496,-98.2546924073,
    -8.405427134924));
#3218 = CARTESIAN_POINT('',(320.68137593568,-97.22797761864,
    -8.427053558066));
#3219 = CARTESIAN_POINT('',(320.68211556958,-95.1727092004,
    -8.473679290022));
#3220 = CARTESIAN_POINT('',(320.68248572666,-94.14412984268,
    -8.498686429538));
#3221 = CARTESIAN_POINT('',(320.68285611232,-93.11491532308,
    -8.525458212283));
#3222 = CARTESIAN_POINT('',(320.68322553147,-92.08838651547,
    -8.554118617716));
#3223 = CARTESIAN_POINT('',(320.68359380966,-91.06502815961,
    -8.584733642982));
#3224 = CARTESIAN_POINT('',(320.68396189706,-90.04219996603,
    -8.617464980805));
#3225 = CARTESIAN_POINT('',(320.68433091187,-89.01679471528,
    -8.65261282644));
#3226 = CARTESIAN_POINT('',(320.68470110165,-87.98812452338,
    -8.690496438018));
#3227 = CARTESIAN_POINT('',(320.68507151319,-86.95883808002,
    -8.731306709349));
#3228 = CARTESIAN_POINT('',(320.68544073855,-85.93284775408,
    -8.775110950974));
#3229 = CARTESIAN_POINT('',(320.68580844577,-84.91107599127,
    -8.822096310825));
#3230 = CARTESIAN_POINT('',(320.68617650882,-83.88831546261,
    -8.872904800687));
#3231 = CARTESIAN_POINT('',(320.68654742132,-82.85763696952,
    -8.928539724355));
#3232 = CARTESIAN_POINT('',(320.6872850611,-80.807909746,-9.049057591943
    ));
#3233 = CARTESIAN_POINT('',(320.68765180601,-79.78881202683,
    -9.113882292043));
#3234 = CARTESIAN_POINT('',(320.68801963951,-78.76668935822,
    -9.184682903167));
#3235 = CARTESIAN_POINT('',(320.68839071558,-77.73555636465,
    -9.261342705115));
#3236 = CARTESIAN_POINT('',(320.68876215089,-76.70342511047,
    -9.34733659194));
#3237 = CARTESIAN_POINT('',(320.68912996829,-75.68134717,-9.439658347918
    ));
#3238 = CARTESIAN_POINT('',(320.68949308252,-74.67233825945,
    -9.540705758235));
#3239 = CARTESIAN_POINT('',(320.68985499559,-73.66666706307,
    -9.65426403695));
#3240 = CARTESIAN_POINT('',(320.69022158754,-72.64799437335,
    -9.780820578437));
#3241 = CARTESIAN_POINT('',(320.69059523362,-71.60971990343,
    -9.926112911506));
#3242 = CARTESIAN_POINT('',(320.69096908621,-70.57087160128,
    -10.10065152599));
#3243 = CARTESIAN_POINT('',(320.69132867313,-69.57166424247,
    -10.29984037165));
#3244 = CARTESIAN_POINT('',(320.69166893594,-68.62615403903,
    -10.52154030539));
#3245 = CARTESIAN_POINT('',(320.6921289146,-67.34798167663,-10.86395349)
  );
#3246 = CARTESIAN_POINT('',(320.69222546167,-67.07970010273,
    -10.93794347758));
#3247 = CARTESIAN_POINT('',(320.69232184386,-66.81187668814,
    -11.01383616213));
#3248 = CARTESIAN_POINT('',(320.69241708462,-66.54722505285,
    -11.09042689654));
#3249 = CARTESIAN_POINT('',(320.69251081179,-66.2867793227,
    -11.16677512079));
#3250 = CARTESIAN_POINT('',(320.69260304948,-66.03047251508,
    -11.24218557856));
#3251 = CARTESIAN_POINT('',(320.69269405781,-65.7775817841,
    -11.31617403054));
#3252 = CARTESIAN_POINT('',(320.69278421416,-65.52705853574,
    -11.38842330905));
#3253 = CARTESIAN_POINT('',(320.69287392925,-65.2777614186,
    -11.4587355597));
#3254 = CARTESIAN_POINT('',(320.69296359185,-65.02861018894,
    -11.52698651938));
#3255 = CARTESIAN_POINT('',(320.69305353532,-64.77867845026,
    -11.5930876792));
#3256 = CARTESIAN_POINT('',(320.69314401985,-64.52724325862,
    -11.65696218454));
#3257 = CARTESIAN_POINT('',(320.69323522357,-64.27380958741,
    -11.71854032311));
#3258 = CARTESIAN_POINT('',(320.69341924886,-63.76244666353,
    -11.8370203584));
#3259 = CARTESIAN_POINT('',(320.69351207075,-63.50451648698,
    -11.89393536137));
#3260 = CARTESIAN_POINT('',(320.69360581166,-63.24403262006,
    -11.94821469842));
#3261 = CARTESIAN_POINT('',(320.69370035124,-62.98132926576,
    -12.00182277048));
#3262 = CARTESIAN_POINT('',(320.69379621279,-62.71495280283,
    -12.04628330551));
#3263 = CARTESIAN_POINT('',(320.69389170338,-62.44960668241,
    -12.10318096643));
#3264 = CARTESIAN_POINT('',(320.69398919644,-62.17869664186,
    -12.13815729344));
#3265 = CARTESIAN_POINT('',(320.69408544976,-61.91123122192,
    -12.19177556845));
#3266 = CARTESIAN_POINT('',(320.69418300754,-61.64014114633,
    -12.22776060838));
#3267 = CARTESIAN_POINT('',(320.69427975479,-61.37130334913,
    -12.27145410147));
#3268 = CARTESIAN_POINT('',(320.69437656782,-61.10228272006,
    -12.309388925));
#3269 = CARTESIAN_POINT('',(320.69447291047,-60.83456919905,
    -12.34711262238));
#3270 = CARTESIAN_POINT('',(320.69456883619,-60.56801422177,
    -12.38312903775));
#3271 = CARTESIAN_POINT('',(320.69485523495,-59.77217950931,
    -12.48722952791));
#3272 = CARTESIAN_POINT('',(320.69504433837,-59.24670564181,
    -12.55125675675));
#3273 = CARTESIAN_POINT('',(320.69523145844,-58.72674302935,
    -12.61065456837));
#3274 = CARTESIAN_POINT('',(320.69541722111,-58.21055234376,
    -12.66626452278));
#3275 = CARTESIAN_POINT('',(320.69560305573,-57.69416167032,
    -12.71898233803));
#3276 = CARTESIAN_POINT('',(320.69579088009,-57.17224202519,
    -12.7696141635));
#3277 = CARTESIAN_POINT('',(320.69598244616,-56.63992501926,
    -12.81870551217));
#3278 = CARTESIAN_POINT('',(320.69617848069,-56.09519126268,
    -12.86640657941));
#3279 = CARTESIAN_POINT('',(320.69637788837,-55.54108424739,
    -12.91242879091));
#3280 = CARTESIAN_POINT('',(320.69657742081,-54.98663059825,
    -12.956138543));
#3281 = CARTESIAN_POINT('',(320.69677234804,-54.44497373552,
    -12.99682521304));
#3282 = CARTESIAN_POINT('',(320.69695880486,-53.9268541362,
    -13.03417163934));
#3283 = CARTESIAN_POINT('',(320.69713861809,-53.4271955297,
    -13.06894638559));
#3284 = CARTESIAN_POINT('',(320.69771159211,-51.83503566385,
    -13.17503267153));
#3285 = CARTESIAN_POINT('',(320.6981333288,-50.66312874471,
    -13.24696129557));
#3286 = CARTESIAN_POINT('',(320.69851069252,-49.61452384048,
    -13.30366424199));
#3287 = CARTESIAN_POINT('',(320.69887760021,-48.59497379298,
    -13.3561365993));
#3288 = CARTESIAN_POINT('',(320.69926500613,-47.51846395318,
    -13.40853186586));
#3289 = CARTESIAN_POINT('',(320.69967104213,-46.39018555702,
    -13.45849780112));
#3290 = CARTESIAN_POINT('',(320.70007501469,-45.26764092159,
    -13.50349687049));
#3291 = CARTESIAN_POINT('',(320.70046191912,-44.192524659,
    -13.54357206426));
#3292 = CARTESIAN_POINT('',(320.70083635748,-43.15204861892,
    -13.58042967039));
#3293 = CARTESIAN_POINT('',(320.70121719035,-42.09380378108,
    -13.61558764058));
#3294 = CARTESIAN_POINT('',(320.70161679277,-40.98340277572,
    -13.64943546022));
#3295 = CARTESIAN_POINT('',(320.70202130947,-39.85934612673,
    -13.68112276902));
#3296 = CARTESIAN_POINT('',(320.70240069309,-38.80512838718,
    -13.70899319603));
#3297 = CARTESIAN_POINT('',(320.70317834625,-36.64421341254,
    -13.76213823429));
#3298 = CARTESIAN_POINT('',(320.70357660971,-35.53753306324,
    -13.78738045576));
#3299 = CARTESIAN_POINT('',(320.70396317897,-34.46334813508,
    -13.80983858791));
#3300 = CARTESIAN_POINT('',(320.7043477556,-33.39470025523,
    -13.83065993636));
#3301 = CARTESIAN_POINT('',(320.70473839997,-32.30919153253,
    -13.85029040746));
#3302 = CARTESIAN_POINT('',(320.70513340425,-31.21156767366,
    -13.86851274016));
#3303 = CARTESIAN_POINT('',(320.70552658873,-30.11900060769,
    -13.88510738942));
#3304 = CARTESIAN_POINT('',(320.70591476136,-29.0403602805,
    -13.90015986653));
#3305 = CARTESIAN_POINT('',(320.70630064759,-27.96807332714,
    -13.91396305235));
#3306 = CARTESIAN_POINT('',(320.70669067546,-26.8842777334,
    -13.92679107021));
#3307 = CARTESIAN_POINT('',(320.70709109858,-25.77159619828,
    -13.93876658521));
#3308 = CARTESIAN_POINT('',(320.7075045405,-24.62273847673,
    -13.94981848799));
#3309 = CARTESIAN_POINT('',(320.70791860958,-23.47213800788,
    -13.9595438989));
#3310 = CARTESIAN_POINT('',(320.70825519513,-22.53684603329,
    -13.96685887562));
#3311 = CARTESIAN_POINT('',(319.67672459537,-110.5644433766,
    -8.244429355838));
#3312 = CARTESIAN_POINT('',(319.67672450267,-110.5639148291,
    -8.244433394594));
#3313 = CARTESIAN_POINT('',(319.67672441459,-110.5633860378,
    -8.24443743544));
#3314 = CARTESIAN_POINT('',(319.67672433114,-110.5628570021,
    -8.244441478381));
#3315 = CARTESIAN_POINT('',(319.67672425233,-110.5623277208,
    -8.244445523425));
#3316 = CARTESIAN_POINT('',(319.67672417813,-110.5617981943,
    -8.244449570574));
#3317 = CARTESIAN_POINT('',(319.67672410858,-110.5612684201,
    -8.244453619839));
#3318 = CARTESIAN_POINT('',(319.67672404364,-110.5607383999,
    -8.24445767122));
#3319 = CARTESIAN_POINT('',(319.67672398334,-110.5602081302,
    -8.244461724727));
#3320 = CARTESIAN_POINT('',(319.67672392765,-110.5596776132,
    -8.244465780364));
#3321 = CARTESIAN_POINT('',(319.6767238766,-110.5591468456,
    -8.244469838136));
#3322 = CARTESIAN_POINT('',(319.67672383017,-110.5586158287,
    -8.24447389805));
#3323 = CARTESIAN_POINT('',(319.67672378837,-110.5580845606,
    -8.244477960111));
#3324 = CARTESIAN_POINT('',(319.67672375119,-110.5575530411,
    -8.244482024325));
#3325 = CARTESIAN_POINT('',(319.67666230164,-109.5537609026,
    -8.252157860245));
#3326 = CARTESIAN_POINT('',(319.6776135294,-108.5284452321,
    -8.260816157217));
#3327 = CARTESIAN_POINT('',(319.67757384994,-107.4960710164,
    -8.270444000895));
#3328 = CARTESIAN_POINT('',(319.67792326884,-106.4662627981,
    -8.28100751194));
#3329 = CARTESIAN_POINT('',(319.67851286435,-105.4395654189,
    -8.292529297363));
#3330 = CARTESIAN_POINT('',(319.67886561596,-104.4135407288,
    -8.305067535531));
#3331 = CARTESIAN_POINT('',(319.67907737134,-103.3867922562,
    -8.31869241233));
#3332 = CARTESIAN_POINT('',(319.67945660048,-102.3593814143,
    -8.333474938301));
#3333 = CARTESIAN_POINT('',(319.67995991671,-101.3318743315,
    -8.349479981153));
#3334 = CARTESIAN_POINT('',(319.68030857041,-100.3049123216,
    -8.366762246921));
#3335 = CARTESIAN_POINT('',(319.68055262867,-99.27917465263,
    -8.38537760051));
#3336 = CARTESIAN_POINT('',(319.68102773263,-98.25434217086,
    -8.405419201746));
#3337 = CARTESIAN_POINT('',(319.68136755809,-97.22761787339,
    -8.427045110579));
#3338 = CARTESIAN_POINT('',(319.68210599372,-95.17234940103,
    -8.473669645131));
#3339 = CARTESIAN_POINT('',(319.68247551326,-94.14377030723,
    -8.49867614022));
#3340 = CARTESIAN_POINT('',(319.68284522085,-93.11455605481,
    -8.525447236145));
#3341 = CARTESIAN_POINT('',(319.68321391572,-92.08802746202,
    -8.55410690939));
#3342 = CARTESIAN_POINT('',(319.68358142022,-91.06466928565,
    -8.584721153056));
#3343 = CARTESIAN_POINT('',(319.68394867874,-90.04184126191,
    -8.617451652753));
#3344 = CARTESIAN_POINT('',(319.68431679888,-89.01643615254,
    -8.652598593818));
#3345 = CARTESIAN_POINT('',(319.68468601563,-87.98776602862,
    -8.690481223902));
#3346 = CARTESIAN_POINT('',(319.68505536577,-86.95847954551,
    -8.731290428439));
#3347 = CARTESIAN_POINT('',(319.68542343385,-85.93248906848,
    -8.775093511082));
#3348 = CARTESIAN_POINT('',(319.68578987557,-84.91071703737,
    -8.822077608764));
#3349 = CARTESIAN_POINT('',(319.68615653655,-83.88795606844,
    -8.872884709329));
#3350 = CARTESIAN_POINT('',(319.6865258665,-82.85727684712,
    -8.928518081135));
#3351 = CARTESIAN_POINT('',(319.68725994846,-80.80754917917,
    -9.049032410504));
#3352 = CARTESIAN_POINT('',(319.68762472625,-79.78845225877,
    -9.113855080343));
#3353 = CARTESIAN_POINT('',(319.68799029214,-78.76633005386,
    -9.184653397625));
#3354 = CARTESIAN_POINT('',(319.6883589622,-77.73519861725,
    -9.261310595681));
#3355 = CARTESIAN_POINT('',(319.68872730974,-76.70306716029,
    -9.347301438351));
#3356 = CARTESIAN_POINT('',(319.68909188975,-75.68099042189,
    -9.43961974586));
#3357 = CARTESIAN_POINT('',(319.68945122841,-74.6719824558,
    -9.540663171111));
#3358 = CARTESIAN_POINT('',(319.68980838434,-73.6663109332,
    -9.654216637988));
#3359 = CARTESIAN_POINT('',(319.69016956017,-72.64763888984,
    -9.780767476696));
#3360 = CARTESIAN_POINT('',(319.69053663238,-71.60936516552,
    -9.926052835951));
#3361 = CARTESIAN_POINT('',(319.69090138801,-70.57051476288,
    -10.10058210272));
#3362 = CARTESIAN_POINT('',(319.69124988829,-69.57130219227,
    -10.29975976853));
#3363 = CARTESIAN_POINT('',(319.69157619921,-68.6257779828,
    -10.52144854318));
#3364 = CARTESIAN_POINT('',(319.692023143,-67.34759403882,
    -10.86385132783));
#3365 = CARTESIAN_POINT('',(319.69211724708,-67.07931143845,
    -10.93783905699));
#3366 = CARTESIAN_POINT('',(319.69221161639,-66.81148695729,
    -11.0137299483));
#3367 = CARTESIAN_POINT('',(319.69230545266,-66.54683434076,
    -11.09031950425));
#3368 = CARTESIAN_POINT('',(319.69239851598,-66.28638787901,
    -11.16666725145));
#3369 = CARTESIAN_POINT('',(319.69249089738,-66.0300807286,
    -11.24207795929));
#3370 = CARTESIAN_POINT('',(319.69258285595,-65.77719013012,
    -11.31606736011));
#3371 = CARTESIAN_POINT('',(319.69267470939,-65.52666751743,
    -11.38831821574));
#3372 = CARTESIAN_POINT('',(319.69276676718,-65.27737151325,
    -11.45863257621));
#3373 = CARTESIAN_POINT('',(319.69285929555,-65.02822180532,
    -11.52688607588));
#3374 = CARTESIAN_POINT('',(319.69295250323,-64.77829189943,
    -11.59299011215));
#3375 = CARTESIAN_POINT('',(319.69304653714,-64.52685874246,
    -11.65686775253));
#3376 = CARTESIAN_POINT('',(319.69314147711,-64.27342721202,
    -11.71844921504));
#3377 = CARTESIAN_POINT('',(319.69333316042,-63.76206772036,
    -11.83693632032));
#3378 = CARTESIAN_POINT('',(319.69343015786,-63.50413881755,
    -11.89385531453));
#3379 = CARTESIAN_POINT('',(319.69352575272,-63.2436559678,
    -11.94813632496));
#3380 = CARTESIAN_POINT('',(319.69363182733,-62.98095321089,
    -12.0017560411));
#3381 = CARTESIAN_POINT('',(319.69371615749,-62.71458197059,
    -12.04620375074));
#3382 = CARTESIAN_POINT('',(319.69383234518,-62.44922835559,
    -12.10312407132));
#3383 = CARTESIAN_POINT('',(319.69391709244,-62.17833029872,
    -12.13808495977));
#3384 = CARTESIAN_POINT('',(319.69402565764,-61.9108561382,
    -12.1917175764));
#3385 = CARTESIAN_POINT('',(319.69412094636,-61.63977301816,
    -12.22769888986));
#3386 = CARTESIAN_POINT('',(319.69422126258,-61.37093332773,
    -12.27139644108));
#3387 = CARTESIAN_POINT('',(319.69431975986,-61.10191428152,
    -12.30933267475));
#3388 = CARTESIAN_POINT('',(319.69441795438,-60.83420131778,
    -12.34705817614));
#3389 = CARTESIAN_POINT('',(319.69451559205,-60.56764701792,
    -12.38307622567));
#3390 = CARTESIAN_POINT('',(319.6948067968,-59.77181289875,
    -12.4871814863));
#3391 = CARTESIAN_POINT('',(319.69499867106,-59.24633920338,
    -12.55121147714));
#3392 = CARTESIAN_POINT('',(319.69518822755,-58.72637688492,
    -12.61061169663));
#3393 = CARTESIAN_POINT('',(319.69537617129,-58.21018654834,
    -12.66622379719));
#3394 = CARTESIAN_POINT('',(319.69556399445,-57.69379623401,
    -12.71894356599));
#3395 = CARTESIAN_POINT('',(319.6957536616,-57.17187694289,
    -12.7695772003));
#3396 = CARTESIAN_POINT('',(319.69594695465,-56.63956029814,
    -12.81867024195));
#3397 = CARTESIAN_POINT('',(319.69614461324,-56.09482693669,
    -12.86637289739));
#3398 = CARTESIAN_POINT('',(319.69634554009,-55.54072037087,
    -12.91239659001));
#3399 = CARTESIAN_POINT('',(319.69654647512,-54.98626722055,
    -12.95610770562));
#3400 = CARTESIAN_POINT('',(319.69674267634,-54.44461086399,
    -12.99679561293));
#3401 = CARTESIAN_POINT('',(319.69693027945,-53.92649171242,
    -13.03414315503));
#3402 = CARTESIAN_POINT('',(319.69711114254,-53.42683346564,
    -13.06891892805));
#3403 = CARTESIAN_POINT('',(319.69768725879,-51.8346732056,
    -13.17500838958));
#3404 = CARTESIAN_POINT('',(319.69811104207,-50.66276538052,
    -13.24693911159));
#3405 = CARTESIAN_POINT('',(319.69848993671,-49.61416100171,
    -13.30364354572));
#3406 = CARTESIAN_POINT('',(319.69885824661,-48.59461090764,
    -13.35611730268));
#3407 = CARTESIAN_POINT('',(319.69924703437,-47.51810062729,
    -13.40851397177));
#3408 = CARTESIAN_POINT('',(319.69965435193,-46.38982230343,
    -13.45848117489));
#3409 = CARTESIAN_POINT('',(319.70005945486,-45.26727828111,
    -13.50348133415));
#3410 = CARTESIAN_POINT('',(319.70044736536,-44.19216253144,
    -13.54355751107));
#3411 = CARTESIAN_POINT('',(319.70082273223,-43.15168663524,
    -13.58041604655));
#3412 = CARTESIAN_POINT('',(319.70120444123,-42.09344197983,
    -13.61557488303));
#3413 = CARTESIAN_POINT('',(319.70160488115,-40.98304146577,
    -13.64942351348));
#3414 = CARTESIAN_POINT('',(319.70201019657,-39.85898521691,
    -13.68111161629));
#3415 = CARTESIAN_POINT('',(319.70239028085,-38.80476787625,
    -13.70898273115));
#3416 = CARTESIAN_POINT('',(319.70316928495,-36.64385296195,
    -13.76212911933));
#3417 = CARTESIAN_POINT('',(319.70357103892,-35.53730223544,
    -13.78737104466));
#3418 = CARTESIAN_POINT('',(319.70394798003,-34.46264554009,
    -13.80983321398));
#3419 = CARTESIAN_POINT('',(319.70434449208,-33.39453637977,
    -13.83065115625));
#3420 = CARTESIAN_POINT('',(319.70473832192,-32.30913114863,
    -13.85028143558));
#3421 = CARTESIAN_POINT('',(319.70512159727,-31.21092979299,
    -13.86850850935));
#3422 = CARTESIAN_POINT('',(319.70551311212,-30.11829671891,
    -13.88510403634));
#3423 = CARTESIAN_POINT('',(319.70591570627,-29.04032528373,
    -13.90015203757));
#3424 = CARTESIAN_POINT('',(319.70630547773,-27.96812793979,
    -13.91395540966));
#3425 = CARTESIAN_POINT('',(319.70667721612,-26.8833029062,
    -13.92679259789));
#3426 = CARTESIAN_POINT('',(319.70707624626,-25.77026854971,
    -13.93877267513));
#3427 = CARTESIAN_POINT('',(319.70752423855,-24.62238919238,
    -13.949817574));
#3428 = CARTESIAN_POINT('',(319.7078988909,-23.46936226601,
    -13.95955670184));
#3429 = CARTESIAN_POINT('',(319.70825812986,-22.54021740623,
    -13.96682656223));
#3430 = ADVANCED_FACE('',(#3431),#3442,.T.);
#3431 = FACE_BOUND('',#3432,.T.);
#3432 = EDGE_LOOP('',(#3433,#3439,#3440,#3441));
#3433 = ORIENTED_EDGE('',*,*,#3434,.T.);
#3434 = EDGE_CURVE('',#2384,#690,#3435,.T.);
#3435 = ( BOUNDED_CURVE() B_SPLINE_CURVE(2,(#3436,#3437,#3438),
.UNSPECIFIED.,.F.,.F.) B_SPLINE_CURVE_WITH_KNOTS((3,3),(0.,
77.076709641356),.PIECEWISE_BEZIER_KNOTS.) CURVE() 
GEOMETRIC_REPRESENTATION_ITEM() RATIONAL_B_SPLINE_CURVE((1.,
0.705540626534,1.)) REPRESENTATION_ITEM('') );
#3436 = CARTESIAN_POINT('',(30.09280474694,-16.53792555321,
    -12.99588682772));
#3437 = CARTESIAN_POINT('',(30.092677112042,-16.53793301285,
    -14.00032150131));
#3438 = CARTESIAN_POINT('',(30.154642809886,-17.54044462507,
    -13.99587745856));
#3439 = ORIENTED_EDGE('',*,*,#689,.T.);
#3440 = ORIENTED_EDGE('',*,*,#2228,.F.);
#3441 = ORIENTED_EDGE('',*,*,#2391,.F.);
#3442 = ( BOUNDED_SURFACE() B_SPLINE_SURFACE(2,8,(
    (#3443,#3444,#3445,#3446,#3447,#3448,#3449,#3450,#3451,#3452,#3453
      ,#3454,#3455,#3456,#3457,#3458,#3459,#3460,#3461,#3462,#3463,#3464
      ,#3465,#3466,#3467,#3468,#3469,#3470,#3471,#3472,#3473,#3474,#3475
      ,#3476,#3477,#3478,#3479)
    ,(#3480,#3481,#3482,#3483,#3484,#3485,#3486,#3487,#3488,#3489,#3490
      ,#3491,#3492,#3493,#3494,#3495,#3496,#3497,#3498,#3499,#3500,#3501
      ,#3502,#3503,#3504,#3505,#3506,#3507,#3508,#3509,#3510,#3511,#3512
      ,#3513,#3514,#3515,#3516)
    ,(#3517,#3518,#3519,#3520,#3521,#3522,#3523,#3524,#3525,#3526,#3527
      ,#3528,#3529,#3530,#3531,#3532,#3533,#3534,#3535,#3536,#3537,#3538
      ,#3539,#3540,#3541,#3542,#3543,#3544,#3545,#3546,#3547,#3548,#3549
      ,#3550,#3551,#3552,#3553
)),.UNSPECIFIED.,.F.,.F.,.F.) B_SPLINE_SURFACE_WITH_KNOTS((3,3),(9,7,7,7
    ,7,9),(0.,8.145206962315),(1.24451269575E+03,1.247740213167E+03,
    1.251067267495E+03,1.251940404368E+03,1.252652124183E+03,
1.252657902712E+03),.UNSPECIFIED.) GEOMETRIC_REPRESENTATION_ITEM() 
RATIONAL_B_SPLINE_SURFACE((
    (1.,1.,1.,1.,1.,1.,1.,1.,1.,1.,1.,1.,1.,1.,1.,1.,1.,1.,1.,1.,1.,1.
      ,1.,1.,1.,1.,1.,1.,1.,1.,1.,1.,1.,1.,1.,1.,1.)
    ,(0.705538767131,0.705539865103,0.705536345315,0.705551170784
      ,0.705548120841,0.705565769176,0.705577720696,0.705598913795
      ,0.705656776885,0.705694520738,0.705742877476,0.705805064159
      ,0.7058846715,0.70598636849,0.706115901706,0.706319752319
      ,0.706364324848,0.706411149671,0.706460270789,0.706511719917
      ,0.706565516485,0.706621667635,0.706727853797,0.706777088289
      ,0.706827886452,0.706880173473,0.70693389079,0.706989331841
      ,0.707045843228,0.707104257832,0.707104728389,0.707105199047
      ,0.707105669808,0.70710614067,0.707106611635,0.707107082701
      ,0.70710755387)
    ,(1.,1.,1.,1.,1.,1.,1.,1.,1.,1.,1.,1.,1.,1.,1.,1.,1.,1.,1.,1.,1.,1.
      ,1.,1.,1.,1.,1.,1.,1.,1.,1.,1.,1.,1.,1.,1.,1.
))) REPRESENTATION_ITEM('') SURFACE() );
#3443 = CARTESIAN_POINT('',(30.09280474694,-16.53792555321,
    -12.99588158014));
#3444 = CARTESIAN_POINT('',(29.694679277617,-16.54476683614,
    -12.99585753428));
#3445 = CARTESIAN_POINT('',(29.299190386913,-16.58172669581,
    -12.9957031607));
#3446 = CARTESIAN_POINT('',(28.902009847572,-16.64864275808,
    -12.99548284902));
#3447 = CARTESIAN_POINT('',(28.511659288894,-16.74608575516,
    -12.99508772177));
#3448 = CARTESIAN_POINT('',(28.122174062964,-16.87455512855,
    -12.99462136394));
#3449 = CARTESIAN_POINT('',(27.741037666033,-17.0348647021,
    -12.99399197251));
#3450 = CARTESIAN_POINT('',(27.367359570425,-17.22821644923,
    -12.99322429354));
#3451 = CARTESIAN_POINT('',(26.631098730442,-17.69053731415,
    -12.99131936229));
#3452 = CARTESIAN_POINT('',(26.268996522225,-17.96182420355,
    -12.9901723245));
#3453 = CARTESIAN_POINT('',(25.922057674048,-18.27015133386,
    -12.98882854642));
#3454 = CARTESIAN_POINT('',(25.592389202315,-18.61940775773,
    -12.98724873008));
#3455 = CARTESIAN_POINT('',(25.285934476202,-19.00986351617,
    -12.98540615035));
#3456 = CARTESIAN_POINT('',(25.010257152565,-19.4410182656,
    -12.98326939265));
#3457 = CARTESIAN_POINT('',(24.771882811066,-19.91395676742,
    -12.98079137548));
#3458 = CARTESIAN_POINT('',(24.529953912517,-20.556320265,
    -12.97722129388));
#3459 = CARTESIAN_POINT('',(24.482876360191,-20.69231697862,
    -12.97645513294));
#3460 = CARTESIAN_POINT('',(24.439192568012,-20.83062478446,
    -12.97566503455));
#3461 = CARTESIAN_POINT('',(24.399067115699,-20.97107880959,
    -12.97485122302));
#3462 = CARTESIAN_POINT('',(24.362650094503,-21.11350023349,
    -12.974014073));
#3463 = CARTESIAN_POINT('',(24.330077107197,-21.25769628806,
    -12.9731541095));
#3464 = CARTESIAN_POINT('',(24.301469268082,-21.40346025762,
    -12.97227200788));
#3465 = CARTESIAN_POINT('',(24.256933127106,-21.67048620759,
    -12.97063219421));
#3466 = CARTESIAN_POINT('',(24.239639219953,-21.79128047172,
    -12.96988173922));
#3467 = CARTESIAN_POINT('',(24.225108838278,-21.91285699564,
    -12.96911754394));
#3468 = CARTESIAN_POINT('',(24.213389267729,-22.03495551745,
    -12.96834108909));
#3469 = CARTESIAN_POINT('',(24.204516324328,-22.15768889299,
    -12.96755111482));
#3470 = CARTESIAN_POINT('',(24.19851440273,-22.2805846142,
    -12.96675135543));
#3471 = CARTESIAN_POINT('',(24.195405188546,-22.40381700301,
    -12.96593936599));
#3472 = CARTESIAN_POINT('',(24.195180416058,-22.52790127005,
    -12.96511254338));
#3473 = CARTESIAN_POINT('',(24.195178796023,-22.52890060046,
    -12.96510588386));
#3474 = CARTESIAN_POINT('',(24.195177366201,-22.52989992156,
    -12.9650992238));
#3475 = CARTESIAN_POINT('',(24.195176126585,-22.53089923337,
    -12.96509256321));
#3476 = CARTESIAN_POINT('',(24.19517507717,-22.53189853587,
    -12.9650859021));
#3477 = CARTESIAN_POINT('',(24.195174217949,-22.53289782907,
    -12.96507924045));
#3478 = CARTESIAN_POINT('',(24.195173548915,-22.53389711296,
    -12.96507257828));
#3479 = CARTESIAN_POINT('',(24.195173070062,-22.53489638755,
    -12.96506591557));
#3480 = CARTESIAN_POINT('',(30.0926767862,-16.53792775205,
    -14.00032152463));
#3481 = CARTESIAN_POINT('',(29.694525490077,-16.54477797224,
    -14.00029436296));
#3482 = CARTESIAN_POINT('',(29.29852212102,-16.58176180167,
    -14.00014991906));
#3483 = CARTESIAN_POINT('',(28.901256648963,-16.64880724123,
    -13.99988733671));
#3484 = CARTESIAN_POINT('',(28.51055861482,-16.7463361794,
    -13.99950066312));
#3485 = CARTESIAN_POINT('',(28.12089050014,-16.87499191682,
    -13.99898394086));
#3486 = CARTESIAN_POINT('',(27.73949343249,-17.03550872073,
    -13.99832021631));
#3487 = CARTESIAN_POINT('',(27.36559136497,-17.2291292913,
    -13.99749185989));
#3488 = CARTESIAN_POINT('',(26.628920585204,-17.69210858052,
    -13.99542129442));
#3489 = CARTESIAN_POINT('',(26.266653927207,-17.96377301436,
    -13.99416632664));
#3490 = CARTESIAN_POINT('',(25.91958109652,-18.27253627303,
    -13.99268433181));
#3491 = CARTESIAN_POINT('',(25.589826468928,-18.62229279553,
    -13.99092683948));
#3492 = CARTESIAN_POINT('',(25.283346770687,-19.01331240496,
    -13.98885691623));
#3493 = CARTESIAN_POINT('',(25.007717745583,-19.44510298285,
    -13.98642980438));
#3494 = CARTESIAN_POINT('',(24.769488251896,-19.91876748627,
    -13.98358190395));
#3495 = CARTESIAN_POINT('',(24.527919461206,-20.5621280258,
    -13.97942971273));
#3496 = CARTESIAN_POINT('',(24.480936830183,-20.6983027712,
    -13.97853649595));
#3497 = CARTESIAN_POINT('',(24.437356815818,-20.83678950489,
    -13.97761293882));
#3498 = CARTESIAN_POINT('',(24.397344236982,-20.97742290727,
    -13.97665914161));
#3499 = CARTESIAN_POINT('',(24.361049381207,-21.12002373249,
    -13.97567538959));
#3500 = CARTESIAN_POINT('',(24.32860799973,-21.26439883043,
    -13.97466215287));
#3501 = CARTESIAN_POINT('',(24.300141304101,-21.41034117005,
    -13.97362008628));
#3502 = CARTESIAN_POINT('',(24.255881735992,-21.67767121672,
    -13.97167792482));
#3503 = CARTESIAN_POINT('',(24.238719446999,-21.79859038409,
    -13.97078737364));
#3504 = CARTESIAN_POINT('',(24.224326326489,-21.92028665597,
    -13.96987867587));
#3505 = CARTESIAN_POINT('',(24.212749772525,-22.04251051633,
    -13.96895343535));
#3506 = CARTESIAN_POINT('',(24.204025255715,-22.16534986511,
    -13.96801075923));
#3507 = CARTESIAN_POINT('',(24.198177030963,-22.28836872847,
    -13.96705325687));
#3508 = CARTESIAN_POINT('',(24.195226901565,-22.41170488926,
    -13.96608062415));
#3509 = CARTESIAN_POINT('',(24.195167264071,-22.53589674086,
    -13.96508771637));
#3510 = CARTESIAN_POINT('',(24.195166974311,-22.53689685596,
    -13.96507971961));
#3511 = CARTESIAN_POINT('',(24.195166875048,-22.53789696197,
    -13.96507172202));
#3512 = CARTESIAN_POINT('',(24.195166966278,-22.53889705889,
    -13.96506372361));
#3513 = CARTESIAN_POINT('',(24.195167247993,-22.53989714671,
    -13.96505572438));
#3514 = CARTESIAN_POINT('',(24.195167720189,-22.54089722543,
    -13.96504772433));
#3515 = CARTESIAN_POINT('',(24.195168382858,-22.54189729506,
    -13.96503972346));
#3516 = CARTESIAN_POINT('',(24.195169235994,-22.54289735559,
    -13.96503172176));
#3517 = CARTESIAN_POINT('',(30.154642809222,-17.54044462509,
    -13.99587745856));
#3518 = CARTESIAN_POINT('',(29.758880510576,-17.54714401704,
    -13.99584642856));
#3519 = CARTESIAN_POINT('',(29.457976919612,-17.5790622909,
    -13.99570390041));
#3520 = CARTESIAN_POINT('',(29.11290268981,-17.63518583664,
    -13.99545330386));
#3521 = CARTESIAN_POINT('',(28.795282400851,-17.71468881196,
    -13.99509632205));
#3522 = CARTESIAN_POINT('',(28.46702110572,-17.82345451406,
    -13.99460124955));
#3523 = CARTESIAN_POINT('',(28.150875380475,-17.95622981189,
    -13.99398423351));
#3524 = CARTESIAN_POINT('',(27.839300285268,-18.11754168157,
    -13.99321404408));
#3525 = CARTESIAN_POINT('',(27.225759284229,-18.50294069874,
    -13.99130855858));
#3526 = CARTESIAN_POINT('',(26.923893820132,-18.72921414945,
    -13.99016057343));
#3527 = CARTESIAN_POINT('',(26.635116093216,-18.98590264175,
    -13.98881812913));
#3528 = CARTESIAN_POINT('',(26.360268772424,-19.27716454405,
    -13.98723733342));
#3529 = CARTESIAN_POINT('',(26.104654303308,-19.60287583402,
    -13.98539321577));
#3530 = CARTESIAN_POINT('',(25.875075512831,-19.96211533602,
    -13.98325689871));
#3531 = CARTESIAN_POINT('',(25.676303689806,-20.35646186366,
    -13.98077789667));
#3532 = CARTESIAN_POINT('',(25.474564682742,-20.8921065459,
    -13.97720612713));
#3533 = CARTESIAN_POINT('',(25.43531305666,-21.00548301806,
    -13.97643978523));
#3534 = CARTESIAN_POINT('',(25.39888962556,-21.12078531257,
    -13.9756495048));
#3535 = CARTESIAN_POINT('',(25.365427252724,-21.23789134474,
    -13.97483540565));
#3536 = CARTESIAN_POINT('',(25.335049402519,-21.35665763489,
    -13.97399782441));
#3537 = CARTESIAN_POINT('',(25.307870140394,-21.47691930831,
    -13.97313731459));
#3538 = CARTESIAN_POINT('',(25.283994132883,-21.59849009529,
    -13.9722546465));
#3539 = CARTESIAN_POINT('',(25.246824840751,-21.82115611642,
    -13.97061406116));
#3540 = CARTESIAN_POINT('',(25.232381873022,-21.92202108521,
    -13.96986197358));
#3541 = CARTESIAN_POINT('',(25.220271229168,-22.02252834219,
    -13.96910534905));
#3542 = CARTESIAN_POINT('',(25.210486674238,-22.12688940419,
    -13.96830558287));
#3543 = CARTESIAN_POINT('',(25.20289271053,-22.22386754359,
    -13.9675626236));
#3544 = CARTESIAN_POINT('',(25.1982600708,-22.33634028733,
    -13.96667732129));
#3545 = CARTESIAN_POINT('',(25.195358260378,-22.42077588779,
    -13.96601488406));
#3546 = CARTESIAN_POINT('',(25.195136207064,-22.54463649548,
    -13.9650238507));
#3547 = CARTESIAN_POINT('',(25.195134608914,-22.54563402524,
    -13.96501586837));
#3548 = CARTESIAN_POINT('',(25.195133200961,-22.54663154635,
    -13.96500788523));
#3549 = CARTESIAN_POINT('',(25.1951319832,-22.5476290588,-13.96499990126
    ));
#3550 = CARTESIAN_POINT('',(25.195130955624,-22.54862656259,
    -13.96499191647));
#3551 = CARTESIAN_POINT('',(25.195130118227,-22.54962405773,
    -13.96498393087));
#3552 = CARTESIAN_POINT('',(25.195129471002,-22.5506215442,
    -13.96497594444));
#3553 = CARTESIAN_POINT('',(25.195129013943,-22.55161902201,
    -13.96496795719));
#3554 = ADVANCED_FACE('',(#3555),#3624,.T.);
#3555 = FACE_BOUND('',#3556,.T.);
#3556 = EDGE_LOOP('',(#3557,#3558,#3559,#3567));
#3557 = ORIENTED_EDGE('',*,*,#2943,.T.);
#3558 = ORIENTED_EDGE('',*,*,#909,.T.);
#3559 = ORIENTED_EDGE('',*,*,#3560,.F.);
#3560 = EDGE_CURVE('',#3561,#876,#3563,.T.);
#3561 = VERTEX_POINT('',#3562);
#3562 = CARTESIAN_POINT('',(314.77961709105,-16.52620499703,
    -12.99687614046));
#3563 = ( BOUNDED_CURVE() B_SPLINE_CURVE(2,(#3564,#3565,#3566),
.UNSPECIFIED.,.F.,.F.) B_SPLINE_CURVE_WITH_KNOTS((3,3),(0.,
3.530617456771),.PIECEWISE_BEZIER_KNOTS.) CURVE() 
GEOMETRIC_REPRESENTATION_ITEM() RATIONAL_B_SPLINE_CURVE((1.,
0.705591258859,1.)) REPRESENTATION_ITEM('') );
#3564 = CARTESIAN_POINT('',(314.77961709105,-16.52620499703,
    -12.99687614046));
#3565 = CARTESIAN_POINT('',(314.77961709105,-16.52620499703,
    -14.00116729823));
#3566 = CARTESIAN_POINT('',(314.73170650418,-17.52934347823,
    -13.99686697286));
#3567 = ORIENTED_EDGE('',*,*,#3568,.F.);
#3568 = EDGE_CURVE('',#2944,#3561,#3569,.T.);
#3569 = ( BOUNDED_CURVE() B_SPLINE_CURVE(14,(#3570,#3571,#3572,#3573,
    #3574,#3575,#3576,#3577,#3578,#3579,#3580,#3581,#3582,#3583,#3584,
    #3585,#3586,#3587,#3588,#3589,#3590,#3591,#3592,#3593,#3594,#3595,
    #3596,#3597,#3598,#3599,#3600,#3601,#3602,#3603,#3604,#3605,#3606,
    #3607,#3608,#3609,#3610,#3611,#3612,#3613,#3614,#3615,#3616,#3617,
    #3618,#3619,#3620,#3621,#3622,#3623),.UNSPECIFIED.,.F.,.F.) 
B_SPLINE_CURVE_WITH_KNOTS((15,13,13,13,15),(1.005110517354E+03,
    1.005620871795E+03,1.006115785314E+03,1.00679799781E+03,
1.008641134811E+03),.UNSPECIFIED.) CURVE() GEOMETRIC_REPRESENTATION_ITEM
() RATIONAL_B_SPLINE_CURVE((1.,1.,1.,1.,0.999999999999,1.000000000001,
    0.999999999998,1.000000000002,0.999999999998,1.000000000002,
    0.999999999998,1.000000000001,1.,1.,1.,1.,1.,1.,1.,0.999999999999,
    1.000000000002,0.999999999998,1.000000000002,0.999999999999,
    1.000000000001,1.,1.,1.,1.000000000001,0.999999999996,1.000000000008
    ,0.999999999988,1.000000000015,0.999999999984,1.000000000013,
    0.999999999991,1.000000000005,0.999999999998,1.000000000001,1.,1.,1.
    ,0.999999999999,1.000000000002,0.999999999996,1.000000000004,
    0.999999999996,1.000000000004,0.999999999997,1.000000000001,
0.999999999999,1.,1.,1.)) REPRESENTATION_ITEM('') );
#3570 = CARTESIAN_POINT('',(320.70825804649,-22.5289227844,
    -12.96688751609));
#3571 = CARTESIAN_POINT('',(320.70826702722,-22.50396744254,
    -12.96704979345));
#3572 = CARTESIAN_POINT('',(320.70816664826,-22.47855106632,
    -12.96721459777));
#3573 = CARTESIAN_POINT('',(320.70793029515,-22.45663067902,
    -12.96735693973));
#3574 = CARTESIAN_POINT('',(320.70770362646,-22.43995067299,
    -12.96746538736));
#3575 = CARTESIAN_POINT('',(320.70744155277,-22.42224554085,
    -12.96757981071));
#3576 = CARTESIAN_POINT('',(320.70708569915,-22.40087071077,
    -12.9677176955));
#3577 = CARTESIAN_POINT('',(320.70658198215,-22.37528063347,
    -12.96788292753));
#3578 = CARTESIAN_POINT('',(320.70581980128,-22.34304991326,
    -12.9680906819));
#3579 = CARTESIAN_POINT('',(320.70461709984,-22.30114539591,
    -12.96835977167));
#3580 = CARTESIAN_POINT('',(320.70271016675,-22.24847512573,
    -12.9686967327));
#3581 = CARTESIAN_POINT('',(320.69965248448,-22.1839756764,
    -12.96910733331));
#3582 = CARTESIAN_POINT('',(320.6946901343,-22.10430561049,
    -12.96961046429));
#3583 = CARTESIAN_POINT('',(320.68695717741,-22.01128410445,
    -12.9701919263));
#3584 = CARTESIAN_POINT('',(320.66617399765,-21.81037350711,
    -12.97143498986));
#3585 = CARTESIAN_POINT('',(320.65330693326,-21.70304712899,
    -12.97209347184));
#3586 = CARTESIAN_POINT('',(320.63765718954,-21.59189033707,
    -12.97276843615));
#3587 = CARTESIAN_POINT('',(320.62013319487,-21.48453903782,
    -12.97341241139));
#3588 = CARTESIAN_POINT('',(320.60090298179,-21.37943141764,
    -12.97403652842));
#3589 = CARTESIAN_POINT('',(320.57953196858,-21.27289013894,
    -12.97466395642));
#3590 = CARTESIAN_POINT('',(320.55558096065,-21.16406654395,
    -12.97529895634));
#3591 = CARTESIAN_POINT('',(320.5289402077,-21.0542641195,
    -12.97593250225));
#3592 = CARTESIAN_POINT('',(320.49974328441,-20.94433426115,
    -12.97655942411));
#3593 = CARTESIAN_POINT('',(320.468067517,-20.83388812488,
    -12.97718277281));
#3594 = CARTESIAN_POINT('',(320.43376255186,-20.7226806444,
    -12.97780404125));
#3595 = CARTESIAN_POINT('',(320.396632358,-20.61138321361,
    -12.97841844463));
#3596 = CARTESIAN_POINT('',(320.35680536917,-20.49975666225,
    -12.97902811111));
#3597 = CARTESIAN_POINT('',(320.25604037213,-20.23550138292,
    -12.98045541621));
#3598 = CARTESIAN_POINT('',(320.19281889236,-20.0831678381,
    -12.98126558453));
#3599 = CARTESIAN_POINT('',(320.12539086382,-19.9338769747,
    -12.98204658015));
#3600 = CARTESIAN_POINT('',(320.05493461984,-19.78942542149,
    -12.98279026352));
#3601 = CARTESIAN_POINT('',(319.98165272232,-19.64948966474,
    -12.98349987124));
#3602 = CARTESIAN_POINT('',(319.90518799638,-19.51291711769,
    -12.98418258528));
#3603 = CARTESIAN_POINT('',(319.82532861262,-19.37910185945,
    -12.9848422731));
#3604 = CARTESIAN_POINT('',(319.74228809709,-19.2483369875,
    -12.98547792002));
#3605 = CARTESIAN_POINT('',(319.65650608951,-19.12124629848,
    -12.98608692129));
#3606 = CARTESIAN_POINT('',(319.5682843664,-18.99802946737,
    -12.9866691567));
#3607 = CARTESIAN_POINT('',(319.47765010898,-18.8783070382,
    -12.98722763279));
#3608 = CARTESIAN_POINT('',(319.38462461429,-18.76182436865,
    -12.98776444908));
#3609 = CARTESIAN_POINT('',(319.28957063233,-18.64916718621,
    -12.98827692341));
#3610 = CARTESIAN_POINT('',(318.93022620726,-18.24489815697,
    -12.99009436835));
#3611 = CARTESIAN_POINT('',(318.65260075271,-17.97539704818,
    -12.99126136985));
#3612 = CARTESIAN_POINT('',(318.37065224235,-17.73264595149,
    -12.99227623663));
#3613 = CARTESIAN_POINT('',(318.04144793591,-17.50711692836,
    -12.99319564327));
#3614 = CARTESIAN_POINT('',(317.82192155365,-17.32973993631,
    -12.99387728246));
#3615 = CARTESIAN_POINT('',(317.33055791551,-17.1162459681,
    -12.99474954429));
#3616 = CARTESIAN_POINT('',(317.26952307425,-17.02836422589,
    -12.99498399912));
#3617 = CARTESIAN_POINT('',(316.66792440503,-16.82680614122,
    -12.99587045511));
#3618 = CARTESIAN_POINT('',(316.54725223858,-16.78098629474,
    -12.99588484202));
#3619 = CARTESIAN_POINT('',(316.12299849989,-16.66054010661,
    -12.99644189778));
#3620 = CARTESIAN_POINT('',(315.80997746907,-16.60367094493,
    -12.9965821403));
#3621 = CARTESIAN_POINT('',(315.46414517944,-16.55537561622,
    -12.99676889367));
#3622 = CARTESIAN_POINT('',(315.12262855091,-16.53034093274,
    -12.9968594113));
#3623 = CARTESIAN_POINT('',(314.77961709105,-16.52620499703,
    -12.99687614046));
#3624 = ( BOUNDED_SURFACE() B_SPLINE_SURFACE(2,14,(
    (#3625,#3626,#3627,#3628,#3629,#3630,#3631,#3632,#3633,#3634,#3635
      ,#3636,#3637,#3638,#3639,#3640,#3641,#3642,#3643,#3644,#3645,#3646
      ,#3647,#3648,#3649,#3650,#3651,#3652,#3653,#3654,#3655,#3656,#3657
      ,#3658,#3659,#3660,#3661,#3662,#3663,#3664,#3665,#3666,#3667,#3668
      ,#3669,#3670,#3671,#3672,#3673,#3674,#3675,#3676,#3677,#3678)
    ,(#3679,#3680,#3681,#3682,#3683,#3684,#3685,#3686,#3687,#3688,#3689
      ,#3690,#3691,#3692,#3693,#3694,#3695,#3696,#3697,#3698,#3699,#3700
      ,#3701,#3702,#3703,#3704,#3705,#3706,#3707,#3708,#3709,#3710,#3711
      ,#3712,#3713,#3714,#3715,#3716,#3717,#3718,#3719,#3720,#3721,#3722
      ,#3723,#3724,#3725,#3726,#3727,#3728,#3729,#3730,#3731,#3732)
    ,(#3733,#3734,#3735,#3736,#3737,#3738,#3739,#3740,#3741,#3742,#3743
      ,#3744,#3745,#3746,#3747,#3748,#3749,#3750,#3751,#3752,#3753,#3754
      ,#3755,#3756,#3757,#3758,#3759,#3760,#3761,#3762,#3763,#3764,#3765
      ,#3766,#3767,#3768,#3769,#3770,#3771,#3772,#3773,#3774,#3775,#3776
      ,#3777,#3778,#3779,#3780,#3781,#3782,#3783,#3784,#3785,#3786
)),.UNSPECIFIED.,.F.,.F.,.F.) B_SPLINE_SURFACE_WITH_KNOTS((3,3),(15,13,
    13,13,15),(0.,3.530617456771),(1.005110517354E+03,1.005620871795E+03
    ,1.006115785314E+03,1.00679799781E+03,1.008641134811E+03),
.UNSPECIFIED.) GEOMETRIC_REPRESENTATION_ITEM() RATIONAL_B_SPLINE_SURFACE
((
    (1.,1.,1.,1.,0.999999999999,1.000000000001,0.999999999998
      ,1.000000000002,0.999999999998,1.000000000002,0.999999999998
      ,1.000000000001,1.,1.,1.,1.,1.,1.,1.,0.999999999999,1.000000000002
      ,0.999999999998,1.000000000002,0.999999999999,1.000000000001,1.,1.
      ,1.,1.000000000001,0.999999999996,1.000000000008,0.999999999988
      ,1.000000000015,0.999999999984,1.000000000013,0.999999999991
      ,1.000000000005,0.999999999998,1.000000000001,1.,1.,1.
      ,0.999999999999,1.000000000002,0.999999999996,1.000000000004
      ,0.999999999996,1.000000000004,0.999999999997,1.000000000001
      ,0.999999999999,1.,1.,1.)
    ,(0.707105809312,0.707094178203,0.707082345512,0.707072460316
      ,0.707065055301,0.707056976712,0.707047199988,0.707035682849
      ,0.707021255952,0.707002467625,0.706979030782,0.706950762818
      ,0.706916300351,0.706876996725,0.706793878792,0.706750225268
      ,0.706706121023,0.706664193296,0.706623920705,0.706584135327
      ,0.706544587762,0.706505649569,0.706467498398,0.706429986349
      ,0.706393151963,0.706357320475,0.706322266737,0.706241501854
      ,0.706196711772,0.706154534134,0.706115120357,0.706078327539
      ,0.706043904752,0.706011625889,0.705981341902,0.705952965407
      ,0.705926426342,0.705901637831,0.705878497776,0.705856913907
      ,0.70578240658,0.705738878356,0.705702068937,0.705682540564
      ,0.705636426464,0.705669155964,0.705578909329,0.705657549488
      ,0.705570515799,0.705617330906,0.705588448686,0.705590967075
      ,0.705590330496,0.705591258859)
    ,(1.,1.,1.,1.,0.999999999999,1.000000000001,0.999999999998
      ,1.000000000002,0.999999999998,1.000000000002,0.999999999998
      ,1.000000000001,1.,1.,1.,1.,1.,1.,1.,0.999999999999,1.000000000002
      ,0.999999999998,1.000000000002,0.999999999999,1.000000000001,1.,1.
      ,1.,1.000000000001,0.999999999996,1.000000000008,0.999999999988
      ,1.000000000015,0.999999999984,1.000000000013,0.999999999991
      ,1.000000000005,0.999999999998,1.000000000001,1.,1.,1.
      ,0.999999999999,1.000000000002,0.999999999996,1.000000000004
      ,0.999999999996,1.000000000004,0.999999999997,1.000000000001
,0.999999999999,1.,1.,1.))) REPRESENTATION_ITEM('') SURFACE() );
#3625 = CARTESIAN_POINT('',(320.70825804649,-22.5289227844,
    -12.96688751609));
#3626 = CARTESIAN_POINT('',(320.70826702722,-22.50396744254,
    -12.96704979345));
#3627 = CARTESIAN_POINT('',(320.70816664826,-22.47855106632,
    -12.96721459777));
#3628 = CARTESIAN_POINT('',(320.70793029515,-22.45663067902,
    -12.96735693973));
#3629 = CARTESIAN_POINT('',(320.70770362646,-22.43995067299,
    -12.96746538736));
#3630 = CARTESIAN_POINT('',(320.70744155277,-22.42224554085,
    -12.96757981071));
#3631 = CARTESIAN_POINT('',(320.70708569915,-22.40087071077,
    -12.9677176955));
#3632 = CARTESIAN_POINT('',(320.70658198215,-22.37528063347,
    -12.96788292753));
#3633 = CARTESIAN_POINT('',(320.70581980128,-22.34304991326,
    -12.9680906819));
#3634 = CARTESIAN_POINT('',(320.70461709984,-22.30114539591,
    -12.96835977167));
#3635 = CARTESIAN_POINT('',(320.70271016675,-22.24847512573,
    -12.9686967327));
#3636 = CARTESIAN_POINT('',(320.69965248448,-22.1839756764,
    -12.96910733331));
#3637 = CARTESIAN_POINT('',(320.6946901343,-22.10430561049,
    -12.96961046429));
#3638 = CARTESIAN_POINT('',(320.68695717741,-22.01128410445,
    -12.9701919263));
#3639 = CARTESIAN_POINT('',(320.66617399765,-21.81037350711,
    -12.97143498986));
#3640 = CARTESIAN_POINT('',(320.65330693326,-21.70304712899,
    -12.97209347184));
#3641 = CARTESIAN_POINT('',(320.63765718954,-21.59189033707,
    -12.97276843615));
#3642 = CARTESIAN_POINT('',(320.62013319487,-21.48453903782,
    -12.97341241139));
#3643 = CARTESIAN_POINT('',(320.60090298179,-21.37943141764,
    -12.97403652842));
#3644 = CARTESIAN_POINT('',(320.57953196858,-21.27289013894,
    -12.97466395642));
#3645 = CARTESIAN_POINT('',(320.55558096065,-21.16406654395,
    -12.97529895634));
#3646 = CARTESIAN_POINT('',(320.5289402077,-21.0542641195,
    -12.97593250225));
#3647 = CARTESIAN_POINT('',(320.49974328441,-20.94433426115,
    -12.97655942411));
#3648 = CARTESIAN_POINT('',(320.468067517,-20.83388812488,
    -12.97718277281));
#3649 = CARTESIAN_POINT('',(320.43376255186,-20.7226806444,
    -12.97780404125));
#3650 = CARTESIAN_POINT('',(320.396632358,-20.61138321361,
    -12.97841844463));
#3651 = CARTESIAN_POINT('',(320.35680536917,-20.49975666225,
    -12.97902811111));
#3652 = CARTESIAN_POINT('',(320.25604037213,-20.23550138292,
    -12.98045541621));
#3653 = CARTESIAN_POINT('',(320.19281889236,-20.0831678381,
    -12.98126558453));
#3654 = CARTESIAN_POINT('',(320.12539086382,-19.9338769747,
    -12.98204658015));
#3655 = CARTESIAN_POINT('',(320.05493461984,-19.78942542149,
    -12.98279026352));
#3656 = CARTESIAN_POINT('',(319.98165272232,-19.64948966474,
    -12.98349987124));
#3657 = CARTESIAN_POINT('',(319.90518799638,-19.51291711769,
    -12.98418258528));
#3658 = CARTESIAN_POINT('',(319.82532861262,-19.37910185945,
    -12.9848422731));
#3659 = CARTESIAN_POINT('',(319.74228809709,-19.2483369875,
    -12.98547792002));
#3660 = CARTESIAN_POINT('',(319.65650608951,-19.12124629848,
    -12.98608692129));
#3661 = CARTESIAN_POINT('',(319.5682843664,-18.99802946737,
    -12.9866691567));
#3662 = CARTESIAN_POINT('',(319.47765010898,-18.8783070382,
    -12.98722763279));
#3663 = CARTESIAN_POINT('',(319.38462461429,-18.76182436865,
    -12.98776444908));
#3664 = CARTESIAN_POINT('',(319.28957063233,-18.64916718621,
    -12.98827692341));
#3665 = CARTESIAN_POINT('',(318.93022620726,-18.24489815697,
    -12.99009436835));
#3666 = CARTESIAN_POINT('',(318.65260075271,-17.97539704818,
    -12.99126136985));
#3667 = CARTESIAN_POINT('',(318.37065224235,-17.73264595149,
    -12.99227623663));
#3668 = CARTESIAN_POINT('',(318.04144793591,-17.50711692836,
    -12.99319564327));
#3669 = CARTESIAN_POINT('',(317.82192155365,-17.32973993631,
    -12.99387728246));
#3670 = CARTESIAN_POINT('',(317.33055791551,-17.1162459681,
    -12.99474954429));
#3671 = CARTESIAN_POINT('',(317.26952307425,-17.02836422589,
    -12.99498399912));
#3672 = CARTESIAN_POINT('',(316.66792440503,-16.82680614122,
    -12.99587045511));
#3673 = CARTESIAN_POINT('',(316.54725223858,-16.78098629474,
    -12.99588484202));
#3674 = CARTESIAN_POINT('',(316.12299849989,-16.66054010661,
    -12.99644189778));
#3675 = CARTESIAN_POINT('',(315.80997746907,-16.60367094493,
    -12.9965821403));
#3676 = CARTESIAN_POINT('',(315.46414517944,-16.55537561622,
    -12.99676889367));
#3677 = CARTESIAN_POINT('',(315.12262855091,-16.53034093274,
    -12.9968594113));
#3678 = CARTESIAN_POINT('',(314.77961709105,-16.52620499703,
    -12.99687614046));
#3679 = CARTESIAN_POINT('',(320.70825519513,-22.53684603329,
    -13.96685887562));
#3680 = CARTESIAN_POINT('',(320.70829712988,-22.51187856302,
    -13.96705414796));
#3681 = CARTESIAN_POINT('',(320.70823020533,-22.48644865611,
    -13.96725252701));
#3682 = CARTESIAN_POINT('',(320.70802254938,-22.46445118627,
    -13.96742344254));
#3683 = CARTESIAN_POINT('',(320.70781635761,-22.44771326738,
    -13.96755328144));
#3684 = CARTESIAN_POINT('',(320.7075762806,-22.42997400345,
    -13.96769081361));
#3685 = CARTESIAN_POINT('',(320.70724783237,-22.40858248199,
    -13.96785648051));
#3686 = CARTESIAN_POINT('',(320.70677683726,-22.38298187589,
    -13.96805436893));
#3687 = CARTESIAN_POINT('',(320.70605532436,-22.35072541281,
    -13.96830312353));
#3688 = CARTESIAN_POINT('',(320.7049051726,-22.30877321349,
    -13.96862571747));
#3689 = CARTESIAN_POINT('',(320.70306370801,-22.25605203517,
    -13.96902935099));
#3690 = CARTESIAN_POINT('',(320.70008478663,-22.19150342629,
    -13.96952026328));
#3691 = CARTESIAN_POINT('',(320.69521791301,-22.11175533332,
    -13.97012143611));
#3692 = CARTESIAN_POINT('',(320.68759389738,-22.01865444607,
    -13.97081462177));
#3693 = CARTESIAN_POINT('',(320.667038525,-21.81755232142,
    -13.97229409684));
#3694 = CARTESIAN_POINT('',(320.65428894993,-21.71011245285,
    -13.97307681983));
#3695 = CARTESIAN_POINT('',(320.63875720556,-21.59883386396,
    -13.97387734116));
#3696 = CARTESIAN_POINT('',(320.62133932175,-21.49134389034,
    -13.97464081605));
#3697 = CARTESIAN_POINT('',(320.60220818244,-21.3861000244,
    -13.97537971249));
#3698 = CARTESIAN_POINT('',(320.58093647381,-21.27943558066,
    -13.97612043019));
#3699 = CARTESIAN_POINT('',(320.55708530373,-21.17049290534,
    -13.97686800164));
#3700 = CARTESIAN_POINT('',(320.53054081049,-21.06056281047,
    -13.97761243849));
#3701 = CARTESIAN_POINT('',(320.50143421468,-20.95049545037,
    -13.97834807359));
#3702 = CARTESIAN_POINT('',(320.46984399689,-20.83990946567,
    -13.97907832141));
#3703 = CARTESIAN_POINT('',(320.43562111518,-20.72856255058,
    -13.97980454875));
#3704 = CARTESIAN_POINT('',(320.39856855945,-20.61712139575,
    -13.98052108702));
#3705 = CARTESIAN_POINT('',(320.35881477742,-20.50535061157,
    -13.98123067149));
#3706 = CARTESIAN_POINT('',(320.25820560736,-20.24073261805,
    -13.98288833238));
#3707 = CARTESIAN_POINT('',(320.19506214998,-20.08818259163,
    -13.98382630087));
#3708 = CARTESIAN_POINT('',(320.12770092885,-19.93867667091,
    -13.98472766861));
#3709 = CARTESIAN_POINT('',(320.05729774744,-19.79401173843,
    -13.98558386971));
#3710 = CARTESIAN_POINT('',(319.98405790504,-19.65386807722,
    -13.98639852538));
#3711 = CARTESIAN_POINT('',(319.90762817463,-19.51709612403,
    -13.9871795126));
#3712 = CARTESIAN_POINT('',(319.8277980362,-19.38308941688,
    -13.9879313443));
#3713 = CARTESIAN_POINT('',(319.74477946872,-19.25213800755,
    -13.98865344842));
#3714 = CARTESIAN_POINT('',(319.65901026062,-19.12486338192,
    -13.98934348332));
#3715 = CARTESIAN_POINT('',(319.5707925541,-19.00146595546,
    -13.99000152503));
#3716 = CARTESIAN_POINT('',(319.4801560041,-18.88156909674,
    -13.99063081116));
#3717 = CARTESIAN_POINT('',(319.38712334394,-18.76491910002,
    -13.99123372685));
#3718 = CARTESIAN_POINT('',(319.29205519544,-18.65209836414,
    -13.99180787289));
#3719 = CARTESIAN_POINT('',(318.93261175165,-18.24721446955,
    -13.99383838221));
#3720 = CARTESIAN_POINT('',(318.65519867279,-17.97738031966,
    -13.99513001996));
#3721 = CARTESIAN_POINT('',(318.37026099014,-17.73366554381,
    -13.99624916403));
#3722 = CARTESIAN_POINT('',(318.05349463202,-17.51065606383,
    -13.99722783631));
#3723 = CARTESIAN_POINT('',(317.79790782184,-17.32455568825,
    -13.99803546452));
#3724 = CARTESIAN_POINT('',(317.3784491971,-17.12887098395,
    -13.99881682384));
#3725 = CARTESIAN_POINT('',(317.21216124614,-17.01245804198,
    -13.99932273002));
#3726 = CARTESIAN_POINT('',(316.72073869092,-16.84367357122,
    -13.99994597584));
#3727 = CARTESIAN_POINT('',(316.52142804842,-16.77071616748,
    -14.00026118563));
#3728 = CARTESIAN_POINT('',(316.12933324193,-16.66416218499,
    -14.00064555037));
#3729 = CARTESIAN_POINT('',(315.80919720335,-16.60290502473,
    -14.00088523683));
#3730 = CARTESIAN_POINT('',(315.4641610314,-16.55545496132,
    -14.00106032997));
#3731 = CARTESIAN_POINT('',(315.12262900223,-16.53034093818,
    -14.00115320053));
#3732 = CARTESIAN_POINT('',(314.77961709105,-16.52620499703,
    -14.00116729823));
#3733 = CARTESIAN_POINT('',(319.70825812986,-22.54021740623,
    -13.96682656223));
#3734 = CARTESIAN_POINT('',(319.70826771949,-22.51541452661,
    -13.96702062613));
#3735 = CARTESIAN_POINT('',(319.70816958838,-22.49027282356,
    -13.96721682613));
#3736 = CARTESIAN_POINT('',(319.70794653616,-22.47377008454,
    -13.96734490052));
#3737 = CARTESIAN_POINT('',(319.7077439147,-22.45960863045,
    -13.96745496409));
#3738 = CARTESIAN_POINT('',(319.70754328304,-22.44588317924,
    -13.96756153186));
#3739 = CARTESIAN_POINT('',(319.70726081772,-22.42925790965,
    -13.96769037158));
#3740 = CARTESIAN_POINT('',(319.70682694583,-22.40704946498,
    -13.96786236174));
#3741 = CARTESIAN_POINT('',(319.70617193828,-22.37927998159,
    -13.96807702064));
#3742 = CARTESIAN_POINT('',(319.70517248058,-22.34561473498,
    -13.96833637388));
#3743 = CARTESIAN_POINT('',(319.7036007176,-22.30273908759,
    -13.96866552409));
#3744 = CARTESIAN_POINT('',(319.70106151946,-22.24770877432,
    -13.96908605376));
#3745 = CARTESIAN_POINT('',(319.69691465712,-22.18161910595,
    -13.96958678758));
#3746 = CARTESIAN_POINT('',(319.69037251294,-22.10301859624,
    -13.97017621709));
#3747 = CARTESIAN_POINT('',(319.67282607346,-21.93401779723,
    -13.97143048358));
#3748 = CARTESIAN_POINT('',(319.66200117865,-21.84389073006,
    -13.9720938543));
#3749 = CARTESIAN_POINT('',(319.6487398928,-21.75112215134,
    -13.97276881384));
#3750 = CARTESIAN_POINT('',(319.63455873935,-21.66481417643,
    -13.97339003099));
#3751 = CARTESIAN_POINT('',(319.61908085908,-21.57976406335,
    -13.97399672359));
#3752 = CARTESIAN_POINT('',(319.60134186791,-21.49034599356,
    -13.97462931741));
#3753 = CARTESIAN_POINT('',(319.58103536029,-21.39751497332,
    -13.97527940752));
#3754 = CARTESIAN_POINT('',(319.55851352762,-21.30501314421,
    -13.97591926838));
#3755 = CARTESIAN_POINT('',(319.53412552061,-21.2137978606,
    -13.97654283579));
#3756 = CARTESIAN_POINT('',(319.50779030954,-21.12190840984,
    -13.9771652276));
#3757 = CARTESIAN_POINT('',(319.47918324554,-21.02872740786,
    -13.97779027326));
#3758 = CARTESIAN_POINT('',(319.44818765239,-20.93615692093,
    -13.97840297927));
#3759 = CARTESIAN_POINT('',(319.41494594021,-20.84290143412,
    -13.97901416065));
#3760 = CARTESIAN_POINT('',(319.33078299861,-20.62220927853,
    -13.98044420499));
#3761 = CARTESIAN_POINT('',(319.27790257686,-20.49475464612,
    -13.98125740615));
#3762 = CARTESIAN_POINT('',(319.22157800735,-20.37030483688,
    -13.98203815195));
#3763 = CARTESIAN_POINT('',(319.16317270663,-20.25063733498,
    -13.98277744014));
#3764 = CARTESIAN_POINT('',(319.10256662686,-20.13478845338,
    -13.98348272364));
#3765 = CARTESIAN_POINT('',(319.03900617392,-20.02109665897,
    -13.98416492882));
#3766 = CARTESIAN_POINT('',(318.97221379617,-19.90904826258,
    -13.98482767994));
#3767 = CARTESIAN_POINT('',(318.90266095931,-19.79946529446,
    -13.98546662949));
#3768 = CARTESIAN_POINT('',(318.83104948119,-19.69339246054,
    -13.98607635063));
#3769 = CARTESIAN_POINT('',(318.75764685887,-19.59093039716,
    -13.98665724219));
#3770 = CARTESIAN_POINT('',(318.68218128319,-19.49122601127,
    -13.98721533102));
#3771 = CARTESIAN_POINT('',(318.60452149898,-19.39386751032,
    -13.98775372845));
#3772 = CARTESIAN_POINT('',(318.52534553583,-19.30004178934,
    -13.98826580886));
#3773 = CARTESIAN_POINT('',(318.22585932867,-18.96301399507,
    -13.99008378738));
#3774 = CARTESIAN_POINT('',(317.99472972048,-18.73829204172,
    -13.99125116746));
#3775 = CARTESIAN_POINT('',(317.75758586713,-18.53640426447,
    -13.99226591549));
#3776 = CARTESIAN_POINT('',(317.49353539856,-18.34654290778,
    -13.99318526184));
#3777 = CARTESIAN_POINT('',(317.28045628978,-18.20495750406,
    -13.99386673222));
#3778 = CARTESIAN_POINT('',(316.93658010425,-18.01278016513,
    -13.99473881874));
#3779 = CARTESIAN_POINT('',(316.775389931,-17.96154866236,
    -13.99498679811));
#3780 = CARTESIAN_POINT('',(316.41651643481,-17.76744993813,
    -13.9958378417));
#3781 = CARTESIAN_POINT('',(316.17542130251,-17.75532932291,
    -13.9958962861));
#3782 = CARTESIAN_POINT('',(315.93144376978,-17.63354256704,
    -13.99642332084));
#3783 = CARTESIAN_POINT('',(315.60146343569,-17.59790710396,
    -13.99657550383));
#3784 = CARTESIAN_POINT('',(315.33670269406,-17.55490975679,
    -13.99675936158));
#3785 = CARTESIAN_POINT('',(315.07528820204,-17.53350927206,
    -13.99685023248));
#3786 = CARTESIAN_POINT('',(314.73170650418,-17.52934347823,
    -13.99686697286));
#3787 = ADVANCED_FACE('',(#3788),#3840,.T.);
#3788 = FACE_BOUND('',#3789,.T.);
#3789 = EDGE_LOOP('',(#3790,#3798,#3799,#3800));
#3790 = ORIENTED_EDGE('',*,*,#3791,.T.);
#3791 = EDGE_CURVE('',#3792,#732,#3794,.T.);
#3792 = VERTEX_POINT('',#3793);
#3793 = CARTESIAN_POINT('',(105.84402876536,-21.20782909136,
    -12.96818614414));
#3794 = ( BOUNDED_CURVE() B_SPLINE_CURVE(2,(#3795,#3796,#3797),
.UNSPECIFIED.,.F.,.F.) B_SPLINE_CURVE_WITH_KNOTS((3,3),(0.,
121.19543027749),.PIECEWISE_BEZIER_KNOTS.) CURVE() 
GEOMETRIC_REPRESENTATION_ITEM() RATIONAL_B_SPLINE_CURVE((1.,
0.70440747251,1.)) REPRESENTATION_ITEM('') );
#3795 = CARTESIAN_POINT('',(105.84402876536,-21.20782909136,
    -12.96818614414));
#3796 = CARTESIAN_POINT('',(105.84508594415,-21.20797158205,
    -13.97583506127));
#3797 = CARTESIAN_POINT('',(105.69028561563,-22.20363001154,
    -13.96817815509));
#3798 = ORIENTED_EDGE('',*,*,#731,.T.);
#3799 = ORIENTED_EDGE('',*,*,#3434,.F.);
#3800 = ORIENTED_EDGE('',*,*,#3801,.F.);
#3801 = EDGE_CURVE('',#3792,#2384,#3802,.T.);
#3802 = ( BOUNDED_CURVE() B_SPLINE_CURVE(8,(#3803,#3804,#3805,#3806,
    #3807,#3808,#3809,#3810,#3811,#3812,#3813,#3814,#3815,#3816,#3817,
    #3818,#3819,#3820,#3821,#3822,#3823,#3824,#3825,#3826,#3827,#3828,
    #3829,#3830,#3831,#3832,#3833,#3834,#3835,#3836,#3837,#3838,#3839),
.UNSPECIFIED.,.F.,.F.) B_SPLINE_CURVE_WITH_KNOTS((9,7,7,7,7,9),(
    1.167435986108E+03,1.171963979694E+03,1.186944872148E+03,
    1.206453758188E+03,1.244512299441E+03,1.244512695749E+03),
.UNSPECIFIED.) CURVE() GEOMETRIC_REPRESENTATION_ITEM() 
RATIONAL_B_SPLINE_CURVE((1.,1.,1.,1.,1.,1.,1.,1.,1.,1.,1.,1.,1.,1.,1.,1.
    ,1.,1.,1.,1.,1.,1.,1.,1.,1.,1.,1.,1.,1.,1.,1.,1.,1.,1.,1.,1.,1.)) 
REPRESENTATION_ITEM('') );
#3803 = CARTESIAN_POINT('',(105.84402876536,-21.20782909136,
    -12.96823647408));
#3804 = CARTESIAN_POINT('',(105.28543083448,-21.10530459048,
    -12.96902354474));
#3805 = CARTESIAN_POINT('',(104.73677031502,-21.00578776748,
    -12.96977807725));
#3806 = CARTESIAN_POINT('',(104.18710925037,-20.90717880145,
    -12.97050841735));
#3807 = CARTESIAN_POINT('',(103.62919675294,-20.80827667385,
    -12.97123982282));
#3808 = CARTESIAN_POINT('',(103.07969108698,-20.71203416115,
    -12.97193891729));
#3809 = CARTESIAN_POINT('',(102.52511920957,-20.61603031238,
    -12.97263107482));
#3810 = CARTESIAN_POINT('',(101.97216159535,-20.52147206844,
    -12.97330432932));
#3811 = CARTESIAN_POINT('',(99.58814357306,-20.11874128491,
    -12.97614090693));
#3812 = CARTESIAN_POINT('',(97.756354933127,-19.82189737004,
    -12.97815077291));
#3813 = CARTESIAN_POINT('',(95.923546573532,-19.53745594544,
    -12.98000485804));
#3814 = CARTESIAN_POINT('',(94.089789510569,-19.26540550231,
    -12.98171478285));
#3815 = CARTESIAN_POINT('',(92.255146601015,-19.00573397606,
    -12.98329122453));
#3816 = CARTESIAN_POINT('',(90.419672542142,-18.75842874624,
    -12.98474391696));
#3817 = CARTESIAN_POINT('',(88.583413871709,-18.52347663658,
    -12.98608165068));
#3818 = CARTESIAN_POINT('',(84.354167021573,-18.01096621826,
    -12.98891485228));
#3819 = CARTESIAN_POINT('',(81.960610134021,-17.74199172537,
    -12.9903360894));
#3820 = CARTESIAN_POINT('',(79.56590364438,-17.49391832672,
    -12.99159326267));
#3821 = CARTESIAN_POINT('',(77.170179994347,-17.26672478252,
    -12.99270169981));
#3822 = CARTESIAN_POINT('',(74.773538728251,-17.06039072272,
    -12.99367477793));
#3823 = CARTESIAN_POINT('',(72.376046493047,-16.87489664704,
    -12.99452392351));
#3824 = CARTESIAN_POINT('',(69.977737038322,-16.71022392496,
    -12.99525861241));
#3825 = CARTESIAN_POINT('',(62.89832199424,-16.28569042681,
    -12.9971110185));
#3826 = CARTESIAN_POINT('',(58.214627635682,-16.08422578955,
    -12.9979285126));
#3827 = CARTESIAN_POINT('',(53.526981186201,-15.96156900321,
    -12.99840214108));
#3828 = CARTESIAN_POINT('',(48.833643728503,-15.9187780044,
    -12.99854608615));
#3829 = CARTESIAN_POINT('',(44.149861883145,-15.95433003503,
    -12.99840503631));
#3830 = CARTESIAN_POINT('',(39.455129741863,-16.07015536065,
    -12.99792609162));
#3831 = CARTESIAN_POINT('',(34.775932680239,-16.26422501458,
    -12.99711104338));
#3832 = CARTESIAN_POINT('',(30.093146079529,-16.53790560414,
    -12.99588691695));
#3833 = CARTESIAN_POINT('',(30.093097317664,-16.53790845398,
    -12.9958869042));
#3834 = CARTESIAN_POINT('',(30.093048555821,-16.53791130384,
    -12.99588689145));
#3835 = CARTESIAN_POINT('',(30.092999794001,-16.5379141537,
    -12.99588687871));
#3836 = CARTESIAN_POINT('',(30.092951032202,-16.53791700356,
    -12.99588686596));
#3837 = CARTESIAN_POINT('',(30.092902270427,-16.53791985344,
    -12.99588685322));
#3838 = CARTESIAN_POINT('',(30.092853508672,-16.53792270332,
    -12.99588684047));
#3839 = CARTESIAN_POINT('',(30.09280474694,-16.53792555321,
    -12.99588682772));
#3840 = ( BOUNDED_SURFACE() B_SPLINE_SURFACE(2,8,(
    (#3841,#3842,#3843,#3844,#3845,#3846,#3847,#3848,#3849,#3850,#3851
      ,#3852,#3853,#3854,#3855,#3856,#3857,#3858,#3859,#3860,#3861,#3862
      ,#3863,#3864,#3865,#3866,#3867,#3868,#3869,#3870,#3871,#3872,#3873
      ,#3874,#3875,#3876,#3877)
    ,(#3878,#3879,#3880,#3881,#3882,#3883,#3884,#3885,#3886,#3887,#3888
      ,#3889,#3890,#3891,#3892,#3893,#3894,#3895,#3896,#3897,#3898,#3899
      ,#3900,#3901,#3902,#3903,#3904,#3905,#3906,#3907,#3908,#3909,#3910
      ,#3911,#3912,#3913,#3914)
    ,(#3915,#3916,#3917,#3918,#3919,#3920,#3921,#3922,#3923,#3924,#3925
      ,#3926,#3927,#3928,#3929,#3930,#3931,#3932,#3933,#3934,#3935,#3936
      ,#3937,#3938,#3939,#3940,#3941,#3942,#3943,#3944,#3945,#3946,#3947
      ,#3948,#3949,#3950,#3951
)),.UNSPECIFIED.,.F.,.F.,.F.) B_SPLINE_SURFACE_WITH_KNOTS((3,3),(9,7,7,7
    ,7,9),(0.,77.076709641356),(1.167435986108E+03,1.171963979694E+03,
    1.186944872148E+03,1.206453758188E+03,1.244512299441E+03,
1.244512695749E+03),.UNSPECIFIED.) GEOMETRIC_REPRESENTATION_ITEM() 
RATIONAL_B_SPLINE_SURFACE((
    (1.,1.,1.,1.,1.,1.,1.,1.,1.,1.,1.,1.,1.,1.,1.,1.,1.,1.,1.,1.,1.,1.
      ,1.,1.,1.,1.,1.,1.,1.,1.,1.,1.,1.,1.,1.,1.,1.)
    ,(0.704425334268,0.704454241008,0.704482389172,0.704506388986
      ,0.704531301255,0.704556138179,0.704580393679,0.704604334188
      ,0.704705841422,0.704779722709,0.704849688932,0.704915879125
      ,0.704978420201,0.705037426953,0.705093002052,0.705213257845
      ,0.705275618836,0.705332517393,0.705384128958,0.705430606044
      ,0.705472078234,0.705508652182,0.705602368902,0.705645795482
      ,0.705672872928,0.70567900583,0.705673624439,0.70564531033
      ,0.705602050373,0.705540631009,0.705540630369,0.70554062973
      ,0.705540629091,0.705540628451,0.705540627812,0.705540627173
      ,0.705540626534)
    ,(1.,1.,1.,1.,1.,1.,1.,1.,1.,1.,1.,1.,1.,1.,1.,1.,1.,1.,1.,1.,1.,1.
      ,1.,1.,1.,1.,1.,1.,1.,1.,1.,1.,1.,1.,1.,1.,1.
))) REPRESENTATION_ITEM('') SURFACE() );
#3841 = CARTESIAN_POINT('',(105.84402876536,-21.20782909136,
    -12.96823647408));
#3842 = CARTESIAN_POINT('',(105.28543083448,-21.10530459048,
    -12.96902354474));
#3843 = CARTESIAN_POINT('',(104.73677031502,-21.00578776748,
    -12.96977807725));
#3844 = CARTESIAN_POINT('',(104.18710925037,-20.90717880145,
    -12.97050841735));
#3845 = CARTESIAN_POINT('',(103.62919675294,-20.80827667385,
    -12.97123982282));
#3846 = CARTESIAN_POINT('',(103.07969108698,-20.71203416115,
    -12.97193891729));
#3847 = CARTESIAN_POINT('',(102.52511920957,-20.61603031238,
    -12.97263107482));
#3848 = CARTESIAN_POINT('',(101.97216159535,-20.52147206844,
    -12.97330432932));
#3849 = CARTESIAN_POINT('',(99.58814357306,-20.11874128491,
    -12.97614090693));
#3850 = CARTESIAN_POINT('',(97.756354933127,-19.82189737004,
    -12.97815077291));
#3851 = CARTESIAN_POINT('',(95.923546573532,-19.53745594544,
    -12.98000485804));
#3852 = CARTESIAN_POINT('',(94.089789510569,-19.26540550231,
    -12.98171478285));
#3853 = CARTESIAN_POINT('',(92.255146601015,-19.00573397606,
    -12.98329122453));
#3854 = CARTESIAN_POINT('',(90.419672542142,-18.75842874624,
    -12.98474391696));
#3855 = CARTESIAN_POINT('',(88.583413871709,-18.52347663658,
    -12.98608165068));
#3856 = CARTESIAN_POINT('',(84.354167021573,-18.01096621826,
    -12.98891485228));
#3857 = CARTESIAN_POINT('',(81.960610134021,-17.74199172537,
    -12.9903360894));
#3858 = CARTESIAN_POINT('',(79.56590364438,-17.49391832672,
    -12.99159326267));
#3859 = CARTESIAN_POINT('',(77.170179994347,-17.26672478252,
    -12.99270169981));
#3860 = CARTESIAN_POINT('',(74.773538728251,-17.06039072272,
    -12.99367477793));
#3861 = CARTESIAN_POINT('',(72.376046493047,-16.87489664704,
    -12.99452392351));
#3862 = CARTESIAN_POINT('',(69.977737038322,-16.71022392496,
    -12.99525861241));
#3863 = CARTESIAN_POINT('',(62.89832199424,-16.28569042681,
    -12.9971110185));
#3864 = CARTESIAN_POINT('',(58.214627635682,-16.08422578955,
    -12.9979285126));
#3865 = CARTESIAN_POINT('',(53.526981186201,-15.96156900321,
    -12.99840214108));
#3866 = CARTESIAN_POINT('',(48.833643728503,-15.9187780044,
    -12.99854608615));
#3867 = CARTESIAN_POINT('',(44.149861883145,-15.95433003503,
    -12.99840503631));
#3868 = CARTESIAN_POINT('',(39.455129741863,-16.07015536065,
    -12.99792609162));
#3869 = CARTESIAN_POINT('',(34.775932680239,-16.26422501458,
    -12.99711104338));
#3870 = CARTESIAN_POINT('',(30.093146079529,-16.53790560414,
    -12.99588691695));
#3871 = CARTESIAN_POINT('',(30.093097317664,-16.53790845398,
    -12.9958869042));
#3872 = CARTESIAN_POINT('',(30.093048555821,-16.53791130384,
    -12.99588689145));
#3873 = CARTESIAN_POINT('',(30.092999794001,-16.5379141537,
    -12.99588687871));
#3874 = CARTESIAN_POINT('',(30.092951032202,-16.53791700356,
    -12.99588686596));
#3875 = CARTESIAN_POINT('',(30.092902270427,-16.53791985344,
    -12.99588685322));
#3876 = CARTESIAN_POINT('',(30.092853508672,-16.53792270332,
    -12.99588684047));
#3877 = CARTESIAN_POINT('',(30.09280474694,-16.53792555321,
    -12.99588682772));
#3878 = CARTESIAN_POINT('',(105.84507810044,-21.20802168526,
    -13.97583467596));
#3879 = CARTESIAN_POINT('',(105.2865858094,-21.10551463096,
    -13.97653955478));
#3880 = CARTESIAN_POINT('',(104.73805446525,-21.006019222,
    -13.97721402138));
#3881 = CARTESIAN_POINT('',(104.18839717481,-20.90740763346,
    -13.97787619897));
#3882 = CARTESIAN_POINT('',(103.63030726898,-20.8084721263,
    -13.97853713175));
#3883 = CARTESIAN_POINT('',(103.08088128663,-20.71224180925,
    -13.97916559539));
#3884 = CARTESIAN_POINT('',(102.52623668285,-20.61622297906,
    -13.97978899829));
#3885 = CARTESIAN_POINT('',(101.97325055457,-20.52165793431,
    -13.98039432535));
#3886 = CARTESIAN_POINT('',(99.589322484509,-20.11893412396,
    -13.98294268537));
#3887 = CARTESIAN_POINT('',(97.757590294106,-19.8220917887,
    -13.98474283695));
#3888 = CARTESIAN_POINT('',(95.924775268757,-19.53764122603,
    -13.98639841658));
#3889 = CARTESIAN_POINT('',(94.090958709439,-19.26557397935,
    -13.98792061831));
#3890 = CARTESIAN_POINT('',(92.256213177867,-19.00588064199,
    -13.98931973251));
#3891 = CARTESIAN_POINT('',(90.420602348527,-18.75855081149,
    -13.99060514722));
#3892 = CARTESIAN_POINT('',(88.58418085966,-18.52357304711,
    -13.99178534932));
#3893 = CARTESIAN_POINT('',(84.354923452089,-18.01105337274,
    -13.99427747162));
#3894 = CARTESIAN_POINT('',(81.961442297253,-17.74208068962,
    -13.99552183168));
#3895 = CARTESIAN_POINT('',(79.566730226832,-17.49399919524,
    -13.99661768871));
#3896 = CARTESIAN_POINT('',(77.170935050793,-17.26679164618,
    -13.99757984269));
#3897 = CARTESIAN_POINT('',(74.774172498745,-17.06044104754,
    -13.99842121307));
#3898 = CARTESIAN_POINT('',(72.376525853165,-16.87493056965,
    -13.99915284091));
#3899 = CARTESIAN_POINT('',(69.978045578338,-16.71024347491,
    -13.99978389059));
#3900 = CARTESIAN_POINT('',(62.898748170853,-16.28571394,-14.00137059231
    ));
#3901 = CARTESIAN_POINT('',(58.215016403216,-16.08423776084,
    -14.00206502441));
#3902 = CARTESIAN_POINT('',(53.52728745507,-15.96157257821,
    -14.00246200956));
#3903 = CARTESIAN_POINT('',(48.833632173733,-15.91877367271,
    -14.00258848611));
#3904 = CARTESIAN_POINT('',(44.149616954809,-15.9543228866,
    -14.00246283082));
#3905 = CARTESIAN_POINT('',(39.454569651684,-16.07018210366,
    -14.00206391902));
#3906 = CARTESIAN_POINT('',(34.77570949477,-16.26423616462,
    -14.00137154516));
#3907 = CARTESIAN_POINT('',(30.093018467582,-16.53791306231,
    -14.00032157785));
#3908 = CARTESIAN_POINT('',(30.092969702461,-16.53791591236,
    -14.00032156692));
#3909 = CARTESIAN_POINT('',(30.092920937353,-16.53791876242,
    -14.00032155598));
#3910 = CARTESIAN_POINT('',(30.092872172263,-16.53792161249,
    -14.00032154505));
#3911 = CARTESIAN_POINT('',(30.092823407184,-16.53792446257,
    -14.00032153411));
#3912 = CARTESIAN_POINT('',(30.092774642123,-16.53792731266,
    -14.00032152318));
#3913 = CARTESIAN_POINT('',(30.092725877074,-16.53793016275,
    -14.00032151224));
#3914 = CARTESIAN_POINT('',(30.092677112042,-16.53793301285,
    -14.00032150131));
#3915 = CARTESIAN_POINT('',(105.69028556175,-22.20363000297,
    -13.96817815516));
#3916 = CARTESIAN_POINT('',(105.11816536901,-22.09892118538,
    -13.96897996483));
#3917 = CARTESIAN_POINT('',(104.55085776635,-21.99618513784,
    -13.96975711737));
#3918 = CARTESIAN_POINT('',(103.99869706049,-21.89633895,-13.97050271515
    ));
#3919 = CARTESIAN_POINT('',(103.46657952554,-21.80287978365,
    -13.97119355195));
#3920 = CARTESIAN_POINT('',(102.90265752489,-21.70332789094,
    -13.97192142436));
#3921 = CARTESIAN_POINT('',(102.35606618675,-21.60893585804,
    -13.97260299186));
#3922 = CARTESIAN_POINT('',(101.80371775887,-21.514352614,
    -13.97327879339));
#3923 = CARTESIAN_POINT('',(99.427224741231,-21.11259473288,
    -13.97611747407));
#3924 = CARTESIAN_POINT('',(97.60121733548,-20.81647097867,
    -13.97812880914));
#3925 = CARTESIAN_POINT('',(95.774193292725,-20.53272239098,
    -13.97998423144));
#3926 = CARTESIAN_POINT('',(93.946223742899,-20.26133708004,
    -13.98169537417));
#3927 = CARTESIAN_POINT('',(92.117371463259,-20.002302611,
    -13.98327292598));
#3928 = CARTESIAN_POINT('',(90.287690878375,-19.75560600389,
    -13.98472663094));
#3929 = CARTESIAN_POINT('',(88.457228060142,-19.52123373367,
    -13.98606528857));
#3930 = CARTESIAN_POINT('',(84.241328675988,-19.00999120683,
    -13.98890043096));
#3931 = CARTESIAN_POINT('',(81.855327750307,-18.7416847583,
    -13.99032262828));
#3932 = CARTESIAN_POINT('',(79.46817843614,-18.49422931773,
    -13.99158064175));
#3933 = CARTESIAN_POINT('',(77.080009806107,-18.26760292499,
    -13.99268981387));
#3934 = CARTESIAN_POINT('',(74.690919520037,-18.06178472657,
    -13.9936635337));
#3935 = CARTESIAN_POINT('',(72.300973824966,-17.87675497565,
    -13.99451323681));
#3936 = CARTESIAN_POINT('',(69.910207555139,-17.71249503209,
    -13.99524840534));
#3937 = CARTESIAN_POINT('',(62.853048856161,-17.28902813991,
    -13.99710200708));
#3938 = CARTESIAN_POINT('',(58.184223524805,-17.08803263923,
    -13.99792083495));
#3939 = CARTESIAN_POINT('',(53.510802398466,-16.96593021393,
    -13.99839048231));
#3940 = CARTESIAN_POINT('',(48.834375404325,-16.92263981756,
    -13.99854468692));
#3941 = CARTESIAN_POINT('',(44.161169045778,-16.95912015604,
    -13.99838909441));
#3942 = CARTESIAN_POINT('',(39.488787499093,-17.07339173566,
    -13.99792301126));
#3943 = CARTESIAN_POINT('',(34.810832072351,-17.26823458084,
    -13.99709985061));
#3944 = CARTESIAN_POINT('',(30.154982139974,-17.54042478706,
    -13.99587754765));
#3945 = CARTESIAN_POINT('',(30.154933659997,-17.5404276213,
    -13.99587753492));
#3946 = CARTESIAN_POINT('',(30.154885181437,-17.54043045546,
    -13.99587752219));
#3947 = CARTESIAN_POINT('',(30.154836704293,-17.54043328954,
    -13.99587750947));
#3948 = CARTESIAN_POINT('',(30.154788228567,-17.54043612354,
    -13.99587749674));
#3949 = CARTESIAN_POINT('',(30.154739754257,-17.54043895746,
    -13.99587748401));
#3950 = CARTESIAN_POINT('',(30.154691281364,-17.54044179131,
    -13.99587747129));
#3951 = CARTESIAN_POINT('',(30.154642809886,-17.54044462507,
    -13.99587745856));
#3952 = ADVANCED_FACE('',(#3953),#3997,.T.);
#3953 = FACE_BOUND('',#3954,.T.);
#3954 = EDGE_LOOP('',(#3955,#3956,#3957,#3965));
#3955 = ORIENTED_EDGE('',*,*,#3560,.T.);
#3956 = ORIENTED_EDGE('',*,*,#875,.T.);
#3957 = ORIENTED_EDGE('',*,*,#3958,.F.);
#3958 = EDGE_CURVE('',#3959,#858,#3961,.T.);
#3959 = VERTEX_POINT('',#3960);
#3960 = CARTESIAN_POINT('',(245.26490527611,-20.11626557397,
    -12.97687457847));
#3961 = ( BOUNDED_CURVE() B_SPLINE_CURVE(2,(#3962,#3963,#3964),
.UNSPECIFIED.,.F.,.F.) B_SPLINE_CURVE_WITH_KNOTS((3,3),(0.,
27.189540646347),.PIECEWISE_BEZIER_KNOTS.) CURVE() 
GEOMETRIC_REPRESENTATION_ITEM() RATIONAL_B_SPLINE_CURVE((1.,
0.70473287697,1.)) REPRESENTATION_ITEM('') );
#3962 = CARTESIAN_POINT('',(245.26490527611,-20.11626557397,
    -12.97687457847));
#3963 = CARTESIAN_POINT('',(245.26407583672,-20.11640076166,
    -13.98359998937));
#3964 = CARTESIAN_POINT('',(245.40189613849,-21.11362516458,
    -13.9768313971));
#3965 = ORIENTED_EDGE('',*,*,#3966,.F.);
#3966 = EDGE_CURVE('',#3561,#3959,#3967,.T.);
#3967 = ( BOUNDED_CURVE() B_SPLINE_CURVE(10,(#3968,#3969,#3970,#3971,
    #3972,#3973,#3974,#3975,#3976,#3977,#3978,#3979,#3980,#3981,#3982,
    #3983,#3984,#3985,#3986,#3987,#3988,#3989,#3990,#3991,#3992,#3993,
#3994,#3995,#3996),.UNSPECIFIED.,.F.,.F.) B_SPLINE_CURVE_WITH_KNOTS((11,
    9,9,11),(1.008641134811E+03,1.024057862163E+03,1.032768718161E+03,
1.035830675457E+03),.UNSPECIFIED.) CURVE() GEOMETRIC_REPRESENTATION_ITEM
() RATIONAL_B_SPLINE_CURVE((1.,1.,1.,1.,1.,1.,1.,1.,1.,1.,1.,1.,1.,1.,
    0.999999999999,1.,1.,1.,1.,1.,1.,1.,1.,1.,1.,1.,1.,1.,1.)) 
REPRESENTATION_ITEM('') );
#3968 = CARTESIAN_POINT('',(314.77961709105,-16.52620499703,
    -12.99687614046));
#3969 = CARTESIAN_POINT('',(310.77177235011,-16.29200661397,
    -12.99786839611));
#3970 = CARTESIAN_POINT('',(306.76224996024,-16.11427308488,
    -12.99857449281));
#3971 = CARTESIAN_POINT('',(302.7490597957,-15.99284096918,
    -12.99903591514));
#3972 = CARTESIAN_POINT('',(298.73485149659,-15.92789023918,
    -12.9992715872));
#3973 = CARTESIAN_POINT('',(294.7202987233,-15.91941988066,
    -12.99929141109));
#3974 = CARTESIAN_POINT('',(290.70544611057,-15.96737907539,
    -12.99909764241));
#3975 = CARTESIAN_POINT('',(286.69159698295,-16.07179670825,
    -12.99868298732));
#3976 = CARTESIAN_POINT('',(282.68058710306,-16.23267701387,
    -12.99802994188));
#3977 = CARTESIAN_POINT('',(278.67255693361,-16.44985425064,
    -12.9971115294));
#3978 = CARTESIAN_POINT('',(272.40469740255,-16.87799866307,
    -12.99519859505));
#3979 = CARTESIAN_POINT('',(270.14218405572,-17.0507073826,
    -12.99440979323));
#3980 = CARTESIAN_POINT('',(267.8840792109,-17.24059889109,
    -12.99352411109));
#3981 = CARTESIAN_POINT('',(265.61625257858,-17.45091787809,
    -12.99250622125));
#3982 = CARTESIAN_POINT('',(263.36616800469,-17.67547393661,
    -12.99139825219));
#3983 = CARTESIAN_POINT('',(261.10072226401,-17.92144431081,
    -12.99013299097));
#3984 = CARTESIAN_POINT('',(258.83838381612,-18.18600463242,
    -12.98871520611));
#3985 = CARTESIAN_POINT('',(256.61157779438,-18.46019803614,
    -12.9872098633));
#3986 = CARTESIAN_POINT('',(254.22128081737,-18.78000565353,
    -12.98534662929));
#3987 = CARTESIAN_POINT('',(251.32472285966,-19.18770837031,
    -12.98287997612));
#3988 = CARTESIAN_POINT('',(250.60196512269,-19.29148685195,
    -12.98224347295));
#3989 = CARTESIAN_POINT('',(249.96852093038,-19.3844651238,
    -12.98166232034));
#3990 = CARTESIAN_POINT('',(249.28831385578,-19.4847204518,
    -12.98103954152));
#3991 = CARTESIAN_POINT('',(248.55972338625,-19.59462600479,
    -12.98033106052));
#3992 = CARTESIAN_POINT('',(247.76540258069,-19.71587946785,
    -12.97956357966));
#3993 = CARTESIAN_POINT('',(246.96773384669,-19.84101433003,
    -12.97873147684));
#3994 = CARTESIAN_POINT('',(246.17634408327,-19.96836864235,
    -12.97788212669));
#3995 = CARTESIAN_POINT('',(245.68811237364,-20.04728839371,
    -12.97734726914));
#3996 = CARTESIAN_POINT('',(245.26490527611,-20.11626557397,
    -12.97687457847));
#3997 = ( BOUNDED_SURFACE() B_SPLINE_SURFACE(2,10,(
    (#3998,#3999,#4000,#4001,#4002,#4003,#4004,#4005,#4006,#4007,#4008
      ,#4009,#4010,#4011,#4012,#4013,#4014,#4015,#4016,#4017,#4018,#4019
      ,#4020,#4021,#4022,#4023,#4024,#4025,#4026)
    ,(#4027,#4028,#4029,#4030,#4031,#4032,#4033,#4034,#4035,#4036,#4037
      ,#4038,#4039,#4040,#4041,#4042,#4043,#4044,#4045,#4046,#4047,#4048
      ,#4049,#4050,#4051,#4052,#4053,#4054,#4055)
    ,(#4056,#4057,#4058,#4059,#4060,#4061,#4062,#4063,#4064,#4065,#4066
      ,#4067,#4068,#4069,#4070,#4071,#4072,#4073,#4074,#4075,#4076,#4077
      ,#4078,#4079,#4080,#4081,#4082,#4083,#4084
)),.UNSPECIFIED.,.F.,.F.,.F.) B_SPLINE_SURFACE_WITH_KNOTS((3,3),(11,9,9,
    11),(0.,27.189540646347),(1.008641134811E+03,1.024057862163E+03,
    1.032768718161E+03,1.035830675457E+03),.UNSPECIFIED.) 
GEOMETRIC_REPRESENTATION_ITEM() RATIONAL_B_SPLINE_SURFACE((
    (1.,1.,1.,1.,1.,1.,1.,1.,1.,1.,1.,1.,1.,1.,0.999999999999,1.,1.,1.
      ,1.,1.,1.,1.,1.,1.,1.,1.,1.,1.,1.)
    ,(0.705591258859,0.705644391611,0.705681769268,0.705707459863
      ,0.705721116981,0.705722303764,0.705711149976,0.705687787202
      ,0.705651980835,0.705603350948,0.705506627278,0.705467456977
      ,0.705424235867,0.705375952144,0.705324257786,0.705267048128
      ,0.705204882675,0.705140218619,0.70506338763,0.704964649288
      ,0.70493947805,0.70491612221,0.704893622233,0.704862602562
      ,0.704838155004,0.704801895,0.704773535059,0.704752128959
      ,0.70473287697)
    ,(1.,1.,1.,1.,1.,1.,1.,1.,1.,1.,1.,1.,1.,1.,0.999999999999,1.,1.,1.
,1.,1.,1.,1.,1.,1.,1.,1.,1.,1.,1.
  ))) REPRESENTATION_ITEM('') SURFACE() );
#3998 = CARTESIAN_POINT('',(314.77961709105,-16.52620499703,
    -12.99687614046));
#3999 = CARTESIAN_POINT('',(310.77177235011,-16.29200661397,
    -12.99786839611));
#4000 = CARTESIAN_POINT('',(306.76224996024,-16.11427308488,
    -12.99857449281));
#4001 = CARTESIAN_POINT('',(302.7490597957,-15.99284096918,
    -12.99903591514));
#4002 = CARTESIAN_POINT('',(298.73485149659,-15.92789023918,
    -12.9992715872));
#4003 = CARTESIAN_POINT('',(294.7202987233,-15.91941988066,
    -12.99929141109));
#4004 = CARTESIAN_POINT('',(290.70544611057,-15.96737907539,
    -12.99909764241));
#4005 = CARTESIAN_POINT('',(286.69159698295,-16.07179670825,
    -12.99868298732));
#4006 = CARTESIAN_POINT('',(282.68058710306,-16.23267701387,
    -12.99802994188));
#4007 = CARTESIAN_POINT('',(278.67255693361,-16.44985425064,
    -12.9971115294));
#4008 = CARTESIAN_POINT('',(272.40469740255,-16.87799866307,
    -12.99519859505));
#4009 = CARTESIAN_POINT('',(270.14218405572,-17.0507073826,
    -12.99440979323));
#4010 = CARTESIAN_POINT('',(267.8840792109,-17.24059889109,
    -12.99352411109));
#4011 = CARTESIAN_POINT('',(265.61625257858,-17.45091787809,
    -12.99250622125));
#4012 = CARTESIAN_POINT('',(263.36616800469,-17.67547393661,
    -12.99139825219));
#4013 = CARTESIAN_POINT('',(261.10072226401,-17.92144431081,
    -12.99013299097));
#4014 = CARTESIAN_POINT('',(258.83838381612,-18.18600463242,
    -12.98871520611));
#4015 = CARTESIAN_POINT('',(256.61157779438,-18.46019803614,
    -12.9872098633));
#4016 = CARTESIAN_POINT('',(254.22128081737,-18.78000565353,
    -12.98534662929));
#4017 = CARTESIAN_POINT('',(251.32472285966,-19.18770837031,
    -12.98287997612));
#4018 = CARTESIAN_POINT('',(250.60196512269,-19.29148685195,
    -12.98224347295));
#4019 = CARTESIAN_POINT('',(249.96852093038,-19.3844651238,
    -12.98166232034));
#4020 = CARTESIAN_POINT('',(249.28831385578,-19.4847204518,
    -12.98103954152));
#4021 = CARTESIAN_POINT('',(248.55972338625,-19.59462600479,
    -12.98033106052));
#4022 = CARTESIAN_POINT('',(247.76540258069,-19.71587946785,
    -12.97956357966));
#4023 = CARTESIAN_POINT('',(246.96773384669,-19.84101433003,
    -12.97873147684));
#4024 = CARTESIAN_POINT('',(246.17634408327,-19.96836864235,
    -12.97788212669));
#4025 = CARTESIAN_POINT('',(245.68811237364,-20.04728839371,
    -12.97734726914));
#4026 = CARTESIAN_POINT('',(245.26490527611,-20.11626557397,
    -12.97687457847));
#4027 = CARTESIAN_POINT('',(314.77961709105,-16.52620499703,
    -14.00116729823));
#4028 = CARTESIAN_POINT('',(310.77207412793,-16.29202424835,
    -14.00200888423));
#4029 = CARTESIAN_POINT('',(306.76261137897,-16.11428655622,
    -14.00260906409));
#4030 = CARTESIAN_POINT('',(302.74935412196,-15.99284715927,
    -14.00299770852));
#4031 = CARTESIAN_POINT('',(298.73499663974,-15.92788759364,
    -14.00319469945));
#4032 = CARTESIAN_POINT('',(294.72022320296,-15.91941486206,
    -14.00321116723));
#4033 = CARTESIAN_POINT('',(290.70514705266,-15.96738210915,
    -14.00304899002));
#4034 = CARTESIAN_POINT('',(286.69117564437,-16.0718109329,
    -14.00270050298));
#4035 = CARTESIAN_POINT('',(282.68017320604,-16.23269689488,
    -14.00214889561));
#4036 = CARTESIAN_POINT('',(278.67219996616,-16.44987688518,
    -14.00136832128));
#4037 = CARTESIAN_POINT('',(272.40437359857,-16.87802176991,
    -13.9997296065));
#4038 = CARTESIAN_POINT('',(270.14165703875,-17.05074812999,
    -13.99905179404));
#4039 = CARTESIAN_POINT('',(267.88332171787,-17.24066457278,
    -13.998288545));
#4040 = CARTESIAN_POINT('',(265.61539348094,-17.45099826155,
    -13.99740750165));
#4041 = CARTESIAN_POINT('',(263.36519273202,-17.67557598739,
    -13.99644600984));
#4042 = CARTESIAN_POINT('',(261.09970771173,-17.92155740464,
    -13.9953429376));
#4043 = CARTESIAN_POINT('',(258.83737517837,-18.18612320504,
    -13.99410144083));
#4044 = CARTESIAN_POINT('',(256.61048630979,-18.46033816255,
    -13.99277938643));
#4045 = CARTESIAN_POINT('',(254.22038335395,-18.78012678449,
    -13.99113421156));
#4046 = CARTESIAN_POINT('',(251.32392474581,-19.18782253306,
    -13.98894775023));
#4047 = CARTESIAN_POINT('',(250.60112485615,-19.29160910221,
    -13.98838262556));
#4048 = CARTESIAN_POINT('',(249.9676921821,-19.38458691288,
    -13.98786774688));
#4049 = CARTESIAN_POINT('',(249.28733984633,-19.48486716157,
    -13.98730868592));
#4050 = CARTESIAN_POINT('',(248.55891016149,-19.59474805958,
    -13.98668835052));
#4051 = CARTESIAN_POINT('',(247.764273284,-19.71605530323,-13.9859899698
    ));
#4052 = CARTESIAN_POINT('',(246.96685262158,-19.84115253494,
    -13.985260963));
#4053 = CARTESIAN_POINT('',(246.17531810764,-19.96853305833,
    -13.98449197114));
#4054 = CARTESIAN_POINT('',(245.68718920256,-20.04743770718,
    -13.98401796175));
#4055 = CARTESIAN_POINT('',(245.26407583672,-20.11640076166,
    -13.98359998937));
#4056 = CARTESIAN_POINT('',(314.73170650418,-17.52934347823,
    -13.99686697286));
#4057 = CARTESIAN_POINT('',(310.71718987882,-17.2946763104,
    -13.99785987064));
#4058 = CARTESIAN_POINT('',(306.72849412594,-17.11790981151,
    -13.99856639424));
#4059 = CARTESIAN_POINT('',(302.72927999328,-16.9968959955,
    -13.99902810166));
#4060 = CARTESIAN_POINT('',(298.72672549011,-16.93197514794,
    -13.99926392032));
#4061 = CARTESIAN_POINT('',(294.72514032599,-16.92348831519,
    -13.99928375695));
#4062 = CARTESIAN_POINT('',(290.72331155276,-16.97139348032,
    -13.99908986958));
#4063 = CARTESIAN_POINT('',(286.72184313993,-17.07556633942,
    -13.9986749563));
#4064 = CARTESIAN_POINT('',(282.7237211905,-17.23598679179,
    -13.99802150424));
#4065 = CARTESIAN_POINT('',(278.72830547873,-17.45263245813,
    -13.99710253105));
#4066 = CARTESIAN_POINT('',(272.48011256819,-17.87970979024,
    -13.99518836177));
#4067 = CARTESIAN_POINT('',(270.2246556553,-18.05199504027,
    -13.9943990094));
#4068 = CARTESIAN_POINT('',(267.97374392046,-18.24139251545,
    -13.99351289425));
#4069 = CARTESIAN_POINT('',(265.71275944858,-18.45124638831,
    -13.9924939484));
#4070 = CARTESIAN_POINT('',(263.47016684171,-18.67517601102,
    -13.99138567251));
#4071 = CARTESIAN_POINT('',(261.21176136223,-18.92055125175,
    -13.9901194947));
#4072 = CARTESIAN_POINT('',(258.95619477475,-19.18453333483,
    -13.988700231));
#4073 = CARTESIAN_POINT('',(256.73770089199,-19.45784100463,
    -13.98719509649));
#4074 = CARTESIAN_POINT('',(254.3533046525,-19.77710282475,
    -13.98532924923));
#4075 = CARTESIAN_POINT('',(251.46677992962,-20.18368173095,
    -13.98286153816));
#4076 = CARTESIAN_POINT('',(250.7465906706,-20.28717964686,
    -13.9822246343));
#4077 = CARTESIAN_POINT('',(250.11099386513,-20.38042680835,
    -13.98164101659));
#4078 = CARTESIAN_POINT('',(249.44680015629,-20.47875012152,
    -13.98102504479));
#4079 = CARTESIAN_POINT('',(248.69210103249,-20.59191354587,
    -13.98030036458));
#4080 = CARTESIAN_POINT('',(247.94068155004,-20.7077264758,
    -13.97955625139));
#4081 = CARTESIAN_POINT('',(247.10423750186,-20.83800274508,
    -13.9786968432));
#4082 = CARTESIAN_POINT('',(246.34538124013,-20.96086699673,
    -13.97786898131));
#4083 = CARTESIAN_POINT('',(245.83910370998,-21.04265923928,
    -13.97731537515));
#4084 = CARTESIAN_POINT('',(245.40189613849,-21.11362516458,
    -13.9768313971));
#4085 = ADVANCED_FACE('',(#4086),#4180,.T.);
#4086 = FACE_BOUND('',#4087,.T.);
#4087 = EDGE_LOOP('',(#4088,#4096,#4097,#4098));
#4088 = ORIENTED_EDGE('',*,*,#4089,.T.);
#4089 = EDGE_CURVE('',#4090,#774,#4092,.T.);
#4090 = VERTEX_POINT('',#4091);
#4091 = CARTESIAN_POINT('',(234.20169757748,-21.21214511717,
    -12.96886821879));
#4092 = ( BOUNDED_CURVE() B_SPLINE_CURVE(2,(#4093,#4094,#4095),
.UNSPECIFIED.,.F.,.F.) B_SPLINE_CURVE_WITH_KNOTS((3,3),(0.,
10.409880309809),.PIECEWISE_BEZIER_KNOTS.) CURVE() 
GEOMETRIC_REPRESENTATION_ITEM() RATIONAL_B_SPLINE_CURVE((1.,
0.704420593337,1.)) REPRESENTATION_ITEM('') );
#4093 = CARTESIAN_POINT('',(234.20169757748,-21.21214511717,
    -12.96886821879));
#4094 = CARTESIAN_POINT('',(234.20089665115,-21.21222445391,
    -13.97648012488));
#4095 = CARTESIAN_POINT('',(234.31713241856,-22.21308082237,
    -13.96885272979));
#4096 = ORIENTED_EDGE('',*,*,#773,.T.);
#4097 = ORIENTED_EDGE('',*,*,#3791,.F.);
#4098 = ORIENTED_EDGE('',*,*,#4099,.F.);
#4099 = EDGE_CURVE('',#4090,#3792,#4100,.T.);
#4100 = ( BOUNDED_CURVE() B_SPLINE_CURVE(12,(#4101,#4102,#4103,#4104,
    #4105,#4106,#4107,#4108,#4109,#4110,#4111,#4112,#4113,#4114,#4115,
    #4116,#4117,#4118,#4119,#4120,#4121,#4122,#4123,#4124,#4125,#4126,
    #4127,#4128,#4129,#4130,#4131,#4132,#4133,#4134,#4135,#4136,#4137,
    #4138,#4139,#4140,#4141,#4142,#4143,#4144,#4145,#4146,#4147,#4148,
    #4149,#4150,#4151,#4152,#4153,#4154,#4155,#4156,#4157,#4158,#4159,
    #4160,#4161,#4162,#4163,#4164,#4165,#4166,#4167,#4168,#4169,#4170,
    #4171,#4172,#4173,#4174,#4175,#4176,#4177,#4178,#4179),
.UNSPECIFIED.,.F.,.F.) B_SPLINE_CURVE_WITH_KNOTS((13,11,11,11,11,11,11,
    13),(1.046240555777E+03,1.053793530637E+03,1.061181953474E+03,
    1.07656260503E+03,1.107080437887E+03,1.137258211971E+03,
1.15995424997E+03,1.167435986055E+03),.UNSPECIFIED.) CURVE() 
GEOMETRIC_REPRESENTATION_ITEM() RATIONAL_B_SPLINE_CURVE((1.,1.,
    1.000000000001,0.999999999998,1.000000000003,0.999999999996,
    1.000000000004,0.999999999996,1.000000000003,0.999999999999,1.,1.,1.
    ,1.,1.000000000001,0.999999999999,1.000000000002,0.999999999998,
    1.000000000002,0.999999999999,1.000000000001,1.,1.,1.,1.,
    1.000000000001,0.999999999998,1.000000000002,0.999999999998,
    1.000000000002,0.999999999999,1.000000000001,1.,1.,1.,1.,
    0.999999999999,1.000000000002,0.999999999997,1.000000000004,
    0.999999999997,1.000000000002,0.999999999999,1.,1.,1.,1.,1.,
    0.999999999999,1.000000000001,0.999999999999,1.000000000001,
    0.999999999999,1.,1.,1.,1.,1.000000000001,0.999999999998,
    1.000000000003,0.999999999995,1.000000000005,0.999999999995,
    1.000000000003,0.999999999998,1.000000000001,1.,1.,1.,1.,1.,1.,1.,1.
,1.,1.,1.,1.,1.)) REPRESENTATION_ITEM('') );
#4101 = CARTESIAN_POINT('',(234.20169757748,-21.21214511717,
    -12.96889631438));
#4102 = CARTESIAN_POINT('',(233.53550938012,-21.30189095179,
    -12.96820967789));
#4103 = CARTESIAN_POINT('',(232.86951580496,-21.39057540138,
    -12.96752464628));
#4104 = CARTESIAN_POINT('',(232.20367775606,-21.47820763775,
    -12.9668343118));
#4105 = CARTESIAN_POINT('',(231.53499527788,-21.5651809169,
    -12.96614661961));
#4106 = CARTESIAN_POINT('',(230.87245426744,-21.65029942843,
    -12.96547082947));
#4107 = CARTESIAN_POINT('',(230.20198841806,-21.73545787659,
    -12.96477878826));
#4108 = CARTESIAN_POINT('',(229.53791380954,-21.81870027027,
    -12.96410651219));
#4109 = CARTESIAN_POINT('',(228.87013725357,-21.90143351207,
    -12.96342471886));
#4110 = CARTESIAN_POINT('',(228.20407578282,-21.98289043536,
    -12.96275148138));
#4111 = CARTESIAN_POINT('',(227.53739651142,-22.06340470469,
    -12.9620788711));
#4112 = CARTESIAN_POINT('',(226.87086457943,-22.14286790769,
    -12.96140977945));
#4113 = CARTESIAN_POINT('',(225.55228664618,-22.29803143819,
    -12.96009242127));
#4114 = CARTESIAN_POINT('',(224.9002426289,-22.37377534583,
    -12.95944405992));
#4115 = CARTESIAN_POINT('',(224.24819216615,-22.4485353584,
    -12.95879896764));
#4116 = CARTESIAN_POINT('',(223.59614264245,-22.52231123446,
    -12.95815734586));
#4117 = CARTESIAN_POINT('',(222.94409936645,-22.59510294908,
    -12.95751939198));
#4118 = CARTESIAN_POINT('',(222.29206557005,-22.66691069387,
    -12.95688529933));
#4119 = CARTESIAN_POINT('',(221.64004240964,-22.73773487696,
    -12.95625525721));
#4120 = CARTESIAN_POINT('',(220.98802896468,-22.80757612297,
    -12.95562945089));
#4121 = CARTESIAN_POINT('',(220.33602223902,-22.87643527309,
    -12.95500806158));
#4122 = CARTESIAN_POINT('',(219.68401715988,-22.94431338498,
    -12.95439126645));
#4123 = CARTESIAN_POINT('',(219.03200657852,-23.01121173286,
    -12.95377923863));
#4124 = CARTESIAN_POINT('',(217.02264502921,-23.21435915896,
    -12.95190835086));
#4125 = CARTESIAN_POINT('',(215.66517065279,-23.347354795,
    -12.95066587437));
#4126 = CARTESIAN_POINT('',(214.30749008851,-23.4761271505,
    -12.94944627175));
#4127 = CARTESIAN_POINT('',(212.94957300053,-23.60068110083,
    -12.94825108937));
#4128 = CARTESIAN_POINT('',(211.59141799162,-23.72101877894,
    -12.94708185617));
#4129 = CARTESIAN_POINT('',(210.23304382563,-23.83714039246,
    -12.94594007397));
#4130 = CARTESIAN_POINT('',(208.87448064995,-23.94904504088,
    -12.94482720766));
#4131 = CARTESIAN_POINT('',(207.51576121777,-24.0567315326,
    -12.94374467548));
#4132 = CARTESIAN_POINT('',(206.1569121107,-24.16019920213,
    -12.94269383927));
#4133 = CARTESIAN_POINT('',(204.79794496102,-24.25944872717,
    -12.94167599471));
#4134 = CARTESIAN_POINT('',(203.43884767422,-24.35448294577,
    -12.94069236158));
#4135 = CARTESIAN_POINT('',(199.38254839917,-24.62551940554,
    -12.93786250991));
#4136 = CARTESIAN_POINT('',(196.68497055452,-24.78914569974,
    -12.93612002266));
#4137 = CARTESIAN_POINT('',(193.98689861459,-24.93619404826,
    -12.93452609148));
#4138 = CARTESIAN_POINT('',(191.28838903164,-25.06667111528,
    -12.93308916093));
#4139 = CARTESIAN_POINT('',(188.58949821326,-25.18058273698,
    -12.93181664092));
#4140 = CARTESIAN_POINT('',(185.89028252199,-25.27793392152,
    -12.93071490674));
#4141 = CARTESIAN_POINT('',(183.19079827563,-25.35872884906,
    -12.929789299));
#4142 = CARTESIAN_POINT('',(180.49110174711,-25.4229708717,
    -12.92904412367));
#4143 = CARTESIAN_POINT('',(177.79124916443,-25.47066251356,
    -12.92848265208));
#4144 = CARTESIAN_POINT('',(175.09129671084,-25.50180547073,
    -12.92810712091));
#4145 = CARTESIAN_POINT('',(172.39130052466,-25.51640061129,
    -12.92791873218));
#4146 = CARTESIAN_POINT('',(167.02141866655,-25.51251709741,
    -12.92791658637));
#4147 = CARTESIAN_POINT('',(164.35155660773,-25.49440859369,
    -12.92809847612));
#4148 = CARTESIAN_POINT('',(161.6817398242,-25.46011651251,
    -12.92846342851));
#4149 = CARTESIAN_POINT('',(159.01201884601,-25.40963910581,
    -12.9290104025));
#4150 = CARTESIAN_POINT('',(156.34246742107,-25.34297690383,
    -12.92973725562));
#4151 = CARTESIAN_POINT('',(153.67316450532,-25.26013078992,
    -12.93064078971));
#4152 = CARTESIAN_POINT('',(151.00417625116,-25.16110007525,
    -12.93171679654));
#4153 = CARTESIAN_POINT('',(148.33553799818,-25.04588057361,
    -12.93296010355));
#4154 = CARTESIAN_POINT('',(145.66723626136,-24.91446267615,
    -12.93436461947));
#4155 = CARTESIAN_POINT('',(142.99919072164,-24.76682942617,
    -12.93592338002));
#4156 = CARTESIAN_POINT('',(140.33123621457,-24.60295459383,
    -12.93762859361));
#4157 = CARTESIAN_POINT('',(135.65646189727,-24.28731102097,
    -12.94085783681));
#4158 = CARTESIAN_POINT('',(133.64976006541,-24.14262305922,
    -12.94232196151));
#4159 = CARTESIAN_POINT('',(131.64277840774,-23.98868822773,
    -12.94386055301));
#4160 = CARTESIAN_POINT('',(129.63545692659,-23.82549799502,
    -12.94546969071));
#4161 = CARTESIAN_POINT('',(127.62776587107,-23.65304586059,
    -12.94714519854));
#4162 = CARTESIAN_POINT('',(125.61969818745,-23.47131381107,
    -12.94888266494));
#4163 = CARTESIAN_POINT('',(123.6113849924,-23.28028330831,
    -12.95067732575));
#4164 = CARTESIAN_POINT('',(121.60333406971,-23.07997080907,
    -12.95252381008));
#4165 = CARTESIAN_POINT('',(119.5967913892,-22.87048781667,
    -12.95441574905));
#4166 = CARTESIAN_POINT('',(117.59422564955,-22.65212546429,
    -12.95634524752));
#4167 = CARTESIAN_POINT('',(115.59993584328,-22.42546363011,
    -12.95830221873));
#4168 = CARTESIAN_POINT('',(112.96835484974,-22.11438011715,
    -12.9609234406));
#4169 = CARTESIAN_POINT('',(112.31723352569,-22.03641965395,
    -12.96157520719));
#4170 = CARTESIAN_POINT('',(111.66936854384,-21.95787726823,
    -12.96222671931));
#4171 = CARTESIAN_POINT('',(111.02186773969,-21.8784021138,
    -12.96288055552));
#4172 = CARTESIAN_POINT('',(110.37213793065,-21.79768646528,
    -12.96353921992));
#4173 = CARTESIAN_POINT('',(109.71871673708,-21.71554224663,
    -12.96420410981));
#4174 = CARTESIAN_POINT('',(109.06120666949,-21.63188255789,
    -12.96487538413));
#4175 = CARTESIAN_POINT('',(108.4009901272,-21.54683817671,
    -12.96555130171));
#4176 = CARTESIAN_POINT('',(107.74267032314,-21.46099247755,
    -12.96622704896));
#4177 = CARTESIAN_POINT('',(107.0944495347,-21.37547167768,
    -12.96689452792));
#4178 = CARTESIAN_POINT('',(106.46392245051,-21.29138078529,
    -12.9675460266));
#4179 = CARTESIAN_POINT('',(105.84402876536,-21.20782909136,
    -12.96818614414));
#4180 = ( BOUNDED_SURFACE() B_SPLINE_SURFACE(2,12,(
    (#4181,#4182,#4183,#4184,#4185,#4186,#4187,#4188,#4189,#4190,#4191
      ,#4192,#4193,#4194,#4195,#4196,#4197,#4198,#4199,#4200,#4201,#4202
      ,#4203,#4204,#4205,#4206,#4207,#4208,#4209,#4210,#4211,#4212,#4213
      ,#4214,#4215,#4216,#4217,#4218,#4219,#4220,#4221,#4222,#4223,#4224
      ,#4225,#4226,#4227,#4228,#4229,#4230,#4231,#4232,#4233,#4234,#4235
      ,#4236,#4237,#4238,#4239,#4240,#4241,#4242,#4243,#4244,#4245,#4246
      ,#4247,#4248,#4249,#4250,#4251,#4252,#4253,#4254,#4255,#4256,#4257
      ,#4258,#4259)
    ,(#4260,#4261,#4262,#4263,#4264,#4265,#4266,#4267,#4268,#4269,#4270
      ,#4271,#4272,#4273,#4274,#4275,#4276,#4277,#4278,#4279,#4280,#4281
      ,#4282,#4283,#4284,#4285,#4286,#4287,#4288,#4289,#4290,#4291,#4292
      ,#4293,#4294,#4295,#4296,#4297,#4298,#4299,#4300,#4301,#4302,#4303
      ,#4304,#4305,#4306,#4307,#4308,#4309,#4310,#4311,#4312,#4313,#4314
      ,#4315,#4316,#4317,#4318,#4319,#4320,#4321,#4322,#4323,#4324,#4325
      ,#4326,#4327,#4328,#4329,#4330,#4331,#4332,#4333,#4334,#4335,#4336
      ,#4337,#4338)
    ,(#4339,#4340,#4341,#4342,#4343,#4344,#4345,#4346,#4347,#4348,#4349
      ,#4350,#4351,#4352,#4353,#4354,#4355,#4356,#4357,#4358,#4359,#4360
      ,#4361,#4362,#4363,#4364,#4365,#4366,#4367,#4368,#4369,#4370,#4371
      ,#4372,#4373,#4374,#4375,#4376,#4377,#4378,#4379,#4380,#4381,#4382
      ,#4383,#4384,#4385,#4386,#4387,#4388,#4389,#4390,#4391,#4392,#4393
      ,#4394,#4395,#4396,#4397,#4398,#4399,#4400,#4401,#4402,#4403,#4404
      ,#4405,#4406,#4407,#4408,#4409,#4410,#4411,#4412,#4413,#4414,#4415
      ,#4416,#4417
)),.UNSPECIFIED.,.F.,.F.,.F.) B_SPLINE_SURFACE_WITH_KNOTS((3,3),(13,11,
    11,11,11,11,11,13),(0.,121.19543027749),(1.046240555777E+03,
    1.053793530637E+03,1.061181953474E+03,1.07656260503E+03,
    1.107080437887E+03,1.137258211971E+03,1.15995424997E+03,
1.167435986055E+03),.UNSPECIFIED.) GEOMETRIC_REPRESENTATION_ITEM() 
RATIONAL_B_SPLINE_SURFACE((
    (1.,1.,1.000000000001,0.999999999998,1.000000000003,0.999999999996
      ,1.000000000004,0.999999999996,1.000000000003,0.999999999999,1.,1.
      ,1.,1.,1.000000000001,0.999999999999,1.000000000002,0.999999999998
      ,1.000000000002,0.999999999999,1.000000000001,1.,1.,1.,1.
      ,1.000000000001,0.999999999998,1.000000000002,0.999999999998
      ,1.000000000002,0.999999999999,1.000000000001,1.,1.,1.,1.
      ,0.999999999999,1.000000000002,0.999999999997,1.000000000004
      ,0.999999999997,1.000000000002,0.999999999999,1.,1.,1.,1.,1.
      ,0.999999999999,1.000000000001,0.999999999999,1.000000000001
      ,0.999999999999,1.,1.,1.,1.,1.000000000001,0.999999999998
      ,1.000000000003,0.999999999995,1.000000000005,0.999999999995
      ,1.000000000003,0.999999999998,1.000000000001,1.,1.,1.,1.,1.,1.,1.
      ,1.,1.,1.,1.,1.,1.)
    ,(0.704430564152,0.704406857102,0.704383600614,0.704358550274
      ,0.704329979002,0.70431399259,0.704280820507,0.704263926163
      ,0.704236448626,0.704214481133,0.704190864518,0.70416787494
      ,0.704122723323,0.704100598235,0.704078678392,0.70405696686
      ,0.704035466629,0.704014180589,0.703993111566,0.703972262275
      ,0.703951635372,0.703931233409,0.703911058862,0.703849594687
      ,0.703809068647,0.703769558652,0.703731087955,0.703693680126
      ,0.703657358736,0.703622147088,0.703588067891,0.703555142993
      ,0.703523393062,0.703492837306,0.703405269407,0.703351814768
      ,0.7033032835,0.703259813172,0.703221524663,0.703188522192
      ,0.70316089327,0.703138708759,0.703122022812,0.703110872925
      ,0.7031052799,0.703105216185,0.703110617005,0.703121453311
      ,0.703137707883,0.703159344567,0.703186309516,0.703218532492
      ,0.703255928083,0.703298397014,0.703345827371,0.703398095895
      ,0.703497917612,0.70354342552,0.703591543661,0.703642210198
      ,0.703695359235,0.703750923415,0.703808830444,0.703868993794
      ,0.703931297296,0.703995573902,0.704061578386,0.70415116453
      ,0.704173525254,0.704196017432,0.704218636098,0.70424151756
      ,0.704264782517,0.704288392943,0.704312169499,0.704335964586
      ,0.704359835046,0.704383906789,0.70440747251)
    ,(1.,1.,1.000000000001,0.999999999998,1.000000000003,0.999999999996
      ,1.000000000004,0.999999999996,1.000000000003,0.999999999999,1.,1.
      ,1.,1.,1.000000000001,0.999999999999,1.000000000002,0.999999999998
      ,1.000000000002,0.999999999999,1.000000000001,1.,1.,1.,1.
      ,1.000000000001,0.999999999998,1.000000000002,0.999999999998
      ,1.000000000002,0.999999999999,1.000000000001,1.,1.,1.,1.
      ,0.999999999999,1.000000000002,0.999999999997,1.000000000004
      ,0.999999999997,1.000000000002,0.999999999999,1.,1.,1.,1.,1.
      ,0.999999999999,1.000000000001,0.999999999999,1.000000000001
      ,0.999999999999,1.,1.,1.,1.,1.000000000001,0.999999999998
      ,1.000000000003,0.999999999995,1.000000000005,0.999999999995
      ,1.000000000003,0.999999999998,1.000000000001,1.,1.,1.,1.,1.,1.,1.
,1.,1.,1.,1.,1.,1.))) REPRESENTATION_ITEM('') SURFACE() );
#4181 = CARTESIAN_POINT('',(234.20169757748,-21.21214511717,
    -12.96889631438));
#4182 = CARTESIAN_POINT('',(233.53550938012,-21.30189095179,
    -12.96820967789));
#4183 = CARTESIAN_POINT('',(232.86951580496,-21.39057540138,
    -12.96752464628));
#4184 = CARTESIAN_POINT('',(232.20367775606,-21.47820763775,
    -12.9668343118));
#4185 = CARTESIAN_POINT('',(231.53499527788,-21.5651809169,
    -12.96614661961));
#4186 = CARTESIAN_POINT('',(230.87245426744,-21.65029942843,
    -12.96547082947));
#4187 = CARTESIAN_POINT('',(230.20198841806,-21.73545787659,
    -12.96477878826));
#4188 = CARTESIAN_POINT('',(229.53791380954,-21.81870027027,
    -12.96410651219));
#4189 = CARTESIAN_POINT('',(228.87013725357,-21.90143351207,
    -12.96342471886));
#4190 = CARTESIAN_POINT('',(228.20407578282,-21.98289043536,
    -12.96275148138));
#4191 = CARTESIAN_POINT('',(227.53739651142,-22.06340470469,
    -12.9620788711));
#4192 = CARTESIAN_POINT('',(226.87086457943,-22.14286790769,
    -12.96140977945));
#4193 = CARTESIAN_POINT('',(225.55228664618,-22.29803143819,
    -12.96009242127));
#4194 = CARTESIAN_POINT('',(224.9002426289,-22.37377534583,
    -12.95944405992));
#4195 = CARTESIAN_POINT('',(224.24819216615,-22.4485353584,
    -12.95879896764));
#4196 = CARTESIAN_POINT('',(223.59614264245,-22.52231123446,
    -12.95815734586));
#4197 = CARTESIAN_POINT('',(222.94409936645,-22.59510294908,
    -12.95751939198));
#4198 = CARTESIAN_POINT('',(222.29206557005,-22.66691069387,
    -12.95688529933));
#4199 = CARTESIAN_POINT('',(221.64004240964,-22.73773487696,
    -12.95625525721));
#4200 = CARTESIAN_POINT('',(220.98802896468,-22.80757612297,
    -12.95562945089));
#4201 = CARTESIAN_POINT('',(220.33602223902,-22.87643527309,
    -12.95500806158));
#4202 = CARTESIAN_POINT('',(219.68401715988,-22.94431338498,
    -12.95439126645));
#4203 = CARTESIAN_POINT('',(219.03200657852,-23.01121173286,
    -12.95377923863));
#4204 = CARTESIAN_POINT('',(217.02264502921,-23.21435915896,
    -12.95190835086));
#4205 = CARTESIAN_POINT('',(215.66517065279,-23.347354795,
    -12.95066587437));
#4206 = CARTESIAN_POINT('',(214.30749008851,-23.4761271505,
    -12.94944627175));
#4207 = CARTESIAN_POINT('',(212.94957300053,-23.60068110083,
    -12.94825108937));
#4208 = CARTESIAN_POINT('',(211.59141799162,-23.72101877894,
    -12.94708185617));
#4209 = CARTESIAN_POINT('',(210.23304382563,-23.83714039246,
    -12.94594007397));
#4210 = CARTESIAN_POINT('',(208.87448064995,-23.94904504088,
    -12.94482720766));
#4211 = CARTESIAN_POINT('',(207.51576121777,-24.0567315326,
    -12.94374467548));
#4212 = CARTESIAN_POINT('',(206.1569121107,-24.16019920213,
    -12.94269383927));
#4213 = CARTESIAN_POINT('',(204.79794496102,-24.25944872717,
    -12.94167599471));
#4214 = CARTESIAN_POINT('',(203.43884767422,-24.35448294577,
    -12.94069236158));
#4215 = CARTESIAN_POINT('',(199.38254839917,-24.62551940554,
    -12.93786250991));
#4216 = CARTESIAN_POINT('',(196.68497055452,-24.78914569974,
    -12.93612002266));
#4217 = CARTESIAN_POINT('',(193.98689861459,-24.93619404826,
    -12.93452609148));
#4218 = CARTESIAN_POINT('',(191.28838903164,-25.06667111528,
    -12.93308916093));
#4219 = CARTESIAN_POINT('',(188.58949821326,-25.18058273698,
    -12.93181664092));
#4220 = CARTESIAN_POINT('',(185.89028252199,-25.27793392152,
    -12.93071490674));
#4221 = CARTESIAN_POINT('',(183.19079827563,-25.35872884906,
    -12.929789299));
#4222 = CARTESIAN_POINT('',(180.49110174711,-25.4229708717,
    -12.92904412367));
#4223 = CARTESIAN_POINT('',(177.79124916443,-25.47066251356,
    -12.92848265208));
#4224 = CARTESIAN_POINT('',(175.09129671084,-25.50180547073,
    -12.92810712091));
#4225 = CARTESIAN_POINT('',(172.39130052466,-25.51640061129,
    -12.92791873218));
#4226 = CARTESIAN_POINT('',(167.02141866655,-25.51251709741,
    -12.92791658637));
#4227 = CARTESIAN_POINT('',(164.35155660773,-25.49440859369,
    -12.92809847612));
#4228 = CARTESIAN_POINT('',(161.6817398242,-25.46011651251,
    -12.92846342851));
#4229 = CARTESIAN_POINT('',(159.01201884601,-25.40963910581,
    -12.9290104025));
#4230 = CARTESIAN_POINT('',(156.34246742107,-25.34297690383,
    -12.92973725562));
#4231 = CARTESIAN_POINT('',(153.67316450532,-25.26013078992,
    -12.93064078971));
#4232 = CARTESIAN_POINT('',(151.00417625116,-25.16110007525,
    -12.93171679654));
#4233 = CARTESIAN_POINT('',(148.33553799818,-25.04588057361,
    -12.93296010355));
#4234 = CARTESIAN_POINT('',(145.66723626136,-24.91446267615,
    -12.93436461947));
#4235 = CARTESIAN_POINT('',(142.99919072164,-24.76682942617,
    -12.93592338002));
#4236 = CARTESIAN_POINT('',(140.33123621457,-24.60295459383,
    -12.93762859361));
#4237 = CARTESIAN_POINT('',(135.65646189727,-24.28731102097,
    -12.94085783681));
#4238 = CARTESIAN_POINT('',(133.64976006541,-24.14262305922,
    -12.94232196151));
#4239 = CARTESIAN_POINT('',(131.64277840774,-23.98868822773,
    -12.94386055301));
#4240 = CARTESIAN_POINT('',(129.63545692659,-23.82549799502,
    -12.94546969071));
#4241 = CARTESIAN_POINT('',(127.62776587107,-23.65304586059,
    -12.94714519854));
#4242 = CARTESIAN_POINT('',(125.61969818745,-23.47131381107,
    -12.94888266494));
#4243 = CARTESIAN_POINT('',(123.6113849924,-23.28028330831,
    -12.95067732575));
#4244 = CARTESIAN_POINT('',(121.60333406971,-23.07997080907,
    -12.95252381008));
#4245 = CARTESIAN_POINT('',(119.5967913892,-22.87048781667,
    -12.95441574905));
#4246 = CARTESIAN_POINT('',(117.59422564955,-22.65212546429,
    -12.95634524752));
#4247 = CARTESIAN_POINT('',(115.59993584328,-22.42546363011,
    -12.95830221873));
#4248 = CARTESIAN_POINT('',(112.96835484974,-22.11438011715,
    -12.9609234406));
#4249 = CARTESIAN_POINT('',(112.31723352569,-22.03641965395,
    -12.96157520719));
#4250 = CARTESIAN_POINT('',(111.66936854384,-21.95787726823,
    -12.96222671931));
#4251 = CARTESIAN_POINT('',(111.02186773969,-21.8784021138,
    -12.96288055552));
#4252 = CARTESIAN_POINT('',(110.37213793065,-21.79768646528,
    -12.96353921992));
#4253 = CARTESIAN_POINT('',(109.71871673708,-21.71554224663,
    -12.96420410981));
#4254 = CARTESIAN_POINT('',(109.06120666949,-21.63188255789,
    -12.96487538413));
#4255 = CARTESIAN_POINT('',(108.4009901272,-21.54683817671,
    -12.96555130171));
#4256 = CARTESIAN_POINT('',(107.74267032314,-21.46099247755,
    -12.96622704896));
#4257 = CARTESIAN_POINT('',(107.0944495347,-21.37547167768,
    -12.96689452792));
#4258 = CARTESIAN_POINT('',(106.46392245051,-21.29138078529,
    -12.9675460266));
#4259 = CARTESIAN_POINT('',(105.84402876536,-21.20782909136,
    -12.96818614414));
#4260 = CARTESIAN_POINT('',(234.2008999392,-21.21225257136,
    -13.9764799106));
#4261 = CARTESIAN_POINT('',(233.53461115145,-21.30201082109,
    -13.97586050072));
#4262 = CARTESIAN_POINT('',(232.86849524379,-21.39071038955,
    -13.97524139902));
#4263 = CARTESIAN_POINT('',(232.20250231409,-21.4783608796,
    -13.97462200619));
#4264 = CARTESIAN_POINT('',(231.53451408386,-21.56524134374,
    -13.97401617107));
#4265 = CARTESIAN_POINT('',(230.8708371164,-21.6505096774,
    -13.97338462191));
#4266 = CARTESIAN_POINT('',(230.2015252229,-21.73551168826,
    -13.9727879468));
#4267 = CARTESIAN_POINT('',(229.53661650123,-21.81886563699,
    -13.97216281168));
#4268 = CARTESIAN_POINT('',(228.86929286387,-21.90153581167,
    -13.97155950779));
#4269 = CARTESIAN_POINT('',(228.20307815651,-21.98301258796,
    -13.9709485068));
#4270 = CARTESIAN_POINT('',(227.53645642309,-22.06351784832,
    -13.97034302906));
#4271 = CARTESIAN_POINT('',(226.86994064305,-22.14297790475,
    -13.96973924968));
#4272 = CARTESIAN_POINT('',(225.55137005647,-22.29813805251,
    -13.96855014815));
#4273 = CARTESIAN_POINT('',(224.89931292256,-22.37388220604,
    -13.96796462212));
#4274 = CARTESIAN_POINT('',(224.24725361607,-22.44864193152,
    -13.96738178831));
#4275 = CARTESIAN_POINT('',(223.59519940897,-22.52241702191,
    -13.96680183921));
#4276 = CARTESIAN_POINT('',(222.94315549539,-22.59520748583,
    -13.96622496351));
#4277 = CARTESIAN_POINT('',(222.29112499222,-22.66701354766,
    -13.96565134608));
#4278 = CARTESIAN_POINT('',(221.63910893636,-22.73783564768,
    -13.96508116802));
#4279 = CARTESIAN_POINT('',(220.9871062866,-22.80767444215,
    -13.96451460658));
#4280 = CARTESIAN_POINT('',(220.3351139202,-22.87653080346,
    -13.96395183521));
#4281 = CARTESIAN_POINT('',(219.6831266345,-22.94440582021,
    -13.96339302357));
#4282 = CARTESIAN_POINT('',(219.03113714468,-23.01130079733,
    -13.96283833748));
#4283 = CARTESIAN_POINT('',(217.0217317947,-23.21444906349,
    -13.96114206147));
#4284 = CARTESIAN_POINT('',(215.66420868415,-23.3474467843,
    -13.96001470718));
#4285 = CARTESIAN_POINT('',(214.30649772154,-23.47621915035,
    -13.9589073637));
#4286 = CARTESIAN_POINT('',(212.94856748605,-23.60077132811,
    -13.9578215091));
#4287 = CARTESIAN_POINT('',(211.59041541496,-23.72110573255,
    -13.95675860302));
#4288 = CARTESIAN_POINT('',(210.23205904211,-23.83722284168,
    -13.95572007784));
#4289 = CARTESIAN_POINT('',(208.87352723414,-23.9491220117,
    -13.95470732978));
#4290 = CARTESIAN_POINT('',(207.51485141425,-24.05680229267,
    -13.95372171002));
#4291 = CARTESIAN_POINT('',(206.15605678653,-24.16026324473,
    -13.95276451588));
#4292 = CARTESIAN_POINT('',(204.79715354807,-24.25950575467,
    -13.95183698188));
#4293 = CARTESIAN_POINT('',(203.4381281004,-24.35453285292,
    -13.95094027087));
#4294 = CARTESIAN_POINT('',(199.38172637573,-24.62557070811,
    -13.94835932971));
#4295 = CARTESIAN_POINT('',(196.68405074071,-24.78919765719,
    -13.94676880559));
#4296 = CARTESIAN_POINT('',(193.98595097056,-24.9362415083,
    -13.94531290058));
#4297 = CARTESIAN_POINT('',(191.28747151058,-25.06671107128,
    -13.94399964292));
#4298 = CARTESIAN_POINT('',(188.5886573063,-25.18061388439,
    -13.94283607996));
#4299 = CARTESIAN_POINT('',(185.88955348087,-25.27795625733,
    -13.94182827695));
#4300 = CARTESIAN_POINT('',(183.19020501212,-25.35874330852,
    -13.94098131594));
#4301 = CARTESIAN_POINT('',(180.49065640946,-25.42297899654,
    -13.94029929488));
#4302 = CARTESIAN_POINT('',(177.7909513901,-25.47066614591,
    -13.93978532681));
#4303 = CARTESIAN_POINT('',(175.09113255587,-25.50180646701,
    -13.93944153929));
#4304 = CARTESIAN_POINT('',(172.39124106921,-25.51640057036,
    -13.93926907394));
#4305 = CARTESIAN_POINT('',(167.02147648259,-25.51251713717,
    -13.93926710942));
#4306 = CARTESIAN_POINT('',(164.35171409194,-25.49440950225,
    -13.93943363158));
#4307 = CARTESIAN_POINT('',(161.6820254246,-25.46011992336,
    -13.93976774027));
#4308 = CARTESIAN_POINT('',(159.01244801599,-25.40964702923,
    -13.94026844004));
#4309 = CARTESIAN_POINT('',(156.34304268361,-25.34299133355,
    -13.94093369327));
#4310 = CARTESIAN_POINT('',(153.67387556843,-25.26015333831,
    -13.94176046138));
#4311 = CARTESIAN_POINT('',(151.00500020798,-25.16113163181,
    -13.94274474609));
#4312 = CARTESIAN_POINT('',(148.33643964288,-25.04592098257,
    -13.9438816309));
#4313 = CARTESIAN_POINT('',(145.66816856103,-24.91451042981,
    -13.94516532262));
#4314 = CARTESIAN_POINT('',(143.00009548047,-24.76688137149,
    -13.9465891931));
#4315 = CARTESIAN_POINT('',(140.33204497479,-24.60300565073,
    -13.94814582094));
#4316 = CARTESIAN_POINT('',(135.65725135254,-24.28736699577,
    -13.95109125671));
#4317 = CARTESIAN_POINT('',(133.65069562166,-24.14269306243,
    -13.95242589644));
#4318 = CARTESIAN_POINT('',(131.64384556966,-23.9887725161,
    -13.9538275926));
#4319 = CARTESIAN_POINT('',(129.63663678857,-23.8255963093,
    -13.95529260742));
#4320 = CARTESIAN_POINT('',(127.62903545851,-23.65315736541,
    -13.95681695945));
#4321 = CARTESIAN_POINT('',(125.62103005856,-23.47143692449,
    -13.95839643688));
#4322 = CARTESIAN_POINT('',(123.61274679044,-23.28041552143,
    -13.96002648994));
#4323 = CARTESIAN_POINT('',(121.60468852475,-23.08010857172,
    -13.96170200272));
#4324 = CARTESIAN_POINT('',(119.59809706383,-22.87062653511,
    -13.96341694455));
#4325 = CARTESIAN_POINT('',(117.59543851343,-22.65225962418,
    -13.96516390107));
#4326 = CARTESIAN_POINT('',(115.60101154669,-22.42558702074,
    -13.96693348533));
#4327 = CARTESIAN_POINT('',(112.96927530376,-22.11449016816,
    -13.96930037769));
#4328 = CARTESIAN_POINT('',(112.31817254633,-22.03653317387,
    -13.9698886143));
#4329 = CARTESIAN_POINT('',(111.67032754914,-21.95799460837,
    -13.9704762232));
#4330 = CARTESIAN_POINT('',(111.02283775694,-21.87852211833,
    -13.97106580756));
#4331 = CARTESIAN_POINT('',(110.37311354688,-21.7978084521,
    -13.97165948147));
#4332 = CARTESIAN_POINT('',(109.71969971379,-21.71566655715,
    -13.97225829239));
#4333 = CARTESIAN_POINT('',(109.06219511995,-21.63200905723,
    -13.97286251009));
#4334 = CARTESIAN_POINT('',(108.40196929128,-21.54696491646,
    -13.97347091488));
#4335 = CARTESIAN_POINT('',(107.74362310574,-21.46111706358,
    -13.97407911594));
#4336 = CARTESIAN_POINT('',(107.09538842063,-21.37559563332,
    -13.97467882809));
#4337 = CARTESIAN_POINT('',(106.46490831907,-21.29151226351,
    -13.97526193441));
#4338 = CARTESIAN_POINT('',(105.84508594415,-21.20797158205,
    -13.97583506127));
#4339 = CARTESIAN_POINT('',(234.3171324405,-22.21308081981,
    -13.96885272981));
#4340 = CARTESIAN_POINT('',(233.66137175679,-22.3016832676,
    -13.96817365161));
#4341 = CARTESIAN_POINT('',(233.00950656457,-22.38873689009,
    -13.96749965492));
#4342 = CARTESIAN_POINT('',(232.36109874346,-22.47328547475,
    -13.96683931559));
#4343 = CARTESIAN_POINT('',(231.58947160561,-22.57566296294,
    -13.96603268636));
#4344 = CARTESIAN_POINT('',(231.09284293871,-22.63653091318,
    -13.96554176326));
#4345 = CARTESIAN_POINT('',(230.24744446154,-22.74726367083,
    -13.96466041963));
#4346 = CARTESIAN_POINT('',(229.71011264203,-22.81202632565,
    -13.96412563553));
#4347 = CARTESIAN_POINT('',(228.9721410835,-22.90507084624,
    -13.96336966705));
#4348 = CARTESIAN_POINT('',(228.33083299805,-22.98292751561,
    -13.96272372078));
#4349 = CARTESIAN_POINT('',(227.65633155892,-23.06461981218,
    -13.96204375893));
#4350 = CARTESIAN_POINT('',(226.98920435314,-23.14419588333,
    -13.9613749679));
#4351 = CARTESIAN_POINT('',(225.66788116411,-23.29980800972,
    -13.96005655273));
#4352 = CARTESIAN_POINT('',(225.01447985988,-23.37577108886,
    -13.9594076696));
#4353 = CARTESIAN_POINT('',(224.36107217207,-23.45074762722,
    -13.95876205649));
#4354 = CARTESIAN_POINT('',(223.7076653626,-23.52473738987,
    -13.9581199149));
#4355 = CARTESIAN_POINT('',(223.05426465728,-23.59774035433,
    -13.95748144233));
#4356 = CARTESIAN_POINT('',(222.40087324428,-23.66975671062,
    -13.95684683228));
#4357 = CARTESIAN_POINT('',(221.74749227644,-23.74078686127,
    -13.95621627424));
#4358 = CARTESIAN_POINT('',(221.09412086843,-23.81083142125,
    -13.95558995369));
#4359 = CARTESIAN_POINT('',(220.44075609963,-23.87989121807,
    -13.95496805211));
#4360 = CARTESIAN_POINT('',(219.78739301171,-23.94796729169,
    -13.95435074697));
#4361 = CARTESIAN_POINT('',(219.1340246103,-24.01506089457,
    -13.95373821172));
#4362 = CARTESIAN_POINT('',(217.12047981407,-24.21880162175,
    -13.95186576934));
#4363 = CARTESIAN_POINT('',(215.76017911332,-24.35218643428,
    -13.95062225372));
#4364 = CARTESIAN_POINT('',(214.39967166018,-24.48133631392,
    -13.94940162475));
#4365 = CARTESIAN_POINT('',(213.03892711353,-24.6062560804,
    -13.94820543056));
#4366 = CARTESIAN_POINT('',(211.67794410403,-24.7269478074,
    -13.94703520186));
#4367 = CARTESIAN_POINT('',(210.31674144537,-24.84341164138,
    -13.94589244218));
#4368 = CARTESIAN_POINT('',(208.95534934564,-24.95564662047,
    -13.9447786181));
#4369 = CARTESIAN_POINT('',(207.59380061842,-25.06365149334,
    -13.94369514955));
#4370 = CARTESIAN_POINT('',(206.23212189428,-25.16742553805,
    -13.94264339999));
#4371 = CARTESIAN_POINT('',(204.87032483185,-25.26696938091,
    -13.94162466668));
#4372 = CARTESIAN_POINT('',(203.50839732925,-25.36228581538,
    -13.94064017094));
#4373 = CARTESIAN_POINT('',(199.44365114786,-25.63412823346,
    -13.9378078275));
#4374 = CARTESIAN_POINT('',(196.74045570696,-25.79824260961,
    -13.93606379151));
#4375 = CARTESIAN_POINT('',(194.03676503835,-25.94573086285,
    -13.93446843207));
#4376 = CARTESIAN_POINT('',(191.33263572312,-26.0765993196,
    -13.9330302049));
#4377 = CARTESIAN_POINT('',(188.62812429812,-26.19085351919,
    -13.93175652974));
#4378 = CARTESIAN_POINT('',(185.92328725521,-26.28849821387,
    -13.93065379034));
#4379 = CARTESIAN_POINT('',(183.21818104215,-26.3695373688,
    -13.92972733452));
#4380 = CARTESIAN_POINT('',(180.5128620618,-26.43397416204,
    -13.9289814741));
#4381 = CARTESIAN_POINT('',(177.80738667267,-26.48181098458,
    -13.92841948495));
#4382 = CARTESIAN_POINT('',(175.10181118864,-26.51304944029,
    -13.92804360694));
#4383 = CARTESIAN_POINT('',(172.39619187905,-26.527690346,
    -13.92785504401));
#4384 = CARTESIAN_POINT('',(167.01512650857,-26.52379891928,
    -13.92785289623));
#4385 = CARTESIAN_POINT('',(164.33970386063,-26.5056378461,
    -13.92803495388));
#4386 = CARTESIAN_POINT('',(161.66432674896,-26.47124456153,
    -13.92840024307));
#4387 = CARTESIAN_POINT('',(158.98904593813,-26.42061736573,
    -13.92894772118));
#4388 = CARTESIAN_POINT('',(156.31393525419,-26.35375687963,
    -13.92967524271));
#4389 = CARTESIAN_POINT('',(153.63907360642,-26.27066411515,
    -13.9305796051));
#4390 = CARTESIAN_POINT('',(150.96452700778,-26.17133854532,
    -13.93165659442));
#4391 = CARTESIAN_POINT('',(148.29033059717,-26.05577617461,
    -13.93290103115));
#4392 = CARTESIAN_POINT('',(145.61647065963,-25.92396760905,
    -13.93430681594));
#4393 = CARTESIAN_POINT('',(142.94286664847,-25.77589612647,
    -13.93586697535));
#4394 = CARTESIAN_POINT('',(140.26935320593,-25.61153574671,
    -13.93757370763));
#4395 = CARTESIAN_POINT('',(135.58483816415,-25.29495901363,
    -13.94080580226));
#4396 = CARTESIAN_POINT('',(133.57395513829,-25.14984390803,
    -13.94227121227));
#4397 = CARTESIAN_POINT('',(131.56279224887,-24.99545544877,
    -13.94381114556));
#4398 = CARTESIAN_POINT('',(129.55129007735,-24.83178527582,
    -13.94542167616));
#4399 = CARTESIAN_POINT('',(127.53941990837,-24.65882711906,
    -13.94709862194));
#4400 = CARTESIAN_POINT('',(125.52717599517,-24.47656324849,
    -13.94883756475));
#4401 = CARTESIAN_POINT('',(123.51469082822,-24.28497546129,
    -13.95063373359));
#4402 = CARTESIAN_POINT('',(121.50247340587,-24.08408060558,
    -13.95248175107));
#4403 = CARTESIAN_POINT('',(119.49177050781,-23.87399064092,
    -13.95437524293));
#4404 = CARTESIAN_POINT('',(117.48505097111,-23.65499723557,
    -13.95630631074));
#4405 = CARTESIAN_POINT('',(115.48661296863,-23.42768090053,
    -13.95826486776));
#4406 = CARTESIAN_POINT('',(112.84952100299,-23.11569695632,
    -13.96088822647));
#4407 = CARTESIAN_POINT('',(112.19727336713,-23.03754815108,
    -13.961540249));
#4408 = CARTESIAN_POINT('',(111.54743568814,-22.9586865484,
    -13.96219295094));
#4409 = CARTESIAN_POINT('',(110.8988125466,-22.87901006653,
    -13.96284714629));
#4410 = CARTESIAN_POINT('',(110.248308295,-22.79815097711,
    -13.96350569658));
#4411 = CARTESIAN_POINT('',(109.59329543558,-22.71574934276,
    -13.96417120335));
#4412 = CARTESIAN_POINT('',(108.93377569551,-22.63175268949,
    -13.96484366841));
#4413 = CARTESIAN_POINT('',(108.27294021147,-22.54653913698,
    -13.96551968311));
#4414 = CARTESIAN_POINT('',(107.6157578269,-22.46078089707,
    -13.96619371431));
#4415 = CARTESIAN_POINT('',(106.96624310151,-22.37508473753,
    -13.96686106136));
#4416 = CARTESIAN_POINT('',(106.32507822418,-22.28956569547,
    -13.96752106487));
#4417 = CARTESIAN_POINT('',(105.69028561563,-22.20363001154,
    -13.96817815509));
#4418 = ADVANCED_FACE('',(#4419),#4440,.T.);
#4419 = FACE_BOUND('',#4420,.T.);
#4420 = EDGE_LOOP('',(#4421,#4422,#4423,#4424));
#4421 = ORIENTED_EDGE('',*,*,#3958,.T.);
#4422 = ORIENTED_EDGE('',*,*,#857,.T.);
#4423 = ORIENTED_EDGE('',*,*,#4089,.F.);
#4424 = ORIENTED_EDGE('',*,*,#4425,.F.);
#4425 = EDGE_CURVE('',#3959,#4090,#4426,.T.);
#4426 = ( BOUNDED_CURVE() B_SPLINE_CURVE(12,(#4427,#4428,#4429,#4430,
    #4431,#4432,#4433,#4434,#4435,#4436,#4437,#4438,#4439),
.UNSPECIFIED.,.F.,.F.) B_SPLINE_CURVE_WITH_KNOTS((13,13),(
    1.035830675488E+03,1.046240555798E+03),.PIECEWISE_BEZIER_KNOTS.) 
CURVE() GEOMETRIC_REPRESENTATION_ITEM() RATIONAL_B_SPLINE_CURVE((1.,1.,
    1.000000000002,0.999999999996,1.000000000007,0.99999999999,
    1.00000000001,0.999999999991,1.000000000006,0.999999999997,
1.000000000001,1.,1.)) REPRESENTATION_ITEM('') );
#4427 = CARTESIAN_POINT('',(245.26490527611,-20.11626557397,
    -12.97682212362));
#4428 = CARTESIAN_POINT('',(244.05545707583,-20.23606894179,
    -12.97600776678));
#4429 = CARTESIAN_POINT('',(243.37198675742,-20.30377092848,
    -12.97552581562));
#4430 = CARTESIAN_POINT('',(242.49591750423,-20.39055103775,
    -12.97491661687));
#4431 = CARTESIAN_POINT('',(241.57894596108,-20.48138277329,
    -12.97430804108));
#4432 = CARTESIAN_POINT('',(240.65483518469,-20.57292169429,
    -12.97359492996));
#4433 = CARTESIAN_POINT('',(239.7324654114,-20.66428815809,
    -12.97300404815));
#4434 = CARTESIAN_POINT('',(238.81203390945,-20.75546262407,
    -12.97228146235));
#4435 = CARTESIAN_POINT('',(237.88889847773,-20.84690493111,
    -12.97164240252));
#4436 = CARTESIAN_POINT('',(236.96750733627,-20.93817445535,
    -12.97094697434));
#4437 = CARTESIAN_POINT('',(236.04506618717,-21.02954798938,
    -12.97026337834));
#4438 = CARTESIAN_POINT('',(235.12363002489,-21.12082197321,
    -12.9695701478));
#4439 = CARTESIAN_POINT('',(234.20169757748,-21.21214511717,
    -12.96886821879));
#4440 = ( BOUNDED_SURFACE() B_SPLINE_SURFACE(2,12,(
    (#4441,#4442,#4443,#4444,#4445,#4446,#4447,#4448,#4449,#4450,#4451
      ,#4452,#4453)
    ,(#4454,#4455,#4456,#4457,#4458,#4459,#4460,#4461,#4462,#4463,#4464
      ,#4465,#4466)
    ,(#4467,#4468,#4469,#4470,#4471,#4472,#4473,#4474,#4475,#4476,#4477
      ,#4478,#4479
)),.UNSPECIFIED.,.F.,.F.,.F.) B_SPLINE_SURFACE_WITH_KNOTS((3,3),(13,13),
  (0.,10.409880309809),(1.035830675488E+03,1.046240555798E+03),
.PIECEWISE_BEZIER_KNOTS.) GEOMETRIC_REPRESENTATION_ITEM() 
RATIONAL_B_SPLINE_SURFACE((
    (1.,1.,1.000000000002,0.999999999996,1.000000000007,0.99999999999
      ,1.00000000001,0.999999999991,1.000000000006,0.999999999997
      ,1.000000000001,1.,1.)
    ,(0.704714269089,0.704683406332,0.704662375467,0.704638387543
      ,0.704625723002,0.704580482415,0.70458058042,0.704535546727
      ,0.704523450914,0.704493148897,0.704469737488,0.704445292117
      ,0.704420593337)
    ,(1.,1.,1.000000000002,0.999999999996,1.000000000007,0.99999999999
      ,1.00000000001,0.999999999991,1.000000000006,0.999999999997
,1.000000000001,1.,1.))) REPRESENTATION_ITEM('') SURFACE() );
#4441 = CARTESIAN_POINT('',(245.26490527611,-20.11626557397,
    -12.97682212362));
#4442 = CARTESIAN_POINT('',(244.05545707583,-20.23606894179,
    -12.97600776678));
#4443 = CARTESIAN_POINT('',(243.37198675742,-20.30377092848,
    -12.97552581562));
#4444 = CARTESIAN_POINT('',(242.49591750423,-20.39055103775,
    -12.97491661687));
#4445 = CARTESIAN_POINT('',(241.57894596108,-20.48138277329,
    -12.97430804108));
#4446 = CARTESIAN_POINT('',(240.65483518469,-20.57292169429,
    -12.97359492996));
#4447 = CARTESIAN_POINT('',(239.7324654114,-20.66428815809,
    -12.97300404815));
#4448 = CARTESIAN_POINT('',(238.81203390945,-20.75546262407,
    -12.97228146235));
#4449 = CARTESIAN_POINT('',(237.88889847773,-20.84690493111,
    -12.97164240252));
#4450 = CARTESIAN_POINT('',(236.96750733627,-20.93817445535,
    -12.97094697434));
#4451 = CARTESIAN_POINT('',(236.04506618717,-21.02954798938,
    -12.97026337834));
#4452 = CARTESIAN_POINT('',(235.12363002489,-21.12082197321,
    -12.9695701478));
#4453 = CARTESIAN_POINT('',(234.20169757748,-21.21214511717,
    -12.96886821879));
#4454 = CARTESIAN_POINT('',(245.26406856363,-20.11634845554,
    -13.9836003444));
#4455 = CARTESIAN_POINT('',(244.05480396798,-20.23613363619,
    -13.98287374572));
#4456 = CARTESIAN_POINT('',(243.37154160759,-20.30381502334,
    -13.98245158476));
#4457 = CARTESIAN_POINT('',(242.49515857955,-20.39062621396,
    -13.9819102025));
#4458 = CARTESIAN_POINT('',(241.57818248753,-20.48145840009,
    -13.98133782409));
#4459 = CARTESIAN_POINT('',(240.65422347334,-20.5729822881,
    -13.98075279756));
#4460 = CARTESIAN_POINT('',(239.73157526165,-20.66437633297,
    -13.98016194703));
#4461 = CARTESIAN_POINT('',(238.81138125301,-20.75552727375,
    -13.97956694603));
#4462 = CARTESIAN_POINT('',(237.88810596566,-20.84698343436,
    -13.97896238193));
#4463 = CARTESIAN_POINT('',(236.96679732182,-20.9382447867,
    -13.97835292326));
#4464 = CARTESIAN_POINT('',(236.04437100407,-21.02961685159,
    -13.97773583534));
#4465 = CARTESIAN_POINT('',(235.12290515779,-21.12089377581,
    -13.97711199161));
#4466 = CARTESIAN_POINT('',(234.20089665115,-21.21222445391,
    -13.97648012488));
#4467 = CARTESIAN_POINT('',(245.40189609366,-21.11362517046,
    -13.97683139706));
#4468 = CARTESIAN_POINT('',(244.15277530408,-21.23900824266,
    -13.97597384706));
#4469 = CARTESIAN_POINT('',(243.43776181704,-21.30916265458,
    -13.97548116067));
#4470 = CARTESIAN_POINT('',(242.6021487987,-21.38956308688,
    -13.97492373025));
#4471 = CARTESIAN_POINT('',(241.69216443959,-21.4872934434,
    -13.97423156744));
#4472 = CARTESIAN_POINT('',(240.71857113834,-21.57172480582,
    -13.97362978055));
#4473 = CARTESIAN_POINT('',(239.87070763857,-21.66918446794,
    -13.97292526453));
#4474 = CARTESIAN_POINT('',(238.88152896553,-21.75633479467,
    -13.97228991361));
#4475 = CARTESIAN_POINT('',(238.00122743571,-21.85014853811,
    -13.97159819391));
#4476 = CARTESIAN_POINT('',(237.05862707719,-21.94075995536,
    -13.97092328568));
#4477 = CARTESIAN_POINT('',(236.13942907391,-22.03266073498,
    -13.97023149076));
#4478 = CARTESIAN_POINT('',(235.22469601242,-22.12335811064,
    -13.96954180185));
#4479 = CARTESIAN_POINT('',(234.31713241856,-22.21308082237,
    -13.96885272979));
#4480 = ADVANCED_FACE('',(#4481),#4501,.F.);
#4481 = FACE_BOUND('',#4482,.T.);
#4482 = EDGE_LOOP('',(#4483,#4484,#4492,#4499,#4500));
#4483 = ORIENTED_EDGE('',*,*,#1209,.F.);
#4484 = ORIENTED_EDGE('',*,*,#4485,.T.);
#4485 = EDGE_CURVE('',#1210,#4486,#4488,.T.);
#4486 = VERTEX_POINT('',#4487);
#4487 = CARTESIAN_POINT('',(317.976573,-23.836875,-7.7));
#4488 = LINE('',#4489,#4490);
#4489 = CARTESIAN_POINT('',(317.976573,-23.836875,-20.));
#4490 = VECTOR('',#4491,1.);
#4491 = DIRECTION('',(0.,0.,1.));
#4492 = ORIENTED_EDGE('',*,*,#4493,.F.);
#4493 = EDGE_CURVE('',#4486,#4486,#4494,.T.);
#4494 = CIRCLE('',#4495,2.1);
#4495 = AXIS2_PLACEMENT_3D('',#4496,#4497,#4498);
#4496 = CARTESIAN_POINT('',(315.876573,-23.836875,-7.7));
#4497 = DIRECTION('',(0.,0.,-1.));
#4498 = DIRECTION('',(1.,0.,0.));
#4499 = ORIENTED_EDGE('',*,*,#4485,.F.);
#4500 = ORIENTED_EDGE('',*,*,#1246,.F.);
#4501 = CYLINDRICAL_SURFACE('',#4502,2.1);
#4502 = AXIS2_PLACEMENT_3D('',#4503,#4504,#4505);
#4503 = CARTESIAN_POINT('',(315.876573,-23.836875,-20.));
#4504 = DIRECTION('',(-0.,-0.,-1.));
#4505 = DIRECTION('',(1.,0.,0.));
#4506 = ADVANCED_FACE('',(#4507),#4527,.F.);
#4507 = FACE_BOUND('',#4508,.T.);
#4508 = EDGE_LOOP('',(#4509,#4510,#4518,#4525,#4526));
#4509 = ORIENTED_EDGE('',*,*,#1302,.F.);
#4510 = ORIENTED_EDGE('',*,*,#4511,.T.);
#4511 = EDGE_CURVE('',#1303,#4512,#4514,.T.);
#4512 = VERTEX_POINT('',#4513);
#4513 = CARTESIAN_POINT('',(317.976573,-68.936875,-7.7));
#4514 = LINE('',#4515,#4516);
#4515 = CARTESIAN_POINT('',(317.976573,-68.936875,-20.));
#4516 = VECTOR('',#4517,1.);
#4517 = DIRECTION('',(0.,0.,1.));
#4518 = ORIENTED_EDGE('',*,*,#4519,.F.);
#4519 = EDGE_CURVE('',#4512,#4512,#4520,.T.);
#4520 = CIRCLE('',#4521,2.1);
#4521 = AXIS2_PLACEMENT_3D('',#4522,#4523,#4524);
#4522 = CARTESIAN_POINT('',(315.876573,-68.936875,-7.7));
#4523 = DIRECTION('',(0.,0.,-1.));
#4524 = DIRECTION('',(1.,0.,0.));
#4525 = ORIENTED_EDGE('',*,*,#4511,.F.);
#4526 = ORIENTED_EDGE('',*,*,#1346,.F.);
#4527 = CYLINDRICAL_SURFACE('',#4528,2.1);
#4528 = AXIS2_PLACEMENT_3D('',#4529,#4530,#4531);
#4529 = CARTESIAN_POINT('',(315.876573,-68.936875,-20.));
#4530 = DIRECTION('',(-0.,-0.,-1.));
#4531 = DIRECTION('',(1.,0.,0.));
#4532 = ADVANCED_FACE('',(#4533),#4553,.F.);
#4533 = FACE_BOUND('',#4534,.T.);
#4534 = EDGE_LOOP('',(#4535,#4536,#4544,#4551,#4552));
#4535 = ORIENTED_EDGE('',*,*,#1401,.F.);
#4536 = ORIENTED_EDGE('',*,*,#4537,.T.);
#4537 = EDGE_CURVE('',#1402,#4538,#4540,.T.);
#4538 = VERTEX_POINT('',#4539);
#4539 = CARTESIAN_POINT('',(317.976573,-109.274375,-7.7));
#4540 = LINE('',#4541,#4542);
#4541 = CARTESIAN_POINT('',(317.976573,-109.274375,-20.));
#4542 = VECTOR('',#4543,1.);
#4543 = DIRECTION('',(0.,0.,1.));
#4544 = ORIENTED_EDGE('',*,*,#4545,.F.);
#4545 = EDGE_CURVE('',#4538,#4538,#4546,.T.);
#4546 = CIRCLE('',#4547,2.1);
#4547 = AXIS2_PLACEMENT_3D('',#4548,#4549,#4550);
#4548 = CARTESIAN_POINT('',(315.876573,-109.274375,-7.7));
#4549 = DIRECTION('',(0.,0.,-1.));
#4550 = DIRECTION('',(1.,0.,0.));
#4551 = ORIENTED_EDGE('',*,*,#4537,.F.);
#4552 = ORIENTED_EDGE('',*,*,#1440,.F.);
#4553 = CYLINDRICAL_SURFACE('',#4554,2.1);
#4554 = AXIS2_PLACEMENT_3D('',#4555,#4556,#4557);
#4555 = CARTESIAN_POINT('',(315.876573,-109.274375,-20.));
#4556 = DIRECTION('',(-0.,-0.,-1.));
#4557 = DIRECTION('',(1.,0.,0.));
#4558 = ADVANCED_FACE('',(#4559),#4579,.F.);
#4559 = FACE_BOUND('',#4560,.T.);
#4560 = EDGE_LOOP('',(#4561,#4562,#4570,#4577,#4578));
#4561 = ORIENTED_EDGE('',*,*,#1467,.F.);
#4562 = ORIENTED_EDGE('',*,*,#4563,.T.);
#4563 = EDGE_CURVE('',#1468,#4564,#4566,.T.);
#4564 = VERTEX_POINT('',#4565);
#4565 = CARTESIAN_POINT('',(31.09563,-23.836875,-7.7));
#4566 = LINE('',#4567,#4568);
#4567 = CARTESIAN_POINT('',(31.09563,-23.836875,-20.));
#4568 = VECTOR('',#4569,1.);
#4569 = DIRECTION('',(0.,0.,1.));
#4570 = ORIENTED_EDGE('',*,*,#4571,.F.);
#4571 = EDGE_CURVE('',#4564,#4564,#4572,.T.);
#4572 = CIRCLE('',#4573,2.1);
#4573 = AXIS2_PLACEMENT_3D('',#4574,#4575,#4576);
#4574 = CARTESIAN_POINT('',(28.99563,-23.836875,-7.7));
#4575 = DIRECTION('',(0.,0.,-1.));
#4576 = DIRECTION('',(1.,0.,0.));
#4577 = ORIENTED_EDGE('',*,*,#4563,.F.);
#4578 = ORIENTED_EDGE('',*,*,#1511,.F.);
#4579 = CYLINDRICAL_SURFACE('',#4580,2.1);
#4580 = AXIS2_PLACEMENT_3D('',#4581,#4582,#4583);
#4581 = CARTESIAN_POINT('',(28.99563,-23.836875,-20.));
#4582 = DIRECTION('',(-0.,-0.,-1.));
#4583 = DIRECTION('',(1.,0.,0.));
#4584 = ADVANCED_FACE('',(#4585),#4605,.F.);
#4585 = FACE_BOUND('',#4586,.T.);
#4586 = EDGE_LOOP('',(#4587,#4588,#4596,#4603,#4604));
#4587 = ORIENTED_EDGE('',*,*,#1548,.F.);
#4588 = ORIENTED_EDGE('',*,*,#4589,.T.);
#4589 = EDGE_CURVE('',#1549,#4590,#4592,.T.);
#4590 = VERTEX_POINT('',#4591);
#4591 = CARTESIAN_POINT('',(172.1,-120.,-7.7));
#4592 = LINE('',#4593,#4594);
#4593 = CARTESIAN_POINT('',(172.1,-120.,-20.));
#4594 = VECTOR('',#4595,1.);
#4595 = DIRECTION('',(0.,0.,1.));
#4596 = ORIENTED_EDGE('',*,*,#4597,.F.);
#4597 = EDGE_CURVE('',#4590,#4590,#4598,.T.);
#4598 = CIRCLE('',#4599,2.1);
#4599 = AXIS2_PLACEMENT_3D('',#4600,#4601,#4602);
#4600 = CARTESIAN_POINT('',(170.,-120.,-7.7));
#4601 = DIRECTION('',(0.,0.,-1.));
#4602 = DIRECTION('',(1.,0.,0.));
#4603 = ORIENTED_EDGE('',*,*,#4589,.F.);
#4604 = ORIENTED_EDGE('',*,*,#1589,.F.);
#4605 = CYLINDRICAL_SURFACE('',#4606,2.1);
#4606 = AXIS2_PLACEMENT_3D('',#4607,#4608,#4609);
#4607 = CARTESIAN_POINT('',(170.,-120.,-20.));
#4608 = DIRECTION('',(-0.,-0.,-1.));
#4609 = DIRECTION('',(1.,0.,0.));
#4610 = ADVANCED_FACE('',(#4611),#4631,.F.);
#4611 = FACE_BOUND('',#4612,.T.);
#4612 = EDGE_LOOP('',(#4613,#4614,#4622,#4629,#4630));
#4613 = ORIENTED_EDGE('',*,*,#1600,.F.);
#4614 = ORIENTED_EDGE('',*,*,#4615,.T.);
#4615 = EDGE_CURVE('',#1601,#4616,#4618,.T.);
#4616 = VERTEX_POINT('',#4617);
#4617 = CARTESIAN_POINT('',(31.09563,-68.936875,-7.7));
#4618 = LINE('',#4619,#4620);
#4619 = CARTESIAN_POINT('',(31.09563,-68.936875,-20.));
#4620 = VECTOR('',#4621,1.);
#4621 = DIRECTION('',(0.,0.,1.));
#4622 = ORIENTED_EDGE('',*,*,#4623,.F.);
#4623 = EDGE_CURVE('',#4616,#4616,#4624,.T.);
#4624 = CIRCLE('',#4625,2.1);
#4625 = AXIS2_PLACEMENT_3D('',#4626,#4627,#4628);
#4626 = CARTESIAN_POINT('',(28.99563,-68.936875,-7.7));
#4627 = DIRECTION('',(0.,0.,-1.));
#4628 = DIRECTION('',(1.,0.,0.));
#4629 = ORIENTED_EDGE('',*,*,#4615,.F.);
#4630 = ORIENTED_EDGE('',*,*,#1639,.F.);
#4631 = CYLINDRICAL_SURFACE('',#4632,2.1);
#4632 = AXIS2_PLACEMENT_3D('',#4633,#4634,#4635);
#4633 = CARTESIAN_POINT('',(28.99563,-68.936875,-20.));
#4634 = DIRECTION('',(-0.,-0.,-1.));
#4635 = DIRECTION('',(1.,0.,0.));
#4636 = ADVANCED_FACE('',(#4637),#4657,.F.);
#4637 = FACE_BOUND('',#4638,.T.);
#4638 = EDGE_LOOP('',(#4639,#4640,#4648,#4655,#4656));
#4639 = ORIENTED_EDGE('',*,*,#1694,.F.);
#4640 = ORIENTED_EDGE('',*,*,#4641,.T.);
#4641 = EDGE_CURVE('',#1695,#4642,#4644,.T.);
#4642 = VERTEX_POINT('',#4643);
#4643 = CARTESIAN_POINT('',(31.09563,-109.274375,-7.7));
#4644 = LINE('',#4645,#4646);
#4645 = CARTESIAN_POINT('',(31.09563,-109.274375,-20.));
#4646 = VECTOR('',#4647,1.);
#4647 = DIRECTION('',(0.,0.,1.));
#4648 = ORIENTED_EDGE('',*,*,#4649,.F.);
#4649 = EDGE_CURVE('',#4642,#4642,#4650,.T.);
#4650 = CIRCLE('',#4651,2.1);
#4651 = AXIS2_PLACEMENT_3D('',#4652,#4653,#4654);
#4652 = CARTESIAN_POINT('',(28.99563,-109.274375,-7.7));
#4653 = DIRECTION('',(0.,0.,-1.));
#4654 = DIRECTION('',(1.,0.,0.));
#4655 = ORIENTED_EDGE('',*,*,#4641,.F.);
#4656 = ORIENTED_EDGE('',*,*,#1707,.F.);
#4657 = CYLINDRICAL_SURFACE('',#4658,2.1);
#4658 = AXIS2_PLACEMENT_3D('',#4659,#4660,#4661);
#4659 = CARTESIAN_POINT('',(28.99563,-109.274375,-20.));
#4660 = DIRECTION('',(-0.,-0.,-1.));
#4661 = DIRECTION('',(1.,0.,0.));
#4662 = ADVANCED_FACE('',(#4663),#4675,.T.);
#4663 = FACE_BOUND('',#4664,.T.);
#4664 = EDGE_LOOP('',(#4665,#4672,#4673,#4674));
#4665 = ORIENTED_EDGE('',*,*,#4666,.F.);
#4666 = EDGE_CURVE('',#1916,#2168,#4667,.T.);
#4667 = CIRCLE('',#4668,1.);
#4668 = AXIS2_PLACEMENT_3D('',#4669,#4670,#4671);
#4669 = CARTESIAN_POINT('',(186.18859299125,-121.9990524195,-1.));
#4670 = DIRECTION('',(0.970779163835,0.239974613372,-0.));
#4671 = DIRECTION('',(-0.239974613372,0.970779163835,0.));
#4672 = ORIENTED_EDGE('',*,*,#1915,.T.);
#4673 = ORIENTED_EDGE('',*,*,#1887,.T.);
#4674 = ORIENTED_EDGE('',*,*,#2177,.F.);
#4675 = TOROIDAL_SURFACE('',#4676,78.692860786056,1.);
#4676 = AXIS2_PLACEMENT_3D('',#4677,#4678,#4679);
#4677 = CARTESIAN_POINT('',(170.02606768492,-44.98322980687,-1.));
#4678 = DIRECTION('',(-0.,-0.,-1.));
#4679 = DIRECTION('',(0.205821446964,-0.978589562569,0.));
#4680 = ADVANCED_FACE('',(#4681),#4701,.T.);
#4681 = FACE_BOUND('',#4682,.T.);
#4682 = EDGE_LOOP('',(#4683,#4692,#4693,#4694));
#4683 = ORIENTED_EDGE('',*,*,#4684,.F.);
#4684 = EDGE_CURVE('',#1925,#4685,#4687,.T.);
#4685 = VERTEX_POINT('',#4686);
#4686 = CARTESIAN_POINT('',(239.81665236529,-116.5693004282,-1.));
#4687 = CIRCLE('',#4688,1.);
#4688 = AXIS2_PLACEMENT_3D('',#4689,#4690,#4691);
#4689 = CARTESIAN_POINT('',(239.81672014869,-115.5693004305,-1.));
#4690 = DIRECTION('',(0.999999997703,-6.778340233489E-05,0.));
#4691 = DIRECTION('',(0.,0.,1.));
#4692 = ORIENTED_EDGE('',*,*,#1924,.T.);
#4693 = ORIENTED_EDGE('',*,*,#4666,.T.);
#4694 = ORIENTED_EDGE('',*,*,#4695,.F.);
#4695 = EDGE_CURVE('',#4685,#2168,#4696,.T.);
#4696 = CIRCLE('',#4697,219.09143013398);
#4697 = AXIS2_PLACEMENT_3D('',#4698,#4699,#4700);
#4698 = CARTESIAN_POINT('',(239.00494884425,-335.6592269323,-1.));
#4699 = DIRECTION('',(0.,-0.,1.));
#4700 = DIRECTION('',(3.704862031994E-03,0.999993136975,0.));
#4701 = TOROIDAL_SURFACE('',#4702,220.09143013398,1.);
#4702 = AXIS2_PLACEMENT_3D('',#4703,#4704,#4705);
#4703 = CARTESIAN_POINT('',(239.00494884425,-335.6592269323,-1.));
#4704 = DIRECTION('',(0.,0.,1.));
#4705 = DIRECTION('',(3.704862031994E-03,0.999993136975,0.));
#4706 = ADVANCED_FACE('',(#4707),#4719,.T.);
#4707 = FACE_BOUND('',#4708,.T.);
#4708 = EDGE_LOOP('',(#4709,#4710,#4711,#4718));
#4709 = ORIENTED_EDGE('',*,*,#2357,.F.);
#4710 = ORIENTED_EDGE('',*,*,#2002,.T.);
#4711 = ORIENTED_EDGE('',*,*,#4712,.T.);
#4712 = EDGE_CURVE('',#1994,#2375,#4713,.T.);
#4713 = CIRCLE('',#4714,1.);
#4714 = AXIS2_PLACEMENT_3D('',#4715,#4716,#4717);
#4715 = CARTESIAN_POINT('',(30.109985946429,-17.53777794551,-1.));
#4716 = DIRECTION('',(-0.999852392298,-1.718119948869E-02,-0.));
#4717 = DIRECTION('',(-1.718119948869E-02,0.999852392298,0.));
#4718 = ORIENTED_EDGE('',*,*,#2374,.F.);
#4719 = TOROIDAL_SURFACE('',#4720,5.000732141869,1.);
#4720 = AXIS2_PLACEMENT_3D('',#4721,#4722,#4723);
#4721 = CARTESIAN_POINT('',(30.195904522948,-22.5377719408,-1.));
#4722 = DIRECTION('',(-0.,-0.,-1.));
#4723 = DIRECTION('',(-0.999999885183,4.792004011488E-04,0.));
#4724 = ADVANCED_FACE('',(#4725),#4744,.T.);
#4725 = FACE_BOUND('',#4726,.F.);
#4726 = EDGE_LOOP('',(#4727,#4736,#4742,#4743));
#4727 = ORIENTED_EDGE('',*,*,#4728,.T.);
#4728 = EDGE_CURVE('',#1934,#4729,#4731,.T.);
#4729 = VERTEX_POINT('',#4730);
#4730 = CARTESIAN_POINT('',(314.67762728284,-116.5743747598,-1.));
#4731 = CIRCLE('',#4732,1.);
#4732 = AXIS2_PLACEMENT_3D('',#4733,#4734,#4735);
#4733 = CARTESIAN_POINT('',(314.67742235664,-115.5743747808,-1.));
#4734 = DIRECTION('',(0.999999979003,2.049261978099E-04,0.));
#4735 = DIRECTION('',(2.049261978099E-04,-0.999999979003,0.));
#4736 = ORIENTED_EDGE('',*,*,#4737,.T.);
#4737 = EDGE_CURVE('',#4729,#4685,#4738,.T.);
#4738 = LINE('',#4739,#4740);
#4739 = CARTESIAN_POINT('',(314.67762728284,-116.5743747598,-1.));
#4740 = VECTOR('',#4741,1.);
#4741 = DIRECTION('',(-0.999999997703,6.778340233489E-05,0.));
#4742 = ORIENTED_EDGE('',*,*,#4684,.F.);
#4743 = ORIENTED_EDGE('',*,*,#1933,.F.);
#4744 = CYLINDRICAL_SURFACE('',#4745,1.);
#4745 = AXIS2_PLACEMENT_3D('',#4746,#4747,#4748);
#4746 = CARTESIAN_POINT('',(314.67769506624,-115.5743747621,-1.));
#4747 = DIRECTION('',(-0.999999997703,6.778340233489E-05,0.));
#4748 = DIRECTION('',(0.,0.,1.));
#4749 = ADVANCED_FACE('',(#4750),#4770,.T.);
#4750 = FACE_BOUND('',#4751,.T.);
#4751 = EDGE_LOOP('',(#4752,#4753,#4754,#4763));
#4752 = ORIENTED_EDGE('',*,*,#4712,.F.);
#4753 = ORIENTED_EDGE('',*,*,#1993,.T.);
#4754 = ORIENTED_EDGE('',*,*,#4755,.T.);
#4755 = EDGE_CURVE('',#1985,#4756,#4758,.T.);
#4756 = VERTEX_POINT('',#4757);
#4757 = CARTESIAN_POINT('',(105.84402876536,-21.20782909136,-1.));
#4758 = CIRCLE('',#4759,1.);
#4759 = AXIS2_PLACEMENT_3D('',#4760,#4761,#4762);
#4760 = CARTESIAN_POINT('',(105.6635051985,-22.19139975065,-1.));
#4761 = DIRECTION('',(-0.983570659286,0.180523566861,0.));
#4762 = DIRECTION('',(0.180523566861,0.983570659286,0.));
#4763 = ORIENTED_EDGE('',*,*,#4764,.F.);
#4764 = EDGE_CURVE('',#2375,#4756,#4765,.T.);
#4765 = CIRCLE('',#4766,317.12428686613);
#4766 = AXIS2_PLACEMENT_3D('',#4767,#4768,#4769);
#4767 = CARTESIAN_POINT('',(48.595621362002,-333.1219729997,-1.));
#4768 = DIRECTION('',(0.,0.,-1.));
#4769 = DIRECTION('',(-5.834563097614E-02,0.998296442619,0.));
#4770 = TOROIDAL_SURFACE('',#4771,316.12428686613,1.);
#4771 = AXIS2_PLACEMENT_3D('',#4772,#4773,#4774);
#4772 = CARTESIAN_POINT('',(48.595621362002,-333.1219729997,-1.));
#4773 = DIRECTION('',(-0.,-0.,-1.));
#4774 = DIRECTION('',(-5.834563097614E-02,0.998296442619,0.));
#4775 = ADVANCED_FACE('',(#4776),#4796,.T.);
#4776 = FACE_BOUND('',#4777,.T.);
#4777 = EDGE_LOOP('',(#4778,#4787,#4788,#4789));
#4778 = ORIENTED_EDGE('',*,*,#4779,.F.);
#4779 = EDGE_CURVE('',#1942,#4780,#4782,.T.);
#4780 = VERTEX_POINT('',#4781);
#4781 = CARTESIAN_POINT('',(320.67657287563,-110.5745502999,-1.));
#4782 = CIRCLE('',#4783,1.);
#4783 = AXIS2_PLACEMENT_3D('',#4784,#4785,#4786);
#4784 = CARTESIAN_POINT('',(319.67657294039,-110.5741904278,-1.));
#4785 = DIRECTION('',(3.598721447313E-04,0.999999935246,-0.));
#4786 = DIRECTION('',(0.,0.,1.));
#4787 = ORIENTED_EDGE('',*,*,#1941,.T.);
#4788 = ORIENTED_EDGE('',*,*,#4728,.T.);
#4789 = ORIENTED_EDGE('',*,*,#4790,.F.);
#4790 = EDGE_CURVE('',#4780,#4729,#4791,.T.);
#4791 = CIRCLE('',#4792,6.000175196123);
#4792 = AXIS2_PLACEMENT_3D('',#4793,#4794,#4795);
#4793 = CARTESIAN_POINT('',(314.67639768975,-110.5741996897,-1.));
#4794 = DIRECTION('',(0.,-0.,-1.));
#4795 = DIRECTION('',(0.999999998293,-5.843333416423E-05,0.));
#4796 = TOROIDAL_SURFACE('',#4797,5.000175196123,1.);
#4797 = AXIS2_PLACEMENT_3D('',#4798,#4799,#4800);
#4798 = CARTESIAN_POINT('',(314.67639768975,-110.5741996897,-1.));
#4799 = DIRECTION('',(-0.,-0.,-1.));
#4800 = DIRECTION('',(0.999999998293,-5.843333416423E-05,0.));
#4801 = ADVANCED_FACE('',(#4802),#4822,.T.);
#4802 = FACE_BOUND('',#4803,.T.);
#4803 = EDGE_LOOP('',(#4804,#4805,#4806,#4815));
#4804 = ORIENTED_EDGE('',*,*,#4755,.F.);
#4805 = ORIENTED_EDGE('',*,*,#1984,.T.);
#4806 = ORIENTED_EDGE('',*,*,#4807,.T.);
#4807 = EDGE_CURVE('',#1977,#4808,#4810,.T.);
#4808 = VERTEX_POINT('',#4809);
#4809 = CARTESIAN_POINT('',(234.20169757748,-21.21214511717,-1.));
#4810 = CIRCLE('',#4811,1.);
#4811 = AXIS2_PLACEMENT_3D('',#4812,#4813,#4814);
#4812 = CARTESIAN_POINT('',(234.33520698149,-22.20319266348,-1.));
#4813 = DIRECTION('',(-0.991047546307,-0.133509404007,0.));
#4814 = DIRECTION('',(0.133509404007,-0.991047546307,0.));
#4815 = ORIENTED_EDGE('',*,*,#4816,.F.);
#4816 = EDGE_CURVE('',#4756,#4808,#4817,.T.);
#4817 = CIRCLE('',#4818,480.58651678114);
#4818 = AXIS2_PLACEMENT_3D('',#4819,#4820,#4821);
#4819 = CARTESIAN_POINT('',(170.03887814835,455.07194312715,-1.));
#4820 = DIRECTION('',(0.,0.,1.));
#4821 = DIRECTION('',(-0.13357605164,-0.991038565561,0.));
#4822 = TOROIDAL_SURFACE('',#4823,481.58651678114,1.);
#4823 = AXIS2_PLACEMENT_3D('',#4824,#4825,#4826);
#4824 = CARTESIAN_POINT('',(170.03887814835,455.07194312715,-1.));
#4825 = DIRECTION('',(0.,0.,1.));
#4826 = DIRECTION('',(-0.13357605164,-0.991038565561,0.));
#4827 = ADVANCED_FACE('',(#4828),#4847,.T.);
#4828 = FACE_BOUND('',#4829,.F.);
#4829 = EDGE_LOOP('',(#4830,#4839,#4845,#4846));
#4830 = ORIENTED_EDGE('',*,*,#4831,.T.);
#4831 = EDGE_CURVE('',#1951,#4832,#4834,.T.);
#4832 = VERTEX_POINT('',#4833);
#4833 = CARTESIAN_POINT('',(320.70825804649,-22.5289227844,-1.));
#4834 = CIRCLE('',#4835,1.);
#4835 = AXIS2_PLACEMENT_3D('',#4836,#4837,#4838);
#4836 = CARTESIAN_POINT('',(319.70825811125,-22.52856291226,-1.));
#4837 = DIRECTION('',(3.598721447322E-04,0.999999935246,0.));
#4838 = DIRECTION('',(0.999999935246,-3.598721447322E-04,0.));
#4839 = ORIENTED_EDGE('',*,*,#4840,.T.);
#4840 = EDGE_CURVE('',#4832,#4780,#4841,.T.);
#4841 = LINE('',#4842,#4843);
#4842 = CARTESIAN_POINT('',(320.70825804649,-22.5289227844,-1.));
#4843 = VECTOR('',#4844,1.);
#4844 = DIRECTION('',(-3.598721447313E-04,-0.999999935246,-0.));
#4845 = ORIENTED_EDGE('',*,*,#4779,.F.);
#4846 = ORIENTED_EDGE('',*,*,#1950,.F.);
#4847 = CYLINDRICAL_SURFACE('',#4848,1.);
#4848 = AXIS2_PLACEMENT_3D('',#4849,#4850,#4851);
#4849 = CARTESIAN_POINT('',(319.70825811125,-22.52856291226,-1.));
#4850 = DIRECTION('',(-3.598721447313E-04,-0.999999935246,-0.));
#4851 = DIRECTION('',(0.,0.,1.));
#4852 = ADVANCED_FACE('',(#4853),#4872,.T.);
#4853 = FACE_BOUND('',#4854,.F.);
#4854 = EDGE_LOOP('',(#4855,#4856,#4864,#4871));
#4855 = ORIENTED_EDGE('',*,*,#4807,.T.);
#4856 = ORIENTED_EDGE('',*,*,#4857,.T.);
#4857 = EDGE_CURVE('',#4808,#4858,#4860,.T.);
#4858 = VERTEX_POINT('',#4859);
#4859 = CARTESIAN_POINT('',(245.26490527611,-20.11626557397,-1.));
#4860 = LINE('',#4861,#4862);
#4861 = CARTESIAN_POINT('',(234.20169757748,-21.21214511717,-1.));
#4862 = VECTOR('',#4863,1.);
#4863 = DIRECTION('',(0.995129744115,9.857379153646E-02,0.));
#4864 = ORIENTED_EDGE('',*,*,#4865,.F.);
#4865 = EDGE_CURVE('',#1968,#4858,#4866,.T.);
#4866 = CIRCLE('',#4867,1.);
#4867 = AXIS2_PLACEMENT_3D('',#4868,#4869,#4870);
#4868 = CARTESIAN_POINT('',(245.36347906764,-21.11139531808,-1.));
#4869 = DIRECTION('',(-0.995129744115,-9.857379153646E-02,0.));
#4870 = DIRECTION('',(0.,0.,1.));
#4871 = ORIENTED_EDGE('',*,*,#1976,.F.);
#4872 = CYLINDRICAL_SURFACE('',#4873,1.);
#4873 = AXIS2_PLACEMENT_3D('',#4874,#4875,#4876);
#4874 = CARTESIAN_POINT('',(234.30027136902,-22.20727486129,-1.));
#4875 = DIRECTION('',(0.995129744115,9.857379153646E-02,0.));
#4876 = DIRECTION('',(0.,0.,1.));
#4877 = ADVANCED_FACE('',(#4878),#4898,.T.);
#4878 = FACE_BOUND('',#4879,.T.);
#4879 = EDGE_LOOP('',(#4880,#4889,#4890,#4891));
#4880 = ORIENTED_EDGE('',*,*,#4881,.F.);
#4881 = EDGE_CURVE('',#1959,#4882,#4884,.T.);
#4882 = VERTEX_POINT('',#4883);
#4883 = CARTESIAN_POINT('',(314.77961709105,-16.52620499703,-1.));
#4884 = CIRCLE('',#4885,1.);
#4885 = AXIS2_PLACEMENT_3D('',#4886,#4887,#4888);
#4886 = CARTESIAN_POINT('',(314.72128160983,-17.5245020328,-1.));
#4887 = DIRECTION('',(-0.998297035772,5.83354812136E-02,0.));
#4888 = DIRECTION('',(5.83354812136E-02,0.998297035772,0.));
#4889 = ORIENTED_EDGE('',*,*,#1958,.T.);
#4890 = ORIENTED_EDGE('',*,*,#4831,.T.);
#4891 = ORIENTED_EDGE('',*,*,#4892,.F.);
#4892 = EDGE_CURVE('',#4882,#4832,#4893,.T.);
#4893 = CIRCLE('',#4894,6.000994387119);
#4894 = AXIS2_PLACEMENT_3D('',#4895,#4896,#4897);
#4895 = CARTESIAN_POINT('',(314.70726404796,-22.52676319368,-1.));
#4896 = DIRECTION('',(0.,0.,-1.));
#4897 = DIRECTION('',(1.20568423194E-02,0.999927313635,0.));
#4898 = TOROIDAL_SURFACE('',#4899,5.000994387119,1.);
#4899 = AXIS2_PLACEMENT_3D('',#4900,#4901,#4902);
#4900 = CARTESIAN_POINT('',(314.70726404796,-22.52676319368,-1.));
#4901 = DIRECTION('',(-0.,-0.,-1.));
#4902 = DIRECTION('',(1.20568423194E-02,0.999927313635,0.));
#4903 = ADVANCED_FACE('',(#4904),#4916,.T.);
#4904 = FACE_BOUND('',#4905,.T.);
#4905 = EDGE_LOOP('',(#4906,#4907,#4908,#4909));
#4906 = ORIENTED_EDGE('',*,*,#4865,.F.);
#4907 = ORIENTED_EDGE('',*,*,#1967,.T.);
#4908 = ORIENTED_EDGE('',*,*,#4881,.T.);
#4909 = ORIENTED_EDGE('',*,*,#4910,.F.);
#4910 = EDGE_CURVE('',#4858,#4882,#4911,.T.);
#4911 = CIRCLE('',#4912,317.12966029345);
#4912 = AXIS2_PLACEMENT_3D('',#4913,#4914,#4915);
#4913 = CARTESIAN_POINT('',(296.27970575072,-333.1158048234,-1.));
#4914 = DIRECTION('',(0.,0.,-1.));
#4915 = DIRECTION('',(-0.160864172804,0.98697655388,0.));
#4916 = TOROIDAL_SURFACE('',#4917,316.12966029345,1.);
#4917 = AXIS2_PLACEMENT_3D('',#4918,#4919,#4920);
#4918 = CARTESIAN_POINT('',(296.27970575072,-333.1158048234,-1.));
#4919 = DIRECTION('',(-0.,-0.,-1.));
#4920 = DIRECTION('',(-0.160864172804,0.98697655388,0.));
#4921 = ADVANCED_FACE('',(#4922),#4948,.F.);
#4922 = FACE_BOUND('',#4923,.F.);
#4923 = EDGE_LOOP('',(#4924,#4932,#4941,#4947));
#4924 = ORIENTED_EDGE('',*,*,#4925,.T.);
#4925 = EDGE_CURVE('',#2021,#4926,#4928,.T.);
#4926 = VERTEX_POINT('',#4927);
#4927 = CARTESIAN_POINT('',(314.68489401098,-114.3914715601,-6.2));
#4928 = LINE('',#4929,#4930);
#4929 = CARTESIAN_POINT('',(314.68489401098,-114.3914715601,0.));
#4930 = VECTOR('',#4931,1.);
#4931 = DIRECTION('',(-0.,-0.,-1.));
#4932 = ORIENTED_EDGE('',*,*,#4933,.T.);
#4933 = EDGE_CURVE('',#4926,#4934,#4936,.T.);
#4934 = VERTEX_POINT('',#4935);
#4935 = CARTESIAN_POINT('',(318.67657203426,-110.574375,-6.2));
#4936 = CIRCLE('',#4937,4.00394595749);
#4937 = AXIS2_PLACEMENT_3D('',#4938,#4939,#4940);
#4938 = CARTESIAN_POINT('',(314.67698787462,-110.3875334083,-6.2));
#4939 = DIRECTION('',(-0.,0.,1.));
#4940 = DIRECTION('',(0.999999998293,-5.843333300133E-05,0.));
#4941 = ORIENTED_EDGE('',*,*,#4942,.F.);
#4942 = EDGE_CURVE('',#2023,#4934,#4943,.T.);
#4943 = LINE('',#4944,#4945);
#4944 = CARTESIAN_POINT('',(318.67657203426,-110.574375,0.));
#4945 = VECTOR('',#4946,1.);
#4946 = DIRECTION('',(-0.,-0.,-1.));
#4947 = ORIENTED_EDGE('',*,*,#2020,.F.);
#4948 = CYLINDRICAL_SURFACE('',#4949,4.00394595749);
#4949 = AXIS2_PLACEMENT_3D('',#4950,#4951,#4952);
#4950 = CARTESIAN_POINT('',(314.67698787462,-110.3875334083,0.));
#4951 = DIRECTION('',(0.,0.,1.));
#4952 = DIRECTION('',(0.999999998293,-5.843333300133E-05,0.));
#4953 = ADVANCED_FACE('',(#4954),#4972,.F.);
#4954 = FACE_BOUND('',#4955,.F.);
#4955 = EDGE_LOOP('',(#4956,#4957,#4965,#4971));
#4956 = ORIENTED_EDGE('',*,*,#4942,.T.);
#4957 = ORIENTED_EDGE('',*,*,#4958,.T.);
#4958 = EDGE_CURVE('',#4934,#4959,#4961,.T.);
#4959 = VERTEX_POINT('',#4960);
#4960 = CARTESIAN_POINT('',(318.67658856225,-22.53675886309,-6.2));
#4961 = LINE('',#4962,#4963);
#4962 = CARTESIAN_POINT('',(318.67657203426,-110.574375,-6.2));
#4963 = VECTOR('',#4964,1.);
#4964 = DIRECTION('',(1.8773780945E-07,1.,0.));
#4965 = ORIENTED_EDGE('',*,*,#4966,.F.);
#4966 = EDGE_CURVE('',#2145,#4959,#4967,.T.);
#4967 = LINE('',#4968,#4969);
#4968 = CARTESIAN_POINT('',(318.67658856225,-22.53675886309,0.));
#4969 = VECTOR('',#4970,1.);
#4970 = DIRECTION('',(-0.,-0.,-1.));
#4971 = ORIENTED_EDGE('',*,*,#2153,.F.);
#4972 = PLANE('',#4973);
#4973 = AXIS2_PLACEMENT_3D('',#4974,#4975,#4976);
#4974 = CARTESIAN_POINT('',(318.67657203426,-110.574375,0.));
#4975 = DIRECTION('',(1.,-1.8773780945E-07,0.));
#4976 = DIRECTION('',(1.8773780945E-07,1.,0.));
#4977 = ADVANCED_FACE('',(#4978),#4997,.F.);
#4978 = FACE_BOUND('',#4979,.F.);
#4979 = EDGE_LOOP('',(#4980,#4981,#4990,#4996));
#4980 = ORIENTED_EDGE('',*,*,#4966,.T.);
#4981 = ORIENTED_EDGE('',*,*,#4982,.T.);
#4982 = EDGE_CURVE('',#4959,#4983,#4985,.T.);
#4983 = VERTEX_POINT('',#4984);
#4984 = CARTESIAN_POINT('',(314.70051708856,-18.44712565063,-6.2));
#4985 = CIRCLE('',#4986,4.00092457579);
#4986 = AXIS2_PLACEMENT_3D('',#4987,#4988,#4989);
#4987 = CARTESIAN_POINT('',(314.67664911236,-22.4479790322,-6.2));
#4988 = DIRECTION('',(0.,0.,1.));
#4989 = DIRECTION('',(-2.976772267294E-05,0.999999999557,0.));
#4990 = ORIENTED_EDGE('',*,*,#4991,.F.);
#4991 = EDGE_CURVE('',#2136,#4983,#4992,.T.);
#4992 = LINE('',#4993,#4994);
#4993 = CARTESIAN_POINT('',(314.70051708856,-18.44712565063,0.));
#4994 = VECTOR('',#4995,1.);
#4995 = DIRECTION('',(-0.,-0.,-1.));
#4996 = ORIENTED_EDGE('',*,*,#2144,.F.);
#4997 = CYLINDRICAL_SURFACE('',#4998,4.00092457579);
#4998 = AXIS2_PLACEMENT_3D('',#4999,#5000,#5001);
#4999 = CARTESIAN_POINT('',(314.67664911236,-22.4479790322,0.));
#5000 = DIRECTION('',(0.,0.,1.));
#5001 = DIRECTION('',(-2.976772267294E-05,0.999999999557,0.));
#5002 = ADVANCED_FACE('',(#5003),#5032,.F.);
#5003 = FACE_BOUND('',#5004,.F.);
#5004 = EDGE_LOOP('',(#5005,#5013,#5014,#5015,#5016,#5025));
#5005 = ORIENTED_EDGE('',*,*,#5006,.F.);
#5006 = EDGE_CURVE('',#2119,#5007,#5009,.T.);
#5007 = VERTEX_POINT('',#5008);
#5008 = CARTESIAN_POINT('',(245.51172456385,-22.02820541046,-6.2));
#5009 = LINE('',#5010,#5011);
#5010 = CARTESIAN_POINT('',(245.51172456385,-22.02820541046,0.));
#5011 = VECTOR('',#5012,1.);
#5012 = DIRECTION('',(-0.,-0.,-1.));
#5013 = ORIENTED_EDGE('',*,*,#2126,.F.);
#5014 = ORIENTED_EDGE('',*,*,#2135,.F.);
#5015 = ORIENTED_EDGE('',*,*,#4991,.T.);
#5016 = ORIENTED_EDGE('',*,*,#5017,.T.);
#5017 = EDGE_CURVE('',#4983,#5018,#5020,.T.);
#5018 = VERTEX_POINT('',#5019);
#5019 = CARTESIAN_POINT('',(311.67658029811,-18.28483177547,-6.2));
#5020 = CIRCLE('',#5021,315.16764022289);
#5021 = AXIS2_PLACEMENT_3D('',#5022,#5023,#5024);
#5022 = CARTESIAN_POINT('',(296.29809011809,-333.077054496,-6.2));
#5023 = DIRECTION('',(0.,0.,1.));
#5024 = DIRECTION('',(-0.161153330526,0.986929381496,0.));
#5025 = ORIENTED_EDGE('',*,*,#5026,.T.);
#5026 = EDGE_CURVE('',#5018,#5007,#5027,.T.);
#5027 = CIRCLE('',#5028,315.16764022289);
#5028 = AXIS2_PLACEMENT_3D('',#5029,#5030,#5031);
#5029 = CARTESIAN_POINT('',(296.29809011809,-333.077054496,-6.2));
#5030 = DIRECTION('',(0.,0.,1.));
#5031 = DIRECTION('',(-0.161153330526,0.986929381496,0.));
#5032 = CYLINDRICAL_SURFACE('',#5033,315.16764022289);
#5033 = AXIS2_PLACEMENT_3D('',#5034,#5035,#5036);
#5034 = CARTESIAN_POINT('',(296.29809011809,-333.077054496,0.));
#5035 = DIRECTION('',(0.,0.,1.));
#5036 = DIRECTION('',(-0.161153330526,0.986929381496,0.));
#5037 = ADVANCED_FACE('',(#5038),#5056,.F.);
#5038 = FACE_BOUND('',#5039,.F.);
#5039 = EDGE_LOOP('',(#5040,#5041,#5049,#5055));
#5040 = ORIENTED_EDGE('',*,*,#5006,.T.);
#5041 = ORIENTED_EDGE('',*,*,#5042,.T.);
#5042 = EDGE_CURVE('',#5007,#5043,#5045,.T.);
#5043 = VERTEX_POINT('',#5044);
#5044 = CARTESIAN_POINT('',(234.46757724843,-23.17830177707,-6.2));
#5045 = LINE('',#5046,#5047);
#5046 = CARTESIAN_POINT('',(245.51172456385,-22.02820541046,-6.2));
#5047 = VECTOR('',#5048,1.);
#5048 = DIRECTION('',(-0.99462152337,-0.103576180895,0.));
#5049 = ORIENTED_EDGE('',*,*,#5050,.F.);
#5050 = EDGE_CURVE('',#2110,#5043,#5051,.T.);
#5051 = LINE('',#5052,#5053);
#5052 = CARTESIAN_POINT('',(234.46757724843,-23.17830177707,0.));
#5053 = VECTOR('',#5054,1.);
#5054 = DIRECTION('',(-0.,-0.,-1.));
#5055 = ORIENTED_EDGE('',*,*,#2118,.F.);
#5056 = PLANE('',#5057);
#5057 = AXIS2_PLACEMENT_3D('',#5058,#5059,#5060);
#5058 = CARTESIAN_POINT('',(245.51172456385,-22.02820541046,0.));
#5059 = DIRECTION('',(-0.103576180895,0.99462152337,0.));
#5060 = DIRECTION('',(-0.99462152337,-0.103576180895,0.));
#5061 = ADVANCED_FACE('',(#5062),#5149,.T.);
#5062 = FACE_BOUND('',#5063,.T.);
#5063 = EDGE_LOOP('',(#5064,#5065,#5073,#5082,#5090,#5107,#5116,#5133,
    #5141,#5148));
#5064 = ORIENTED_EDGE('',*,*,#2109,.F.);
#5065 = ORIENTED_EDGE('',*,*,#5066,.T.);
#5066 = EDGE_CURVE('',#2101,#5067,#5069,.T.);
#5067 = VERTEX_POINT('',#5068);
#5068 = CARTESIAN_POINT('',(105.53536601969,-23.1650473721,-6.2));
#5069 = LINE('',#5070,#5071);
#5070 = CARTESIAN_POINT('',(105.53536601969,-23.1650473721,0.));
#5071 = VECTOR('',#5072,1.);
#5072 = DIRECTION('',(-0.,-0.,-1.));
#5073 = ORIENTED_EDGE('',*,*,#5074,.T.);
#5074 = EDGE_CURVE('',#5067,#5075,#5077,.T.);
#5075 = VERTEX_POINT('',#5076);
#5076 = CARTESIAN_POINT('',(160.0014713211,-27.39233477788,-6.2));
#5077 = CIRCLE('',#5078,482.5776788094);
#5078 = AXIS2_PLACEMENT_3D('',#5079,#5080,#5081);
#5079 = CARTESIAN_POINT('',(170.05063662243,455.08070111305,-6.2));
#5080 = DIRECTION('',(-0.,0.,1.));
#5081 = DIRECTION('',(0.133506953229,-0.991047876462,0.));
#5082 = ORIENTED_EDGE('',*,*,#5083,.T.);
#5083 = EDGE_CURVE('',#5075,#5084,#5086,.T.);
#5084 = VERTEX_POINT('',#5085);
#5085 = CARTESIAN_POINT('',(160.0014713211,-27.39233477788,
    -5.460777494851));
#5086 = LINE('',#5087,#5088);
#5087 = CARTESIAN_POINT('',(160.0014713211,-27.39233477788,0.));
#5088 = VECTOR('',#5089,1.);
#5089 = DIRECTION('',(0.,0.,1.));
#5090 = ORIENTED_EDGE('',*,*,#5091,.F.);
#5091 = EDGE_CURVE('',#5092,#5084,#5094,.T.);
#5092 = VERTEX_POINT('',#5093);
#5093 = CARTESIAN_POINT('',(160.5014713211,-27.40248981396,
    -4.960777494851));
#5094 = B_SPLINE_CURVE_WITH_KNOTS('',6,(#5095,#5096,#5097,#5098,#5099,
    #5100,#5101,#5102,#5103,#5104,#5105,#5106),.UNSPECIFIED.,.F.,.F.,(7,
    5,7),(0.,0.454665249608,1.),.UNSPECIFIED.);
#5095 = CARTESIAN_POINT('',(160.5014713211,-27.40248981396,
    -4.960777494851));
#5096 = CARTESIAN_POINT('',(160.43884826842,-27.40125039694,
    -4.960777494851));
#5097 = CARTESIAN_POINT('',(160.37645260592,-27.40000572486,
    -4.970189761355));
#5098 = CARTESIAN_POINT('',(160.31619287717,-27.39879369059,
    -4.988883875576));
#5099 = CARTESIAN_POINT('',(160.25989570274,-27.39765260305,
    -5.016157651748));
#5100 = CARTESIAN_POINT('',(160.20914230239,-27.39661755287,
    -5.050763753671));
#5101 = CARTESIAN_POINT('',(160.11197798627,-27.39462671044,
    -5.139176478693));
#5102 = CARTESIAN_POINT('',(160.06830463328,-27.393724882,
    -5.195569751576));
#5103 = CARTESIAN_POINT('',(160.03497802664,-27.39303267086,
    -5.257994755529));
#5104 = CARTESIAN_POINT('',(160.01260989096,-27.39256677696,
    -5.32437949346));
#5105 = CARTESIAN_POINT('',(160.0014713211,-27.39233477788,
    -5.392651397263));
#5106 = CARTESIAN_POINT('',(160.0014713211,-27.39233477788,
    -5.460777494851));
#5107 = ORIENTED_EDGE('',*,*,#5108,.T.);
#5108 = EDGE_CURVE('',#5092,#5109,#5111,.T.);
#5109 = VERTEX_POINT('',#5110);
#5110 = CARTESIAN_POINT('',(179.5014713211,-27.40442592048,
    -4.960777494851));
#5111 = CIRCLE('',#5112,482.5776788094);
#5112 = AXIS2_PLACEMENT_3D('',#5113,#5114,#5115);
#5113 = CARTESIAN_POINT('',(170.05063662243,455.08070111305,
    -4.960777494851));
#5114 = DIRECTION('',(-0.,0.,1.));
#5115 = DIRECTION('',(0.133506953229,-0.991047876462,0.));
#5116 = ORIENTED_EDGE('',*,*,#5117,.F.);
#5117 = EDGE_CURVE('',#5118,#5109,#5120,.T.);
#5118 = VERTEX_POINT('',#5119);
#5119 = CARTESIAN_POINT('',(180.0014713211,-27.39437282742,
    -5.460777494851));
#5120 = B_SPLINE_CURVE_WITH_KNOTS('',6,(#5121,#5122,#5123,#5124,#5125,
    #5126,#5127,#5128,#5129,#5130,#5131,#5132),.UNSPECIFIED.,.F.,.F.,(7,
    5,7),(0.,0.535381204127,1.),.UNSPECIFIED.);
#5121 = CARTESIAN_POINT('',(180.0014713211,-27.39437282742,
    -5.460777494851));
#5122 = CARTESIAN_POINT('',(180.0014713211,-27.39437282742,
    -5.393893466999));
#5123 = CARTESIAN_POINT('',(179.99073518329,-27.39459425549,
    -5.326877776955));
#5124 = CARTESIAN_POINT('',(179.96918225307,-27.39503877524,
    -5.261647653732));
#5125 = CARTESIAN_POINT('',(179.93706092831,-27.39569947041,
    -5.200156619914));
#5126 = CARTESIAN_POINT('',(179.89493277765,-27.39656108648,
    -5.144361822146));
#5127 = CARTESIAN_POINT('',(179.79932257843,-27.39850173548,
    -5.054577868889));
#5128 = CARTESIAN_POINT('',(179.7479523679,-27.39953950989,
    -5.018563890295));
#5129 = CARTESIAN_POINT('',(179.69069741634,-27.40068895787,
    -4.99012510779));
#5130 = CARTESIAN_POINT('',(179.62922569229,-27.40191330045,
    -4.970609019604));
#5131 = CARTESIAN_POINT('',(179.56547379449,-27.40317225117,
    -4.960777494851));
#5132 = CARTESIAN_POINT('',(179.5014713211,-27.40442592048,
    -4.960777494851));
#5133 = ORIENTED_EDGE('',*,*,#5134,.F.);
#5134 = EDGE_CURVE('',#5135,#5118,#5137,.T.);
#5135 = VERTEX_POINT('',#5136);
#5136 = CARTESIAN_POINT('',(180.0014713211,-27.39437282742,-6.2));
#5137 = LINE('',#5138,#5139);
#5138 = CARTESIAN_POINT('',(180.0014713211,-27.39437282742,0.));
#5139 = VECTOR('',#5140,1.);
#5140 = DIRECTION('',(0.,0.,1.));
#5141 = ORIENTED_EDGE('',*,*,#5142,.T.);
#5142 = EDGE_CURVE('',#5135,#5043,#5143,.T.);
#5143 = CIRCLE('',#5144,482.5776788094);
#5144 = AXIS2_PLACEMENT_3D('',#5145,#5146,#5147);
#5145 = CARTESIAN_POINT('',(170.05063662243,455.08070111305,-6.2));
#5146 = DIRECTION('',(-0.,0.,1.));
#5147 = DIRECTION('',(0.133506953229,-0.991047876462,0.));
#5148 = ORIENTED_EDGE('',*,*,#5050,.F.);
#5149 = CYLINDRICAL_SURFACE('',#5150,482.5776788094);
#5150 = AXIS2_PLACEMENT_3D('',#5151,#5152,#5153);
#5151 = CARTESIAN_POINT('',(170.05063662243,455.08070111305,0.));
#5152 = DIRECTION('',(0.,0.,1.));
#5153 = DIRECTION('',(0.133506953229,-0.991047876462,0.));
#5154 = ADVANCED_FACE('',(#5155),#5174,.F.);
#5155 = FACE_BOUND('',#5156,.F.);
#5156 = EDGE_LOOP('',(#5157,#5158,#5167,#5173));
#5157 = ORIENTED_EDGE('',*,*,#5066,.T.);
#5158 = ORIENTED_EDGE('',*,*,#5159,.T.);
#5159 = EDGE_CURVE('',#5067,#5160,#5162,.T.);
#5160 = VERTEX_POINT('',#5161);
#5161 = CARTESIAN_POINT('',(30.167997459679,-18.51349746468,-6.2));
#5162 = CIRCLE('',#5163,315.13502154435);
#5163 = AXIS2_PLACEMENT_3D('',#5164,#5165,#5166);
#5164 = CARTESIAN_POINT('',(48.578830486259,-333.1102600529,-6.2));
#5165 = DIRECTION('',(0.,0.,1.));
#5166 = DIRECTION('',(-5.85748498341E-02,0.998283019472,0.));
#5167 = ORIENTED_EDGE('',*,*,#5168,.F.);
#5168 = EDGE_CURVE('',#2092,#5160,#5169,.T.);
#5169 = LINE('',#5170,#5171);
#5170 = CARTESIAN_POINT('',(30.167997459679,-18.51349746468,0.));
#5171 = VECTOR('',#5172,1.);
#5172 = DIRECTION('',(-0.,-0.,-1.));
#5173 = ORIENTED_EDGE('',*,*,#2100,.F.);
#5174 = CYLINDRICAL_SURFACE('',#5175,315.13502154435);
#5175 = AXIS2_PLACEMENT_3D('',#5176,#5177,#5178);
#5176 = CARTESIAN_POINT('',(48.578830486259,-333.1102600529,0.));
#5177 = DIRECTION('',(0.,0.,1.));
#5178 = DIRECTION('',(-5.85748498341E-02,0.998283019472,0.));
#5179 = ADVANCED_FACE('',(#5180),#5199,.F.);
#5180 = FACE_BOUND('',#5181,.F.);
#5181 = EDGE_LOOP('',(#5182,#5183,#5192,#5198));
#5182 = ORIENTED_EDGE('',*,*,#5168,.T.);
#5183 = ORIENTED_EDGE('',*,*,#5184,.T.);
#5184 = EDGE_CURVE('',#5160,#5185,#5187,.T.);
#5185 = VERTEX_POINT('',#5186);
#5186 = CARTESIAN_POINT('',(26.195601658555,-22.53686321112,-6.2));
#5187 = CIRCLE('',#5188,4.000105759091);
#5188 = AXIS2_PLACEMENT_3D('',#5189,#5190,#5191);
#5189 = CARTESIAN_POINT('',(30.195639233977,-22.5135077167,-6.2));
#5190 = DIRECTION('',(0.,0.,1.));
#5191 = DIRECTION('',(-0.999999999997,-2.4541814577E-06,0.));
#5192 = ORIENTED_EDGE('',*,*,#5193,.F.);
#5193 = EDGE_CURVE('',#2084,#5185,#5194,.T.);
#5194 = LINE('',#5195,#5196);
#5195 = CARTESIAN_POINT('',(26.195601658555,-22.53686321112,0.));
#5196 = VECTOR('',#5197,1.);
#5197 = DIRECTION('',(-0.,-0.,-1.));
#5198 = ORIENTED_EDGE('',*,*,#2091,.F.);
#5199 = CYLINDRICAL_SURFACE('',#5200,4.000105759091);
#5200 = AXIS2_PLACEMENT_3D('',#5201,#5202,#5203);
#5201 = CARTESIAN_POINT('',(30.195639233977,-22.5135077167,0.));
#5202 = DIRECTION('',(0.,0.,1.));
#5203 = DIRECTION('',(-0.999999999997,-2.4541814577E-06,0.));
#5204 = ADVANCED_FACE('',(#5205),#5223,.F.);
#5205 = FACE_BOUND('',#5206,.F.);
#5206 = EDGE_LOOP('',(#5207,#5208,#5216,#5222));
#5207 = ORIENTED_EDGE('',*,*,#5193,.T.);
#5208 = ORIENTED_EDGE('',*,*,#5209,.T.);
#5209 = EDGE_CURVE('',#5185,#5210,#5212,.T.);
#5210 = VERTEX_POINT('',#5211);
#5211 = CARTESIAN_POINT('',(26.1819935888,-110.5808490734,-6.2));
#5212 = LINE('',#5213,#5214);
#5213 = CARTESIAN_POINT('',(26.195601658555,-22.53686321112,-6.2));
#5214 = VECTOR('',#5215,1.);
#5215 = DIRECTION('',(-1.54559899339E-04,-0.999999988056,0.));
#5216 = ORIENTED_EDGE('',*,*,#5217,.F.);
#5217 = EDGE_CURVE('',#2075,#5210,#5218,.T.);
#5218 = LINE('',#5219,#5220);
#5219 = CARTESIAN_POINT('',(26.1819935888,-110.5808490734,0.));
#5220 = VECTOR('',#5221,1.);
#5221 = DIRECTION('',(-0.,-0.,-1.));
#5222 = ORIENTED_EDGE('',*,*,#2083,.F.);
#5223 = PLANE('',#5224);
#5224 = AXIS2_PLACEMENT_3D('',#5225,#5226,#5227);
#5225 = CARTESIAN_POINT('',(26.195601658555,-22.53686321112,0.));
#5226 = DIRECTION('',(-0.999999988056,1.54559899339E-04,0.));
#5227 = DIRECTION('',(-1.54559899339E-04,-0.999999988056,0.));
#5228 = ADVANCED_FACE('',(#5229),#5248,.F.);
#5229 = FACE_BOUND('',#5230,.F.);
#5230 = EDGE_LOOP('',(#5231,#5232,#5241,#5247));
#5231 = ORIENTED_EDGE('',*,*,#5217,.T.);
#5232 = ORIENTED_EDGE('',*,*,#5233,.T.);
#5233 = EDGE_CURVE('',#5210,#5234,#5236,.T.);
#5234 = VERTEX_POINT('',#5235);
#5235 = CARTESIAN_POINT('',(30.195630093986,-114.5743819767,-6.2));
#5236 = CIRCLE('',#5237,4.0000398118);
#5237 = AXIS2_PLACEMENT_3D('',#5238,#5239,#5240);
#5238 = CARTESIAN_POINT('',(30.18202814572,-110.5743652914,-6.2));
#5239 = DIRECTION('',(0.,0.,1.));
#5240 = DIRECTION('',(-3.23617539844E-06,-0.999999999995,0.));
#5241 = ORIENTED_EDGE('',*,*,#5242,.F.);
#5242 = EDGE_CURVE('',#2067,#5234,#5243,.T.);
#5243 = LINE('',#5244,#5245);
#5244 = CARTESIAN_POINT('',(30.195630093986,-114.5743819767,0.));
#5245 = VECTOR('',#5246,1.);
#5246 = DIRECTION('',(-0.,-0.,-1.));
#5247 = ORIENTED_EDGE('',*,*,#2074,.F.);
#5248 = CYLINDRICAL_SURFACE('',#5249,4.0000398118);
#5249 = AXIS2_PLACEMENT_3D('',#5250,#5251,#5252);
#5250 = CARTESIAN_POINT('',(30.18202814572,-110.5743652914,0.));
#5251 = DIRECTION('',(0.,0.,1.));
#5252 = DIRECTION('',(-3.23617539844E-06,-0.999999999995,0.));
#5253 = ADVANCED_FACE('',(#5254),#5272,.T.);
#5254 = FACE_BOUND('',#5255,.T.);
#5255 = EDGE_LOOP('',(#5256,#5264,#5270,#5271));
#5256 = ORIENTED_EDGE('',*,*,#5257,.T.);
#5257 = EDGE_CURVE('',#2058,#5258,#5260,.T.);
#5258 = VERTEX_POINT('',#5259);
#5259 = CARTESIAN_POINT('',(100.1423029936,-114.8129907684,-6.2));
#5260 = LINE('',#5261,#5262);
#5261 = CARTESIAN_POINT('',(100.1423029936,-114.8129907684,0.));
#5262 = VECTOR('',#5263,1.);
#5263 = DIRECTION('',(-0.,-0.,-1.));
#5264 = ORIENTED_EDGE('',*,*,#5265,.T.);
#5265 = EDGE_CURVE('',#5258,#5234,#5266,.T.);
#5266 = LINE('',#5267,#5268);
#5267 = CARTESIAN_POINT('',(100.1423029936,-114.8129907684,-6.2));
#5268 = VECTOR('',#5269,1.);
#5269 = DIRECTION('',(-0.999994181581,3.411275954328E-03,0.));
#5270 = ORIENTED_EDGE('',*,*,#5242,.F.);
#5271 = ORIENTED_EDGE('',*,*,#2066,.F.);
#5272 = PLANE('',#5273);
#5273 = AXIS2_PLACEMENT_3D('',#5274,#5275,#5276);
#5274 = CARTESIAN_POINT('',(100.1423029936,-114.8129907684,0.));
#5275 = DIRECTION('',(3.411275954328E-03,0.999994181581,0.));
#5276 = DIRECTION('',(-0.999994181581,3.411275954328E-03,0.));
#5277 = ADVANCED_FACE('',(#5278),#5297,.T.);
#5278 = FACE_BOUND('',#5279,.T.);
#5279 = EDGE_LOOP('',(#5280,#5288,#5295,#5296));
#5280 = ORIENTED_EDGE('',*,*,#5281,.T.);
#5281 = EDGE_CURVE('',#2049,#5282,#5284,.T.);
#5282 = VERTEX_POINT('',#5283);
#5283 = CARTESIAN_POINT('',(153.93612552217,-121.2687148454,-6.2));
#5284 = LINE('',#5285,#5286);
#5285 = CARTESIAN_POINT('',(153.93612552217,-121.2687148454,0.));
#5286 = VECTOR('',#5287,1.);
#5287 = DIRECTION('',(-0.,-0.,-1.));
#5288 = ORIENTED_EDGE('',*,*,#5289,.T.);
#5289 = EDGE_CURVE('',#5282,#5258,#5290,.T.);
#5290 = CIRCLE('',#5291,221.08349407996);
#5291 = AXIS2_PLACEMENT_3D('',#5292,#5293,#5294);
#5292 = CARTESIAN_POINT('',(100.89480742067,-335.8952041907,-6.2));
#5293 = DIRECTION('',(0.,0.,1.));
#5294 = DIRECTION('',(-3.78699093694E-03,0.999992829324,0.));
#5295 = ORIENTED_EDGE('',*,*,#5257,.F.);
#5296 = ORIENTED_EDGE('',*,*,#2057,.F.);
#5297 = CYLINDRICAL_SURFACE('',#5298,221.08349407996);
#5298 = AXIS2_PLACEMENT_3D('',#5299,#5300,#5301);
#5299 = CARTESIAN_POINT('',(100.89480742067,-335.8952041907,0.));
#5300 = DIRECTION('',(0.,0.,1.));
#5301 = DIRECTION('',(-3.78699093694E-03,0.999992829324,0.));
#5302 = ADVANCED_FACE('',(#5303),#5322,.F.);
#5303 = FACE_BOUND('',#5304,.F.);
#5304 = EDGE_LOOP('',(#5305,#5306,#5315,#5321));
#5305 = ORIENTED_EDGE('',*,*,#5281,.T.);
#5306 = ORIENTED_EDGE('',*,*,#5307,.T.);
#5307 = EDGE_CURVE('',#5282,#5308,#5310,.T.);
#5308 = VERTEX_POINT('',#5309);
#5309 = CARTESIAN_POINT('',(186.13982601426,-121.3914312415,-6.2));
#5310 = CIRCLE('',#5311,77.864374508734);
#5311 = AXIS2_PLACEMENT_3D('',#5312,#5313,#5314);
#5312 = CARTESIAN_POINT('',(170.3282723536,-45.14934582621,-6.2));
#5313 = DIRECTION('',(-0.,0.,1.));
#5314 = DIRECTION('',(0.205705667743,-0.978613906635,0.));
#5315 = ORIENTED_EDGE('',*,*,#5316,.F.);
#5316 = EDGE_CURVE('',#2040,#5308,#5317,.T.);
#5317 = LINE('',#5318,#5319);
#5318 = CARTESIAN_POINT('',(186.13982601426,-121.3914312415,0.));
#5319 = VECTOR('',#5320,1.);
#5320 = DIRECTION('',(-0.,-0.,-1.));
#5321 = ORIENTED_EDGE('',*,*,#2048,.F.);
#5322 = CYLINDRICAL_SURFACE('',#5323,77.864374508734);
#5323 = AXIS2_PLACEMENT_3D('',#5324,#5325,#5326);
#5324 = CARTESIAN_POINT('',(170.3282723536,-45.14934582621,0.));
#5325 = DIRECTION('',(0.,0.,1.));
#5326 = DIRECTION('',(0.205705667743,-0.978613906635,0.));
#5327 = ADVANCED_FACE('',(#5328),#5347,.T.);
#5328 = FACE_BOUND('',#5329,.T.);
#5329 = EDGE_LOOP('',(#5330,#5338,#5345,#5346));
#5330 = ORIENTED_EDGE('',*,*,#5331,.T.);
#5331 = EDGE_CURVE('',#2032,#5332,#5334,.T.);
#5332 = VERTEX_POINT('',#5333);
#5333 = CARTESIAN_POINT('',(239.63287744721,-115.0458938264,-6.2));
#5334 = LINE('',#5335,#5336);
#5335 = CARTESIAN_POINT('',(239.63287744721,-115.0458938264,0.));
#5336 = VECTOR('',#5337,1.);
#5337 = DIRECTION('',(-0.,-0.,-1.));
#5338 = ORIENTED_EDGE('',*,*,#5339,.T.);
#5339 = EDGE_CURVE('',#5332,#5308,#5340,.T.);
#5340 = CIRCLE('',#5341,220.8692263825);
#5341 = AXIS2_PLACEMENT_3D('',#5342,#5343,#5344);
#5342 = CARTESIAN_POINT('',(238.71005681211,-335.9131923676,-6.2));
#5343 = DIRECTION('',(0.,0.,1.));
#5344 = DIRECTION('',(-0.239443070739,0.970910405689,0.));
#5345 = ORIENTED_EDGE('',*,*,#5316,.F.);
#5346 = ORIENTED_EDGE('',*,*,#2039,.F.);
#5347 = CYLINDRICAL_SURFACE('',#5348,220.8692263825);
#5348 = AXIS2_PLACEMENT_3D('',#5349,#5350,#5351);
#5349 = CARTESIAN_POINT('',(238.71005681211,-335.9131923676,0.));
#5350 = DIRECTION('',(0.,0.,1.));
#5351 = DIRECTION('',(-0.239443070739,0.970910405689,0.));
#5352 = ADVANCED_FACE('',(#5353),#5364,.F.);
#5353 = FACE_BOUND('',#5354,.F.);
#5354 = EDGE_LOOP('',(#5355,#5356,#5362,#5363));
#5355 = ORIENTED_EDGE('',*,*,#5331,.T.);
#5356 = ORIENTED_EDGE('',*,*,#5357,.T.);
#5357 = EDGE_CURVE('',#5332,#4926,#5358,.T.);
#5358 = LINE('',#5359,#5360);
#5359 = CARTESIAN_POINT('',(239.63287744721,-115.0458938264,-6.2));
#5360 = VECTOR('',#5361,1.);
#5361 = DIRECTION('',(0.999961986606,8.719251253916E-03,0.));
#5362 = ORIENTED_EDGE('',*,*,#4925,.F.);
#5363 = ORIENTED_EDGE('',*,*,#2031,.F.);
#5364 = PLANE('',#5365);
#5365 = AXIS2_PLACEMENT_3D('',#5366,#5367,#5368);
#5366 = CARTESIAN_POINT('',(239.63287744721,-115.0458938264,0.));
#5367 = DIRECTION('',(8.719251253916E-03,-0.999961986606,0.));
#5368 = DIRECTION('',(0.999961986606,8.719251253916E-03,0.));
#5369 = ADVANCED_FACE('',(#5370),#5381,.F.);
#5370 = FACE_BOUND('',#5371,.F.);
#5371 = EDGE_LOOP('',(#5372,#5373,#5374,#5380));
#5372 = ORIENTED_EDGE('',*,*,#2167,.F.);
#5373 = ORIENTED_EDGE('',*,*,#4695,.F.);
#5374 = ORIENTED_EDGE('',*,*,#5375,.T.);
#5375 = EDGE_CURVE('',#4685,#2545,#5376,.T.);
#5376 = LINE('',#5377,#5378);
#5377 = CARTESIAN_POINT('',(239.81665236529,-116.5693004282,0.));
#5378 = VECTOR('',#5379,1.);
#5379 = DIRECTION('',(-0.,-0.,-1.));
#5380 = ORIENTED_EDGE('',*,*,#2552,.F.);
#5381 = CYLINDRICAL_SURFACE('',#5382,219.09143013398);
#5382 = AXIS2_PLACEMENT_3D('',#5383,#5384,#5385);
#5383 = CARTESIAN_POINT('',(239.00494884425,-335.6592269323,0.));
#5384 = DIRECTION('',(0.,0.,1.));
#5385 = DIRECTION('',(-0.239443070739,0.970910405689,0.));
#5386 = ADVANCED_FACE('',(#5387),#5393,.T.);
#5387 = FACE_BOUND('',#5388,.F.);
#5388 = EDGE_LOOP('',(#5389,#5390,#5391,#5392));
#5389 = ORIENTED_EDGE('',*,*,#2457,.F.);
#5390 = ORIENTED_EDGE('',*,*,#2198,.T.);
#5391 = ORIENTED_EDGE('',*,*,#2493,.T.);
#5392 = ORIENTED_EDGE('',*,*,#2440,.F.);
#5393 = TOROIDAL_SURFACE('',#5394,78.692860786056,1.);
#5394 = AXIS2_PLACEMENT_3D('',#5395,#5396,#5397);
#5395 = CARTESIAN_POINT('',(170.02606768492,-44.98322980687,-7.2));
#5396 = DIRECTION('',(-1.08446464699E-20,-1.429685485632E-17,-1.));
#5397 = DIRECTION('',(-0.207770640657,-0.978177571242,1.39871159589E-17)
  );
#5398 = ADVANCED_FACE('',(#5399),#5410,.T.);
#5399 = FACE_BOUND('',#5400,.T.);
#5400 = EDGE_LOOP('',(#5401,#5402,#5403,#5409));
#5401 = ORIENTED_EDGE('',*,*,#2383,.F.);
#5402 = ORIENTED_EDGE('',*,*,#4764,.T.);
#5403 = ORIENTED_EDGE('',*,*,#5404,.T.);
#5404 = EDGE_CURVE('',#4756,#3792,#5405,.T.);
#5405 = LINE('',#5406,#5407);
#5406 = CARTESIAN_POINT('',(105.84402876536,-21.20782909136,0.));
#5407 = VECTOR('',#5408,1.);
#5408 = DIRECTION('',(-0.,-0.,-1.));
#5409 = ORIENTED_EDGE('',*,*,#3801,.T.);
#5410 = CYLINDRICAL_SURFACE('',#5411,317.12428686613);
#5411 = AXIS2_PLACEMENT_3D('',#5412,#5413,#5414);
#5412 = CARTESIAN_POINT('',(48.595621362002,-333.1219729997,0.));
#5413 = DIRECTION('',(0.,0.,1.));
#5414 = DIRECTION('',(-5.85748498341E-02,0.998283019472,0.));
#5415 = ADVANCED_FACE('',(#5416),#5427,.T.);
#5416 = FACE_BOUND('',#5417,.T.);
#5417 = EDGE_LOOP('',(#5418,#5424,#5425,#5426));
#5418 = ORIENTED_EDGE('',*,*,#5419,.F.);
#5419 = EDGE_CURVE('',#4729,#2746,#5420,.T.);
#5420 = LINE('',#5421,#5422);
#5421 = CARTESIAN_POINT('',(314.67762728284,-116.5743747598,0.));
#5422 = VECTOR('',#5423,1.);
#5423 = DIRECTION('',(-0.,-0.,-1.));
#5424 = ORIENTED_EDGE('',*,*,#4737,.T.);
#5425 = ORIENTED_EDGE('',*,*,#5375,.T.);
#5426 = ORIENTED_EDGE('',*,*,#2753,.T.);
#5427 = PLANE('',#5428);
#5428 = AXIS2_PLACEMENT_3D('',#5429,#5430,#5431);
#5429 = CARTESIAN_POINT('',(239.81665236529,-116.5693004282,0.));
#5430 = DIRECTION('',(-6.778340233489E-05,-0.999999997703,0.));
#5431 = DIRECTION('',(0.999999997703,-6.778340233489E-05,0.));
#5432 = ADVANCED_FACE('',(#5433),#5444,.T.);
#5433 = FACE_BOUND('',#5434,.T.);
#5434 = EDGE_LOOP('',(#5435,#5441,#5442,#5443));
#5435 = ORIENTED_EDGE('',*,*,#5436,.F.);
#5436 = EDGE_CURVE('',#4780,#2815,#5437,.T.);
#5437 = LINE('',#5438,#5439);
#5438 = CARTESIAN_POINT('',(320.67657287563,-110.5745502999,0.));
#5439 = VECTOR('',#5440,1.);
#5440 = DIRECTION('',(-0.,-0.,-1.));
#5441 = ORIENTED_EDGE('',*,*,#4790,.T.);
#5442 = ORIENTED_EDGE('',*,*,#5419,.T.);
#5443 = ORIENTED_EDGE('',*,*,#2822,.T.);
#5444 = CYLINDRICAL_SURFACE('',#5445,6.000175196123);
#5445 = AXIS2_PLACEMENT_3D('',#5446,#5447,#5448);
#5446 = CARTESIAN_POINT('',(314.67639768975,-110.5741996897,0.));
#5447 = DIRECTION('',(0.,0.,1.));
#5448 = DIRECTION('',(0.999999998293,-5.843333300133E-05,0.));
#5449 = ADVANCED_FACE('',(#5450),#5461,.T.);
#5450 = FACE_BOUND('',#5451,.T.);
#5451 = EDGE_LOOP('',(#5452,#5458,#5459,#5460));
#5452 = ORIENTED_EDGE('',*,*,#5453,.F.);
#5453 = EDGE_CURVE('',#4832,#2944,#5454,.T.);
#5454 = LINE('',#5455,#5456);
#5455 = CARTESIAN_POINT('',(320.70825804649,-22.5289227844,0.));
#5456 = VECTOR('',#5457,1.);
#5457 = DIRECTION('',(-0.,-0.,-1.));
#5458 = ORIENTED_EDGE('',*,*,#4840,.T.);
#5459 = ORIENTED_EDGE('',*,*,#5436,.T.);
#5460 = ORIENTED_EDGE('',*,*,#2951,.T.);
#5461 = PLANE('',#5462);
#5462 = AXIS2_PLACEMENT_3D('',#5463,#5464,#5465);
#5463 = CARTESIAN_POINT('',(320.67657287563,-110.5745502999,0.));
#5464 = DIRECTION('',(0.999999935246,-3.598721447313E-04,0.));
#5465 = DIRECTION('',(3.598721447313E-04,0.999999935246,0.));
#5466 = ADVANCED_FACE('',(#5467),#5478,.T.);
#5467 = FACE_BOUND('',#5468,.T.);
#5468 = EDGE_LOOP('',(#5469,#5475,#5476,#5477));
#5469 = ORIENTED_EDGE('',*,*,#5470,.F.);
#5470 = EDGE_CURVE('',#4882,#3561,#5471,.T.);
#5471 = LINE('',#5472,#5473);
#5472 = CARTESIAN_POINT('',(314.77961709105,-16.52620499703,0.));
#5473 = VECTOR('',#5474,1.);
#5474 = DIRECTION('',(-0.,-0.,-1.));
#5475 = ORIENTED_EDGE('',*,*,#4892,.T.);
#5476 = ORIENTED_EDGE('',*,*,#5453,.T.);
#5477 = ORIENTED_EDGE('',*,*,#3568,.T.);
#5478 = CYLINDRICAL_SURFACE('',#5479,6.000994387119);
#5479 = AXIS2_PLACEMENT_3D('',#5480,#5481,#5482);
#5480 = CARTESIAN_POINT('',(314.70726404796,-22.52676319368,0.));
#5481 = DIRECTION('',(0.,0.,1.));
#5482 = DIRECTION('',(-2.976772267294E-05,0.999999999557,0.));
#5483 = ADVANCED_FACE('',(#5484),#5495,.T.);
#5484 = FACE_BOUND('',#5485,.T.);
#5485 = EDGE_LOOP('',(#5486,#5492,#5493,#5494));
#5486 = ORIENTED_EDGE('',*,*,#5487,.F.);
#5487 = EDGE_CURVE('',#4858,#3959,#5488,.T.);
#5488 = LINE('',#5489,#5490);
#5489 = CARTESIAN_POINT('',(245.26490527611,-20.11626557397,0.));
#5490 = VECTOR('',#5491,1.);
#5491 = DIRECTION('',(-0.,-0.,-1.));
#5492 = ORIENTED_EDGE('',*,*,#4910,.T.);
#5493 = ORIENTED_EDGE('',*,*,#5470,.T.);
#5494 = ORIENTED_EDGE('',*,*,#3966,.T.);
#5495 = CYLINDRICAL_SURFACE('',#5496,317.12966029345);
#5496 = AXIS2_PLACEMENT_3D('',#5497,#5498,#5499);
#5497 = CARTESIAN_POINT('',(296.27970575072,-333.1158048234,0.));
#5498 = DIRECTION('',(0.,0.,1.));
#5499 = DIRECTION('',(-0.161153330526,0.986929381496,0.));
#5500 = ADVANCED_FACE('',(#5501,#5512,#5601,#5652),#5703,.F.);
#5501 = FACE_BOUND('',#5502,.F.);
#5502 = EDGE_LOOP('',(#5503,#5504,#5505,#5511));
#5503 = ORIENTED_EDGE('',*,*,#5404,.T.);
#5504 = ORIENTED_EDGE('',*,*,#4099,.F.);
#5505 = ORIENTED_EDGE('',*,*,#5506,.F.);
#5506 = EDGE_CURVE('',#4808,#4090,#5507,.T.);
#5507 = LINE('',#5508,#5509);
#5508 = CARTESIAN_POINT('',(234.20169757748,-21.21214511717,0.));
#5509 = VECTOR('',#5510,1.);
#5510 = DIRECTION('',(-0.,-0.,-1.));
#5511 = ORIENTED_EDGE('',*,*,#4816,.F.);
#5512 = FACE_BOUND('',#5513,.F.);
#5513 = EDGE_LOOP('',(#5514,#5535,#5544,#5575,#5584));
#5514 = ORIENTED_EDGE('',*,*,#5515,.F.);
#5515 = EDGE_CURVE('',#5516,#5518,#5520,.T.);
#5516 = VERTEX_POINT('',#5517);
#5517 = CARTESIAN_POINT('',(173.0014713211,-25.5054420602,
    -10.46077749485));
#5518 = VERTEX_POINT('',#5519);
#5519 = CARTESIAN_POINT('',(175.0014713211,-25.48895080911,
    -8.460777494851));
#5520 = B_SPLINE_CURVE_WITH_KNOTS('',7,(#5521,#5522,#5523,#5524,#5525,
    #5526,#5527,#5528,#5529,#5530,#5531,#5532,#5533,#5534),
  .UNSPECIFIED.,.F.,.F.,(8,6,8),(0.,0.451111638419,1.),.UNSPECIFIED.);
#5521 = CARTESIAN_POINT('',(173.0014713211,-25.5054420602,
    -10.46077749485));
#5522 = CARTESIAN_POINT('',(173.24399104301,-25.50394701009,
    -10.46077749485));
#5523 = CARTESIAN_POINT('',(173.48161079371,-25.5023394601,
    -10.42646810322));
#5524 = CARTESIAN_POINT('',(173.7082026034,-25.50066711751,
    -10.36034533078));
#5525 = CARTESIAN_POINT('',(173.91839751271,-25.49899586096,
    -10.26632330661));
#5526 = CARTESIAN_POINT('',(174.10792706156,-25.49739707767,
    -10.14962686751));
#5527 = CARTESIAN_POINT('',(174.27399580895,-25.49593341859,
    -10.01668013175));
#5528 = CARTESIAN_POINT('',(174.58808452327,-25.4930728252,
    -9.702591417427));
#5529 = CARTESIAN_POINT('',(174.72879834451,-25.49171909648,
    -9.512840870579));
#5530 = CARTESIAN_POINT('',(174.83913725892,-25.49061761407,
    -9.311756470506));
#5531 = CARTESIAN_POINT('',(174.92061691939,-25.48978577498,
    -9.103410642943));
#5532 = CARTESIAN_POINT('',(174.97448933599,-25.48922944092,
    -8.890706818599));
#5533 = CARTESIAN_POINT('',(175.0014713211,-25.48895080911,
    -8.675850206796));
#5534 = CARTESIAN_POINT('',(175.0014713211,-25.48895080911,
    -8.460777494851));
#5535 = ORIENTED_EDGE('',*,*,#5536,.F.);
#5536 = EDGE_CURVE('',#5537,#5516,#5539,.T.);
#5537 = VERTEX_POINT('',#5538);
#5538 = CARTESIAN_POINT('',(167.0014713211,-25.50497503641,
    -10.46077749485));
#5539 = CIRCLE('',#5540,480.58651678114);
#5540 = AXIS2_PLACEMENT_3D('',#5541,#5542,#5543);
#5541 = CARTESIAN_POINT('',(170.03887814835,455.07194312715,
    -10.46077749485));
#5542 = DIRECTION('',(-0.,0.,1.));
#5543 = DIRECTION('',(0.133506953229,-0.991047876462,0.));
#5544 = ORIENTED_EDGE('',*,*,#5545,.F.);
#5545 = EDGE_CURVE('',#5546,#5537,#5548,.T.);
#5546 = VERTEX_POINT('',#5547);
#5547 = CARTESIAN_POINT('',(167.0014713211,-25.50497503641,
    -6.460777494851));
#5548 = B_SPLINE_CURVE_WITH_KNOTS('',7,(#5549,#5550,#5551,#5552,#5553,
    #5554,#5555,#5556,#5557,#5558,#5559,#5560,#5561,#5562,#5563,#5564,
    #5565,#5566,#5567,#5568,#5569,#5570,#5571,#5572,#5573,#5574),
  .UNSPECIFIED.,.F.,.F.,(8,6,6,6,8),(0.,0.255722063984,0.499999998538,
    0.744277933091,1.),.UNSPECIFIED.);
#5549 = CARTESIAN_POINT('',(167.0014713211,-25.50497503641,
    -6.460777494851));
#5550 = CARTESIAN_POINT('',(166.7251620812,-25.50322866962,
    -6.460777494851));
#5551 = CARTESIAN_POINT('',(166.45664220458,-25.50134618423,
    -6.505312657979));
#5552 = CARTESIAN_POINT('',(166.20416031544,-25.4993985247,
    -6.589866610536));
#5553 = CARTESIAN_POINT('',(165.97445702726,-25.49747948822,
    -6.708369256922));
#5554 = CARTESIAN_POINT('',(165.77253917167,-25.49568962605,
    -6.853288865261));
#5555 = CARTESIAN_POINT('',(165.60119150349,-25.49410525797,
    -7.015796019799));
#5556 = CARTESIAN_POINT('',(165.32599689311,-25.49148342546,
    -7.348449159708));
#5557 = CARTESIAN_POINT('',(165.21599467187,-25.49039152441,
    -7.522132033861));
#5558 = CARTESIAN_POINT('',(165.12941271065,-25.4895075973,
    -7.703371463855));
#5559 = CARTESIAN_POINT('',(165.06525411797,-25.48884100618,
    -7.889610465346));
#5560 = CARTESIAN_POINT('',(165.02274754697,-25.48839543376,
    -8.078933953263));
#5561 = CARTESIAN_POINT('',(165.0014713211,-25.48817240917,
    -8.269795592835));
#5562 = CARTESIAN_POINT('',(165.0014713211,-25.48817240917,
    -8.651759396867));
#5563 = CARTESIAN_POINT('',(165.02274754697,-25.48839543376,
    -8.842621036438));
#5564 = CARTESIAN_POINT('',(165.06525411797,-25.48884100618,
    -9.031944524356));
#5565 = CARTESIAN_POINT('',(165.12941271065,-25.4895075973,
    -9.218183525846));
#5566 = CARTESIAN_POINT('',(165.21599467187,-25.49039152441,
    -9.39942295584));
#5567 = CARTESIAN_POINT('',(165.32599689311,-25.49148342546,
    -9.573105829994));
#5568 = CARTESIAN_POINT('',(165.6011915051,-25.49410525798,
    -9.905758971848));
#5569 = CARTESIAN_POINT('',(165.77253916825,-25.49568962601,
    -10.06826611901));
#5570 = CARTESIAN_POINT('',(165.97445702747,-25.49747948824,
    -10.21318573905));
#5571 = CARTESIAN_POINT('',(166.20416032201,-25.49939852473,
    -10.33168837581));
#5572 = CARTESIAN_POINT('',(166.45664219673,-25.50134618418,
    -10.41624233238));
#5573 = CARTESIAN_POINT('',(166.72516208439,-25.50322866964,
    -10.46077749485));
#5574 = CARTESIAN_POINT('',(167.0014713211,-25.50497503641,
    -10.46077749485));
#5575 = ORIENTED_EDGE('',*,*,#5576,.T.);
#5576 = EDGE_CURVE('',#5546,#5577,#5579,.T.);
#5577 = VERTEX_POINT('',#5578);
#5578 = CARTESIAN_POINT('',(173.0014713211,-25.5054420602,
    -6.460777494851));
#5579 = CIRCLE('',#5580,480.58651678114);
#5580 = AXIS2_PLACEMENT_3D('',#5581,#5582,#5583);
#5581 = CARTESIAN_POINT('',(170.03887814835,455.07194312715,
    -6.460777494851));
#5582 = DIRECTION('',(-0.,0.,1.));
#5583 = DIRECTION('',(0.133506953229,-0.991047876462,0.));
#5584 = ORIENTED_EDGE('',*,*,#5585,.F.);
#5585 = EDGE_CURVE('',#5518,#5577,#5586,.T.);
#5586 = B_SPLINE_CURVE_WITH_KNOTS('',7,(#5587,#5588,#5589,#5590,#5591,
    #5592,#5593,#5594,#5595,#5596,#5597,#5598,#5599,#5600),
  .UNSPECIFIED.,.F.,.F.,(8,6,8),(0.,0.488556165065,1.),.UNSPECIFIED.);
#5587 = CARTESIAN_POINT('',(175.0014713211,-25.48895080911,
    -8.460777494851));
#5588 = CARTESIAN_POINT('',(175.0014713211,-25.48895080911,
    -8.269795627305));
#5589 = CARTESIAN_POINT('',(174.98019510284,-25.48917052099,
    -8.078934045355));
#5590 = CARTESIAN_POINT('',(174.93768855669,-25.48960947502,
    -7.889610575059));
#5591 = CARTESIAN_POINT('',(174.87352997398,-25.49026607677,
    -7.703371590644));
#5592 = CARTESIAN_POINT('',(174.78694804511,-25.49113652316,
    -7.522132156916));
#5593 = CARTESIAN_POINT('',(174.67694580233,-25.49221129774,
    -7.348449224061));
#5594 = CARTESIAN_POINT('',(174.40175124888,-25.494790284,
    -7.015796152973));
#5595 = CARTESIAN_POINT('',(174.23040367252,-25.49634797397,
    -6.853289039813));
#5596 = CARTESIAN_POINT('',(174.02848585918,-25.49810639943,
    -6.708369394003));
#5597 = CARTESIAN_POINT('',(173.79878256281,-25.49998967419,
    -6.589866704228));
#5598 = CARTESIAN_POINT('',(173.54630064128,-25.50189802651,
    -6.505312693083));
#5599 = CARTESIAN_POINT('',(173.27778066877,-25.50373870875,
    -6.460777494851));
#5600 = CARTESIAN_POINT('',(173.0014713211,-25.5054420602,
    -6.460777494851));
#5601 = FACE_BOUND('',#5602,.F.);
#5602 = EDGE_LOOP('',(#5603));
#5603 = ORIENTED_EDGE('',*,*,#5604,.F.);
#5604 = EDGE_CURVE('',#5605,#5605,#5607,.T.);
#5605 = VERTEX_POINT('',#5606);
#5606 = CARTESIAN_POINT('',(163.1014713211,-25.4644992977,
    -8.460777494851));
#5607 = B_SPLINE_CURVE_WITH_KNOTS('',7,(#5608,#5609,#5610,#5611,#5612,
    #5613,#5614,#5615,#5616,#5617,#5618,#5619,#5620,#5621,#5622,#5623,
    #5624,#5625,#5626,#5627,#5628,#5629,#5630,#5631,#5632,#5633,#5634,
    #5635,#5636,#5637,#5638,#5639,#5640,#5641,#5642,#5643,#5644,#5645,
    #5646,#5647,#5648,#5649,#5650,#5651),.UNSPECIFIED.,.T.,.F.,(8,6,6,6,
    6,6,6,8),(0.,0.150215789019,0.287136637277,0.424667598601,
    0.58749004472,0.714063307875,0.840798070424,1.),.UNSPECIFIED.);
#5608 = CARTESIAN_POINT('',(163.1014713211,-25.4644992977,
    -8.460777494851));
#5609 = CARTESIAN_POINT('',(163.1014713211,-25.4644992977,
    -8.328251379368));
#5610 = CARTESIAN_POINT('',(163.0828440009,-25.46423037728,
    -8.195594243458));
#5611 = CARTESIAN_POINT('',(163.04552102288,-25.46369156129,
    -8.064837955177));
#5612 = CARTESIAN_POINT('',(162.98916935254,-25.46287345249,
    -7.938198436553));
#5613 = CARTESIAN_POINT('',(162.91338515994,-25.46176111755,
    -7.81832328576));
#5614 = CARTESIAN_POINT('',(162.81783046844,-25.46033451369,
    -7.70850866538));
#5615 = CARTESIAN_POINT('',(162.59764015713,-25.45697287691,
    -7.526351398058));
#5616 = CARTESIAN_POINT('',(162.47405852184,-25.45505937765,
    -7.449675196559));
#5617 = CARTESIAN_POINT('',(162.33445519608,-25.45285751318,
    -7.390599440485));
#5618 = CARTESIAN_POINT('',(162.18374124272,-25.45042431216,
    -7.354225772085));
#5619 = CARTESIAN_POINT('',(162.02811681605,-25.44784627078,
    -7.343234354994));
#5620 = CARTESIAN_POINT('',(161.87420019901,-25.4452361207,
    -7.35777570638));
#5621 = CARTESIAN_POINT('',(161.58097283986,-25.44016446986,
    -7.433063695875));
#5622 = CARTESIAN_POINT('',(161.44545872995,-25.43776818349,
    -7.493058801833));
#5623 = CARTESIAN_POINT('',(161.32418891426,-25.43558050858,
    -7.571292866438));
#5624 = CARTESIAN_POINT('',(161.21893714824,-25.43365111297,
    -7.66398010126));
#5625 = CARTESIAN_POINT('',(161.13075058574,-25.43201538348,
    -7.767437307616));
#5626 = CARTESIAN_POINT('',(161.05996920722,-25.43069183163,
    -7.878073210447));
#5627 = CARTESIAN_POINT('',(160.94245887343,-25.42848281196,
    -8.127795381204));
#5628 = CARTESIAN_POINT('',(160.90102551677,-25.42769406976,
    -8.271604272188));
#5629 = CARTESIAN_POINT('',(160.88253427714,-25.4273391541,
    -8.419938223143));
#5630 = CARTESIAN_POINT('',(160.8870637405,-25.42742606355,
    -8.56921419994));
#5631 = CARTESIAN_POINT('',(160.9144308637,-25.42794999199,
    -8.716206009743));
#5632 = CARTESIAN_POINT('',(160.964514006,-25.42890116037,
    -8.857883709373));
#5633 = CARTESIAN_POINT('',(161.09429749507,-25.43133242046,
    -9.093958999609));
#5634 = CARTESIAN_POINT('',(161.16568482708,-25.43266190679,
    -9.193246916528));
#5635 = CARTESIAN_POINT('',(161.25190737176,-25.43425422325,
    -9.285623042992));
#5636 = CARTESIAN_POINT('',(161.35254115233,-25.43609118063,
    -9.368109382911));
#5637 = CARTESIAN_POINT('',(161.46659691081,-25.43814168886,
    -9.437720052713));
#5638 = CARTESIAN_POINT('',(161.59249033944,-25.44036367616,
    -9.491448485099));
#5639 = CARTESIAN_POINT('',(161.86350734095,-25.44505117738,
    -9.561033824004));
#5640 = CARTESIAN_POINT('',(162.00601625159,-25.44747134482,
    -9.576164155313));
#5641 = CARTESIAN_POINT('',(162.15057677113,-25.44987420217,
    -9.569365458882));
#5642 = CARTESIAN_POINT('',(162.29173380574,-25.45216594466,
    -9.540520210419));
#5643 = CARTESIAN_POINT('',(162.42427750352,-25.45427128563,
    -9.491550425814));
#5644 = CARTESIAN_POINT('',(162.54391170613,-25.45613766948,
    -9.426346261473));
#5645 = CARTESIAN_POINT('',(162.77883303177,-25.45975090444,
    -9.255665927654));
#5646 = CARTESIAN_POINT('',(162.8875850564,-25.46138202788,
    -9.14238636194));
#5647 = CARTESIAN_POINT('',(162.97384372161,-25.46265087751,
    -9.016599161019));
#5648 = CARTESIAN_POINT('',(163.03793580018,-25.46358206068,
    -8.882478283501));
#5649 = CARTESIAN_POINT('',(163.0803329385,-25.46419412421,
    -8.743348776848));
#5650 = CARTESIAN_POINT('',(163.1014713211,-25.4644992977,-8.60195422566
    ));
#5651 = CARTESIAN_POINT('',(163.1014713211,-25.4644992977,
    -8.460777494851));
#5652 = FACE_BOUND('',#5653,.F.);
#5653 = EDGE_LOOP('',(#5654));
#5654 = ORIENTED_EDGE('',*,*,#5655,.F.);
#5655 = EDGE_CURVE('',#5656,#5656,#5658,.T.);
#5656 = VERTEX_POINT('',#5657);
#5657 = CARTESIAN_POINT('',(179.1014713211,-25.42911776326,
    -8.460777494851));
#5658 = B_SPLINE_CURVE_WITH_KNOTS('',7,(#5659,#5660,#5661,#5662,#5663,
    #5664,#5665,#5666,#5667,#5668,#5669,#5670,#5671,#5672,#5673,#5674,
    #5675,#5676,#5677,#5678,#5679,#5680,#5681,#5682,#5683,#5684,#5685,
    #5686,#5687,#5688,#5689,#5690,#5691,#5692,#5693,#5694,#5695,#5696,
    #5697,#5698,#5699,#5700,#5701,#5702),.UNSPECIFIED.,.T.,.F.,(8,6,6,6,
    6,6,6,8),(0.,0.150218056626,0.287140816754,0.424668860935,
    0.587488961821,0.714059301744,0.840795608407,1.),.UNSPECIFIED.);
#5659 = CARTESIAN_POINT('',(179.1014713211,-25.42911776326,
    -8.460777494851));
#5660 = CARTESIAN_POINT('',(179.1014713211,-25.42911776326,
    -8.32824999276));
#5661 = CARTESIAN_POINT('',(179.08284361086,-25.42946909358,
    -8.195591539395));
#5662 = CARTESIAN_POINT('',(179.04551988875,-25.43017305388,
    -8.064834408578));
#5663 = CARTESIAN_POINT('',(178.98916742595,-25.43123132918,
    -7.938194810077));
#5664 = CARTESIAN_POINT('',(178.91338284759,-25.43264242173,
    -7.818320403032));
#5665 = CARTESIAN_POINT('',(178.81782865203,-25.43439753147,
    -7.70850716271));
#5666 = CARTESIAN_POINT('',(178.59764193167,-25.43836758639,
    -7.526352866088));
#5667 = CARTESIAN_POINT('',(178.47406276513,-25.44056898223,
    -7.449677842691));
#5668 = CARTESIAN_POINT('',(178.33446199321,-25.44301548797,
    -7.39060214651));
#5669 = CARTESIAN_POINT('',(178.18374972861,-25.44560062384,
    -7.354227320817));
#5670 = CARTESIAN_POINT('',(178.02812511964,-25.44820445617,
    -7.343234115764));
#5671 = CARTESIAN_POINT('',(177.87420574295,-25.45071935664,
    -7.357774282939));
#5672 = CARTESIAN_POINT('',(177.58097243982,-25.45541147653,
    -7.433063798589));
#5673 = CARTESIAN_POINT('',(177.44545773243,-25.45752745508,
    -7.493059195036));
#5674 = CARTESIAN_POINT('',(177.32418729823,-25.45937775325,
    -7.571293826955));
#5675 = CARTESIAN_POINT('',(177.21893519671,-25.46095297244,
    -7.663981821457));
#5676 = CARTESIAN_POINT('',(177.13074884742,-25.46225362647,
    -7.767439601642));
#5677 = CARTESIAN_POINT('',(177.05996826058,-25.46328690414,
    -7.878075222168));
#5678 = CARTESIAN_POINT('',(176.94245956053,-25.46499066078,
    -8.12779392106));
#5679 = CARTESIAN_POINT('',(176.90102574313,-25.46558155466,
    -8.271602588969));
#5680 = CARTESIAN_POINT('',(176.88253402328,-25.46584235937,
    -8.419937335757));
#5681 = CARTESIAN_POINT('',(176.88706349474,-25.46577844855,
    -8.569214417547));
#5682 = CARTESIAN_POINT('',(176.91443101699,-25.46539111251,
    -8.716206962008));
#5683 = CARTESIAN_POINT('',(176.96451449276,-25.46467463056,
    -8.857884594787));
#5684 = CARTESIAN_POINT('',(177.09429662331,-25.46278444688,
    -9.093957413882));
#5685 = CARTESIAN_POINT('',(177.16568336197,-25.46173692521,
    -9.193245188098));
#5686 = CARTESIAN_POINT('',(177.25190584445,-25.46045825394,
    -9.28562183103));
#5687 = CARTESIAN_POINT('',(177.35254001615,-25.45894436366,
    -9.368108787259));
#5688 = CARTESIAN_POINT('',(177.4665963462,-25.45719710913,
    -9.437719869264));
#5689 = CARTESIAN_POINT('',(177.59249021354,-25.45522717695,
    -9.491448452773));
#5690 = CARTESIAN_POINT('',(177.86351225078,-25.45089046663,
    -9.561035084635));
#5691 = CARTESIAN_POINT('',(178.00602373807,-25.44856543236,
    -9.576164523609));
#5692 = CARTESIAN_POINT('',(178.15058466523,-25.44615481057,
    -9.56936432905));
#5693 = CARTESIAN_POINT('',(178.29174044437,-25.44374642857,
    -9.540517983137));
#5694 = CARTESIAN_POINT('',(178.42428195281,-25.44143846029,
    -9.491548050929));
#5695 = CARTESIAN_POINT('',(178.54391376198,-25.43932138781,
    -9.426344767804));
#5696 = CARTESIAN_POINT('',(178.77883087836,-25.43511244137,
    -9.255667492198));
#5697 = CARTESIAN_POINT('',(178.88758227843,-25.43312241824,
    -9.142389507804));
#5698 = CARTESIAN_POINT('',(178.97384136916,-25.43151906722,
    -9.016603233508));
#5699 = CARTESIAN_POINT('',(179.0379343906,-25.43031612751,
    -8.882482357522));
#5700 = CARTESIAN_POINT('',(179.08033244349,-25.42951645462,
    -8.743351942832));
#5701 = CARTESIAN_POINT('',(179.1014713211,-25.42911776326,
    -8.60195587726));
#5702 = CARTESIAN_POINT('',(179.1014713211,-25.42911776326,
    -8.460777494851));
#5703 = CYLINDRICAL_SURFACE('',#5704,480.58651678114);
#5704 = AXIS2_PLACEMENT_3D('',#5705,#5706,#5707);
#5705 = CARTESIAN_POINT('',(170.03887814835,455.07194312715,0.));
#5706 = DIRECTION('',(0.,0.,1.));
#5707 = DIRECTION('',(0.133506953229,-0.991047876462,0.));
#5708 = ADVANCED_FACE('',(#5709),#5715,.T.);
#5709 = FACE_BOUND('',#5710,.T.);
#5710 = EDGE_LOOP('',(#5711,#5712,#5713,#5714));
#5711 = ORIENTED_EDGE('',*,*,#5506,.F.);
#5712 = ORIENTED_EDGE('',*,*,#4857,.T.);
#5713 = ORIENTED_EDGE('',*,*,#5487,.T.);
#5714 = ORIENTED_EDGE('',*,*,#4425,.T.);
#5715 = PLANE('',#5716);
#5716 = AXIS2_PLACEMENT_3D('',#5717,#5718,#5719);
#5717 = CARTESIAN_POINT('',(245.26490527611,-20.11626557397,0.));
#5718 = DIRECTION('',(-9.857379153646E-02,0.995129744115,0.));
#5719 = DIRECTION('',(-0.995129744115,-9.857379153646E-02,0.));
#5720 = ADVANCED_FACE('',(#5721,#5724),#5735,.F.);
#5721 = FACE_BOUND('',#5722,.F.);
#5722 = EDGE_LOOP('',(#5723));
#5723 = ORIENTED_EDGE('',*,*,#4493,.F.);
#5724 = FACE_BOUND('',#5725,.F.);
#5725 = EDGE_LOOP('',(#5726));
#5726 = ORIENTED_EDGE('',*,*,#5727,.F.);
#5727 = EDGE_CURVE('',#5728,#5728,#5730,.T.);
#5728 = VERTEX_POINT('',#5729);
#5729 = CARTESIAN_POINT('',(316.976573,-23.836875,-7.7));
#5730 = CIRCLE('',#5731,1.1);
#5731 = AXIS2_PLACEMENT_3D('',#5732,#5733,#5734);
#5732 = CARTESIAN_POINT('',(315.876573,-23.836875,-7.7));
#5733 = DIRECTION('',(0.,0.,1.));
#5734 = DIRECTION('',(1.,0.,0.));
#5735 = PLANE('',#5736);
#5736 = AXIS2_PLACEMENT_3D('',#5737,#5738,#5739);
#5737 = CARTESIAN_POINT('',(172.40382442364,-68.67724993484,-7.7));
#5738 = DIRECTION('',(0.,0.,1.));
#5739 = DIRECTION('',(1.,0.,0.));
#5740 = ADVANCED_FACE('',(#5741,#5744),#5755,.F.);
#5741 = FACE_BOUND('',#5742,.F.);
#5742 = EDGE_LOOP('',(#5743));
#5743 = ORIENTED_EDGE('',*,*,#4519,.F.);
#5744 = FACE_BOUND('',#5745,.F.);
#5745 = EDGE_LOOP('',(#5746));
#5746 = ORIENTED_EDGE('',*,*,#5747,.F.);
#5747 = EDGE_CURVE('',#5748,#5748,#5750,.T.);
#5748 = VERTEX_POINT('',#5749);
#5749 = CARTESIAN_POINT('',(316.976573,-68.936875,-7.7));
#5750 = CIRCLE('',#5751,1.1);
#5751 = AXIS2_PLACEMENT_3D('',#5752,#5753,#5754);
#5752 = CARTESIAN_POINT('',(315.876573,-68.936875,-7.7));
#5753 = DIRECTION('',(0.,0.,1.));
#5754 = DIRECTION('',(1.,0.,0.));
#5755 = PLANE('',#5756);
#5756 = AXIS2_PLACEMENT_3D('',#5757,#5758,#5759);
#5757 = CARTESIAN_POINT('',(172.40382442364,-68.67724993484,-7.7));
#5758 = DIRECTION('',(0.,0.,1.));
#5759 = DIRECTION('',(1.,0.,0.));
#5760 = ADVANCED_FACE('',(#5761,#5764),#5775,.F.);
#5761 = FACE_BOUND('',#5762,.F.);
#5762 = EDGE_LOOP('',(#5763));
#5763 = ORIENTED_EDGE('',*,*,#4545,.F.);
#5764 = FACE_BOUND('',#5765,.F.);
#5765 = EDGE_LOOP('',(#5766));
#5766 = ORIENTED_EDGE('',*,*,#5767,.F.);
#5767 = EDGE_CURVE('',#5768,#5768,#5770,.T.);
#5768 = VERTEX_POINT('',#5769);
#5769 = CARTESIAN_POINT('',(316.976573,-109.274375,-7.7));
#5770 = CIRCLE('',#5771,1.1);
#5771 = AXIS2_PLACEMENT_3D('',#5772,#5773,#5774);
#5772 = CARTESIAN_POINT('',(315.876573,-109.274375,-7.7));
#5773 = DIRECTION('',(0.,0.,1.));
#5774 = DIRECTION('',(1.,0.,0.));
#5775 = PLANE('',#5776);
#5776 = AXIS2_PLACEMENT_3D('',#5777,#5778,#5779);
#5777 = CARTESIAN_POINT('',(172.40382442364,-68.67724993484,-7.7));
#5778 = DIRECTION('',(0.,0.,1.));
#5779 = DIRECTION('',(1.,0.,0.));
#5780 = ADVANCED_FACE('',(#5781,#5784),#5795,.F.);
#5781 = FACE_BOUND('',#5782,.F.);
#5782 = EDGE_LOOP('',(#5783));
#5783 = ORIENTED_EDGE('',*,*,#4571,.F.);
#5784 = FACE_BOUND('',#5785,.F.);
#5785 = EDGE_LOOP('',(#5786));
#5786 = ORIENTED_EDGE('',*,*,#5787,.F.);
#5787 = EDGE_CURVE('',#5788,#5788,#5790,.T.);
#5788 = VERTEX_POINT('',#5789);
#5789 = CARTESIAN_POINT('',(30.09563,-23.836875,-7.7));
#5790 = CIRCLE('',#5791,1.1);
#5791 = AXIS2_PLACEMENT_3D('',#5792,#5793,#5794);
#5792 = CARTESIAN_POINT('',(28.99563,-23.836875,-7.7));
#5793 = DIRECTION('',(0.,0.,1.));
#5794 = DIRECTION('',(1.,0.,0.));
#5795 = PLANE('',#5796);
#5796 = AXIS2_PLACEMENT_3D('',#5797,#5798,#5799);
#5797 = CARTESIAN_POINT('',(172.40382442364,-68.67724993484,-7.7));
#5798 = DIRECTION('',(0.,0.,1.));
#5799 = DIRECTION('',(1.,0.,0.));
#5800 = ADVANCED_FACE('',(#5801,#5804),#5815,.F.);
#5801 = FACE_BOUND('',#5802,.F.);
#5802 = EDGE_LOOP('',(#5803));
#5803 = ORIENTED_EDGE('',*,*,#4597,.F.);
#5804 = FACE_BOUND('',#5805,.F.);
#5805 = EDGE_LOOP('',(#5806));
#5806 = ORIENTED_EDGE('',*,*,#5807,.F.);
#5807 = EDGE_CURVE('',#5808,#5808,#5810,.T.);
#5808 = VERTEX_POINT('',#5809);
#5809 = CARTESIAN_POINT('',(171.1,-120.,-7.7));
#5810 = CIRCLE('',#5811,1.1);
#5811 = AXIS2_PLACEMENT_3D('',#5812,#5813,#5814);
#5812 = CARTESIAN_POINT('',(170.,-120.,-7.7));
#5813 = DIRECTION('',(0.,0.,1.));
#5814 = DIRECTION('',(1.,0.,0.));
#5815 = PLANE('',#5816);
#5816 = AXIS2_PLACEMENT_3D('',#5817,#5818,#5819);
#5817 = CARTESIAN_POINT('',(172.40382442364,-68.67724993484,-7.7));
#5818 = DIRECTION('',(0.,0.,1.));
#5819 = DIRECTION('',(1.,0.,0.));
#5820 = ADVANCED_FACE('',(#5821,#5824),#5835,.F.);
#5821 = FACE_BOUND('',#5822,.F.);
#5822 = EDGE_LOOP('',(#5823));
#5823 = ORIENTED_EDGE('',*,*,#4623,.F.);
#5824 = FACE_BOUND('',#5825,.F.);
#5825 = EDGE_LOOP('',(#5826));
#5826 = ORIENTED_EDGE('',*,*,#5827,.F.);
#5827 = EDGE_CURVE('',#5828,#5828,#5830,.T.);
#5828 = VERTEX_POINT('',#5829);
#5829 = CARTESIAN_POINT('',(30.09563,-68.936875,-7.7));
#5830 = CIRCLE('',#5831,1.1);
#5831 = AXIS2_PLACEMENT_3D('',#5832,#5833,#5834);
#5832 = CARTESIAN_POINT('',(28.99563,-68.936875,-7.7));
#5833 = DIRECTION('',(0.,0.,1.));
#5834 = DIRECTION('',(1.,0.,0.));
#5835 = PLANE('',#5836);
#5836 = AXIS2_PLACEMENT_3D('',#5837,#5838,#5839);
#5837 = CARTESIAN_POINT('',(172.40382442364,-68.67724993484,-7.7));
#5838 = DIRECTION('',(0.,0.,1.));
#5839 = DIRECTION('',(1.,0.,0.));
#5840 = ADVANCED_FACE('',(#5841,#5844),#5855,.F.);
#5841 = FACE_BOUND('',#5842,.F.);
#5842 = EDGE_LOOP('',(#5843));
#5843 = ORIENTED_EDGE('',*,*,#4649,.F.);
#5844 = FACE_BOUND('',#5845,.F.);
#5845 = EDGE_LOOP('',(#5846));
#5846 = ORIENTED_EDGE('',*,*,#5847,.F.);
#5847 = EDGE_CURVE('',#5848,#5848,#5850,.T.);
#5848 = VERTEX_POINT('',#5849);
#5849 = CARTESIAN_POINT('',(30.09563,-109.274375,-7.7));
#5850 = CIRCLE('',#5851,1.1);
#5851 = AXIS2_PLACEMENT_3D('',#5852,#5853,#5854);
#5852 = CARTESIAN_POINT('',(28.99563,-109.274375,-7.7));
#5853 = DIRECTION('',(0.,0.,1.));
#5854 = DIRECTION('',(1.,0.,0.));
#5855 = PLANE('',#5856);
#5856 = AXIS2_PLACEMENT_3D('',#5857,#5858,#5859);
#5857 = CARTESIAN_POINT('',(172.40382442364,-68.67724993484,-7.7));
#5858 = DIRECTION('',(0.,0.,1.));
#5859 = DIRECTION('',(1.,0.,0.));
#5860 = ADVANCED_FACE('',(#5861,#5925,#5936,#5947,#5958,#5969,#5980,
    #5991),#6002,.T.);
#5861 = FACE_BOUND('',#5862,.T.);
#5862 = EDGE_LOOP('',(#5863,#5873,#5880,#5881,#5882,#5883,#5884,#5885,
    #5886,#5887,#5888,#5889,#5890,#5891,#5892,#5893,#5901,#5910,#5918));
#5863 = ORIENTED_EDGE('',*,*,#5864,.T.);
#5864 = EDGE_CURVE('',#5865,#5867,#5869,.T.);
#5865 = VERTEX_POINT('',#5866);
#5866 = CARTESIAN_POINT('',(33.188797612818,-84.4971494985,-6.2));
#5867 = VERTEX_POINT('',#5868);
#5868 = CARTESIAN_POINT('',(33.188797612818,-18.37340588295,-6.2));
#5869 = LINE('',#5870,#5871);
#5870 = CARTESIAN_POINT('',(33.188797612818,-78.08719971667,-6.2));
#5871 = VECTOR('',#5872,1.);
#5872 = DIRECTION('',(0.,1.,0.));
#5873 = ORIENTED_EDGE('',*,*,#5874,.F.);
#5874 = EDGE_CURVE('',#5067,#5867,#5875,.T.);
#5875 = CIRCLE('',#5876,315.11657100582);
#5876 = AXIS2_PLACEMENT_3D('',#5877,#5878,#5879);
#5877 = CARTESIAN_POINT('',(48.674478257618,-333.1092427643,-6.2));
#5878 = DIRECTION('',(0.,0.,1.));
#5879 = DIRECTION('',(-5.85748498341E-02,0.998283019472,0.));
#5880 = ORIENTED_EDGE('',*,*,#5159,.T.);
#5881 = ORIENTED_EDGE('',*,*,#5184,.T.);
#5882 = ORIENTED_EDGE('',*,*,#5209,.T.);
#5883 = ORIENTED_EDGE('',*,*,#5233,.T.);
#5884 = ORIENTED_EDGE('',*,*,#5265,.F.);
#5885 = ORIENTED_EDGE('',*,*,#5289,.F.);
#5886 = ORIENTED_EDGE('',*,*,#5307,.T.);
#5887 = ORIENTED_EDGE('',*,*,#5339,.F.);
#5888 = ORIENTED_EDGE('',*,*,#5357,.T.);
#5889 = ORIENTED_EDGE('',*,*,#4933,.T.);
#5890 = ORIENTED_EDGE('',*,*,#4958,.T.);
#5891 = ORIENTED_EDGE('',*,*,#4982,.T.);
#5892 = ORIENTED_EDGE('',*,*,#5017,.T.);
#5893 = ORIENTED_EDGE('',*,*,#5894,.F.);
#5894 = EDGE_CURVE('',#5895,#5018,#5897,.T.);
#5895 = VERTEX_POINT('',#5896);
#5896 = CARTESIAN_POINT('',(311.67658029826,-84.4971494985,-6.2));
#5897 = LINE('',#5898,#5899);
#5898 = CARTESIAN_POINT('',(311.67658029826,-78.08719971667,-6.2));
#5899 = VECTOR('',#5900,1.);
#5900 = DIRECTION('',(0.,1.,0.));
#5901 = ORIENTED_EDGE('',*,*,#5902,.F.);
#5902 = EDGE_CURVE('',#5903,#5895,#5905,.T.);
#5903 = VERTEX_POINT('',#5904);
#5904 = CARTESIAN_POINT('',(308.67658029826,-87.4971494985,-6.2));
#5905 = CIRCLE('',#5906,3.);
#5906 = AXIS2_PLACEMENT_3D('',#5907,#5908,#5909);
#5907 = CARTESIAN_POINT('',(308.67658029826,-84.4971494985,-6.2));
#5908 = DIRECTION('',(0.,-0.,1.));
#5909 = DIRECTION('',(0.,1.,0.));
#5910 = ORIENTED_EDGE('',*,*,#5911,.F.);
#5911 = EDGE_CURVE('',#5912,#5903,#5914,.T.);
#5912 = VERTEX_POINT('',#5913);
#5913 = CARTESIAN_POINT('',(36.188797612818,-87.4971494985,-6.2));
#5914 = LINE('',#5915,#5916);
#5915 = CARTESIAN_POINT('',(102.79631101823,-87.4971494985,-6.2));
#5916 = VECTOR('',#5917,1.);
#5917 = DIRECTION('',(1.,0.,0.));
#5918 = ORIENTED_EDGE('',*,*,#5919,.F.);
#5919 = EDGE_CURVE('',#5865,#5912,#5920,.T.);
#5920 = CIRCLE('',#5921,3.);
#5921 = AXIS2_PLACEMENT_3D('',#5922,#5923,#5924);
#5922 = CARTESIAN_POINT('',(36.188797612818,-84.4971494985,-6.2));
#5923 = DIRECTION('',(0.,-0.,1.));
#5924 = DIRECTION('',(0.,1.,0.));
#5925 = FACE_BOUND('',#5926,.T.);
#5926 = EDGE_LOOP('',(#5927));
#5927 = ORIENTED_EDGE('',*,*,#5928,.F.);
#5928 = EDGE_CURVE('',#5929,#5929,#5931,.T.);
#5929 = VERTEX_POINT('',#5930);
#5930 = CARTESIAN_POINT('',(30.09563,-109.274375,-6.2));
#5931 = CIRCLE('',#5932,1.1);
#5932 = AXIS2_PLACEMENT_3D('',#5933,#5934,#5935);
#5933 = CARTESIAN_POINT('',(28.99563,-109.274375,-6.2));
#5934 = DIRECTION('',(0.,0.,1.));
#5935 = DIRECTION('',(1.,0.,0.));
#5936 = FACE_BOUND('',#5937,.T.);
#5937 = EDGE_LOOP('',(#5938));
#5938 = ORIENTED_EDGE('',*,*,#5939,.F.);
#5939 = EDGE_CURVE('',#5940,#5940,#5942,.T.);
#5940 = VERTEX_POINT('',#5941);
#5941 = CARTESIAN_POINT('',(171.1,-120.,-6.2));
#5942 = CIRCLE('',#5943,1.1);
#5943 = AXIS2_PLACEMENT_3D('',#5944,#5945,#5946);
#5944 = CARTESIAN_POINT('',(170.,-120.,-6.2));
#5945 = DIRECTION('',(0.,0.,1.));
#5946 = DIRECTION('',(1.,0.,0.));
#5947 = FACE_BOUND('',#5948,.T.);
#5948 = EDGE_LOOP('',(#5949));
#5949 = ORIENTED_EDGE('',*,*,#5950,.F.);
#5950 = EDGE_CURVE('',#5951,#5951,#5953,.T.);
#5951 = VERTEX_POINT('',#5952);
#5952 = CARTESIAN_POINT('',(316.976573,-109.274375,-6.2));
#5953 = CIRCLE('',#5954,1.1);
#5954 = AXIS2_PLACEMENT_3D('',#5955,#5956,#5957);
#5955 = CARTESIAN_POINT('',(315.876573,-109.274375,-6.2));
#5956 = DIRECTION('',(0.,0.,1.));
#5957 = DIRECTION('',(1.,0.,0.));
#5958 = FACE_BOUND('',#5959,.T.);
#5959 = EDGE_LOOP('',(#5960));
#5960 = ORIENTED_EDGE('',*,*,#5961,.F.);
#5961 = EDGE_CURVE('',#5962,#5962,#5964,.T.);
#5962 = VERTEX_POINT('',#5963);
#5963 = CARTESIAN_POINT('',(30.09563,-68.936875,-6.2));
#5964 = CIRCLE('',#5965,1.1);
#5965 = AXIS2_PLACEMENT_3D('',#5966,#5967,#5968);
#5966 = CARTESIAN_POINT('',(28.99563,-68.936875,-6.2));
#5967 = DIRECTION('',(0.,0.,1.));
#5968 = DIRECTION('',(1.,0.,0.));
#5969 = FACE_BOUND('',#5970,.T.);
#5970 = EDGE_LOOP('',(#5971));
#5971 = ORIENTED_EDGE('',*,*,#5972,.F.);
#5972 = EDGE_CURVE('',#5973,#5973,#5975,.T.);
#5973 = VERTEX_POINT('',#5974);
#5974 = CARTESIAN_POINT('',(30.09563,-23.836875,-6.2));
#5975 = CIRCLE('',#5976,1.1);
#5976 = AXIS2_PLACEMENT_3D('',#5977,#5978,#5979);
#5977 = CARTESIAN_POINT('',(28.99563,-23.836875,-6.2));
#5978 = DIRECTION('',(0.,0.,1.));
#5979 = DIRECTION('',(1.,0.,0.));
#5980 = FACE_BOUND('',#5981,.T.);
#5981 = EDGE_LOOP('',(#5982));
#5982 = ORIENTED_EDGE('',*,*,#5983,.F.);
#5983 = EDGE_CURVE('',#5984,#5984,#5986,.T.);
#5984 = VERTEX_POINT('',#5985);
#5985 = CARTESIAN_POINT('',(316.976573,-68.936875,-6.2));
#5986 = CIRCLE('',#5987,1.1);
#5987 = AXIS2_PLACEMENT_3D('',#5988,#5989,#5990);
#5988 = CARTESIAN_POINT('',(315.876573,-68.936875,-6.2));
#5989 = DIRECTION('',(0.,0.,1.));
#5990 = DIRECTION('',(1.,0.,0.));
#5991 = FACE_BOUND('',#5992,.T.);
#5992 = EDGE_LOOP('',(#5993));
#5993 = ORIENTED_EDGE('',*,*,#5994,.F.);
#5994 = EDGE_CURVE('',#5995,#5995,#5997,.T.);
#5995 = VERTEX_POINT('',#5996);
#5996 = CARTESIAN_POINT('',(316.976573,-23.836875,-6.2));
#5997 = CIRCLE('',#5998,1.1);
#5998 = AXIS2_PLACEMENT_3D('',#5999,#6000,#6001);
#5999 = CARTESIAN_POINT('',(315.876573,-23.836875,-6.2));
#6000 = DIRECTION('',(0.,0.,1.));
#6001 = DIRECTION('',(1.,0.,0.));
#6002 = PLANE('',#6003);
#6003 = AXIS2_PLACEMENT_3D('',#6004,#6005,#6006);
#6004 = CARTESIAN_POINT('',(172.40382442364,-68.67724993484,-6.2));
#6005 = DIRECTION('',(0.,0.,1.));
#6006 = DIRECTION('',(1.,0.,0.));
#6007 = ADVANCED_FACE('',(#6008),#6038,.F.);
#6008 = FACE_BOUND('',#6009,.F.);
#6009 = EDGE_LOOP('',(#6010,#6011,#6019,#6032));
#6010 = ORIENTED_EDGE('',*,*,#5026,.F.);
#6011 = ORIENTED_EDGE('',*,*,#6012,.T.);
#6012 = EDGE_CURVE('',#5018,#6013,#6015,.T.);
#6013 = VERTEX_POINT('',#6014);
#6014 = CARTESIAN_POINT('',(311.67658029826,-18.28483177247,
    -11.99343231035));
#6015 = LINE('',#6016,#6017);
#6016 = CARTESIAN_POINT('',(311.67658029826,-18.28483177247,0.));
#6017 = VECTOR('',#6018,1.);
#6018 = DIRECTION('',(-0.,-0.,-1.));
#6019 = ORIENTED_EDGE('',*,*,#6020,.T.);
#6020 = EDGE_CURVE('',#6013,#6021,#6023,.T.);
#6021 = VERTEX_POINT('',#6022);
#6022 = CARTESIAN_POINT('',(245.51172457091,-22.02820533595,
    -11.97031215022));
#6023 = B_SPLINE_CURVE_WITH_KNOTS('',7,(#6024,#6025,#6026,#6027,#6028,
    #6029,#6030,#6031),.UNSPECIFIED.,.F.,.F.,(8,8),(0.,1.),
  .PIECEWISE_BEZIER_KNOTS.);
#6024 = CARTESIAN_POINT('',(311.67658029826,-18.28483177247,
    -11.99343231035));
#6025 = CARTESIAN_POINT('',(302.21408604437,-17.8225621631,
    -11.99560779977));
#6026 = CARTESIAN_POINT('',(292.74345730678,-17.69253117461,
    -11.99603580614));
#6027 = CARTESIAN_POINT('',(283.27153239682,-17.89405093336,
    -11.99514030324));
#6028 = CARTESIAN_POINT('',(273.80526651256,-18.42721688541,
    -11.99286750746));
#6029 = CARTESIAN_POINT('',(264.35173080453,-19.29282559429,
    -11.98874339228));
#6030 = CARTESIAN_POINT('',(254.91811348553,-20.49238128746,
    -11.98184341496));
#6031 = CARTESIAN_POINT('',(245.51172457091,-22.02820533595,
    -11.97031215022));
#6032 = ORIENTED_EDGE('',*,*,#6033,.F.);
#6033 = EDGE_CURVE('',#5007,#6021,#6034,.T.);
#6034 = LINE('',#6035,#6036);
#6035 = CARTESIAN_POINT('',(245.51172457091,-22.02820533595,0.));
#6036 = VECTOR('',#6037,1.);
#6037 = DIRECTION('',(-0.,-0.,-1.));
#6038 = CYLINDRICAL_SURFACE('',#6039,315.16764036938);
#6039 = AXIS2_PLACEMENT_3D('',#6040,#6041,#6042);
#6040 = CARTESIAN_POINT('',(296.29808980904,-333.0770546215,0.));
#6041 = DIRECTION('',(0.,0.,1.));
#6042 = DIRECTION('',(-0.161153330526,0.986929381496,0.));
#6043 = ADVANCED_FACE('',(#6044),#6064,.F.);
#6044 = FACE_BOUND('',#6045,.F.);
#6045 = EDGE_LOOP('',(#6046,#6047,#6048,#6058));
#6046 = ORIENTED_EDGE('',*,*,#5042,.F.);
#6047 = ORIENTED_EDGE('',*,*,#6033,.T.);
#6048 = ORIENTED_EDGE('',*,*,#6049,.F.);
#6049 = EDGE_CURVE('',#6050,#6021,#6052,.T.);
#6050 = VERTEX_POINT('',#6051);
#6051 = CARTESIAN_POINT('',(234.46757768075,-23.17848169133,
    -11.96113307354));
#6052 = B_SPLINE_CURVE_WITH_KNOTS('',4,(#6053,#6054,#6055,#6056,#6057),
  .UNSPECIFIED.,.F.,.F.,(5,5),(0.,1.),.PIECEWISE_BEZIER_KNOTS.);
#6053 = CARTESIAN_POINT('',(234.46757768075,-23.17848169133,
    -11.96113307354));
#6054 = CARTESIAN_POINT('',(237.22861432823,-22.8909126103,
    -11.96355981898));
#6055 = CARTESIAN_POINT('',(239.98965102795,-22.60334352384,
    -11.96589722547));
#6056 = CARTESIAN_POINT('',(242.75068777652,-22.31577443228,
    -11.96814735808));
#6057 = CARTESIAN_POINT('',(245.51172457091,-22.02820533595,
    -11.97031215022));
#6058 = ORIENTED_EDGE('',*,*,#6059,.F.);
#6059 = EDGE_CURVE('',#5043,#6050,#6060,.T.);
#6060 = LINE('',#6061,#6062);
#6061 = CARTESIAN_POINT('',(234.46757768075,-23.17848169133,0.));
#6062 = VECTOR('',#6063,1.);
#6063 = DIRECTION('',(-0.,-0.,-1.));
#6064 = PLANE('',#6065);
#6065 = AXIS2_PLACEMENT_3D('',#6066,#6067,#6068);
#6066 = CARTESIAN_POINT('',(245.51172457091,-22.02820533595,0.));
#6067 = DIRECTION('',(-0.103592220459,0.994619852939,0.));
#6068 = DIRECTION('',(-0.994619852939,-0.103592220459,0.));
#6069 = ADVANCED_FACE('',(#6070),#6108,.T.);
#6070 = FACE_BOUND('',#6071,.T.);
#6071 = EDGE_LOOP('',(#6072,#6073,#6081,#6095,#6107));
#6072 = ORIENTED_EDGE('',*,*,#5142,.F.);
#6073 = ORIENTED_EDGE('',*,*,#6074,.F.);
#6074 = EDGE_CURVE('',#6075,#5135,#6077,.T.);
#6075 = VERTEX_POINT('',#6076);
#6076 = CARTESIAN_POINT('',(180.0014713211,-27.39454732381,
    -11.46077749485));
#6077 = LINE('',#6078,#6079);
#6078 = CARTESIAN_POINT('',(180.0014713211,-27.39454732381,0.));
#6079 = VECTOR('',#6080,1.);
#6080 = DIRECTION('',(0.,0.,1.));
#6081 = ORIENTED_EDGE('',*,*,#6082,.F.);
#6082 = EDGE_CURVE('',#6083,#6075,#6085,.T.);
#6083 = VERTEX_POINT('',#6084);
#6084 = CARTESIAN_POINT('',(179.70446727079,-27.40058143948,
    -11.91771583249));
#6085 = B_SPLINE_CURVE_WITH_KNOTS('',8,(#6086,#6087,#6088,#6089,#6090,
    #6091,#6092,#6093,#6094),.UNSPECIFIED.,.F.,.F.,(9,9),(0.,1.),
  .PIECEWISE_BEZIER_KNOTS.);
#6086 = CARTESIAN_POINT('',(179.5014713211,-27.40460040341,
    -11.96077749485));
#6087 = CARTESIAN_POINT('',(179.60598682936,-27.40255317457,
    -11.96077749485));
#6088 = CARTESIAN_POINT('',(179.70793721771,-27.40053030352,
    -11.93580940155));
#6089 = CARTESIAN_POINT('',(179.80103694474,-27.39865715752,
    -11.88801872582));
#6090 = CARTESIAN_POINT('',(179.8800753931,-27.39704656865,
    -11.82090165451));
#6091 = CARTESIAN_POINT('',(179.94108052196,-27.39579284144,
    -11.73915358882));
#6092 = CARTESIAN_POINT('',(179.98173056001,-27.39495447067,
    -11.64821401805));
#6093 = CARTESIAN_POINT('',(180.0014713211,-27.39454732381,
    -11.55371138367));
#6094 = CARTESIAN_POINT('',(180.0014713211,-27.39454732381,
    -11.46077749485));
#6095 = ORIENTED_EDGE('',*,*,#6096,.T.);
#6096 = EDGE_CURVE('',#6083,#6050,#6097,.T.);
#6097 = B_SPLINE_CURVE_WITH_KNOTS('',8,(#6098,#6099,#6100,#6101,#6102,
    #6103,#6104,#6105,#6106),.UNSPECIFIED.,.F.,.F.,(9,9),(0.,1.),
  .PIECEWISE_BEZIER_KNOTS.);
#6098 = CARTESIAN_POINT('',(105.53536496145,-23.16522703615,
    -11.96042191615));
#6099 = CARTESIAN_POINT('',(121.60247537653,-25.33267477362,
    -11.94221979403));
#6100 = CARTESIAN_POINT('',(137.71141338602,-26.87763721986,
    -11.92502095692));
#6101 = CARTESIAN_POINT('',(153.84832061921,-27.8039085284,
    -11.9126086799));
#6102 = CARTESIAN_POINT('',(169.99934513778,-28.11359573725,
    -11.90806471161));
#6103 = CARTESIAN_POINT('',(186.1506373561,-27.80736430291,
    -11.91290655839));
#6104 = CARTESIAN_POINT('',(202.28834612509,-26.88449219295,
    -11.92555640951));
#6105 = CARTESIAN_POINT('',(218.39861486895,-25.34281540157,
    -11.94289857902));
#6106 = CARTESIAN_POINT('',(234.46757768075,-23.17848169133,
    -11.96113307354));
#6107 = ORIENTED_EDGE('',*,*,#6059,.F.);
#6108 = CYLINDRICAL_SURFACE('',#6109,482.57829109938);
#6109 = AXIS2_PLACEMENT_3D('',#6110,#6111,#6112);
#6110 = CARTESIAN_POINT('',(170.05063730052,455.08113905083,0.));
#6111 = DIRECTION('',(0.,0.,1.));
#6112 = DIRECTION('',(0.133506953229,-0.991047876462,0.));
#6113 = ADVANCED_FACE('',(#6114),#6140,.F.);
#6114 = FACE_BOUND('',#6115,.F.);
#6115 = EDGE_LOOP('',(#6116,#6117,#6125,#6133,#6139));
#6116 = ORIENTED_EDGE('',*,*,#6074,.F.);
#6117 = ORIENTED_EDGE('',*,*,#6118,.T.);
#6118 = EDGE_CURVE('',#6075,#6119,#6121,.T.);
#6119 = VERTEX_POINT('',#6120);
#6120 = CARTESIAN_POINT('',(180.0014713211,-27.,-11.46077749485));
#6121 = LINE('',#6122,#6123);
#6122 = CARTESIAN_POINT('',(180.0014713211,-30.,-11.46077749485));
#6123 = VECTOR('',#6124,1.);
#6124 = DIRECTION('',(0.,1.,-2.22044604925E-16));
#6125 = ORIENTED_EDGE('',*,*,#6126,.T.);
#6126 = EDGE_CURVE('',#6119,#6127,#6129,.T.);
#6127 = VERTEX_POINT('',#6128);
#6128 = CARTESIAN_POINT('',(180.0014713211,-27.,-5.460777494851));
#6129 = LINE('',#6130,#6131);
#6130 = CARTESIAN_POINT('',(180.0014713211,-27.,-11.46077749485));
#6131 = VECTOR('',#6132,1.);
#6132 = DIRECTION('',(0.,2.22044604925E-16,1.));
#6133 = ORIENTED_EDGE('',*,*,#6134,.F.);
#6134 = EDGE_CURVE('',#5118,#6127,#6135,.T.);
#6135 = LINE('',#6136,#6137);
#6136 = CARTESIAN_POINT('',(180.0014713211,-30.,-5.460777494851));
#6137 = VECTOR('',#6138,1.);
#6138 = DIRECTION('',(0.,1.,-2.22044604925E-16));
#6139 = ORIENTED_EDGE('',*,*,#5134,.F.);
#6140 = PLANE('',#6141);
#6141 = AXIS2_PLACEMENT_3D('',#6142,#6143,#6144);
#6142 = CARTESIAN_POINT('',(180.0014713211,-30.,-11.46077749485));
#6143 = DIRECTION('',(1.,0.,0.));
#6144 = DIRECTION('',(0.,2.22044604925E-16,1.));
#6145 = ADVANCED_FACE('',(#6146),#6165,.F.);
#6146 = FACE_BOUND('',#6147,.F.);
#6147 = EDGE_LOOP('',(#6148,#6149,#6150,#6159));
#6148 = ORIENTED_EDGE('',*,*,#5117,.F.);
#6149 = ORIENTED_EDGE('',*,*,#6134,.T.);
#6150 = ORIENTED_EDGE('',*,*,#6151,.T.);
#6151 = EDGE_CURVE('',#6127,#6152,#6154,.T.);
#6152 = VERTEX_POINT('',#6153);
#6153 = CARTESIAN_POINT('',(179.5014713211,-27.,-4.960777494851));
#6154 = CIRCLE('',#6155,0.5);
#6155 = AXIS2_PLACEMENT_3D('',#6156,#6157,#6158);
#6156 = CARTESIAN_POINT('',(179.5014713211,-27.,-5.460777494851));
#6157 = DIRECTION('',(0.,-1.,2.22044604925E-16));
#6158 = DIRECTION('',(1.,0.,0.));
#6159 = ORIENTED_EDGE('',*,*,#6160,.F.);
#6160 = EDGE_CURVE('',#5109,#6152,#6161,.T.);
#6161 = LINE('',#6162,#6163);
#6162 = CARTESIAN_POINT('',(179.5014713211,-30.,-4.960777494851));
#6163 = VECTOR('',#6164,1.);
#6164 = DIRECTION('',(0.,1.,-2.22044604925E-16));
#6165 = CYLINDRICAL_SURFACE('',#6166,0.5);
#6166 = AXIS2_PLACEMENT_3D('',#6167,#6168,#6169);
#6167 = CARTESIAN_POINT('',(179.5014713211,-30.,-5.460777494851));
#6168 = DIRECTION('',(0.,-1.,2.22044604925E-16));
#6169 = DIRECTION('',(1.,0.,0.));
#6170 = ADVANCED_FACE('',(#6171),#6189,.F.);
#6171 = FACE_BOUND('',#6172,.F.);
#6172 = EDGE_LOOP('',(#6173,#6174,#6175,#6183));
#6173 = ORIENTED_EDGE('',*,*,#5108,.T.);
#6174 = ORIENTED_EDGE('',*,*,#6160,.T.);
#6175 = ORIENTED_EDGE('',*,*,#6176,.T.);
#6176 = EDGE_CURVE('',#6152,#6177,#6179,.T.);
#6177 = VERTEX_POINT('',#6178);
#6178 = CARTESIAN_POINT('',(160.5014713211,-27.,-4.960777494851));
#6179 = LINE('',#6180,#6181);
#6180 = CARTESIAN_POINT('',(179.5014713211,-27.,-4.960777494851));
#6181 = VECTOR('',#6182,1.);
#6182 = DIRECTION('',(-1.,0.,0.));
#6183 = ORIENTED_EDGE('',*,*,#6184,.F.);
#6184 = EDGE_CURVE('',#5092,#6177,#6185,.T.);
#6185 = LINE('',#6186,#6187);
#6186 = CARTESIAN_POINT('',(160.5014713211,-30.,-4.960777494851));
#6187 = VECTOR('',#6188,1.);
#6188 = DIRECTION('',(0.,1.,-2.22044604925E-16));
#6189 = PLANE('',#6190);
#6190 = AXIS2_PLACEMENT_3D('',#6191,#6192,#6193);
#6191 = CARTESIAN_POINT('',(179.5014713211,-30.,-4.960777494851));
#6192 = DIRECTION('',(0.,2.22044604925E-16,1.));
#6193 = DIRECTION('',(-1.,0.,0.));
#6194 = ADVANCED_FACE('',(#6195),#6214,.F.);
#6195 = FACE_BOUND('',#6196,.F.);
#6196 = EDGE_LOOP('',(#6197,#6198,#6199,#6208));
#6197 = ORIENTED_EDGE('',*,*,#5091,.F.);
#6198 = ORIENTED_EDGE('',*,*,#6184,.T.);
#6199 = ORIENTED_EDGE('',*,*,#6200,.T.);
#6200 = EDGE_CURVE('',#6177,#6201,#6203,.T.);
#6201 = VERTEX_POINT('',#6202);
#6202 = CARTESIAN_POINT('',(160.0014713211,-27.,-5.460777494851));
#6203 = CIRCLE('',#6204,0.5);
#6204 = AXIS2_PLACEMENT_3D('',#6205,#6206,#6207);
#6205 = CARTESIAN_POINT('',(160.5014713211,-27.,-5.460777494851));
#6206 = DIRECTION('',(0.,-1.,2.22044604925E-16));
#6207 = DIRECTION('',(1.,0.,0.));
#6208 = ORIENTED_EDGE('',*,*,#6209,.F.);
#6209 = EDGE_CURVE('',#5084,#6201,#6210,.T.);
#6210 = LINE('',#6211,#6212);
#6211 = CARTESIAN_POINT('',(160.0014713211,-30.,-5.460777494851));
#6212 = VECTOR('',#6213,1.);
#6213 = DIRECTION('',(0.,1.,-2.22044604925E-16));
#6214 = CYLINDRICAL_SURFACE('',#6215,0.5);
#6215 = AXIS2_PLACEMENT_3D('',#6216,#6217,#6218);
#6216 = CARTESIAN_POINT('',(160.5014713211,-30.,-5.460777494851));
#6217 = DIRECTION('',(0.,-1.,2.22044604925E-16));
#6218 = DIRECTION('',(1.,0.,0.));
#6219 = ADVANCED_FACE('',(#6220),#6246,.F.);
#6220 = FACE_BOUND('',#6221,.F.);
#6221 = EDGE_LOOP('',(#6222,#6223,#6224,#6232,#6240));
#6222 = ORIENTED_EDGE('',*,*,#5083,.T.);
#6223 = ORIENTED_EDGE('',*,*,#6209,.T.);
#6224 = ORIENTED_EDGE('',*,*,#6225,.T.);
#6225 = EDGE_CURVE('',#6201,#6226,#6228,.T.);
#6226 = VERTEX_POINT('',#6227);
#6227 = CARTESIAN_POINT('',(160.0014713211,-27.,-11.46077749485));
#6228 = LINE('',#6229,#6230);
#6229 = CARTESIAN_POINT('',(160.0014713211,-27.,-5.460777494851));
#6230 = VECTOR('',#6231,1.);
#6231 = DIRECTION('',(0.,-2.22044604925E-16,-1.));
#6232 = ORIENTED_EDGE('',*,*,#6233,.F.);
#6233 = EDGE_CURVE('',#6234,#6226,#6236,.T.);
#6234 = VERTEX_POINT('',#6235);
#6235 = CARTESIAN_POINT('',(160.0014713211,-27.39250924875,
    -11.46077749485));
#6236 = LINE('',#6237,#6238);
#6237 = CARTESIAN_POINT('',(160.0014713211,-30.,-11.46077749485));
#6238 = VECTOR('',#6239,1.);
#6239 = DIRECTION('',(0.,1.,-2.22044604925E-16));
#6240 = ORIENTED_EDGE('',*,*,#6241,.T.);
#6241 = EDGE_CURVE('',#6234,#5075,#6242,.T.);
#6242 = LINE('',#6243,#6244);
#6243 = CARTESIAN_POINT('',(160.0014713211,-27.39250924875,0.));
#6244 = VECTOR('',#6245,1.);
#6245 = DIRECTION('',(0.,0.,1.));
#6246 = PLANE('',#6247);
#6247 = AXIS2_PLACEMENT_3D('',#6248,#6249,#6250);
#6248 = CARTESIAN_POINT('',(160.0014713211,-30.,-5.460777494851));
#6249 = DIRECTION('',(-1.,0.,0.));
#6250 = DIRECTION('',(0.,-2.22044604925E-16,-1.));
#6251 = ADVANCED_FACE('',(#6252),#6293,.T.);
#6252 = FACE_BOUND('',#6253,.T.);
#6253 = EDGE_LOOP('',(#6254,#6255,#6263,#6277,#6292));
#6254 = ORIENTED_EDGE('',*,*,#5074,.F.);
#6255 = ORIENTED_EDGE('',*,*,#6256,.T.);
#6256 = EDGE_CURVE('',#5067,#6257,#6259,.T.);
#6257 = VERTEX_POINT('',#6258);
#6258 = CARTESIAN_POINT('',(105.53536496145,-23.16522703615,
    -11.96042191615));
#6259 = LINE('',#6260,#6261);
#6260 = CARTESIAN_POINT('',(105.53536496145,-23.16522703615,0.));
#6261 = VECTOR('',#6262,1.);
#6262 = DIRECTION('',(-0.,-0.,-1.));
#6263 = ORIENTED_EDGE('',*,*,#6264,.T.);
#6264 = EDGE_CURVE('',#6257,#6265,#6267,.T.);
#6265 = VERTEX_POINT('',#6266);
#6266 = CARTESIAN_POINT('',(160.29812872367,-27.39859691415,
    -11.91756167591));
#6267 = B_SPLINE_CURVE_WITH_KNOTS('',8,(#6268,#6269,#6270,#6271,#6272,
    #6273,#6274,#6275,#6276),.UNSPECIFIED.,.F.,.F.,(9,9),(0.,1.),
  .PIECEWISE_BEZIER_KNOTS.);
#6268 = CARTESIAN_POINT('',(105.53536496145,-23.16522703615,
    -11.96042191615));
#6269 = CARTESIAN_POINT('',(121.60247537653,-25.33267477362,
    -11.94221979403));
#6270 = CARTESIAN_POINT('',(137.71141338602,-26.87763721986,
    -11.92502095692));
#6271 = CARTESIAN_POINT('',(153.84832061921,-27.8039085284,
    -11.9126086799));
#6272 = CARTESIAN_POINT('',(169.99934513778,-28.11359573725,
    -11.90806471161));
#6273 = CARTESIAN_POINT('',(186.1506373561,-27.80736430291,
    -11.91290655839));
#6274 = CARTESIAN_POINT('',(202.28834612509,-26.88449219295,
    -11.92555640951));
#6275 = CARTESIAN_POINT('',(218.39861486895,-25.34281540157,
    -11.94289857902));
#6276 = CARTESIAN_POINT('',(234.46757768075,-23.17848169133,
    -11.96113307354));
#6277 = ORIENTED_EDGE('',*,*,#6278,.F.);
#6278 = EDGE_CURVE('',#6234,#6265,#6279,.T.);
#6279 = B_SPLINE_CURVE_WITH_KNOTS('',6,(#6280,#6281,#6282,#6283,#6284,
    #6285,#6286,#6287,#6288,#6289,#6290,#6291),.UNSPECIFIED.,.F.,.F.,(7,
    5,7),(0.,0.555279233878,1.),.UNSPECIFIED.);
#6280 = CARTESIAN_POINT('',(160.0014713211,-27.39250924875,
    -11.46077749485));
#6281 = CARTESIAN_POINT('',(160.0014713211,-27.39250924875,
    -11.53014317562));
#6282 = CARTESIAN_POINT('',(160.01301889652,-27.39274976644,
    -11.59966994958));
#6283 = CARTESIAN_POINT('',(160.03621643481,-27.39323293518,
    -11.66720431221));
#6284 = CARTESIAN_POINT('',(160.07076841567,-27.39395052308,
    -11.73054973313));
#6285 = CARTESIAN_POINT('',(160.11600966978,-27.39488441474,
    -11.78751528912));
#6286 = CARTESIAN_POINT('',(160.21470905438,-27.39690551015,
    -11.87453050164));
#6287 = CARTESIAN_POINT('',(160.26481773717,-27.39792680384,
    -11.90775174517));
#6288 = CARTESIAN_POINT('',(160.32014157418,-27.39904756357,
    -11.93388385662));
#6289 = CARTESIAN_POINT('',(160.379183976,-27.40023466884,
    -11.95177444881));
#6290 = CARTESIAN_POINT('',(160.44022462539,-27.40145209752,
    -11.96077749485));
#6291 = CARTESIAN_POINT('',(160.5014713211,-27.40266427264,
    -11.96077749485));
#6292 = ORIENTED_EDGE('',*,*,#6241,.T.);
#6293 = CYLINDRICAL_SURFACE('',#6294,482.57829109938);
#6294 = AXIS2_PLACEMENT_3D('',#6295,#6296,#6297);
#6295 = CARTESIAN_POINT('',(170.05063730052,455.08113905083,0.));
#6296 = DIRECTION('',(0.,0.,1.));
#6297 = DIRECTION('',(0.133506953229,-0.991047876462,0.));
#6298 = ADVANCED_FACE('',(#6299),#6326,.F.);
#6299 = FACE_BOUND('',#6300,.T.);
#6300 = EDGE_LOOP('',(#6301,#6302,#6310,#6319,#6325));
#6301 = ORIENTED_EDGE('',*,*,#5515,.F.);
#6302 = ORIENTED_EDGE('',*,*,#6303,.T.);
#6303 = EDGE_CURVE('',#5516,#6304,#6306,.T.);
#6304 = VERTEX_POINT('',#6305);
#6305 = CARTESIAN_POINT('',(173.0014713211,-27.,-10.46077749485));
#6306 = LINE('',#6307,#6308);
#6307 = CARTESIAN_POINT('',(173.0014713211,-2.322759206053E-15,
    -10.46077749485));
#6308 = VECTOR('',#6309,1.);
#6309 = DIRECTION('',(0.,-1.,2.22044604925E-16));
#6310 = ORIENTED_EDGE('',*,*,#6311,.F.);
#6311 = EDGE_CURVE('',#6312,#6304,#6314,.T.);
#6312 = VERTEX_POINT('',#6313);
#6313 = CARTESIAN_POINT('',(173.0014713211,-27.,-6.460777494851));
#6314 = CIRCLE('',#6315,2.);
#6315 = AXIS2_PLACEMENT_3D('',#6316,#6317,#6318);
#6316 = CARTESIAN_POINT('',(173.0014713211,-27.,-8.460777494851));
#6317 = DIRECTION('',(0.,1.,-2.22044604925E-16));
#6318 = DIRECTION('',(1.,0.,0.));
#6319 = ORIENTED_EDGE('',*,*,#6320,.F.);
#6320 = EDGE_CURVE('',#5577,#6312,#6321,.T.);
#6321 = LINE('',#6322,#6323);
#6322 = CARTESIAN_POINT('',(173.0014713211,-1.434580786353E-15,
    -6.460777494851));
#6323 = VECTOR('',#6324,1.);
#6324 = DIRECTION('',(0.,-1.,2.22044604925E-16));
#6325 = ORIENTED_EDGE('',*,*,#5585,.F.);
#6326 = CYLINDRICAL_SURFACE('',#6327,2.);
#6327 = AXIS2_PLACEMENT_3D('',#6328,#6329,#6330);
#6328 = CARTESIAN_POINT('',(173.0014713211,-1.878669996203E-15,
    -8.460777494851));
#6329 = DIRECTION('',(0.,1.,-2.22044604925E-16));
#6330 = DIRECTION('',(1.,0.,0.));
#6331 = ADVANCED_FACE('',(#6332),#6350,.T.);
#6332 = FACE_BOUND('',#6333,.T.);
#6333 = EDGE_LOOP('',(#6334,#6335,#6336,#6344));
#6334 = ORIENTED_EDGE('',*,*,#5576,.T.);
#6335 = ORIENTED_EDGE('',*,*,#6320,.T.);
#6336 = ORIENTED_EDGE('',*,*,#6337,.T.);
#6337 = EDGE_CURVE('',#6312,#6338,#6340,.T.);
#6338 = VERTEX_POINT('',#6339);
#6339 = CARTESIAN_POINT('',(167.0014713211,-27.,-6.460777494851));
#6340 = LINE('',#6341,#6342);
#6341 = CARTESIAN_POINT('',(171.5014713211,-27.,-6.460777494851));
#6342 = VECTOR('',#6343,1.);
#6343 = DIRECTION('',(-1.,0.,0.));
#6344 = ORIENTED_EDGE('',*,*,#6345,.F.);
#6345 = EDGE_CURVE('',#5546,#6338,#6346,.T.);
#6346 = LINE('',#6347,#6348);
#6347 = CARTESIAN_POINT('',(167.0014713211,-1.434580786353E-15,
    -6.460777494851));
#6348 = VECTOR('',#6349,1.);
#6349 = DIRECTION('',(0.,-1.,2.22044604925E-16));
#6350 = PLANE('',#6351);
#6351 = AXIS2_PLACEMENT_3D('',#6352,#6353,#6354);
#6352 = CARTESIAN_POINT('',(173.0014713211,-1.434580786353E-15,
    -6.460777494851));
#6353 = DIRECTION('',(-0.,-2.22044604925E-16,-1.));
#6354 = DIRECTION('',(-1.,0.,0.));
#6355 = ADVANCED_FACE('',(#6356),#6375,.F.);
#6356 = FACE_BOUND('',#6357,.T.);
#6357 = EDGE_LOOP('',(#6358,#6359,#6360,#6369));
#6358 = ORIENTED_EDGE('',*,*,#5545,.F.);
#6359 = ORIENTED_EDGE('',*,*,#6345,.T.);
#6360 = ORIENTED_EDGE('',*,*,#6361,.F.);
#6361 = EDGE_CURVE('',#6362,#6338,#6364,.T.);
#6362 = VERTEX_POINT('',#6363);
#6363 = CARTESIAN_POINT('',(167.0014713211,-27.,-10.46077749485));
#6364 = CIRCLE('',#6365,2.);
#6365 = AXIS2_PLACEMENT_3D('',#6366,#6367,#6368);
#6366 = CARTESIAN_POINT('',(167.0014713211,-27.,-8.460777494851));
#6367 = DIRECTION('',(0.,1.,-2.22044604925E-16));
#6368 = DIRECTION('',(1.,0.,0.));
#6369 = ORIENTED_EDGE('',*,*,#6370,.F.);
#6370 = EDGE_CURVE('',#5537,#6362,#6371,.T.);
#6371 = LINE('',#6372,#6373);
#6372 = CARTESIAN_POINT('',(167.0014713211,-2.322759206053E-15,
    -10.46077749485));
#6373 = VECTOR('',#6374,1.);
#6374 = DIRECTION('',(0.,-1.,2.22044604925E-16));
#6375 = CYLINDRICAL_SURFACE('',#6376,2.);
#6376 = AXIS2_PLACEMENT_3D('',#6377,#6378,#6379);
#6377 = CARTESIAN_POINT('',(167.0014713211,-1.878669996203E-15,
    -8.460777494851));
#6378 = DIRECTION('',(0.,1.,-2.22044604925E-16));
#6379 = DIRECTION('',(1.,0.,0.));
#6380 = ADVANCED_FACE('',(#6381),#6392,.F.);
#6381 = FACE_BOUND('',#6382,.F.);
#6382 = EDGE_LOOP('',(#6383,#6384,#6385,#6391));
#6383 = ORIENTED_EDGE('',*,*,#5536,.T.);
#6384 = ORIENTED_EDGE('',*,*,#6303,.T.);
#6385 = ORIENTED_EDGE('',*,*,#6386,.T.);
#6386 = EDGE_CURVE('',#6304,#6362,#6387,.T.);
#6387 = LINE('',#6388,#6389);
#6388 = CARTESIAN_POINT('',(171.5014713211,-27.,-10.46077749485));
#6389 = VECTOR('',#6390,1.);
#6390 = DIRECTION('',(-1.,0.,0.));
#6391 = ORIENTED_EDGE('',*,*,#6370,.F.);
#6392 = PLANE('',#6393);
#6393 = AXIS2_PLACEMENT_3D('',#6394,#6395,#6396);
#6394 = CARTESIAN_POINT('',(173.0014713211,-2.322759206053E-15,
    -10.46077749485));
#6395 = DIRECTION('',(-0.,-2.22044604925E-16,-1.));
#6396 = DIRECTION('',(-1.,0.,0.));
#6397 = ADVANCED_FACE('',(#6398),#6417,.F.);
#6398 = FACE_BOUND('',#6399,.T.);
#6399 = EDGE_LOOP('',(#6400,#6401,#6409,#6416));
#6400 = ORIENTED_EDGE('',*,*,#5604,.F.);
#6401 = ORIENTED_EDGE('',*,*,#6402,.T.);
#6402 = EDGE_CURVE('',#5605,#6403,#6405,.T.);
#6403 = VERTEX_POINT('',#6404);
#6404 = CARTESIAN_POINT('',(163.1014713211,-27.,-8.460777494851));
#6405 = LINE('',#6406,#6407);
#6406 = CARTESIAN_POINT('',(163.1014713211,-1.878669996203E-15,
    -8.460777494851));
#6407 = VECTOR('',#6408,1.);
#6408 = DIRECTION('',(0.,-1.,2.22044604925E-16));
#6409 = ORIENTED_EDGE('',*,*,#6410,.F.);
#6410 = EDGE_CURVE('',#6403,#6403,#6411,.T.);
#6411 = CIRCLE('',#6412,1.1);
#6412 = AXIS2_PLACEMENT_3D('',#6413,#6414,#6415);
#6413 = CARTESIAN_POINT('',(162.0014713211,-27.,-8.460777494851));
#6414 = DIRECTION('',(0.,1.,-2.22044604925E-16));
#6415 = DIRECTION('',(1.,0.,0.));
#6416 = ORIENTED_EDGE('',*,*,#6402,.F.);
#6417 = CYLINDRICAL_SURFACE('',#6418,1.1);
#6418 = AXIS2_PLACEMENT_3D('',#6419,#6420,#6421);
#6419 = CARTESIAN_POINT('',(162.0014713211,-1.878669996203E-15,
    -8.460777494851));
#6420 = DIRECTION('',(0.,1.,-2.22044604925E-16));
#6421 = DIRECTION('',(1.,0.,0.));
#6422 = ADVANCED_FACE('',(#6423),#6442,.F.);
#6423 = FACE_BOUND('',#6424,.T.);
#6424 = EDGE_LOOP('',(#6425,#6426,#6434,#6441));
#6425 = ORIENTED_EDGE('',*,*,#5655,.F.);
#6426 = ORIENTED_EDGE('',*,*,#6427,.T.);
#6427 = EDGE_CURVE('',#5656,#6428,#6430,.T.);
#6428 = VERTEX_POINT('',#6429);
#6429 = CARTESIAN_POINT('',(179.1014713211,-27.,-8.460777494851));
#6430 = LINE('',#6431,#6432);
#6431 = CARTESIAN_POINT('',(179.1014713211,-1.878669996203E-15,
    -8.460777494851));
#6432 = VECTOR('',#6433,1.);
#6433 = DIRECTION('',(0.,-1.,2.22044604925E-16));
#6434 = ORIENTED_EDGE('',*,*,#6435,.F.);
#6435 = EDGE_CURVE('',#6428,#6428,#6436,.T.);
#6436 = CIRCLE('',#6437,1.1);
#6437 = AXIS2_PLACEMENT_3D('',#6438,#6439,#6440);
#6438 = CARTESIAN_POINT('',(178.0014713211,-27.,-8.460777494851));
#6439 = DIRECTION('',(0.,1.,-2.22044604925E-16));
#6440 = DIRECTION('',(1.,0.,0.));
#6441 = ORIENTED_EDGE('',*,*,#6427,.F.);
#6442 = CYLINDRICAL_SURFACE('',#6443,1.1);
#6443 = AXIS2_PLACEMENT_3D('',#6444,#6445,#6446);
#6444 = CARTESIAN_POINT('',(178.0014713211,-1.878669996203E-15,
    -8.460777494851));
#6445 = DIRECTION('',(0.,1.,-2.22044604925E-16));
#6446 = DIRECTION('',(1.,0.,0.));
#6447 = ADVANCED_FACE('',(#6448),#6459,.F.);
#6448 = FACE_BOUND('',#6449,.F.);
#6449 = EDGE_LOOP('',(#6450,#6451,#6457,#6458));
#6450 = ORIENTED_EDGE('',*,*,#5994,.F.);
#6451 = ORIENTED_EDGE('',*,*,#6452,.T.);
#6452 = EDGE_CURVE('',#5995,#5728,#6453,.T.);
#6453 = LINE('',#6454,#6455);
#6454 = CARTESIAN_POINT('',(316.976573,-23.836875,0.));
#6455 = VECTOR('',#6456,1.);
#6456 = DIRECTION('',(-0.,-0.,-1.));
#6457 = ORIENTED_EDGE('',*,*,#5727,.T.);
#6458 = ORIENTED_EDGE('',*,*,#6452,.F.);
#6459 = CYLINDRICAL_SURFACE('',#6460,1.1);
#6460 = AXIS2_PLACEMENT_3D('',#6461,#6462,#6463);
#6461 = CARTESIAN_POINT('',(315.876573,-23.836875,0.));
#6462 = DIRECTION('',(0.,0.,1.));
#6463 = DIRECTION('',(1.,0.,0.));
#6464 = ADVANCED_FACE('',(#6465),#6476,.F.);
#6465 = FACE_BOUND('',#6466,.F.);
#6466 = EDGE_LOOP('',(#6467,#6468,#6474,#6475));
#6467 = ORIENTED_EDGE('',*,*,#5983,.F.);
#6468 = ORIENTED_EDGE('',*,*,#6469,.T.);
#6469 = EDGE_CURVE('',#5984,#5748,#6470,.T.);
#6470 = LINE('',#6471,#6472);
#6471 = CARTESIAN_POINT('',(316.976573,-68.936875,0.));
#6472 = VECTOR('',#6473,1.);
#6473 = DIRECTION('',(-0.,-0.,-1.));
#6474 = ORIENTED_EDGE('',*,*,#5747,.T.);
#6475 = ORIENTED_EDGE('',*,*,#6469,.F.);
#6476 = CYLINDRICAL_SURFACE('',#6477,1.1);
#6477 = AXIS2_PLACEMENT_3D('',#6478,#6479,#6480);
#6478 = CARTESIAN_POINT('',(315.876573,-68.936875,0.));
#6479 = DIRECTION('',(0.,0.,1.));
#6480 = DIRECTION('',(1.,0.,0.));
#6481 = ADVANCED_FACE('',(#6482),#6493,.F.);
#6482 = FACE_BOUND('',#6483,.F.);
#6483 = EDGE_LOOP('',(#6484,#6485,#6491,#6492));
#6484 = ORIENTED_EDGE('',*,*,#5950,.F.);
#6485 = ORIENTED_EDGE('',*,*,#6486,.T.);
#6486 = EDGE_CURVE('',#5951,#5768,#6487,.T.);
#6487 = LINE('',#6488,#6489);
#6488 = CARTESIAN_POINT('',(316.976573,-109.274375,0.));
#6489 = VECTOR('',#6490,1.);
#6490 = DIRECTION('',(-0.,-0.,-1.));
#6491 = ORIENTED_EDGE('',*,*,#5767,.T.);
#6492 = ORIENTED_EDGE('',*,*,#6486,.F.);
#6493 = CYLINDRICAL_SURFACE('',#6494,1.1);
#6494 = AXIS2_PLACEMENT_3D('',#6495,#6496,#6497);
#6495 = CARTESIAN_POINT('',(315.876573,-109.274375,0.));
#6496 = DIRECTION('',(0.,0.,1.));
#6497 = DIRECTION('',(1.,0.,0.));
#6498 = ADVANCED_FACE('',(#6499),#6510,.F.);
#6499 = FACE_BOUND('',#6500,.F.);
#6500 = EDGE_LOOP('',(#6501,#6502,#6508,#6509));
#6501 = ORIENTED_EDGE('',*,*,#5972,.F.);
#6502 = ORIENTED_EDGE('',*,*,#6503,.T.);
#6503 = EDGE_CURVE('',#5973,#5788,#6504,.T.);
#6504 = LINE('',#6505,#6506);
#6505 = CARTESIAN_POINT('',(30.09563,-23.836875,0.));
#6506 = VECTOR('',#6507,1.);
#6507 = DIRECTION('',(-0.,-0.,-1.));
#6508 = ORIENTED_EDGE('',*,*,#5787,.T.);
#6509 = ORIENTED_EDGE('',*,*,#6503,.F.);
#6510 = CYLINDRICAL_SURFACE('',#6511,1.1);
#6511 = AXIS2_PLACEMENT_3D('',#6512,#6513,#6514);
#6512 = CARTESIAN_POINT('',(28.99563,-23.836875,0.));
#6513 = DIRECTION('',(0.,0.,1.));
#6514 = DIRECTION('',(1.,0.,0.));
#6515 = ADVANCED_FACE('',(#6516),#6527,.F.);
#6516 = FACE_BOUND('',#6517,.F.);
#6517 = EDGE_LOOP('',(#6518,#6519,#6525,#6526));
#6518 = ORIENTED_EDGE('',*,*,#5939,.F.);
#6519 = ORIENTED_EDGE('',*,*,#6520,.T.);
#6520 = EDGE_CURVE('',#5940,#5808,#6521,.T.);
#6521 = LINE('',#6522,#6523);
#6522 = CARTESIAN_POINT('',(171.1,-120.,0.));
#6523 = VECTOR('',#6524,1.);
#6524 = DIRECTION('',(-0.,-0.,-1.));
#6525 = ORIENTED_EDGE('',*,*,#5807,.T.);
#6526 = ORIENTED_EDGE('',*,*,#6520,.F.);
#6527 = CYLINDRICAL_SURFACE('',#6528,1.1);
#6528 = AXIS2_PLACEMENT_3D('',#6529,#6530,#6531);
#6529 = CARTESIAN_POINT('',(170.,-120.,0.));
#6530 = DIRECTION('',(0.,0.,1.));
#6531 = DIRECTION('',(1.,0.,0.));
#6532 = ADVANCED_FACE('',(#6533),#6544,.F.);
#6533 = FACE_BOUND('',#6534,.F.);
#6534 = EDGE_LOOP('',(#6535,#6536,#6542,#6543));
#6535 = ORIENTED_EDGE('',*,*,#5961,.F.);
#6536 = ORIENTED_EDGE('',*,*,#6537,.T.);
#6537 = EDGE_CURVE('',#5962,#5828,#6538,.T.);
#6538 = LINE('',#6539,#6540);
#6539 = CARTESIAN_POINT('',(30.09563,-68.936875,0.));
#6540 = VECTOR('',#6541,1.);
#6541 = DIRECTION('',(-0.,-0.,-1.));
#6542 = ORIENTED_EDGE('',*,*,#5827,.T.);
#6543 = ORIENTED_EDGE('',*,*,#6537,.F.);
#6544 = CYLINDRICAL_SURFACE('',#6545,1.1);
#6545 = AXIS2_PLACEMENT_3D('',#6546,#6547,#6548);
#6546 = CARTESIAN_POINT('',(28.99563,-68.936875,0.));
#6547 = DIRECTION('',(0.,0.,1.));
#6548 = DIRECTION('',(1.,0.,0.));
#6549 = ADVANCED_FACE('',(#6550),#6561,.F.);
#6550 = FACE_BOUND('',#6551,.F.);
#6551 = EDGE_LOOP('',(#6552,#6553,#6559,#6560));
#6552 = ORIENTED_EDGE('',*,*,#5928,.F.);
#6553 = ORIENTED_EDGE('',*,*,#6554,.T.);
#6554 = EDGE_CURVE('',#5929,#5848,#6555,.T.);
#6555 = LINE('',#6556,#6557);
#6556 = CARTESIAN_POINT('',(30.09563,-109.274375,0.));
#6557 = VECTOR('',#6558,1.);
#6558 = DIRECTION('',(-0.,-0.,-1.));
#6559 = ORIENTED_EDGE('',*,*,#5847,.T.);
#6560 = ORIENTED_EDGE('',*,*,#6554,.F.);
#6561 = CYLINDRICAL_SURFACE('',#6562,1.1);
#6562 = AXIS2_PLACEMENT_3D('',#6563,#6564,#6565);
#6563 = CARTESIAN_POINT('',(28.99563,-109.274375,0.));
#6564 = DIRECTION('',(0.,0.,1.));
#6565 = DIRECTION('',(1.,0.,0.));
#6566 = ADVANCED_FACE('',(#6567),#6675,.T.);
#6567 = FACE_BOUND('',#6568,.T.);
#6568 = EDGE_LOOP('',(#6569,#6570,#6578,#6669));
#6569 = ORIENTED_EDGE('',*,*,#5864,.F.);
#6570 = ORIENTED_EDGE('',*,*,#6571,.T.);
#6571 = EDGE_CURVE('',#5865,#6572,#6574,.T.);
#6572 = VERTEX_POINT('',#6573);
#6573 = CARTESIAN_POINT('',(33.188797612818,-84.4971494985,
    -6.835854104541));
#6574 = LINE('',#6575,#6576);
#6575 = CARTESIAN_POINT('',(33.188797612818,-84.4971494985,-6.2));
#6576 = VECTOR('',#6577,1.);
#6577 = DIRECTION('',(-0.,-0.,-1.));
#6578 = ORIENTED_EDGE('',*,*,#6579,.T.);
#6579 = EDGE_CURVE('',#6572,#6580,#6582,.T.);
#6580 = VERTEX_POINT('',#6581);
#6581 = CARTESIAN_POINT('',(33.188797612818,-18.37340588295,
    -11.99196929358));
#6582 = B_SPLINE_CURVE_WITH_KNOTS('',8,(#6583,#6584,#6585,#6586,#6587,
    #6588,#6589,#6590,#6591,#6592,#6593,#6594,#6595,#6596,#6597,#6598,
    #6599,#6600,#6601,#6602,#6603,#6604,#6605,#6606,#6607,#6608,#6609,
    #6610,#6611,#6612,#6613,#6614,#6615,#6616,#6617,#6618,#6619,#6620,
    #6621,#6622,#6623,#6624,#6625,#6626,#6627,#6628,#6629,#6630,#6631,
    #6632,#6633,#6634,#6635,#6636,#6637,#6638,#6639,#6640,#6641,#6642,
    #6643,#6644,#6645,#6646,#6647,#6648,#6649,#6650,#6651,#6652,#6653,
    #6654,#6655,#6656,#6657,#6658,#6659,#6660,#6661,#6662,#6663,#6664,
    #6665,#6666,#6667,#6668),.UNSPECIFIED.,.F.,.F.,(9,7,7,7,7,7,7,7,7,7,
    7,7,9),(0.,0.158726487413,0.214182996937,0.255658059681,
    0.286383238601,0.316913933458,0.332023607906,0.360616509355,
    0.367228893622,0.42434368382,0.541035173958,0.767099336225,1.),
  .UNSPECIFIED.);
#6583 = CARTESIAN_POINT('',(33.188797612818,-87.4971494985,
    -6.705994645705));
#6584 = CARTESIAN_POINT('',(33.188797612818,-86.16616695885,
    -6.758038457276));
#6585 = CARTESIAN_POINT('',(33.188797612818,-84.83546503563,
    -6.815271004327));
#6586 = CARTESIAN_POINT('',(33.188797612818,-83.5050240191,
    -6.878409355071));
#6587 = CARTESIAN_POINT('',(33.188797612818,-82.17488958976,
    -6.948366915647));
#6588 = CARTESIAN_POINT('',(33.188797612818,-80.84517507769,
    -7.026294918924));
#6589 = CARTESIAN_POINT('',(33.188797612818,-79.51607742279,
    -7.11380991167));
#6590 = CARTESIAN_POINT('',(33.188797612818,-78.18788314819,
    -7.213091253245));
#6591 = CARTESIAN_POINT('',(33.188797612818,-76.39746681135,
    -7.368180892162));
#6592 = CARTESIAN_POINT('',(33.188797612818,-75.93406621125,
    -7.410246660099));
#6593 = CARTESIAN_POINT('',(33.188797612818,-75.47086106829,
    -7.454387866126));
#6594 = CARTESIAN_POINT('',(33.188797612818,-75.00787982088,
    -7.500795301772));
#6595 = CARTESIAN_POINT('',(33.188797612818,-74.54516058811,
    -7.549690564004));
#6596 = CARTESIAN_POINT('',(33.188797612818,-74.08275210864,
    -7.60133458682));
#6597 = CARTESIAN_POINT('',(33.188797612818,-73.62071498952,
    -7.656039031518));
#6598 = CARTESIAN_POINT('',(33.188797612818,-72.81390597864,
    -7.757663664175));
#6599 = CARTESIAN_POINT('',(33.188797612818,-72.4689428083,
    -7.803068342799));
#6600 = CARTESIAN_POINT('',(33.188797612818,-72.12426353207,
    -7.850553266694));
#6601 = CARTESIAN_POINT('',(33.188797612818,-71.77990740161,
    -7.90029380617));
#6602 = CARTESIAN_POINT('',(33.188797612818,-71.43592440831,
    -7.952489557764));
#6603 = CARTESIAN_POINT('',(33.188797612818,-71.09237552196,
    -8.007365849401));
#6604 = CARTESIAN_POINT('',(33.188797612818,-70.74933190222,
    -8.065169199595));
#6605 = CARTESIAN_POINT('',(33.188797612818,-70.15317585339,
    -8.171336959066));
#6606 = CARTESIAN_POINT('',(33.188797612818,-69.89979930092,
    -8.218264365792));
#6607 = CARTESIAN_POINT('',(33.188797612818,-69.64677949257,
    -8.267042926161));
#6608 = CARTESIAN_POINT('',(33.188797612818,-69.3941551964,
    -8.317776132922));
#6609 = CARTESIAN_POINT('',(33.188797612818,-69.14196769404,
    -8.370566102402));
#6610 = CARTESIAN_POINT('',(33.188797612818,-68.8902584434,
    -8.425502875188));
#6611 = CARTESIAN_POINT('',(33.188797612818,-68.63906459136,
    -8.482643911377));
#6612 = CARTESIAN_POINT('',(33.188797612818,-68.13934665846,
    -8.600948040278));
#6613 = CARTESIAN_POINT('',(33.188797612818,-67.89080611798,
    -8.662085454619));
#6614 = CARTESIAN_POINT('',(33.188797612818,-67.64282627966,
    -8.725388584965));
#6615 = CARTESIAN_POINT('',(33.188797612818,-67.39541726136,
    -8.790788162896));
#6616 = CARTESIAN_POINT('',(33.188797612818,-67.14855719665,
    -8.858129710852));
#6617 = CARTESIAN_POINT('',(33.188797612818,-66.90217822662,
    -8.927122938554));
#6618 = CARTESIAN_POINT('',(33.188797612818,-66.65616083458,
    -8.997320491392));
#6619 = CARTESIAN_POINT('',(33.188797612818,-66.28870144175,
    -9.103252375971));
#6620 = CARTESIAN_POINT('',(33.188797612818,-66.16710107977,
    -9.13848498586));
#6621 = CARTESIAN_POINT('',(33.188797612818,-66.0455316451,
    -9.173815661923));
#6622 = CARTESIAN_POINT('',(33.188797612818,-65.92397173318,
    -9.209173270236));
#6623 = CARTESIAN_POINT('',(33.188797612818,-65.80239893839,
    -9.244482986817));
#6624 = CARTESIAN_POINT('',(33.188797612818,-65.68079065129,
    -9.279668946642));
#6625 = CARTESIAN_POINT('',(33.188797612818,-65.55912485583,
    -9.314656892666));
#6626 = CARTESIAN_POINT('',(33.188797612818,-65.20699792388,
    -9.415079338961));
#6627 = CARTESIAN_POINT('',(33.188797612818,-64.97633102934,
    -9.479823221914));
#6628 = CARTESIAN_POINT('',(33.188797612818,-64.74525139259,
    -9.543132735758));
#6629 = CARTESIAN_POINT('',(33.188797612818,-64.51365167362,
    -9.604581546851));
#6630 = CARTESIAN_POINT('',(33.188797612818,-64.2814666313,
    -9.663867478243));
#6631 = CARTESIAN_POINT('',(33.188797612818,-64.04867511944,
    -9.72081735988));
#6632 = CARTESIAN_POINT('',(33.188797612818,-63.81529229404,
    -9.775356310979));
#6633 = CARTESIAN_POINT('',(33.188797612818,-63.5272619292,
    -9.839528920953));
#6634 = CARTESIAN_POINT('',(33.188797612818,-63.47273837402,
    -9.851540909935));
#6635 = CARTESIAN_POINT('',(33.188797612818,-63.41777692065,
    -9.86351057588));
#6636 = CARTESIAN_POINT('',(33.188797612818,-63.36236471738,
    -9.875438082873));
#6637 = CARTESIAN_POINT('',(33.188797612818,-63.30648894596,
    -9.887323036397));
#6638 = CARTESIAN_POINT('',(33.188797612818,-63.25013674808,
    -9.899164077497));
#6639 = CARTESIAN_POINT('',(33.188797612818,-63.19329544211,
    -9.910959973799));
#6640 = CARTESIAN_POINT('',(33.188797612818,-62.64065516556,
    -10.02422269561));
#6641 = CARTESIAN_POINT('',(33.188797612818,-62.14320320339,
    -10.11529257624));
#6642 = CARTESIAN_POINT('',(33.188797612818,-61.64428084295,
    -10.19856296687));
#6643 = CARTESIAN_POINT('',(33.188797612818,-61.14428656125,
    -10.27536695199));
#6644 = CARTESIAN_POINT('',(33.188797612818,-60.64351160832,
    -10.34677121395));
#6645 = CARTESIAN_POINT('',(33.188797612818,-60.1421237793,
    -10.41349490629));
#6646 = CARTESIAN_POINT('',(33.188797612818,-59.64020995641,
    -10.47614074146));
#6647 = CARTESIAN_POINT('',(33.188797612818,-58.11123640398,
    -10.65580086098));
#6648 = CARTESIAN_POINT('',(33.188797612818,-57.08290999685,
    -10.76132076201));
#6649 = CARTESIAN_POINT('',(33.188797612818,-56.05339724868,
    -10.8557253764));
#6650 = CARTESIAN_POINT('',(33.188797612818,-55.02304960758,
    -10.94096973703));
#6651 = CARTESIAN_POINT('',(33.188797612818,-53.99212108431,
    -11.01862505343));
#6652 = CARTESIAN_POINT('',(33.188797612818,-52.9607511508,
    -11.08972635388));
#6653 = CARTESIAN_POINT('',(33.188797612818,-51.92900310288,
    -11.15514114057));
#6654 = CARTESIAN_POINT('',(33.188797612818,-48.89730475104,
    -11.33253875328));
#6655 = CARTESIAN_POINT('',(33.188797612818,-46.89662438453,
    -11.43068567492));
#6656 = CARTESIAN_POINT('',(33.188797612818,-44.89521488449,
    -11.5148433664));
#6657 = CARTESIAN_POINT('',(33.188797612818,-42.89331978641,
    -11.58749974037));
#6658 = CARTESIAN_POINT('',(33.188797612818,-40.89111076956,
    -11.65062305045));
#6659 = CARTESIAN_POINT('',(33.188797612818,-38.88868058967,
    -11.70554281568));
#6660 = CARTESIAN_POINT('',(33.188797612818,-36.88606350318,
    -11.75336075594));
#6661 = CARTESIAN_POINT('',(33.188797612818,-32.81983362288,
    -11.83775878721));
#6662 = CARTESIAN_POINT('',(33.188797612818,-30.7562803469,
    -11.87395485745));
#6663 = CARTESIAN_POINT('',(33.188797612818,-28.69261338443,
    -11.90445955191));
#6664 = CARTESIAN_POINT('',(33.188797612818,-26.62886388326,
    -11.92997250036));
#6665 = CARTESIAN_POINT('',(33.188797612818,-24.56505528965,
    -11.95105285518));
#6666 = CARTESIAN_POINT('',(33.188797612818,-22.50120402773,
    -11.96816395012));
#6667 = CARTESIAN_POINT('',(33.188797612818,-20.43731978205,
    -11.98169212922));
#6668 = CARTESIAN_POINT('',(33.188797612818,-18.37340588295,
    -11.99196929358));
#6669 = ORIENTED_EDGE('',*,*,#6670,.F.);
#6670 = EDGE_CURVE('',#5867,#6580,#6671,.T.);
#6671 = LINE('',#6672,#6673);
#6672 = CARTESIAN_POINT('',(33.188797612818,-18.37340588295,0.));
#6673 = VECTOR('',#6674,1.);
#6674 = DIRECTION('',(-0.,-0.,-1.));
#6675 = PLANE('',#6676);
#6676 = AXIS2_PLACEMENT_3D('',#6677,#6678,#6679);
#6677 = CARTESIAN_POINT('',(33.188797612818,-87.4971494985,0.));
#6678 = DIRECTION('',(1.,0.,0.));
#6679 = DIRECTION('',(0.,1.,0.));
#6680 = ADVANCED_FACE('',(#6681),#6726,.F.);
#6681 = FACE_BOUND('',#6682,.T.);
#6682 = EDGE_LOOP('',(#6683,#6684,#6692,#6725));
#6683 = ORIENTED_EDGE('',*,*,#5919,.T.);
#6684 = ORIENTED_EDGE('',*,*,#6685,.T.);
#6685 = EDGE_CURVE('',#5912,#6686,#6688,.T.);
#6686 = VERTEX_POINT('',#6687);
#6687 = CARTESIAN_POINT('',(36.188797612818,-87.4971494985,
    -6.706083632454));
#6688 = LINE('',#6689,#6690);
#6689 = CARTESIAN_POINT('',(36.188797612818,-87.4971494985,-6.2));
#6690 = VECTOR('',#6691,1.);
#6691 = DIRECTION('',(-0.,-0.,-1.));
#6692 = ORIENTED_EDGE('',*,*,#6693,.F.);
#6693 = EDGE_CURVE('',#6572,#6686,#6694,.T.);
#6694 = B_SPLINE_CURVE_WITH_KNOTS('',8,(#6695,#6696,#6697,#6698,#6699,
    #6700,#6701,#6702,#6703,#6704,#6705,#6706,#6707,#6708,#6709,#6710,
    #6711,#6712,#6713,#6714,#6715,#6716,#6717,#6718,#6719,#6720,#6721,
    #6722,#6723,#6724),.UNSPECIFIED.,.F.,.F.,(9,7,7,7,9),(0.,
    0.202421763364,0.329724114414,0.496016804655,1.),.UNSPECIFIED.);
#6695 = CARTESIAN_POINT('',(33.188797612818,-84.4971494985,
    -6.835854111175));
#6696 = CARTESIAN_POINT('',(33.188797612818,-84.63973748469,
    -6.829032985251));
#6697 = CARTESIAN_POINT('',(33.196543174901,-84.7823787016,
    -6.82228637143));
#6698 = CARTESIAN_POINT('',(33.21204304847,-84.92403566352,
    -6.815662683131));
#6699 = CARTESIAN_POINT('',(33.235106159944,-85.063806467,
    -6.809200719803));
#6700 = CARTESIAN_POINT('',(33.265398596564,-85.20091242938,
    -6.802931164619));
#6701 = CARTESIAN_POINT('',(33.302486611033,-85.3346880278,
    -6.796877858375));
#6702 = CARTESIAN_POINT('',(33.345865646999,-85.46457313857,
    -6.791058849584));
#6703 = CARTESIAN_POINT('',(33.425860331011,-85.66905575383,
    -6.781983242561));
#6704 = CARTESIAN_POINT('',(33.459024206892,-85.74631415891,
    -6.778575734231));
#6705 = CARTESIAN_POINT('',(33.494340614469,-85.82179157698,
    -6.775266934723));
#6706 = CARTESIAN_POINT('',(33.531682587092,-85.89541679947,
    -6.772058162661));
#6707 = CARTESIAN_POINT('',(33.570924840961,-85.96713648168,
    -6.768949947819));
#6708 = CARTESIAN_POINT('',(33.611946026063,-86.03691299977,
    -6.765942162588));
#6709 = CARTESIAN_POINT('',(33.654630977116,-86.10472230784,
    -6.763034153447));
#6710 = CARTESIAN_POINT('',(33.756665448661,-86.25654362792,
    -6.75655516096));
#6711 = CARTESIAN_POINT('',(33.817109839836,-86.33915007407,
    -6.753054216653));
#6712 = CARTESIAN_POINT('',(33.879971023328,-86.41835100654,
    -6.749719318943));
#6713 = CARTESIAN_POINT('',(33.945029390732,-86.49414566637,
    -6.746547178328));
#6714 = CARTESIAN_POINT('',(34.012082457454,-86.56654967833,
    -6.743534070483));
#6715 = CARTESIAN_POINT('',(34.080946480206,-86.63559206669,
    -6.740675970388));
#6716 = CARTESIAN_POINT('',(34.151458074514,-86.70131227095,
    -6.73796868644));
#6717 = CARTESIAN_POINT('',(34.441740024078,-86.95300886903,
    -6.727647306695));
#6718 = CARTESIAN_POINT('',(34.673393655213,-87.11179169608,
    -6.721248818561));
#6719 = CARTESIAN_POINT('',(34.914925857641,-87.24207208244,
    -6.716066743631));
#6720 = CARTESIAN_POINT('',(35.163557563225,-87.34487087739,
    -6.7120175842));
#6721 = CARTESIAN_POINT('',(35.416925930769,-87.42120256587,
    -6.70903076482));
#6722 = CARTESIAN_POINT('',(35.673151933685,-87.47178617512,
    -6.707060241641));
#6723 = CARTESIAN_POINT('',(35.930771131694,-87.4971494985,
    -6.706075978236));
#6724 = CARTESIAN_POINT('',(36.188797612818,-87.4971494985,
    -6.706083632454));
#6725 = ORIENTED_EDGE('',*,*,#6571,.F.);
#6726 = CYLINDRICAL_SURFACE('',#6727,3.);
#6727 = AXIS2_PLACEMENT_3D('',#6728,#6729,#6730);
#6728 = CARTESIAN_POINT('',(36.188797612818,-84.4971494985,-6.2));
#6729 = DIRECTION('',(-0.,-0.,-1.));
#6730 = DIRECTION('',(-1.,0.,0.));
#6731 = ADVANCED_FACE('',(#6732),#6748,.F.);
#6732 = FACE_BOUND('',#6733,.F.);
#6733 = EDGE_LOOP('',(#6734,#6735,#6736,#6747));
#6734 = ORIENTED_EDGE('',*,*,#5874,.F.);
#6735 = ORIENTED_EDGE('',*,*,#6256,.T.);
#6736 = ORIENTED_EDGE('',*,*,#6737,.T.);
#6737 = EDGE_CURVE('',#6257,#6580,#6738,.T.);
#6738 = B_SPLINE_CURVE_WITH_KNOTS('',7,(#6739,#6740,#6741,#6742,#6743,
    #6744,#6745,#6746),.UNSPECIFIED.,.F.,.F.,(8,8),(0.,1.),
  .PIECEWISE_BEZIER_KNOTS.);
#6739 = CARTESIAN_POINT('',(105.53536496145,-23.16522703615,
    -11.96042191615));
#6740 = CARTESIAN_POINT('',(95.263752880311,-21.28084488591,
    -11.97627055159));
#6741 = CARTESIAN_POINT('',(84.955113789391,-19.80017324012,
    -11.98541837851));
#6742 = CARTESIAN_POINT('',(74.619140509635,-18.71983578025,
    -11.99078171184));
#6743 = CARTESIAN_POINT('',(64.265322476473,-18.03765252289,
    -11.99371250151));
#6744 = CARTESIAN_POINT('',(53.902955508664,-17.75244942343,
    -11.99493192218));
#6745 = CARTESIAN_POINT('',(43.541143744803,-17.86404816978,
    -11.99454471857));
#6746 = CARTESIAN_POINT('',(33.188797612818,-18.37340588295,
    -11.99196929358));
#6747 = ORIENTED_EDGE('',*,*,#6670,.F.);
#6748 = CYLINDRICAL_SURFACE('',#6749,315.11657100582);
#6749 = AXIS2_PLACEMENT_3D('',#6750,#6751,#6752);
#6750 = CARTESIAN_POINT('',(48.674478257618,-333.1092427643,0.));
#6751 = DIRECTION('',(0.,0.,1.));
#6752 = DIRECTION('',(-5.85748498341E-02,0.998283019472,0.));
#6753 = ADVANCED_FACE('',(#6754),#6774,.F.);
#6754 = FACE_BOUND('',#6755,.F.);
#6755 = EDGE_LOOP('',(#6756,#6757,#6758,#6768));
#6756 = ORIENTED_EDGE('',*,*,#5911,.F.);
#6757 = ORIENTED_EDGE('',*,*,#6685,.T.);
#6758 = ORIENTED_EDGE('',*,*,#6759,.F.);
#6759 = EDGE_CURVE('',#6760,#6686,#6762,.T.);
#6760 = VERTEX_POINT('',#6761);
#6761 = CARTESIAN_POINT('',(308.67658029826,-87.4971494985,
    -6.714222001667));
#6762 = B_SPLINE_CURVE_WITH_KNOTS('',4,(#6763,#6764,#6765,#6766,#6767),
  .UNSPECIFIED.,.F.,.F.,(5,5),(0.,1.),.PIECEWISE_BEZIER_KNOTS.);
#6763 = CARTESIAN_POINT('',(311.67658029826,-87.4971494985,
    -6.714312219814));
#6764 = CARTESIAN_POINT('',(242.05463462713,-87.4971494985,
    -6.712218341953));
#6765 = CARTESIAN_POINT('',(172.43268895584,-87.4971494985,
    -6.710134173999));
#6766 = CARTESIAN_POINT('',(102.8107432844,-87.4971494985,
    -6.708059634903));
#6767 = CARTESIAN_POINT('',(33.188797612818,-87.4971494985,
    -6.705994645705));
#6768 = ORIENTED_EDGE('',*,*,#6769,.F.);
#6769 = EDGE_CURVE('',#5903,#6760,#6770,.T.);
#6770 = LINE('',#6771,#6772);
#6771 = CARTESIAN_POINT('',(308.67658029826,-87.4971494985,-6.2));
#6772 = VECTOR('',#6773,1.);
#6773 = DIRECTION('',(-0.,-0.,-1.));
#6774 = PLANE('',#6775);
#6775 = AXIS2_PLACEMENT_3D('',#6776,#6777,#6778);
#6776 = CARTESIAN_POINT('',(33.188797612818,-87.4971494985,0.));
#6777 = DIRECTION('',(0.,-1.,0.));
#6778 = DIRECTION('',(1.,0.,0.));
#6779 = ADVANCED_FACE('',(#6780),#6825,.F.);
#6780 = FACE_BOUND('',#6781,.T.);
#6781 = EDGE_LOOP('',(#6782,#6783,#6791,#6824));
#6782 = ORIENTED_EDGE('',*,*,#5902,.T.);
#6783 = ORIENTED_EDGE('',*,*,#6784,.T.);
#6784 = EDGE_CURVE('',#5895,#6785,#6787,.T.);
#6785 = VERTEX_POINT('',#6786);
#6786 = CARTESIAN_POINT('',(311.67658029826,-84.4971494985,
    -6.846033717808));
#6787 = LINE('',#6788,#6789);
#6788 = CARTESIAN_POINT('',(311.67658029826,-84.4971494985,-6.2));
#6789 = VECTOR('',#6790,1.);
#6790 = DIRECTION('',(-0.,-0.,-1.));
#6791 = ORIENTED_EDGE('',*,*,#6792,.F.);
#6792 = EDGE_CURVE('',#6760,#6785,#6793,.T.);
#6793 = B_SPLINE_CURVE_WITH_KNOTS('',8,(#6794,#6795,#6796,#6797,#6798,
    #6799,#6800,#6801,#6802,#6803,#6804,#6805,#6806,#6807,#6808,#6809,
    #6810,#6811,#6812,#6813,#6814,#6815,#6816,#6817,#6818,#6819,#6820,
    #6821,#6822,#6823),.UNSPECIFIED.,.F.,.F.,(9,7,7,7,9),(0.,
    0.500323305202,0.668949751223,0.797563833558,1.),.UNSPECIFIED.);
#6794 = CARTESIAN_POINT('',(308.67658029826,-87.4971494985,
    -6.714222001667));
#6795 = CARTESIAN_POINT('',(308.93265675337,-87.4971494985,
    -6.714229702005));
#6796 = CARTESIAN_POINT('',(309.18836005565,-87.47216811038,
    -6.715227730774));
#6797 = CARTESIAN_POINT('',(309.4427165429,-87.42233548245,
    -6.717210909824));
#6798 = CARTESIAN_POINT('',(309.69429260562,-87.34713680103,
    -6.720208920496));
#6799 = CARTESIAN_POINT('',(309.9412535804,-87.24586775629,
    -6.724267382583));
#6800 = CARTESIAN_POINT('',(310.18129959969,-87.1175385442,
    -6.72945594564));
#6801 = CARTESIAN_POINT('',(310.41172669804,-86.96114364927,
    -6.735857393502));
#6802 = CARTESIAN_POINT('',(310.70240326134,-86.71195331279,
    -6.746229987067));
#6803 = CARTESIAN_POINT('',(310.7741476857,-86.64577459378,
    -6.748997020285));
#6804 = CARTESIAN_POINT('',(310.84421805063,-86.57618274437,
    -6.75192086378));
#6805 = CARTESIAN_POINT('',(310.91244544069,-86.50313593048,
    -6.755005955962));
#6806 = CARTESIAN_POINT('',(310.97863949651,-86.42660305049,
    -6.75825656775));
#6807 = CARTESIAN_POINT('',(311.04259010449,-86.3465668872,
    -6.76167665979));
#6808 = CARTESIAN_POINT('',(311.10406908648,-86.26302725966,
    -6.765269739679));
#6809 = CARTESIAN_POINT('',(311.20765121743,-86.10963027926,
    -6.771913380012));
#6810 = CARTESIAN_POINT('',(311.25088736251,-86.04123429631,
    -6.774890179998));
#6811 = CARTESIAN_POINT('',(311.29243048159,-85.97082889625,
    -6.77797022564));
#6812 = CARTESIAN_POINT('',(311.33216190842,-85.89843860539,
    -6.781154209785));
#6813 = CARTESIAN_POINT('',(311.36995651921,-85.82410206063,
    -6.784442271393));
#6814 = CARTESIAN_POINT('',(311.40568509829,-85.74787426358,
    -6.787833855297));
#6815 = CARTESIAN_POINT('',(311.43921670367,-85.66982883484,
    -6.791327571972));
#6816 = CARTESIAN_POINT('',(311.51953606455,-85.46450603228,
    -6.800577136162));
#6817 = CARTESIAN_POINT('',(311.56291676279,-85.33460456583,
    -6.806483903356));
#6818 = CARTESIAN_POINT('',(311.60000265713,-85.20081852906,
    -6.812627963176));
#6819 = CARTESIAN_POINT('',(311.63028989056,-85.06371015962,
    -6.818990892306));
#6820 = CARTESIAN_POINT('',(311.65334609138,-84.92394665626,
    -6.825548403605));
#6821 = CARTESIAN_POINT('',(311.6688392068,-84.78230787297,
    -6.832269284307));
#6822 = CARTESIAN_POINT('',(311.67658029826,-84.63969632385,
    -6.839114108621));
#6823 = CARTESIAN_POINT('',(311.67658029826,-84.4971494985,
    -6.846033724722));
#6824 = ORIENTED_EDGE('',*,*,#6769,.F.);
#6825 = CYLINDRICAL_SURFACE('',#6826,3.);
#6826 = AXIS2_PLACEMENT_3D('',#6827,#6828,#6829);
#6827 = CARTESIAN_POINT('',(308.67658029826,-84.4971494985,-6.2));
#6828 = DIRECTION('',(-0.,-0.,-1.));
#6829 = DIRECTION('',(0.,-1.,0.));
#6830 = ADVANCED_FACE('',(#6831),#6925,.F.);
#6831 = FACE_BOUND('',#6832,.F.);
#6832 = EDGE_LOOP('',(#6833,#6834,#6835,#6924));
#6833 = ORIENTED_EDGE('',*,*,#5894,.F.);
#6834 = ORIENTED_EDGE('',*,*,#6784,.T.);
#6835 = ORIENTED_EDGE('',*,*,#6836,.T.);
#6836 = EDGE_CURVE('',#6785,#6013,#6837,.T.);
#6837 = B_SPLINE_CURVE_WITH_KNOTS('',8,(#6838,#6839,#6840,#6841,#6842,
    #6843,#6844,#6845,#6846,#6847,#6848,#6849,#6850,#6851,#6852,#6853,
    #6854,#6855,#6856,#6857,#6858,#6859,#6860,#6861,#6862,#6863,#6864,
    #6865,#6866,#6867,#6868,#6869,#6870,#6871,#6872,#6873,#6874,#6875,
    #6876,#6877,#6878,#6879,#6880,#6881,#6882,#6883,#6884,#6885,#6886,
    #6887,#6888,#6889,#6890,#6891,#6892,#6893,#6894,#6895,#6896,#6897,
    #6898,#6899,#6900,#6901,#6902,#6903,#6904,#6905,#6906,#6907,#6908,
    #6909,#6910,#6911,#6912,#6913,#6914,#6915,#6916,#6917,#6918,#6919,
    #6920,#6921,#6922,#6923),.UNSPECIFIED.,.F.,.F.,(9,7,7,7,7,7,7,7,7,7,
    7,7,9),(0.,0.158351819225,0.213012782005,0.254705538424,
    0.282928439287,0.31342620341,0.328519580402,0.357081641244,
    0.363686893323,0.420740078898,0.537305704349,0.763126031396,1.),
  .UNSPECIFIED.);
#6838 = CARTESIAN_POINT('',(311.67658029826,-87.4971494985,
    -6.714312219814));
#6839 = CARTESIAN_POINT('',(311.67658029826,-86.16790174517,
    -6.767015328558));
#6840 = CARTESIAN_POINT('',(311.67658029826,-84.83894480457,
    -6.824979975517));
#6841 = CARTESIAN_POINT('',(311.67658029826,-83.51025627345,
    -6.888939234297));
#6842 = CARTESIAN_POINT('',(311.67658029826,-82.18188258498,
    -6.959828638349));
#6843 = CARTESIAN_POINT('',(311.67658029826,-80.8539413514,
    -7.038828587022));
#6844 = CARTESIAN_POINT('',(311.67658029826,-79.52663832013,
    -7.127602259628));
#6845 = CARTESIAN_POINT('',(311.67658029826,-78.20027358248,
    -7.228395080388));
#6846 = CARTESIAN_POINT('',(311.67658029826,-76.41796609548,
    -7.38557306965));
#6847 = CARTESIAN_POINT('',(311.67658029826,-75.96078959352,
    -7.427818043692));
#6848 = CARTESIAN_POINT('',(311.67658029826,-75.50381223433,
    -7.472140551428));
#6849 = CARTESIAN_POINT('',(311.67658029826,-75.04706296118,
    -7.518731361369));
#6850 = CARTESIAN_POINT('',(311.67658029826,-74.59058052662,
    -7.567811977565));
#6851 = CARTESIAN_POINT('',(311.67658029826,-74.13441442944,
    -7.619643006542));
#6852 = CARTESIAN_POINT('',(311.67658029826,-73.67862613349,
    -7.674535103078));
#6853 = CARTESIAN_POINT('',(311.67658029826,-72.87598247454,
    -7.7773518271));
#6854 = CARTESIAN_POINT('',(311.67658029826,-72.52894298119,
    -7.823838770221));
#6855 = CARTESIAN_POINT('',(311.67658029826,-72.18220412896,
    -7.872490768321));
#6856 = CARTESIAN_POINT('',(311.67658029826,-71.83580811154,
    -7.923492336858));
#6857 = CARTESIAN_POINT('',(311.67658029826,-71.48980876796,
    -7.97705374093));
#6858 = CARTESIAN_POINT('',(311.67658029826,-71.14427174947,
    -8.033412021637));
#6859 = CARTESIAN_POINT('',(311.67658029826,-70.79927336097,
    -8.092824370488));
#6860 = CARTESIAN_POINT('',(311.67658029826,-70.22178157611,
    -8.198017053736));
#6861 = CARTESIAN_POINT('',(311.67658029826,-69.9889507144,
    -8.241999962192));
#6862 = CARTESIAN_POINT('',(311.67658029826,-69.75643459921,
    -8.287583438687));
#6863 = CARTESIAN_POINT('',(311.67658029826,-69.52426405086,
    -8.334847109585));
#6864 = CARTESIAN_POINT('',(311.67658029826,-69.29247122865,
    -8.383867654789));
#6865 = CARTESIAN_POINT('',(311.67658029826,-69.06108789133,
    -8.434710902833));
#6866 = CARTESIAN_POINT('',(311.67658029826,-68.83014229233,
    -8.487417732423));
#6867 = CARTESIAN_POINT('',(311.67658029826,-68.35058903168,
    -8.600948040278));
#6868 = CARTESIAN_POINT('',(311.67658029826,-68.10204849119,
    -8.66208545462));
#6869 = CARTESIAN_POINT('',(311.67658029826,-67.85406865288,
    -8.725388584964));
#6870 = CARTESIAN_POINT('',(311.67658029826,-67.60665963458,
    -8.790788162897));
#6871 = CARTESIAN_POINT('',(311.67658029826,-67.35979956987,
    -8.858129710853));
#6872 = CARTESIAN_POINT('',(311.67658029826,-67.11342059984,
    -8.927122938553));
#6873 = CARTESIAN_POINT('',(311.67658029826,-66.8674032078,
    -8.997320491393));
#6874 = CARTESIAN_POINT('',(311.67658029826,-66.49994381497,
    -9.103252375971));
#6875 = CARTESIAN_POINT('',(311.67658029826,-66.37834345299,
    -9.13848498586));
#6876 = CARTESIAN_POINT('',(311.67658029826,-66.25677401832,
    -9.173815661923));
#6877 = CARTESIAN_POINT('',(311.67658029826,-66.13521410639,
    -9.209173270236));
#6878 = CARTESIAN_POINT('',(311.67658029826,-66.01364131161,
    -9.244482986817));
#6879 = CARTESIAN_POINT('',(311.67658029826,-65.89203302451,
    -9.279668946642));
#6880 = CARTESIAN_POINT('',(311.67658029826,-65.77036722905,
    -9.314656892666));
#6881 = CARTESIAN_POINT('',(311.67658029826,-65.41824029709,
    -9.415079338962));
#6882 = CARTESIAN_POINT('',(311.67658029826,-65.18757340256,
    -9.479823221913));
#6883 = CARTESIAN_POINT('',(311.67658029826,-64.95649376581,
    -9.543132735759));
#6884 = CARTESIAN_POINT('',(311.67658029826,-64.72489404684,
    -9.604581546852));
#6885 = CARTESIAN_POINT('',(311.67658029826,-64.49270900452,
    -9.663867478243));
#6886 = CARTESIAN_POINT('',(311.67658029826,-64.25991749266,
    -9.720817359881));
#6887 = CARTESIAN_POINT('',(311.67658029826,-64.02653466726,
    -9.775356310978));
#6888 = CARTESIAN_POINT('',(311.67658029826,-63.73850430241,
    -9.839528920953));
#6889 = CARTESIAN_POINT('',(311.67658029826,-63.68398074724,
    -9.851540909935));
#6890 = CARTESIAN_POINT('',(311.67658029826,-63.62901929387,
    -9.86351057588));
#6891 = CARTESIAN_POINT('',(311.67658029826,-63.57360709059,
    -9.875438082873));
#6892 = CARTESIAN_POINT('',(311.67658029826,-63.51773131918,
    -9.887323036397));
#6893 = CARTESIAN_POINT('',(311.67658029826,-63.4613791213,
    -9.899164077497));
#6894 = CARTESIAN_POINT('',(311.67658029826,-63.40453781533,
    -9.910959973799));
#6895 = CARTESIAN_POINT('',(311.67658029826,-62.85189753879,
    -10.0242226956));
#6896 = CARTESIAN_POINT('',(311.67658029826,-62.35444557656,
    -10.11529257625));
#6897 = CARTESIAN_POINT('',(311.67658029826,-61.85552321627,
    -10.19856296686));
#6898 = CARTESIAN_POINT('',(311.67658029826,-61.35552893435,
    -10.27536695201));
#6899 = CARTESIAN_POINT('',(311.67658029826,-60.85475398163,
    -10.34677121394));
#6900 = CARTESIAN_POINT('',(311.67658029826,-60.35336615249,
    -10.4134949063));
#6901 = CARTESIAN_POINT('',(311.67658029826,-59.85145232963,
    -10.47614074146));
#6902 = CARTESIAN_POINT('',(311.67658029826,-58.32247877719,
    -10.65580086098));
#6903 = CARTESIAN_POINT('',(311.67658029826,-57.2941523701,-10.761320762
    ));
#6904 = CARTESIAN_POINT('',(311.67658029826,-56.26463962186,
    -10.85572537641));
#6905 = CARTESIAN_POINT('',(311.67658029826,-55.23429198082,
    -10.94096973702));
#6906 = CARTESIAN_POINT('',(311.67658029826,-54.20336345752,
    -11.01862505343));
#6907 = CARTESIAN_POINT('',(311.67658029826,-53.17199352402,
    -11.08972635388));
#6908 = CARTESIAN_POINT('',(311.67658029826,-52.1402454761,
    -11.15514114057));
#6909 = CARTESIAN_POINT('',(311.67658029826,-49.10854712425,
    -11.33253875328));
#6910 = CARTESIAN_POINT('',(311.67658029826,-47.10786675779,
    -11.43068567492));
#6911 = CARTESIAN_POINT('',(311.67658029826,-45.10645725761,
    -11.5148433664));
#6912 = CARTESIAN_POINT('',(311.67658029826,-43.10456215976,
    -11.58749974037));
#6913 = CARTESIAN_POINT('',(311.67658029826,-41.10235314267,
    -11.65062305045));
#6914 = CARTESIAN_POINT('',(311.67658029826,-39.09992296293,
    -11.70554281568));
#6915 = CARTESIAN_POINT('',(311.67658029826,-37.09730587639,
    -11.75336075594));
#6916 = CARTESIAN_POINT('',(311.67658029826,-32.99360821606,
    -11.8385364626));
#6917 = CARTESIAN_POINT('',(311.67658029826,-30.89258166528,
    -11.87526719577));
#6918 = CARTESIAN_POINT('',(311.67658029826,-28.79143799527,
    -11.90611563687));
#6919 = CARTESIAN_POINT('',(311.67658029826,-26.69020982598,
    -11.9318157348));
#6920 = CARTESIAN_POINT('',(311.67658029826,-24.58892161926,
    -11.95295221108));
#6921 = CARTESIAN_POINT('',(311.67658029826,-22.48759040339,
    -11.97000858557));
#6922 = CARTESIAN_POINT('',(311.67658029826,-20.38622606642,
    -11.98338695428));
#6923 = CARTESIAN_POINT('',(311.67658029826,-18.28483177247,
    -11.99343231035));
#6924 = ORIENTED_EDGE('',*,*,#6012,.F.);
#6925 = PLANE('',#6926);
#6926 = AXIS2_PLACEMENT_3D('',#6927,#6928,#6929);
#6927 = CARTESIAN_POINT('',(311.67658029826,-87.4971494985,0.));
#6928 = DIRECTION('',(1.,0.,0.));
#6929 = DIRECTION('',(0.,1.,0.));
#6930 = ADVANCED_FACE('',(#6931),#7004,.F.);
#6931 = FACE_BOUND('',#6932,.F.);
#6932 = EDGE_LOOP('',(#6933,#6934,#6935,#6936,#6937,#6962,#6972,#6998,
    #6999,#7000,#7001,#7002,#7003));
#6933 = ORIENTED_EDGE('',*,*,#6693,.F.);
#6934 = ORIENTED_EDGE('',*,*,#6579,.T.);
#6935 = ORIENTED_EDGE('',*,*,#6737,.F.);
#6936 = ORIENTED_EDGE('',*,*,#6264,.T.);
#6937 = ORIENTED_EDGE('',*,*,#6938,.T.);
#6938 = EDGE_CURVE('',#6265,#6939,#6941,.T.);
#6939 = VERTEX_POINT('',#6940);
#6940 = CARTESIAN_POINT('',(160.23318352317,-30.,-11.88270362284));
#6941 = B_SPLINE_CURVE_WITH_KNOTS('',7,(#6942,#6943,#6944,#6945,#6946,
    #6947,#6948,#6949,#6950,#6951,#6952,#6953,#6954,#6955,#6956,#6957,
    #6958,#6959,#6960,#6961),.UNSPECIFIED.,.F.,.F.,(8,6,6,8),(0.,
    0.232077188351,0.620305811114,1.),.UNSPECIFIED.);
#6942 = CARTESIAN_POINT('',(160.30917577309,-26.99936651981,
    -11.92232101632));
#6943 = CARTESIAN_POINT('',(160.30635134507,-27.09965949912,
    -11.92114426963));
#6944 = CARTESIAN_POINT('',(160.30355727528,-27.19995465643,
    -11.91995649781));
#6945 = CARTESIAN_POINT('',(160.30079182724,-27.30025184456,
    -11.91875763383));
#6946 = CARTESIAN_POINT('',(160.29805343685,-27.40055091877,
    -11.91754761061));
#6947 = CARTESIAN_POINT('',(160.29534071242,-27.50085173671,
    -11.91632636107));
#6948 = CARTESIAN_POINT('',(160.29265243459,-27.60115415849,
    -11.91509381803));
#6949 = CARTESIAN_POINT('',(160.28552963453,-27.86925067034,
    -11.9117690591));
#6950 = CARTESIAN_POINT('',(160.28114772563,-28.03664780415,
    -11.90966136589));
#6951 = CARTESIAN_POINT('',(160.27683602497,-28.20365316935,
    -11.90752673329));
#6952 = CARTESIAN_POINT('',(160.27258971549,-28.37026992134,
    -11.90536506247));
#6953 = CARTESIAN_POINT('',(160.26840477549,-28.53650063378,
    -11.90317625838));
#6954 = CARTESIAN_POINT('',(160.26427778639,-28.7023472828,
    -11.90096023099));
#6955 = CARTESIAN_POINT('',(160.25622321025,-29.02963778383,
    -11.89652287737));
#6956 = CARTESIAN_POINT('',(160.25228418589,-29.19146644327,
    -11.89429774803));
#6957 = CARTESIAN_POINT('',(160.24838624113,-29.35329687574,
    -11.89204119085));
#6958 = CARTESIAN_POINT('',(160.2445274319,-29.51512912316,
    -11.88975290285));
#6959 = CARTESIAN_POINT('',(160.24070585172,-29.67696258521,
    -11.88743253375));
#6960 = CARTESIAN_POINT('',(160.23692013409,-29.83879749388,
    -11.88507978023));
#6961 = CARTESIAN_POINT('',(160.23316883915,-30.00063348018,
    -11.88269428543));
#6962 = ORIENTED_EDGE('',*,*,#6963,.F.);
#6963 = EDGE_CURVE('',#6964,#6939,#6966,.T.);
#6964 = VERTEX_POINT('',#6965);
#6965 = CARTESIAN_POINT('',(179.76941549507,-30.,-11.88292192468));
#6966 = B_SPLINE_CURVE_WITH_KNOTS('',4,(#6967,#6968,#6969,#6970,#6971),
  .UNSPECIFIED.,.F.,.F.,(5,5),(0.,1.),.PIECEWISE_BEZIER_KNOTS.);
#6967 = CARTESIAN_POINT('',(180.0014713211,-30.,-11.8829245163));
#6968 = CARTESIAN_POINT('',(175.0014713211,-30.,-11.88286867607));
#6969 = CARTESIAN_POINT('',(170.0014713211,-30.,-11.88281281532));
#6970 = CARTESIAN_POINT('',(165.0014713211,-30.,-11.88275693404));
#6971 = CARTESIAN_POINT('',(160.0014713211,-30.,-11.88270103223));
#6972 = ORIENTED_EDGE('',*,*,#6973,.T.);
#6973 = EDGE_CURVE('',#6964,#6083,#6974,.T.);
#6974 = B_SPLINE_CURVE_WITH_KNOTS('',8,(#6975,#6976,#6977,#6978,#6979,
    #6980,#6981,#6982,#6983,#6984,#6985,#6986,#6987,#6988,#6989,#6990,
    #6991,#6992,#6993,#6994,#6995,#6996,#6997),.UNSPECIFIED.,.F.,.F.,(9,
    7,7,9),(0.,0.224207545807,0.609080626961,1.),.UNSPECIFIED.);
#6975 = CARTESIAN_POINT('',(179.76943018918,-30.00063348018,
    -11.88291259765));
#6976 = CARTESIAN_POINT('',(179.76749330214,-29.91713104218,
    -11.88414207311));
#6977 = CARTESIAN_POINT('',(179.76554741426,-29.83362890024,
    -11.8853630161));
#6978 = CARTESIAN_POINT('',(179.76359235047,-29.75012708011,
    -11.88657547083));
#6979 = CARTESIAN_POINT('',(179.76162792347,-29.6666256065,
    -11.88777948078));
#6980 = CARTESIAN_POINT('',(179.75965393368,-29.58312450305,
    -11.88897508874));
#6981 = CARTESIAN_POINT('',(179.75767016924,-29.49962379242,
    -11.89016233677));
#6982 = CARTESIAN_POINT('',(179.75567640605,-29.41612349617,
    -11.89134126622));
#6983 = CARTESIAN_POINT('',(179.75023235843,-29.18928836587,
    -11.89452144981));
#6984 = CARTESIAN_POINT('',(179.7467557609,-29.04569038712,
    -11.89651029217));
#6985 = CARTESIAN_POINT('',(179.74324129916,-28.90183088197,
    -11.89847848123));
#6986 = CARTESIAN_POINT('',(179.73968742456,-28.75771121704,
    -11.90042605201));
#6987 = CARTESIAN_POINT('',(179.73609235581,-28.61333294224,
    -11.90235303825));
#6988 = CARTESIAN_POINT('',(179.73245407897,-28.46869779079,
    -11.9042594723));
#6989 = CARTESIAN_POINT('',(179.72877034743,-28.32380767918,
    -11.90614538519));
#6990 = CARTESIAN_POINT('',(179.72124839259,-28.03124156332,
    -11.90990553353));
#6991 = CARTESIAN_POINT('',(179.71741536191,-27.88382087309,
    -11.91177573647));
#6992 = CARTESIAN_POINT('',(179.71353718056,-27.73640313658,
    -11.913621619));
#6993 = CARTESIAN_POINT('',(179.7096107798,-27.58898787451,
    -11.91544340718));
#6994 = CARTESIAN_POINT('',(179.70563341691,-27.44157684693,
    -11.91724126608));
#6995 = CARTESIAN_POINT('',(179.70160074758,-27.29416869958,
    -11.9190154426));
#6996 = CARTESIAN_POINT('',(179.69750895991,-27.1467653128,
    -11.9207660921));
#6997 = CARTESIAN_POINT('',(179.6933525238,-26.99936651981,
    -11.92249342922));
#6998 = ORIENTED_EDGE('',*,*,#6096,.T.);
#6999 = ORIENTED_EDGE('',*,*,#6049,.T.);
#7000 = ORIENTED_EDGE('',*,*,#6020,.F.);
#7001 = ORIENTED_EDGE('',*,*,#6836,.F.);
#7002 = ORIENTED_EDGE('',*,*,#6792,.F.);
#7003 = ORIENTED_EDGE('',*,*,#6759,.T.);
#7004 = SURFACE_OF_LINEAR_EXTRUSION('',#7005,#7011);
#7005 = B_SPLINE_CURVE_WITH_KNOTS('',3,(#7006,#7007,#7008,#7009,#7010),
  .UNSPECIFIED.,.F.,.F.,(4,1,4),(0.,1.,2.),.QUASI_UNIFORM_KNOTS.);
#7006 = CARTESIAN_POINT('',(24.199725365367,-16.53345545379,-12.));
#7007 = CARTESIAN_POINT('',(24.182076090779,-39.80107582272,
    -11.91168756774));
#7008 = CARTESIAN_POINT('',(24.157108673497,-72.71644489573,-10.7724));
#7009 = CARTESIAN_POINT('',(24.161103859712,-67.44945923566,-6.2));
#7010 = CARTESIAN_POINT('',(24.119089114067,-122.8388831304,-6.2));
#7011 = VECTOR('',#7012,1.);
#7012 = DIRECTION('',(-0.999999712313,7.585334997821E-04,0.));
#7013 = ADVANCED_FACE('',(#7014),#7043,.F.);
#7014 = FACE_BOUND('',#7015,.F.);
#7015 = EDGE_LOOP('',(#7016,#7025,#7033,#7040,#7041,#7042));
#7016 = ORIENTED_EDGE('',*,*,#7017,.F.);
#7017 = EDGE_CURVE('',#7018,#6964,#7020,.T.);
#7018 = VERTEX_POINT('',#7019);
#7019 = CARTESIAN_POINT('',(179.5014713211,-30.,-11.96077749485));
#7020 = CIRCLE('',#7021,0.5);
#7021 = AXIS2_PLACEMENT_3D('',#7022,#7023,#7024);
#7022 = CARTESIAN_POINT('',(179.5014713211,-30.,-11.46077749485));
#7023 = DIRECTION('',(0.,-1.,2.22044604925E-16));
#7024 = DIRECTION('',(1.,0.,0.));
#7025 = ORIENTED_EDGE('',*,*,#7026,.T.);
#7026 = EDGE_CURVE('',#7018,#7027,#7029,.T.);
#7027 = VERTEX_POINT('',#7028);
#7028 = CARTESIAN_POINT('',(179.5014713211,-27.,-11.96077749485));
#7029 = LINE('',#7030,#7031);
#7030 = CARTESIAN_POINT('',(179.5014713211,-30.,-11.96077749485));
#7031 = VECTOR('',#7032,1.);
#7032 = DIRECTION('',(0.,1.,-2.22044604925E-16));
#7033 = ORIENTED_EDGE('',*,*,#7034,.T.);
#7034 = EDGE_CURVE('',#7027,#6119,#7035,.T.);
#7035 = CIRCLE('',#7036,0.5);
#7036 = AXIS2_PLACEMENT_3D('',#7037,#7038,#7039);
#7037 = CARTESIAN_POINT('',(179.5014713211,-27.,-11.46077749485));
#7038 = DIRECTION('',(0.,-1.,2.22044604925E-16));
#7039 = DIRECTION('',(1.,0.,0.));
#7040 = ORIENTED_EDGE('',*,*,#6118,.F.);
#7041 = ORIENTED_EDGE('',*,*,#6082,.F.);
#7042 = ORIENTED_EDGE('',*,*,#6973,.F.);
#7043 = CYLINDRICAL_SURFACE('',#7044,0.5);
#7044 = AXIS2_PLACEMENT_3D('',#7045,#7046,#7047);
#7045 = CARTESIAN_POINT('',(179.5014713211,-30.,-11.46077749485));
#7046 = DIRECTION('',(0.,-1.,2.22044604925E-16));
#7047 = DIRECTION('',(1.,0.,0.));
#7048 = ADVANCED_FACE('',(#7049,#7072,#7075,#7081),#7084,.F.);
#7049 = FACE_BOUND('',#7050,.F.);
#7050 = EDGE_LOOP('',(#7051,#7052,#7053,#7054,#7055,#7063,#7070,#7071));
#7051 = ORIENTED_EDGE('',*,*,#6176,.F.);
#7052 = ORIENTED_EDGE('',*,*,#6151,.F.);
#7053 = ORIENTED_EDGE('',*,*,#6126,.F.);
#7054 = ORIENTED_EDGE('',*,*,#7034,.F.);
#7055 = ORIENTED_EDGE('',*,*,#7056,.F.);
#7056 = EDGE_CURVE('',#7057,#7027,#7059,.T.);
#7057 = VERTEX_POINT('',#7058);
#7058 = CARTESIAN_POINT('',(160.5014713211,-27.,-11.96077749485));
#7059 = LINE('',#7060,#7061);
#7060 = CARTESIAN_POINT('',(160.5014713211,-27.,-11.96077749485));
#7061 = VECTOR('',#7062,1.);
#7062 = DIRECTION('',(1.,0.,0.));
#7063 = ORIENTED_EDGE('',*,*,#7064,.F.);
#7064 = EDGE_CURVE('',#6226,#7057,#7065,.T.);
#7065 = CIRCLE('',#7066,0.5);
#7066 = AXIS2_PLACEMENT_3D('',#7067,#7068,#7069);
#7067 = CARTESIAN_POINT('',(160.5014713211,-27.,-11.46077749485));
#7068 = DIRECTION('',(0.,-1.,2.22044604925E-16));
#7069 = DIRECTION('',(1.,0.,0.));
#7070 = ORIENTED_EDGE('',*,*,#6225,.F.);
#7071 = ORIENTED_EDGE('',*,*,#6200,.F.);
#7072 = FACE_BOUND('',#7073,.F.);
#7073 = EDGE_LOOP('',(#7074));
#7074 = ORIENTED_EDGE('',*,*,#6410,.F.);
#7075 = FACE_BOUND('',#7076,.F.);
#7076 = EDGE_LOOP('',(#7077,#7078,#7079,#7080));
#7077 = ORIENTED_EDGE('',*,*,#6311,.F.);
#7078 = ORIENTED_EDGE('',*,*,#6337,.T.);
#7079 = ORIENTED_EDGE('',*,*,#6361,.F.);
#7080 = ORIENTED_EDGE('',*,*,#6386,.F.);
#7081 = FACE_BOUND('',#7082,.F.);
#7082 = EDGE_LOOP('',(#7083));
#7083 = ORIENTED_EDGE('',*,*,#6435,.F.);
#7084 = PLANE('',#7085);
#7085 = AXIS2_PLACEMENT_3D('',#7086,#7087,#7088);
#7086 = CARTESIAN_POINT('',(170.0014713211,-27.,-8.460777494851));
#7087 = DIRECTION('',(0.,1.,-5.241150756782E-16));
#7088 = DIRECTION('',(0.,5.241150756782E-16,1.));
#7089 = ADVANCED_FACE('',(#7090),#7111,.F.);
#7090 = FACE_BOUND('',#7091,.F.);
#7091 = EDGE_LOOP('',(#7092,#7093,#7094,#7095,#7103,#7110));
#7092 = ORIENTED_EDGE('',*,*,#6278,.F.);
#7093 = ORIENTED_EDGE('',*,*,#6233,.T.);
#7094 = ORIENTED_EDGE('',*,*,#7064,.T.);
#7095 = ORIENTED_EDGE('',*,*,#7096,.F.);
#7096 = EDGE_CURVE('',#7097,#7057,#7099,.T.);
#7097 = VERTEX_POINT('',#7098);
#7098 = CARTESIAN_POINT('',(160.5014713211,-30.,-11.96077749485));
#7099 = LINE('',#7100,#7101);
#7100 = CARTESIAN_POINT('',(160.5014713211,-30.,-11.96077749485));
#7101 = VECTOR('',#7102,1.);
#7102 = DIRECTION('',(0.,1.,-2.22044604925E-16));
#7103 = ORIENTED_EDGE('',*,*,#7104,.F.);
#7104 = EDGE_CURVE('',#6939,#7097,#7105,.T.);
#7105 = CIRCLE('',#7106,0.5);
#7106 = AXIS2_PLACEMENT_3D('',#7107,#7108,#7109);
#7107 = CARTESIAN_POINT('',(160.5014713211,-30.,-11.46077749485));
#7108 = DIRECTION('',(0.,-1.,2.22044604925E-16));
#7109 = DIRECTION('',(1.,0.,0.));
#7110 = ORIENTED_EDGE('',*,*,#6938,.F.);
#7111 = CYLINDRICAL_SURFACE('',#7112,0.5);
#7112 = AXIS2_PLACEMENT_3D('',#7113,#7114,#7115);
#7113 = CARTESIAN_POINT('',(160.5014713211,-30.,-11.46077749485));
#7114 = DIRECTION('',(0.,-1.,2.22044604925E-16));
#7115 = DIRECTION('',(1.,0.,0.));
#7116 = ADVANCED_FACE('',(#7117),#7128,.T.);
#7117 = FACE_BOUND('',#7118,.T.);
#7118 = EDGE_LOOP('',(#7119,#7120,#7121,#7127));
#7119 = ORIENTED_EDGE('',*,*,#6963,.F.);
#7120 = ORIENTED_EDGE('',*,*,#7017,.F.);
#7121 = ORIENTED_EDGE('',*,*,#7122,.F.);
#7122 = EDGE_CURVE('',#7097,#7018,#7123,.T.);
#7123 = LINE('',#7124,#7125);
#7124 = CARTESIAN_POINT('',(160.5014713211,-30.,-11.96077749485));
#7125 = VECTOR('',#7126,1.);
#7126 = DIRECTION('',(1.,0.,0.));
#7127 = ORIENTED_EDGE('',*,*,#7104,.F.);
#7128 = PLANE('',#7129);
#7129 = AXIS2_PLACEMENT_3D('',#7130,#7131,#7132);
#7130 = CARTESIAN_POINT('',(170.0014713211,-30.,-8.460777494851));
#7131 = DIRECTION('',(0.,1.,-5.241150756782E-16));
#7132 = DIRECTION('',(0.,5.241150756782E-16,1.));
#7133 = ADVANCED_FACE('',(#7134),#7140,.F.);
#7134 = FACE_BOUND('',#7135,.F.);
#7135 = EDGE_LOOP('',(#7136,#7137,#7138,#7139));
#7136 = ORIENTED_EDGE('',*,*,#7096,.T.);
#7137 = ORIENTED_EDGE('',*,*,#7056,.T.);
#7138 = ORIENTED_EDGE('',*,*,#7026,.F.);
#7139 = ORIENTED_EDGE('',*,*,#7122,.F.);
#7140 = PLANE('',#7141);
#7141 = AXIS2_PLACEMENT_3D('',#7142,#7143,#7144);
#7142 = CARTESIAN_POINT('',(160.5014713211,-30.,-11.96077749485));
#7143 = DIRECTION('',(0.,-2.22044604925E-16,-1.));
#7144 = DIRECTION('',(1.,0.,0.));
#7145 = ( GEOMETRIC_REPRESENTATION_CONTEXT(3) 
GLOBAL_UNCERTAINTY_ASSIGNED_CONTEXT((#7149)) 
GLOBAL_UNIT_ASSIGNED_CONTEXT((#7146,#7147,#7148)) REPRESENTATION_CONTEXT
('Context #1','3D Context with UNIT and UNCERTAINTY') );
#7146 = ( LENGTH_UNIT() NAMED_UNIT(*) SI_UNIT(.MILLI.,.METRE.) );
#7147 = ( NAMED_UNIT(*) PLANE_ANGLE_UNIT() SI_UNIT($,.RADIAN.) );
#7148 = ( NAMED_UNIT(*) SI_UNIT($,.STERADIAN.) SOLID_ANGLE_UNIT() );
#7149 = UNCERTAINTY_MEASURE_WITH_UNIT(LENGTH_MEASURE(2.E-03),#7146,
  'distance_accuracy_value','confusion accuracy');
#7150 = PRODUCT_RELATED_PRODUCT_CATEGORY('part',$,(#7));
#7151 = MECHANICAL_DESIGN_GEOMETRIC_PRESENTATION_REPRESENTATION('',(
    #7152),#7145);
#7152 = STYLED_ITEM('color',(#7153),#15);
#7153 = PRESENTATION_STYLE_ASSIGNMENT((#7154,#7160));
#7154 = SURFACE_STYLE_USAGE(.BOTH.,#7155);
#7155 = SURFACE_SIDE_STYLE('',(#7156));
#7156 = SURFACE_STYLE_FILL_AREA(#7157);
#7157 = FILL_AREA_STYLE('',(#7158));
#7158 = FILL_AREA_STYLE_COLOUR('',#7159);
#7159 = COLOUR_RGB('',0.447058818107,0.474509808674,0.501960817233);
#7160 = CURVE_STYLE('',#7161,POSITIVE_LENGTH_MEASURE(0.1),#7162);
#7161 = DRAUGHTING_PRE_DEFINED_CURVE_FONT('continuous');
#7162 = COLOUR_RGB('',9.803921802644E-02,9.803921802644E-02,
  9.803921802644E-02);
ENDSEC;
END-ISO-10303-21;
