ISO-10303-21;
HEADER;
FILE_DESCRIPTION(('FreeCAD Model'),'2;1');
FILE_NAME('Open CASCADE Shape Model','2026-08-10T10:27:26',(''),(''),
  'Open CASCADE STEP processor 7.8','FreeCAD','Unknown');
FILE_SCHEMA(('AUTOMOTIVE_DESIGN { 1 0 10303 214 1 1 1 1 }'));
ENDSEC;
DATA;
#1 = APPLICATION_PROTOCOL_DEFINITION('international standard',
  'automotive_design',2000,#2);
#2 = APPLICATION_CONTEXT(
  'core data for automotive mechanical design processes');
#3 = SHAPE_DEFINITION_REPRESENTATION(#4,#10);
#4 = PRODUCT_DEFINITION_SHAPE('','',#5);
#5 = PRODUCT_DEFINITION('design','',#6,#9);
#6 = PRODUCT_DEFINITION_FORMATION('','',#7);
#7 = PRODUCT('Pocket（ネジ穴）','Pocket（ネジ穴）','',(#8));
#8 = PRODUCT_CONTEXT('',#2,'mechanical');
#9 = PRODUCT_DEFINITION_CONTEXT('part definition',#2,'design');
#10 = ADVANCED_BREP_SHAPE_REPRESENTATION('',(#11,#15),#9443);
#11 = AXIS2_PLACEMENT_3D('',#12,#13,#14);
#12 = CARTESIAN_POINT('',(0.,0.,0.));
#13 = DIRECTION('',(0.,0.,1.));
#14 = DIRECTION('',(1.,0.,-0.));
#15 = MANIFOLD_SOLID_BREP('',#16);
#16 = CLOSED_SHELL('',(#17,#86,#395,#419,#444,#560,#839,#888,#913,#930,
    #995,#1012,#1101,#1118,#1215,#1232,#1321,#1338,#1396,#1413,#1430,
    #1447,#1464,#1476,#1501,#1526,#1551,#1576,#1601,#1626,#1651,#1888,
    #1905,#1939,#1964,#1990,#2016,#2042,#2067,#2092,#2118,#2144,#2170,
    #2195,#2220,#2246,#2272,#2290,#2307,#2413,#2430,#2444,#2464,#2484,
    #2504,#2524,#2544,#2564,#2584,#2626,#2651,#2685,#2760,#2796,#2898,
    #2943,#3026,#3166,#3201,#3301,#3374,#3437,#3570,#3601,#3714,#4053,
    #4119,#4143,#4168,#4192,#4217,#4234,#4310,#4399,#4485,#4598,#4684,
    #4798,#4900,#4979,#4991,#5203,#5280,#5438,#5464,#5609,#5722,#5987,
    #6480,#6553,#6886,#7111,#7296,#7761,#7818,#8203,#8516,#8533,#8550,
    #8584,#8754,#9067,#9085,#9303,#9365,#9387,#9404,#9421,#9433));
#17 = ADVANCED_FACE('',(#18),#81,.F.);
#18 = FACE_BOUND('',#19,.F.);
#19 = EDGE_LOOP('',(#20,#31,#50,#58,#66,#75));
#20 = ORIENTED_EDGE('',*,*,#21,.T.);
#21 = EDGE_CURVE('',#22,#24,#26,.T.);
#22 = VERTEX_POINT('',#23);
#23 = CARTESIAN_POINT('',(314.69753932876,-18.94627046091,-6.2));
#24 = VERTEX_POINT('',#25);
#25 = CARTESIAN_POINT('',(312.67658029826,-18.83443864398,-6.2));
#26 = CIRCLE('',#27,314.66899121929);
#27 = AXIS2_PLACEMENT_3D('',#28,#29,#30);
#28 = CARTESIAN_POINT('',(296.30122022817,-333.077054496,-6.2));
#29 = DIRECTION('',(0.,0.,1.));
#30 = DIRECTION('',(-0.161153330526,0.986929381496,0.));
#31 = ORIENTED_EDGE('',*,*,#32,.T.);
#32 = EDGE_CURVE('',#24,#33,#35,.T.);
#33 = VERTEX_POINT('',#34);
#34 = CARTESIAN_POINT('',(311.67658029826,-18.7839232671,-7.2));
#35 = B_SPLINE_CURVE_WITH_KNOTS('',7,(#36,#37,#38,#39,#40,#41,#42,#43,
    #44,#45,#46,#47,#48,#49),.UNSPECIFIED.,.F.,.F.,(8,6,8),(0.,
    0.467584707087,1.),.UNSPECIFIED.);
#36 = CARTESIAN_POINT('',(312.67658029826,-18.83443864398,-6.2));
#37 = CARTESIAN_POINT('',(312.5594270868,-18.82833372401,-6.2));
#38 = CARTESIAN_POINT('',(312.44225825913,-18.82227907677,
    -6.216013027077));
#39 = CARTESIAN_POINT('',(312.32945779829,-18.81650322931,-6.24804150851
    ));
#40 = CARTESIAN_POINT('',(312.22420218939,-18.8111600514,-6.294134441832
    ));
#41 = CARTESIAN_POINT('',(312.12849693456,-18.80633695557,
    -6.351926696606));
#42 = CARTESIAN_POINT('',(312.04344636623,-18.8020764326,-6.418920369652
    ));
#43 = CARTESIAN_POINT('',(311.88524433772,-18.79418932564,
    -6.577122398162));
#44 = CARTESIAN_POINT('',(311.81520194797,-18.79072378747,
    -6.670575142707));
#45 = CARTESIAN_POINT('',(311.7594581316,-18.78798149869,-6.77066027921)
  );
#46 = CARTESIAN_POINT('',(311.71792682707,-18.78594596388,-6.87526375765
    ));
#47 = CARTESIAN_POINT('',(311.69038147029,-18.78459842522,
    -6.982599671385));
#48 = CARTESIAN_POINT('',(311.67658029826,-18.7839232671,-7.091234904429
    ));
#49 = CARTESIAN_POINT('',(311.67658029826,-18.7839232671,-7.2));
#50 = ORIENTED_EDGE('',*,*,#51,.F.);
#51 = EDGE_CURVE('',#52,#33,#54,.T.);
#52 = VERTEX_POINT('',#53);
#53 = CARTESIAN_POINT('',(311.67658029826,-18.7839232671,-6.2));
#54 = LINE('',#55,#56);
#55 = CARTESIAN_POINT('',(311.67658029826,-18.7839232671,0.));
#56 = VECTOR('',#57,1.);
#57 = DIRECTION('',(-0.,-0.,-1.));
#58 = ORIENTED_EDGE('',*,*,#59,.T.);
#59 = EDGE_CURVE('',#52,#60,#62,.T.);
#60 = VERTEX_POINT('',#61);
#61 = CARTESIAN_POINT('',(311.67658029826,-18.78392326711,0.));
#62 = LINE('',#63,#64);
#63 = CARTESIAN_POINT('',(311.67658029826,-18.7839232671,0.));
#64 = VECTOR('',#65,1.);
#65 = DIRECTION('',(0.,0.,1.));
#66 = ORIENTED_EDGE('',*,*,#67,.F.);
#67 = EDGE_CURVE('',#68,#60,#70,.T.);
#68 = VERTEX_POINT('',#69);
#69 = CARTESIAN_POINT('',(314.69753932876,-18.94627046091,0.));
#70 = CIRCLE('',#71,314.66899121929);
#71 = AXIS2_PLACEMENT_3D('',#72,#73,#74);
#72 = CARTESIAN_POINT('',(296.30122022817,-333.077054496,0.));
#73 = DIRECTION('',(0.,0.,1.));
#74 = DIRECTION('',(-0.161153330526,0.986929381496,0.));
#75 = ORIENTED_EDGE('',*,*,#76,.T.);
#76 = EDGE_CURVE('',#68,#22,#77,.T.);
#77 = LINE('',#78,#79);
#78 = CARTESIAN_POINT('',(314.69753932876,-18.94627046091,0.));
#79 = VECTOR('',#80,1.);
#80 = DIRECTION('',(-0.,-0.,-1.));
#81 = CYLINDRICAL_SURFACE('',#82,314.66899121929);
#82 = AXIS2_PLACEMENT_3D('',#83,#84,#85);
#83 = CARTESIAN_POINT('',(296.30122022817,-333.077054496,0.));
#84 = DIRECTION('',(0.,0.,1.));
#85 = DIRECTION('',(-0.161153330526,0.986929381496,0.));
#86 = ADVANCED_FACE('',(#87,#313,#324,#335,#346,#357,#368,#379),#390,.T.
  );
#87 = FACE_BOUND('',#88,.T.);
#88 = EDGE_LOOP('',(#89,#100,#109,#117,#126,#134,#143,#152,#161,#169,
    #178,#186,#193,#194,#202,#219,#242,#267,#290,#307));
#89 = ORIENTED_EDGE('',*,*,#90,.T.);
#90 = EDGE_CURVE('',#91,#93,#95,.T.);
#91 = VERTEX_POINT('',#92);
#92 = CARTESIAN_POINT('',(32.188797612818,-18.90177406882,-6.2));
#93 = VERTEX_POINT('',#94);
#94 = CARTESIAN_POINT('',(30.171452590113,-19.01348552662,-6.2));
#95 = CIRCLE('',#96,314.63554912201);
#96 = AXIS2_PLACEMENT_3D('',#97,#98,#99);
#97 = CARTESIAN_POINT('',(48.576479171219,-333.1102600529,-6.2));
#98 = DIRECTION('',(0.,0.,1.));
#99 = DIRECTION('',(-5.85748498341E-02,0.998283019472,0.));
#100 = ORIENTED_EDGE('',*,*,#101,.T.);
#101 = EDGE_CURVE('',#93,#102,#104,.T.);
#102 = VERTEX_POINT('',#103);
#103 = CARTESIAN_POINT('',(26.695593135821,-22.5339438515,-6.2));
#104 = CIRCLE('',#105,3.500105759091);
#105 = AXIS2_PLACEMENT_3D('',#106,#107,#108);
#106 = CARTESIAN_POINT('',(30.195639233977,-22.5135077167,-6.2));
#107 = DIRECTION('',(0.,0.,1.));
#108 = DIRECTION('',(-0.999999999997,-2.454181457732E-06,0.));
#109 = ORIENTED_EDGE('',*,*,#110,.T.);
#110 = EDGE_CURVE('',#102,#111,#113,.T.);
#111 = VERTEX_POINT('',#112);
#112 = CARTESIAN_POINT('',(26.681993653722,-110.5804676687,-6.2));
#113 = LINE('',#114,#115);
#114 = CARTESIAN_POINT('',(26.695593135821,-22.5339438515,-6.2));
#115 = VECTOR('',#116,1.);
#116 = DIRECTION('',(-1.544579087027E-04,-0.999999988071,0.));
#117 = ORIENTED_EDGE('',*,*,#118,.T.);
#118 = EDGE_CURVE('',#111,#119,#121,.T.);
#119 = VERTEX_POINT('',#120);
#120 = CARTESIAN_POINT('',(30.197335731963,-114.0743716288,-6.2));
#121 = CIRCLE('',#122,3.5000398118);
#122 = AXIS2_PLACEMENT_3D('',#123,#124,#125);
#123 = CARTESIAN_POINT('',(30.182028145719,-110.5743652914,-6.2));
#124 = DIRECTION('',(0.,0.,1.));
#125 = DIRECTION('',(-3.236175398547E-06,-0.999999999995,0.));
#126 = ORIENTED_EDGE('',*,*,#127,.F.);
#127 = EDGE_CURVE('',#128,#119,#130,.T.);
#128 = VERTEX_POINT('',#129);
#129 = CARTESIAN_POINT('',(100.14230584695,-114.3129878689,-6.2));
#130 = LINE('',#131,#132);
#131 = CARTESIAN_POINT('',(100.14230584695,-114.3129878689,-6.2));
#132 = VECTOR('',#133,1.);
#133 = DIRECTION('',(-0.999994180935,3.41146548755E-03,0.));
#134 = ORIENTED_EDGE('',*,*,#135,.F.);
#135 = EDGE_CURVE('',#136,#128,#138,.T.);
#136 = VERTEX_POINT('',#137);
#137 = CARTESIAN_POINT('',(154.0487444656,-120.7815044286,-6.2));
#138 = CIRCLE('',#139,221.58349407996);
#139 = AXIS2_PLACEMENT_3D('',#140,#141,#142);
#140 = CARTESIAN_POINT('',(100.89480742067,-335.8952041907,-6.2));
#141 = DIRECTION('',(0.,0.,1.));
#142 = DIRECTION('',(-3.78699093694E-03,0.999992829324,0.));
#143 = ORIENTED_EDGE('',*,*,#144,.T.);
#144 = EDGE_CURVE('',#136,#145,#147,.T.);
#145 = VERTEX_POINT('',#146);
#146 = CARTESIAN_POINT('',(186.0295394618,-120.9036635534,-6.2));
#147 = CIRCLE('',#148,77.364374508734);
#148 = AXIS2_PLACEMENT_3D('',#149,#150,#151);
#149 = CARTESIAN_POINT('',(170.3282723536,-45.14934582621,-6.2));
#150 = DIRECTION('',(-0.,0.,1.));
#151 = DIRECTION('',(0.205705667743,-0.978613906635,0.));
#152 = ORIENTED_EDGE('',*,*,#153,.F.);
#153 = EDGE_CURVE('',#154,#145,#156,.T.);
#154 = VERTEX_POINT('',#155);
#155 = CARTESIAN_POINT('',(239.63174029723,-114.5458847345,-6.2));
#156 = CIRCLE('',#157,221.3692263825);
#157 = AXIS2_PLACEMENT_3D('',#158,#159,#160);
#158 = CARTESIAN_POINT('',(238.71005681211,-335.9131923676,-6.2));
#159 = DIRECTION('',(0.,0.,1.));
#160 = DIRECTION('',(-0.239443070739,0.970910405689,0.));
#161 = ORIENTED_EDGE('',*,*,#162,.T.);
#162 = EDGE_CURVE('',#154,#163,#165,.T.);
#163 = VERTEX_POINT('',#164);
#164 = CARTESIAN_POINT('',(314.68390671789,-113.8914725348,-6.2));
#165 = LINE('',#166,#167);
#166 = CARTESIAN_POINT('',(239.63174029723,-114.5458847345,-6.2));
#167 = VECTOR('',#168,1.);
#168 = DIRECTION('',(0.999961987927,8.719099731478E-03,0.));
#169 = ORIENTED_EDGE('',*,*,#170,.T.);
#170 = EDGE_CURVE('',#163,#171,#173,.T.);
#171 = VERTEX_POINT('',#172);
#172 = CARTESIAN_POINT('',(318.17657203653,-110.5623131745,-6.2));
#173 = CIRCLE('',#174,3.50394595749);
#174 = AXIS2_PLACEMENT_3D('',#175,#176,#177);
#175 = CARTESIAN_POINT('',(314.67698787462,-110.3875334083,-6.2));
#176 = DIRECTION('',(-0.,0.,1.));
#177 = DIRECTION('',(0.999999998293,-5.843333300135E-05,0.));
#178 = ORIENTED_EDGE('',*,*,#179,.T.);
#179 = EDGE_CURVE('',#171,#180,#182,.T.);
#180 = VERTEX_POINT('',#181);
#181 = CARTESIAN_POINT('',(318.17755643617,-22.52568253475,-6.2));
#182 = LINE('',#183,#184);
#183 = CARTESIAN_POINT('',(318.17657203653,-110.5623131745,-6.2));
#184 = VECTOR('',#185,1.);
#185 = DIRECTION('',(1.118170506907E-05,0.999999999937,0.));
#186 = ORIENTED_EDGE('',*,*,#187,.T.);
#187 = EDGE_CURVE('',#180,#22,#188,.T.);
#188 = CIRCLE('',#189,3.501769570965);
#189 = AXIS2_PLACEMENT_3D('',#190,#191,#192);
#190 = CARTESIAN_POINT('',(314.67664911236,-22.44797771981,-6.2));
#191 = DIRECTION('',(0.,0.,1.));
#192 = DIRECTION('',(-2.976772267282E-05,0.999999999557,0.));
#193 = ORIENTED_EDGE('',*,*,#21,.T.);
#194 = ORIENTED_EDGE('',*,*,#195,.F.);
#195 = EDGE_CURVE('',#196,#24,#198,.T.);
#196 = VERTEX_POINT('',#197);
#197 = CARTESIAN_POINT('',(312.67658029835,-78.65581566513,-6.2));
#198 = LINE('',#199,#200);
#199 = CARTESIAN_POINT('',(312.67658029826,-84.4971494985,-6.2));
#200 = VECTOR('',#201,1.);
#201 = DIRECTION('',(0.,1.,0.));
#202 = ORIENTED_EDGE('',*,*,#203,.F.);
#203 = EDGE_CURVE('',#204,#196,#206,.T.);
#204 = VERTEX_POINT('',#205);
#205 = CARTESIAN_POINT('',(312.61046080501,-84.54789469608,-6.2));
#206 = ( BOUNDED_CURVE() B_SPLINE_CURVE(11,(#207,#208,#209,#210,#211,
    #212,#213,#214,#215,#216,#217,#218),.UNSPECIFIED.,.F.,.F.) 
B_SPLINE_CURVE_WITH_KNOTS((12,12),(347.55849528913,353.39982998033),
.PIECEWISE_BEZIER_KNOTS.) CURVE() GEOMETRIC_REPRESENTATION_ITEM() 
RATIONAL_B_SPLINE_CURVE((1.,1.,1.,0.999999999999,1.000000000001,
    0.999999999999,1.000000000001,0.999999999999,1.,1.,1.,1.)) 
REPRESENTATION_ITEM('') );
#207 = CARTESIAN_POINT('',(312.61046080492,-84.54789469609,-6.2));
#208 = CARTESIAN_POINT('',(312.62423021579,-83.94223183915,-6.2));
#209 = CARTESIAN_POINT('',(312.6269682025,-83.41861940337,-6.2));
#210 = CARTESIAN_POINT('',(312.64381315562,-82.89187056036,-6.2));
#211 = CARTESIAN_POINT('',(312.64353832066,-82.37641806868,-6.2));
#212 = CARTESIAN_POINT('',(312.65822657783,-81.8381698059,-6.2));
#213 = CARTESIAN_POINT('',(312.65941052863,-81.31337414346,-6.2));
#214 = CARTESIAN_POINT('',(312.66802368516,-80.778834325,-6.2));
#215 = CARTESIAN_POINT('',(312.67127508161,-80.24923959868,-6.2));
#216 = CARTESIAN_POINT('',(312.67485931611,-79.71782485387,-6.2));
#217 = CARTESIAN_POINT('',(312.67658029827,-79.18684601362,-6.2));
#218 = CARTESIAN_POINT('',(312.67658029835,-78.65581566513,-6.2));
#219 = ORIENTED_EDGE('',*,*,#220,.F.);
#220 = EDGE_CURVE('',#221,#204,#223,.T.);
#221 = VERTEX_POINT('',#222);
#222 = CARTESIAN_POINT('',(308.76054333442,-88.36718969566,-6.2));
#223 = ( BOUNDED_CURVE() B_SPLINE_CURVE(9,(#224,#225,#226,#227,#228,#229
    ,#230,#231,#232,#233,#234,#235,#236,#237,#238,#239,#240,#241),
.UNSPECIFIED.,.F.,.F.) B_SPLINE_CURVE_WITH_KNOTS((10,8,10),(
    342.84612718939,345.20231123926,347.55849528913),.UNSPECIFIED.) 
CURVE() GEOMETRIC_REPRESENTATION_ITEM() RATIONAL_B_SPLINE_CURVE((1.,1.,
    1.,1.,1.,1.,1.,1.,1.,1.,1.,1.,1.,1.,1.,1.,1.,1.)) 
REPRESENTATION_ITEM('') );
#224 = CARTESIAN_POINT('',(308.76054333442,-88.36718969579,-6.2));
#225 = CARTESIAN_POINT('',(309.02606052985,-88.36707068197,-6.2));
#226 = CARTESIAN_POINT('',(309.33858664941,-88.33664935646,-6.2));
#227 = CARTESIAN_POINT('',(309.67305878841,-88.27861583965,-6.2));
#228 = CARTESIAN_POINT('',(310.00341107369,-88.17999477702,-6.2));
#229 = CARTESIAN_POINT('',(310.32507973026,-88.05162175152,-6.2));
#230 = CARTESIAN_POINT('',(310.63040583008,-87.89102551449,-6.2));
#231 = CARTESIAN_POINT('',(310.91826650394,-87.7030085443,-6.2));
#232 = CARTESIAN_POINT('',(311.18522641824,-87.48860269424,-6.2));
#233 = CARTESIAN_POINT('',(311.67298100959,-87.01202839728,-6.2));
#234 = CARTESIAN_POINT('',(311.89370758436,-86.74982323661,-6.2));
#235 = CARTESIAN_POINT('',(312.08912357862,-86.46597928091,-6.2));
#236 = CARTESIAN_POINT('',(312.25626195867,-86.16282678025,-6.2));
#237 = CARTESIAN_POINT('',(312.39385237063,-85.84357231596,-6.2));
#238 = CARTESIAN_POINT('',(312.49874361666,-85.51195333846,-6.2));
#239 = CARTESIAN_POINT('',(312.56777862401,-85.17483516175,-6.2));
#240 = CARTESIAN_POINT('',(312.60367247959,-84.84648674405,-6.2));
#241 = CARTESIAN_POINT('',(312.61046080501,-84.54789469608,-6.2));
#242 = ORIENTED_EDGE('',*,*,#243,.F.);
#243 = EDGE_CURVE('',#244,#221,#246,.T.);
#244 = VERTEX_POINT('',#245);
#245 = CARTESIAN_POINT('',(36.105273834032,-88.36263803121,-6.2));
#246 = ( BOUNDED_CURVE() B_SPLINE_CURVE(10,(#247,#248,#249,#250,#251,
    #252,#253,#254,#255,#256,#257,#258,#259,#260,#261,#262,#263,#264,
#265,#266),.UNSPECIFIED.,.F.,.F.) B_SPLINE_CURVE_WITH_KNOTS((11,9,11),(
70.358304489318,206.60221583936,342.8461271894),.UNSPECIFIED.) CURVE() 
GEOMETRIC_REPRESENTATION_ITEM() RATIONAL_B_SPLINE_CURVE((1.,1.,1.,1.,1.,
1.,1.,1.,1.,1.,1.,1.,1.,1.,1.,1.,1.,1.,1.,1.)) REPRESENTATION_ITEM('') 
  );
#247 = CARTESIAN_POINT('',(36.105273834032,-88.36263803113,-6.2));
#248 = CARTESIAN_POINT('',(49.922813394845,-88.36925749372,-6.2));
#249 = CARTESIAN_POINT('',(63.31139647572,-88.36661818505,-6.2));
#250 = CARTESIAN_POINT('',(76.999060953011,-88.36711487236,-6.2));
#251 = CARTESIAN_POINT('',(90.59195735333,-88.36745899083,-6.2));
#252 = CARTESIAN_POINT('',(104.26294920749,-88.36758125644,-6.2));
#253 = CARTESIAN_POINT('',(117.88799064202,-88.36804932347,-6.2));
#254 = CARTESIAN_POINT('',(131.53280382088,-88.3682080665,-6.2));
#255 = CARTESIAN_POINT('',(145.16567094917,-88.36848891018,-6.2));
#256 = CARTESIAN_POINT('',(158.79932492066,-88.36872120474,-6.2));
#257 = CARTESIAN_POINT('',(186.06605299043,-88.36917888141,-6.2));
#258 = CARTESIAN_POINT('',(199.69970380284,-88.36940427928,-6.2));
#259 = CARTESIAN_POINT('',(213.33256544018,-88.36958106324,-6.2));
#260 = CARTESIAN_POINT('',(226.97736641515,-88.3698803597,-6.2));
#261 = CARTESIAN_POINT('',(240.60239640547,-88.36986986962,-6.2));
#262 = CARTESIAN_POINT('',(254.27335970018,-88.37020517522,-6.2));
#263 = CARTESIAN_POINT('',(267.86624414631,-88.37031972139,-6.2));
#264 = CARTESIAN_POINT('',(281.55390906478,-88.3702751641,-6.2));
#265 = CARTESIAN_POINT('',(294.94261127874,-88.37338336165,-6.2));
#266 = CARTESIAN_POINT('',(308.76054333442,-88.36718969566,-6.2));
#267 = ORIENTED_EDGE('',*,*,#268,.F.);
#268 = EDGE_CURVE('',#269,#244,#271,.T.);
#269 = VERTEX_POINT('',#270);
#270 = CARTESIAN_POINT('',(32.258871284247,-84.54847975506,-6.2));
#271 = ( BOUNDED_CURVE() B_SPLINE_CURVE(9,(#272,#273,#274,#275,#276,#277
    ,#278,#279,#280,#281,#282,#283,#284,#285,#286,#287,#288,#289),
.UNSPECIFIED.,.F.,.F.) B_SPLINE_CURVE_WITH_KNOTS((10,8,10),(
    65.645936389617,68.002120439471,70.358304489325),.UNSPECIFIED.) 
CURVE() GEOMETRIC_REPRESENTATION_ITEM() RATIONAL_B_SPLINE_CURVE((1.,1.,
    1.,1.,1.,1.,1.,1.,1.,1.,1.,1.,1.,1.,1.,1.,1.,1.)) 
REPRESENTATION_ITEM('') );
#272 = CARTESIAN_POINT('',(32.258871284331,-84.54847975506,-6.2));
#273 = CARTESIAN_POINT('',(32.26573037246,-84.84622161937,-6.2));
#274 = CARTESIAN_POINT('',(32.301667715386,-85.17404199009,-6.2));
#275 = CARTESIAN_POINT('',(32.370661761307,-85.51079865119,-6.2));
#276 = CARTESIAN_POINT('',(32.475514629001,-85.84206896266,-6.2));
#277 = CARTESIAN_POINT('',(32.613031810252,-86.1609695582,-6.2));
#278 = CARTESIAN_POINT('',(32.780035445358,-86.4637778025,-6.2));
#279 = CARTESIAN_POINT('',(32.975287096979,-86.74728003924,-6.2));
#280 = CARTESIAN_POINT('',(33.195799834534,-87.00916213249,-6.2));
#281 = CARTESIAN_POINT('',(33.683046822123,-87.48513441931,-6.2));
#282 = CARTESIAN_POINT('',(33.949711838192,-87.69926182456,-6.2));
#283 = CARTESIAN_POINT('',(34.23723894734,-87.88702966276,-6.2));
#284 = CARTESIAN_POINT('',(34.54219557624,-88.04741201367,-6.2));
#285 = CARTESIAN_POINT('',(34.863468011934,-88.17561580142,-6.2));
#286 = CARTESIAN_POINT('',(35.193403176916,-88.27411674135,-6.2));
#287 = CARTESIAN_POINT('',(35.527503031708,-88.33211089092,-6.2));
#288 = CARTESIAN_POINT('',(35.839764180558,-88.36251083553,-6.2));
#289 = CARTESIAN_POINT('',(36.105273834032,-88.36263803121,-6.2));
#290 = ORIENTED_EDGE('',*,*,#291,.F.);
#291 = EDGE_CURVE('',#292,#269,#294,.T.);
#292 = VERTEX_POINT('',#293);
#293 = CARTESIAN_POINT('',(32.188797612818,-78.44457324041,-6.2));
#294 = ( BOUNDED_CURVE() B_SPLINE_CURVE(11,(#295,#296,#297,#298,#299,
    #300,#301,#302,#303,#304,#305,#306),.UNSPECIFIED.,.F.,.F.) 
B_SPLINE_CURVE_WITH_KNOTS((12,12),(59.593359242707,65.645936389613),
.PIECEWISE_BEZIER_KNOTS.) CURVE() GEOMETRIC_REPRESENTATION_ITEM() 
RATIONAL_B_SPLINE_CURVE((1.,1.,1.,1.,1.,1.,1.,1.,1.,1.,1.,1.)) 
REPRESENTATION_ITEM('') );
#295 = CARTESIAN_POINT('',(32.188797612808,-78.44457324041,-6.2));
#296 = CARTESIAN_POINT('',(32.188797612861,-78.99480744569,-6.2));
#297 = CARTESIAN_POINT('',(32.190647629076,-79.54498556505,-6.2));
#298 = CARTESIAN_POINT('',(32.194467596158,-80.09563790392,-6.2));
#299 = CARTESIAN_POINT('',(32.197992591868,-80.64431246325,-6.2));
#300 = CARTESIAN_POINT('',(32.207041711512,-81.19835339524,-6.2));
#301 = CARTESIAN_POINT('',(32.208503625478,-81.741837606,-6.2));
#302 = CARTESIAN_POINT('',(32.223825579033,-82.29995366108,-6.2));
#303 = CARTESIAN_POINT('',(32.223809796922,-82.8337886576,-6.2));
#304 = CARTESIAN_POINT('',(32.241376839565,-83.38020705928,-6.2));
#305 = CARTESIAN_POINT('',(32.244455199487,-83.92270094996,-6.2));
#306 = CARTESIAN_POINT('',(32.258871284247,-84.54847975506,-6.2));
#307 = ORIENTED_EDGE('',*,*,#308,.F.);
#308 = EDGE_CURVE('',#91,#292,#309,.T.);
#309 = LINE('',#310,#311);
#310 = CARTESIAN_POINT('',(32.188797612818,-18.8512139977,-6.2));
#311 = VECTOR('',#312,1.);
#312 = DIRECTION('',(-0.,-1.,-0.));
#313 = FACE_BOUND('',#314,.T.);
#314 = EDGE_LOOP('',(#315));
#315 = ORIENTED_EDGE('',*,*,#316,.F.);
#316 = EDGE_CURVE('',#317,#317,#319,.T.);
#317 = VERTEX_POINT('',#318);
#318 = CARTESIAN_POINT('',(30.09563,-109.274375,-6.2));
#319 = CIRCLE('',#320,1.1);
#320 = AXIS2_PLACEMENT_3D('',#321,#322,#323);
#321 = CARTESIAN_POINT('',(28.99563,-109.274375,-6.2));
#322 = DIRECTION('',(0.,0.,1.));
#323 = DIRECTION('',(1.,0.,-0.));
#324 = FACE_BOUND('',#325,.T.);
#325 = EDGE_LOOP('',(#326));
#326 = ORIENTED_EDGE('',*,*,#327,.F.);
#327 = EDGE_CURVE('',#328,#328,#330,.T.);
#328 = VERTEX_POINT('',#329);
#329 = CARTESIAN_POINT('',(171.1,-120.,-6.2));
#330 = CIRCLE('',#331,1.1);
#331 = AXIS2_PLACEMENT_3D('',#332,#333,#334);
#332 = CARTESIAN_POINT('',(170.,-120.,-6.2));
#333 = DIRECTION('',(0.,0.,1.));
#334 = DIRECTION('',(1.,0.,-0.));
#335 = FACE_BOUND('',#336,.T.);
#336 = EDGE_LOOP('',(#337));
#337 = ORIENTED_EDGE('',*,*,#338,.F.);
#338 = EDGE_CURVE('',#339,#339,#341,.T.);
#339 = VERTEX_POINT('',#340);
#340 = CARTESIAN_POINT('',(316.976573,-109.274375,-6.2));
#341 = CIRCLE('',#342,1.1);
#342 = AXIS2_PLACEMENT_3D('',#343,#344,#345);
#343 = CARTESIAN_POINT('',(315.876573,-109.274375,-6.2));
#344 = DIRECTION('',(0.,0.,1.));
#345 = DIRECTION('',(1.,0.,-0.));
#346 = FACE_BOUND('',#347,.T.);
#347 = EDGE_LOOP('',(#348));
#348 = ORIENTED_EDGE('',*,*,#349,.F.);
#349 = EDGE_CURVE('',#350,#350,#352,.T.);
#350 = VERTEX_POINT('',#351);
#351 = CARTESIAN_POINT('',(30.09563,-68.936875,-6.2));
#352 = CIRCLE('',#353,1.1);
#353 = AXIS2_PLACEMENT_3D('',#354,#355,#356);
#354 = CARTESIAN_POINT('',(28.99563,-68.936875,-6.2));
#355 = DIRECTION('',(0.,0.,1.));
#356 = DIRECTION('',(1.,0.,-0.));
#357 = FACE_BOUND('',#358,.T.);
#358 = EDGE_LOOP('',(#359));
#359 = ORIENTED_EDGE('',*,*,#360,.F.);
#360 = EDGE_CURVE('',#361,#361,#363,.T.);
#361 = VERTEX_POINT('',#362);
#362 = CARTESIAN_POINT('',(30.09563,-23.836875,-6.2));
#363 = CIRCLE('',#364,1.1);
#364 = AXIS2_PLACEMENT_3D('',#365,#366,#367);
#365 = CARTESIAN_POINT('',(28.99563,-23.836875,-6.2));
#366 = DIRECTION('',(0.,0.,1.));
#367 = DIRECTION('',(1.,0.,-0.));
#368 = FACE_BOUND('',#369,.T.);
#369 = EDGE_LOOP('',(#370));
#370 = ORIENTED_EDGE('',*,*,#371,.F.);
#371 = EDGE_CURVE('',#372,#372,#374,.T.);
#372 = VERTEX_POINT('',#373);
#373 = CARTESIAN_POINT('',(316.976573,-68.936875,-6.2));
#374 = CIRCLE('',#375,1.1);
#375 = AXIS2_PLACEMENT_3D('',#376,#377,#378);
#376 = CARTESIAN_POINT('',(315.876573,-68.936875,-6.2));
#377 = DIRECTION('',(0.,0.,1.));
#378 = DIRECTION('',(1.,0.,-0.));
#379 = FACE_BOUND('',#380,.T.);
#380 = EDGE_LOOP('',(#381));
#381 = ORIENTED_EDGE('',*,*,#382,.F.);
#382 = EDGE_CURVE('',#383,#383,#385,.T.);
#383 = VERTEX_POINT('',#384);
#384 = CARTESIAN_POINT('',(316.976573,-23.836875,-6.2));
#385 = CIRCLE('',#386,1.1);
#386 = AXIS2_PLACEMENT_3D('',#387,#388,#389);
#387 = CARTESIAN_POINT('',(315.876573,-23.836875,-6.2));
#388 = DIRECTION('',(0.,0.,1.));
#389 = DIRECTION('',(1.,0.,-0.));
#390 = PLANE('',#391);
#391 = AXIS2_PLACEMENT_3D('',#392,#393,#394);
#392 = CARTESIAN_POINT('',(172.40407694346,-68.68532334225,-6.2));
#393 = DIRECTION('',(0.,0.,1.));
#394 = DIRECTION('',(1.,0.,0.));
#395 = ADVANCED_FACE('',(#396),#414,.T.);
#396 = FACE_BOUND('',#397,.F.);
#397 = EDGE_LOOP('',(#398,#406,#412,#413));
#398 = ORIENTED_EDGE('',*,*,#399,.T.);
#399 = EDGE_CURVE('',#196,#400,#402,.T.);
#400 = VERTEX_POINT('',#401);
#401 = CARTESIAN_POINT('',(311.67658029829,-78.65581566513,
    -7.19999999728));
#402 = ( BOUNDED_CURVE() B_SPLINE_CURVE(2,(#403,#404,#405),
.UNSPECIFIED.,.F.,.F.) B_SPLINE_CURVE_WITH_KNOTS((3,3),(0.,
5.841334691205),.PIECEWISE_BEZIER_KNOTS.) CURVE() 
GEOMETRIC_REPRESENTATION_ITEM() RATIONAL_B_SPLINE_CURVE((1.,
0.707106782148,1.)) REPRESENTATION_ITEM('') );
#403 = CARTESIAN_POINT('',(312.67658029835,-78.65581566513,-6.2));
#404 = CARTESIAN_POINT('',(311.67658030101,-78.65581566513,-6.2));
#405 = CARTESIAN_POINT('',(311.67658029829,-78.65581566513,
    -7.19999999728));
#406 = ORIENTED_EDGE('',*,*,#407,.T.);
#407 = EDGE_CURVE('',#400,#33,#408,.T.);
#408 = LINE('',#409,#410);
#409 = CARTESIAN_POINT('',(311.67658029826,-84.4971494985,-7.2));
#410 = VECTOR('',#411,1.);
#411 = DIRECTION('',(0.,1.,0.));
#412 = ORIENTED_EDGE('',*,*,#32,.F.);
#413 = ORIENTED_EDGE('',*,*,#195,.F.);
#414 = CYLINDRICAL_SURFACE('',#415,1.);
#415 = AXIS2_PLACEMENT_3D('',#416,#417,#418);
#416 = CARTESIAN_POINT('',(312.67658029826,-84.4971494985,-7.2));
#417 = DIRECTION('',(0.,1.,0.));
#418 = DIRECTION('',(0.,0.,1.));
#419 = ADVANCED_FACE('',(#420),#439,.F.);
#420 = FACE_BOUND('',#421,.F.);
#421 = EDGE_LOOP('',(#422,#430,#431,#432));
#422 = ORIENTED_EDGE('',*,*,#423,.T.);
#423 = EDGE_CURVE('',#424,#180,#426,.T.);
#424 = VERTEX_POINT('',#425);
#425 = CARTESIAN_POINT('',(318.17755643617,-22.52568253475,0.));
#426 = LINE('',#427,#428);
#427 = CARTESIAN_POINT('',(318.17755643617,-22.52568253475,0.));
#428 = VECTOR('',#429,1.);
#429 = DIRECTION('',(-0.,-0.,-1.));
#430 = ORIENTED_EDGE('',*,*,#187,.T.);
#431 = ORIENTED_EDGE('',*,*,#76,.F.);
#432 = ORIENTED_EDGE('',*,*,#433,.F.);
#433 = EDGE_CURVE('',#424,#68,#434,.T.);
#434 = CIRCLE('',#435,3.501769570965);
#435 = AXIS2_PLACEMENT_3D('',#436,#437,#438);
#436 = CARTESIAN_POINT('',(314.67664911236,-22.44797771981,0.));
#437 = DIRECTION('',(0.,0.,1.));
#438 = DIRECTION('',(-2.976772267282E-05,0.999999999557,0.));
#439 = CYLINDRICAL_SURFACE('',#440,3.501769570965);
#440 = AXIS2_PLACEMENT_3D('',#441,#442,#443);
#441 = CARTESIAN_POINT('',(314.67664911236,-22.44797771981,0.));
#442 = DIRECTION('',(0.,0.,1.));
#443 = DIRECTION('',(-2.976772267282E-05,0.999999999557,0.));
#444 = ADVANCED_FACE('',(#445),#555,.F.);
#445 = FACE_BOUND('',#446,.F.);
#446 = EDGE_LOOP('',(#447,#538,#546,#552,#553,#554));
#447 = ORIENTED_EDGE('',*,*,#448,.T.);
#448 = EDGE_CURVE('',#400,#449,#451,.T.);
#449 = VERTEX_POINT('',#450);
#450 = CARTESIAN_POINT('',(311.67658029826,-18.28483177247,
    -11.99343231035));
#451 = B_SPLINE_CURVE_WITH_KNOTS('',8,(#452,#453,#454,#455,#456,#457,
    #458,#459,#460,#461,#462,#463,#464,#465,#466,#467,#468,#469,#470,
    #471,#472,#473,#474,#475,#476,#477,#478,#479,#480,#481,#482,#483,
    #484,#485,#486,#487,#488,#489,#490,#491,#492,#493,#494,#495,#496,
    #497,#498,#499,#500,#501,#502,#503,#504,#505,#506,#507,#508,#509,
    #510,#511,#512,#513,#514,#515,#516,#517,#518,#519,#520,#521,#522,
    #523,#524,#525,#526,#527,#528,#529,#530,#531,#532,#533,#534,#535,
    #536,#537),.UNSPECIFIED.,.F.,.F.,(9,7,7,7,7,7,7,7,7,7,7,7,9),(0.,
    0.158351819224,0.213012782004,0.254705538422,0.282928439285,
    0.313426203408,0.3285195804,0.357081641242,0.36368689332,
    0.420740078896,0.537305704346,0.763126031393,1.),.UNSPECIFIED.);
#452 = CARTESIAN_POINT('',(311.67658029826,-87.4971494985,
    -6.714312219814));
#453 = CARTESIAN_POINT('',(311.67658029826,-86.16790174517,
    -6.767015328558));
#454 = CARTESIAN_POINT('',(311.67658029826,-84.83894480457,
    -6.824979975516));
#455 = CARTESIAN_POINT('',(311.67658029826,-83.51025627346,
    -6.888939234298));
#456 = CARTESIAN_POINT('',(311.67658029826,-82.18188258498,
    -6.959828638348));
#457 = CARTESIAN_POINT('',(311.67658029826,-80.85394135141,
    -7.038828587022));
#458 = CARTESIAN_POINT('',(311.67658029826,-79.52663832013,
    -7.127602259628));
#459 = CARTESIAN_POINT('',(311.67658029826,-78.20027358248,
    -7.228395080388));
#460 = CARTESIAN_POINT('',(311.67658029826,-76.41796609548,
    -7.38557306965));
#461 = CARTESIAN_POINT('',(311.67658029826,-75.96078959352,
    -7.427818043692));
#462 = CARTESIAN_POINT('',(311.67658029826,-75.50381223433,
    -7.472140551428));
#463 = CARTESIAN_POINT('',(311.67658029826,-75.04706296118,
    -7.518731361369));
#464 = CARTESIAN_POINT('',(311.67658029826,-74.59058052662,
    -7.567811977565));
#465 = CARTESIAN_POINT('',(311.67658029826,-74.13441442944,
    -7.619643006542));
#466 = CARTESIAN_POINT('',(311.67658029826,-73.67862613349,
    -7.674535103078));
#467 = CARTESIAN_POINT('',(311.67658029826,-72.87598247454,-7.7773518271
    ));
#468 = CARTESIAN_POINT('',(311.67658029826,-72.52894298119,
    -7.823838770221));
#469 = CARTESIAN_POINT('',(311.67658029826,-72.18220412896,
    -7.872490768321));
#470 = CARTESIAN_POINT('',(311.67658029826,-71.83580811154,
    -7.923492336858));
#471 = CARTESIAN_POINT('',(311.67658029826,-71.48980876796,
    -7.97705374093));
#472 = CARTESIAN_POINT('',(311.67658029826,-71.14427174947,
    -8.033412021637));
#473 = CARTESIAN_POINT('',(311.67658029826,-70.79927336097,
    -8.092824370488));
#474 = CARTESIAN_POINT('',(311.67658029826,-70.22178157611,
    -8.198017053736));
#475 = CARTESIAN_POINT('',(311.67658029826,-69.9889507144,
    -8.241999962192));
#476 = CARTESIAN_POINT('',(311.67658029826,-69.75643459921,
    -8.287583438687));
#477 = CARTESIAN_POINT('',(311.67658029826,-69.52426405086,
    -8.334847109585));
#478 = CARTESIAN_POINT('',(311.67658029826,-69.29247122865,
    -8.383867654789));
#479 = CARTESIAN_POINT('',(311.67658029826,-69.06108789133,
    -8.434710902833));
#480 = CARTESIAN_POINT('',(311.67658029826,-68.83014229233,
    -8.487417732423));
#481 = CARTESIAN_POINT('',(311.67658029826,-68.35058903168,
    -8.600948040278));
#482 = CARTESIAN_POINT('',(311.67658029826,-68.10204849119,
    -8.662085454619));
#483 = CARTESIAN_POINT('',(311.67658029826,-67.85406865288,
    -8.725388584965));
#484 = CARTESIAN_POINT('',(311.67658029826,-67.60665963458,
    -8.790788162897));
#485 = CARTESIAN_POINT('',(311.67658029826,-67.35979956987,
    -8.858129710853));
#486 = CARTESIAN_POINT('',(311.67658029826,-67.11342059984,
    -8.927122938554));
#487 = CARTESIAN_POINT('',(311.67658029826,-66.8674032078,
    -8.997320491393));
#488 = CARTESIAN_POINT('',(311.67658029826,-66.49994381497,
    -9.103252375971));
#489 = CARTESIAN_POINT('',(311.67658029826,-66.37834345299,
    -9.13848498586));
#490 = CARTESIAN_POINT('',(311.67658029826,-66.25677401832,
    -9.173815661923));
#491 = CARTESIAN_POINT('',(311.67658029826,-66.13521410639,
    -9.209173270236));
#492 = CARTESIAN_POINT('',(311.67658029826,-66.01364131161,
    -9.244482986817));
#493 = CARTESIAN_POINT('',(311.67658029826,-65.89203302451,
    -9.279668946642));
#494 = CARTESIAN_POINT('',(311.67658029826,-65.77036722905,
    -9.314656892666));
#495 = CARTESIAN_POINT('',(311.67658029826,-65.41824029709,
    -9.415079338962));
#496 = CARTESIAN_POINT('',(311.67658029826,-65.18757340256,
    -9.479823221913));
#497 = CARTESIAN_POINT('',(311.67658029826,-64.95649376581,
    -9.54313273576));
#498 = CARTESIAN_POINT('',(311.67658029826,-64.72489404684,
    -9.604581546852));
#499 = CARTESIAN_POINT('',(311.67658029826,-64.49270900452,
    -9.663867478242));
#500 = CARTESIAN_POINT('',(311.67658029826,-64.25991749265,
    -9.720817359881));
#501 = CARTESIAN_POINT('',(311.67658029826,-64.02653466726,
    -9.775356310978));
#502 = CARTESIAN_POINT('',(311.67658029826,-63.73850430241,
    -9.839528920953));
#503 = CARTESIAN_POINT('',(311.67658029826,-63.68398074724,
    -9.851540909935));
#504 = CARTESIAN_POINT('',(311.67658029826,-63.62901929387,
    -9.86351057588));
#505 = CARTESIAN_POINT('',(311.67658029826,-63.57360709059,
    -9.875438082873));
#506 = CARTESIAN_POINT('',(311.67658029826,-63.51773131918,
    -9.887323036397));
#507 = CARTESIAN_POINT('',(311.67658029826,-63.4613791213,
    -9.899164077497));
#508 = CARTESIAN_POINT('',(311.67658029826,-63.40453781533,
    -9.910959973799));
#509 = CARTESIAN_POINT('',(311.67658029826,-62.85189753878,
    -10.02422269561));
#510 = CARTESIAN_POINT('',(311.67658029826,-62.35444557658,
    -10.11529257625));
#511 = CARTESIAN_POINT('',(311.67658029826,-61.85552321624,
    -10.19856296686));
#512 = CARTESIAN_POINT('',(311.67658029826,-61.35552893437,
    -10.27536695201));
#513 = CARTESIAN_POINT('',(311.67658029826,-60.85475398163,
    -10.34677121394));
#514 = CARTESIAN_POINT('',(311.67658029826,-60.35336615248,
    -10.4134949063));
#515 = CARTESIAN_POINT('',(311.67658029826,-59.85145232964,
    -10.47614074146));
#516 = CARTESIAN_POINT('',(311.67658029826,-58.32247877719,
    -10.65580086098));
#517 = CARTESIAN_POINT('',(311.67658029826,-57.29415237008,
    -10.76132076201));
#518 = CARTESIAN_POINT('',(311.67658029826,-56.26463962191,
    -10.8557253764));
#519 = CARTESIAN_POINT('',(311.67658029826,-55.23429198074,
    -10.94096973703));
#520 = CARTESIAN_POINT('',(311.67658029826,-54.20336345759,
    -11.01862505343));
#521 = CARTESIAN_POINT('',(311.67658029826,-53.17199352398,
    -11.08972635388));
#522 = CARTESIAN_POINT('',(311.67658029826,-52.14024547611,
    -11.15514114057));
#523 = CARTESIAN_POINT('',(311.67658029826,-49.10854712423,
    -11.33253875328));
#524 = CARTESIAN_POINT('',(311.67658029826,-47.1078667579,
    -11.43068567491));
#525 = CARTESIAN_POINT('',(311.67658029826,-45.10645725738,
    -11.51484336641));
#526 = CARTESIAN_POINT('',(311.67658029826,-43.10456216007,
    -11.58749974036));
#527 = CARTESIAN_POINT('',(311.67658029826,-41.10235314243,
    -11.65062305046));
#528 = CARTESIAN_POINT('',(311.67658029826,-39.09992296305,
    -11.70554281567));
#529 = CARTESIAN_POINT('',(311.67658029826,-37.09730587636,
    -11.75336075594));
#530 = CARTESIAN_POINT('',(311.67658029826,-32.99360821605,
    -11.8385364626));
#531 = CARTESIAN_POINT('',(311.67658029826,-30.8925816653,
    -11.87526719577));
#532 = CARTESIAN_POINT('',(311.67658029826,-28.79143799524,
    -11.90611563687));
#533 = CARTESIAN_POINT('',(311.67658029826,-26.69020982598,
    -11.9318157348));
#534 = CARTESIAN_POINT('',(311.67658029826,-24.58892161929,
    -11.95295221108));
#535 = CARTESIAN_POINT('',(311.67658029826,-22.48759040336,
    -11.97000858557));
#536 = CARTESIAN_POINT('',(311.67658029826,-20.38622606643,
    -11.98338695428));
#537 = CARTESIAN_POINT('',(311.67658029826,-18.28483177247,
    -11.99343231035));
#538 = ORIENTED_EDGE('',*,*,#539,.F.);
#539 = EDGE_CURVE('',#540,#449,#542,.T.);
#540 = VERTEX_POINT('',#541);
#541 = CARTESIAN_POINT('',(311.67658029826,-18.28483177247,0.));
#542 = LINE('',#543,#544);
#543 = CARTESIAN_POINT('',(311.67658029826,-18.28483177247,0.));
#544 = VECTOR('',#545,1.);
#545 = DIRECTION('',(-0.,-0.,-1.));
#546 = ORIENTED_EDGE('',*,*,#547,.F.);
#547 = EDGE_CURVE('',#60,#540,#548,.T.);
#548 = LINE('',#549,#550);
#549 = CARTESIAN_POINT('',(311.67658029826,-87.4971494985,0.));
#550 = VECTOR('',#551,1.);
#551 = DIRECTION('',(0.,1.,0.));
#552 = ORIENTED_EDGE('',*,*,#59,.F.);
#553 = ORIENTED_EDGE('',*,*,#51,.T.);
#554 = ORIENTED_EDGE('',*,*,#407,.F.);
#555 = PLANE('',#556);
#556 = AXIS2_PLACEMENT_3D('',#557,#558,#559);
#557 = CARTESIAN_POINT('',(311.67658029826,-87.4971494985,0.));
#558 = DIRECTION('',(1.,0.,0.));
#559 = DIRECTION('',(0.,1.,0.));
#560 = ADVANCED_FACE('',(#561,#693),#834,.T.);
#561 = FACE_BOUND('',#562,.T.);
#562 = EDGE_LOOP('',(#563,#574,#582,#591,#599,#608,#617,#625,#634,#643,
    #652,#660,#669,#677,#686));
#563 = ORIENTED_EDGE('',*,*,#564,.F.);
#564 = EDGE_CURVE('',#565,#567,#569,.T.);
#565 = VERTEX_POINT('',#566);
#566 = CARTESIAN_POINT('',(239.82129573053,-115.0693073387,0.));
#567 = VERTEX_POINT('',#568);
#568 = CARTESIAN_POINT('',(186.07716684838,-121.5115467171,0.));
#569 = CIRCLE('',#570,220.59143013398);
#570 = AXIS2_PLACEMENT_3D('',#571,#572,#573);
#571 = CARTESIAN_POINT('',(239.00494884425,-335.6592269323,0.));
#572 = DIRECTION('',(0.,-0.,1.));
#573 = DIRECTION('',(3.700718952594E-03,0.999993152316,0.));
#574 = ORIENTED_EDGE('',*,*,#575,.F.);
#575 = EDGE_CURVE('',#576,#565,#578,.T.);
#576 = VERTEX_POINT('',#577);
#577 = CARTESIAN_POINT('',(314.67737446218,-115.0743747798,0.));
#578 = LINE('',#579,#580);
#579 = CARTESIAN_POINT('',(314.67765929767,-115.0743747586,
    2.22044604925E-16));
#580 = VECTOR('',#581,1.);
#581 = DIRECTION('',(-0.999999997703,6.778340233572E-05,0.));
#582 = ORIENTED_EDGE('',*,*,#583,.F.);
#583 = EDGE_CURVE('',#584,#576,#586,.T.);
#584 = VERTEX_POINT('',#585);
#585 = CARTESIAN_POINT('',(319.17657294531,-110.574150085,
    2.22044604925E-16));
#586 = CIRCLE('',#587,4.500175196123);
#587 = AXIS2_PLACEMENT_3D('',#588,#589,#590);
#588 = CARTESIAN_POINT('',(314.67639768975,-110.5741996897,0.));
#589 = DIRECTION('',(0.,-0.,-1.));
#590 = DIRECTION('',(0.999999998293,-5.843333416585E-05,0.));
#591 = ORIENTED_EDGE('',*,*,#592,.F.);
#592 = EDGE_CURVE('',#593,#584,#595,.T.);
#593 = VERTEX_POINT('',#594);
#594 = CARTESIAN_POINT('',(319.20923778199,-22.52836477751,0.));
#595 = LINE('',#596,#597);
#596 = CARTESIAN_POINT('',(319.20923778199,-22.52836478281,
    2.22044604925E-16));
#597 = VECTOR('',#598,1.);
#598 = DIRECTION('',(-3.709982746469E-04,-0.99999993118,-0.));
#599 = ORIENTED_EDGE('',*,*,#600,.F.);
#600 = EDGE_CURVE('',#601,#593,#603,.T.);
#601 = VERTEX_POINT('',#602);
#602 = CARTESIAN_POINT('',(314.7152010087,-18.02340929935,0.));
#603 = CIRCLE('',#604,4.501978438057);
#604 = AXIS2_PLACEMENT_3D('',#605,#606,#607);
#605 = CARTESIAN_POINT('',(314.70725965377,-22.52669452743,0.));
#606 = DIRECTION('',(0.,0.,-1.));
#607 = DIRECTION('',(1.205784873701E-02,0.999927301499,0.));
#608 = ORIENTED_EDGE('',*,*,#609,.F.);
#609 = EDGE_CURVE('',#610,#601,#612,.T.);
#610 = VERTEX_POINT('',#611);
#611 = CARTESIAN_POINT('',(245.41085262329,-21.60911123221,
    2.22044604925E-16));
#612 = CIRCLE('',#613,315.63109843237);
#613 = AXIS2_PLACEMENT_3D('',#614,#615,#616);
#614 = CARTESIAN_POINT('',(296.28213375556,-333.1157962738,0.));
#615 = DIRECTION('',(0.,0.,-1.));
#616 = DIRECTION('',(-0.160971003296,0.986959135982,0.));
#617 = ORIENTED_EDGE('',*,*,#618,.F.);
#618 = EDGE_CURVE('',#619,#610,#621,.T.);
#619 = VERTEX_POINT('',#620);
#620 = CARTESIAN_POINT('',(234.39112768744,-22.68403151508,0.));
#621 = LINE('',#622,#623);
#622 = CARTESIAN_POINT('',(234.3547938122,-22.6882500756,
    2.22044604925E-16));
#623 = VECTOR('',#624,1.);
#624 = DIRECTION('',(0.99527029215,9.714445719614E-02,0.));
#625 = ORIENTED_EDGE('',*,*,#626,.F.);
#626 = EDGE_CURVE('',#627,#619,#629,.T.);
#627 = VERTEX_POINT('',#628);
#628 = CARTESIAN_POINT('',(105.59978143265,-22.66975392638,0.));
#629 = CIRCLE('',#630,482.07787926671);
#630 = AXIS2_PLACEMENT_3D('',#631,#632,#633);
#631 = CARTESIAN_POINT('',(170.0441762583,455.08008551346,0.));
#632 = DIRECTION('',(0.,0.,1.));
#633 = DIRECTION('',(-0.133582837741,-0.99103765088,0.));
#634 = ORIENTED_EDGE('',*,*,#635,.F.);
#635 = EDGE_CURVE('',#636,#627,#638,.T.);
#636 = VERTEX_POINT('',#637);
#637 = CARTESIAN_POINT('',(30.119288555392,-18.01651446231,0.));
#638 = CIRCLE('',#639,315.63444484691);
#639 = AXIS2_PLACEMENT_3D('',#640,#641,#642);
#640 = CARTESIAN_POINT('',(48.581511431857,-333.1114065117,0.));
#641 = DIRECTION('',(0.,0.,-1.));
#642 = DIRECTION('',(-5.836144705133E-02,0.99829551812,0.));
#643 = ORIENTED_EDGE('',*,*,#644,.F.);
#644 = EDGE_CURVE('',#645,#636,#647,.T.);
#645 = VERTEX_POINT('',#646);
#646 = CARTESIAN_POINT('',(25.694808836132,-22.5352756543,
    2.22044604925E-16));
#647 = CIRCLE('',#648,4.501126082701);
#648 = AXIS2_PLACEMENT_3D('',#649,#650,#651);
#649 = CARTESIAN_POINT('',(30.195904522947,-22.516988438,0.));
#650 = DIRECTION('',(-0.,0.,-1.));
#651 = DIRECTION('',(-0.999994474607,-3.324267798573E-03,0.));
#652 = ORIENTED_EDGE('',*,*,#653,.F.);
#653 = EDGE_CURVE('',#654,#645,#656,.T.);
#654 = VERTEX_POINT('',#655);
#655 = CARTESIAN_POINT('',(25.694808608849,-110.5723264586,0.));
#656 = LINE('',#657,#658);
#657 = CARTESIAN_POINT('',(25.694808836132,-110.5730006741,
    2.22044604925E-16));
#658 = VECTOR('',#659,1.);
#659 = DIRECTION('',(0.,1.,0.));
#660 = ORIENTED_EDGE('',*,*,#661,.F.);
#661 = EDGE_CURVE('',#662,#654,#664,.T.);
#662 = VERTEX_POINT('',#663);
#663 = CARTESIAN_POINT('',(30.206977177512,-115.0792337412,
    2.22044604925E-16));
#664 = CIRCLE('',#665,4.509948476897);
#665 = AXIS2_PLACEMENT_3D('',#666,#667,#668);
#666 = CARTESIAN_POINT('',(30.20475606071,-110.5692857815,0.));
#667 = DIRECTION('',(0.,-0.,-1.));
#668 = DIRECTION('',(4.435502981552E-04,-0.999999901632,0.));
#669 = ORIENTED_EDGE('',*,*,#670,.F.);
#670 = EDGE_CURVE('',#671,#662,#673,.T.);
#671 = VERTEX_POINT('',#672);
#672 = CARTESIAN_POINT('',(100.14793685891,-115.0636557215,0.));
#673 = LINE('',#674,#675);
#674 = CARTESIAN_POINT('',(100.15151435291,-115.0636485251,
    2.22044604925E-16));
#675 = VECTOR('',#676,1.);
#676 = DIRECTION('',(-0.999999975175,-2.228224875751E-04,0.));
#677 = ORIENTED_EDGE('',*,*,#678,.F.);
#678 = EDGE_CURVE('',#679,#671,#681,.T.);
#679 = VERTEX_POINT('',#680);
#680 = CARTESIAN_POINT('',(153.78770869979,-121.4713934361,0.));
#681 = CIRCLE('',#682,220.71384616634);
#682 = AXIS2_PLACEMENT_3D('',#683,#684,#685);
#683 = CARTESIAN_POINT('',(100.98671932597,-335.7759080627,0.));
#684 = DIRECTION('',(0.,-0.,1.));
#685 = DIRECTION('',(0.239371890679,0.970927957138,0.));
#686 = ORIENTED_EDGE('',*,*,#687,.F.);
#687 = EDGE_CURVE('',#567,#679,#688,.T.);
#688 = CIRCLE('',#689,78.192860786056);
#689 = AXIS2_PLACEMENT_3D('',#690,#691,#692);
#690 = CARTESIAN_POINT('',(170.02606768492,-44.98322980687,0.));
#691 = DIRECTION('',(0.,-0.,-1.));
#692 = DIRECTION('',(0.20571342928,-0.978612275119,0.));
#693 = FACE_BOUND('',#694,.T.);
#694 = EDGE_LOOP('',(#695,#705,#714,#723,#732,#740,#749,#757,#766,#775,
    #783,#792,#801,#809,#816,#817,#818,#819,#827));
#695 = ORIENTED_EDGE('',*,*,#696,.F.);
#696 = EDGE_CURVE('',#697,#699,#701,.T.);
#697 = VERTEX_POINT('',#698);
#698 = CARTESIAN_POINT('',(239.63174029723,-114.5458847345,0.));
#699 = VERTEX_POINT('',#700);
#700 = CARTESIAN_POINT('',(314.68390671789,-113.8914725348,0.));
#701 = LINE('',#702,#703);
#702 = CARTESIAN_POINT('',(239.63174029723,-114.5458847345,0.));
#703 = VECTOR('',#704,1.);
#704 = DIRECTION('',(0.999961987927,8.719099731478E-03,0.));
#705 = ORIENTED_EDGE('',*,*,#706,.T.);
#706 = EDGE_CURVE('',#697,#707,#709,.T.);
#707 = VERTEX_POINT('',#708);
#708 = CARTESIAN_POINT('',(186.0295394618,-120.9036635534,0.));
#709 = CIRCLE('',#710,221.3692263825);
#710 = AXIS2_PLACEMENT_3D('',#711,#712,#713);
#711 = CARTESIAN_POINT('',(238.71005681211,-335.9131923676,0.));
#712 = DIRECTION('',(0.,0.,1.));
#713 = DIRECTION('',(-0.239443070739,0.970910405689,0.));
#714 = ORIENTED_EDGE('',*,*,#715,.F.);
#715 = EDGE_CURVE('',#716,#707,#718,.T.);
#716 = VERTEX_POINT('',#717);
#717 = CARTESIAN_POINT('',(154.0487444656,-120.7815044286,0.));
#718 = CIRCLE('',#719,77.364374508734);
#719 = AXIS2_PLACEMENT_3D('',#720,#721,#722);
#720 = CARTESIAN_POINT('',(170.3282723536,-45.14934582621,0.));
#721 = DIRECTION('',(-0.,0.,1.));
#722 = DIRECTION('',(0.205705667743,-0.978613906635,0.));
#723 = ORIENTED_EDGE('',*,*,#724,.T.);
#724 = EDGE_CURVE('',#716,#725,#727,.T.);
#725 = VERTEX_POINT('',#726);
#726 = CARTESIAN_POINT('',(100.14230584695,-114.3129878689,0.));
#727 = CIRCLE('',#728,221.58349407996);
#728 = AXIS2_PLACEMENT_3D('',#729,#730,#731);
#729 = CARTESIAN_POINT('',(100.89480742067,-335.8952041907,0.));
#730 = DIRECTION('',(0.,0.,1.));
#731 = DIRECTION('',(-3.78699093694E-03,0.999992829324,0.));
#732 = ORIENTED_EDGE('',*,*,#733,.T.);
#733 = EDGE_CURVE('',#725,#734,#736,.T.);
#734 = VERTEX_POINT('',#735);
#735 = CARTESIAN_POINT('',(30.197335731963,-114.0743716288,0.));
#736 = LINE('',#737,#738);
#737 = CARTESIAN_POINT('',(100.14230584695,-114.3129878689,0.));
#738 = VECTOR('',#739,1.);
#739 = DIRECTION('',(-0.999994180935,3.41146548755E-03,0.));
#740 = ORIENTED_EDGE('',*,*,#741,.F.);
#741 = EDGE_CURVE('',#742,#734,#744,.T.);
#742 = VERTEX_POINT('',#743);
#743 = CARTESIAN_POINT('',(26.681993653722,-110.5804676687,0.));
#744 = CIRCLE('',#745,3.5000398118);
#745 = AXIS2_PLACEMENT_3D('',#746,#747,#748);
#746 = CARTESIAN_POINT('',(30.182028145719,-110.5743652914,0.));
#747 = DIRECTION('',(0.,0.,1.));
#748 = DIRECTION('',(-3.236175398547E-06,-0.999999999995,0.));
#749 = ORIENTED_EDGE('',*,*,#750,.F.);
#750 = EDGE_CURVE('',#751,#742,#753,.T.);
#751 = VERTEX_POINT('',#752);
#752 = CARTESIAN_POINT('',(26.695593135821,-22.5339438515,0.));
#753 = LINE('',#754,#755);
#754 = CARTESIAN_POINT('',(26.695593135821,-22.5339438515,0.));
#755 = VECTOR('',#756,1.);
#756 = DIRECTION('',(-1.544579087027E-04,-0.999999988071,0.));
#757 = ORIENTED_EDGE('',*,*,#758,.F.);
#758 = EDGE_CURVE('',#759,#751,#761,.T.);
#759 = VERTEX_POINT('',#760);
#760 = CARTESIAN_POINT('',(30.171452590113,-19.01348552662,0.));
#761 = CIRCLE('',#762,3.500105759091);
#762 = AXIS2_PLACEMENT_3D('',#763,#764,#765);
#763 = CARTESIAN_POINT('',(30.195639233977,-22.5135077167,0.));
#764 = DIRECTION('',(0.,0.,1.));
#765 = DIRECTION('',(-0.999999999997,-2.454181457732E-06,0.));
#766 = ORIENTED_EDGE('',*,*,#767,.F.);
#767 = EDGE_CURVE('',#768,#759,#770,.T.);
#768 = VERTEX_POINT('',#769);
#769 = CARTESIAN_POINT('',(33.188797612825,-18.8512139977,0.));
#770 = CIRCLE('',#771,314.63554912201);
#771 = AXIS2_PLACEMENT_3D('',#772,#773,#774);
#772 = CARTESIAN_POINT('',(48.576479171219,-333.1102600529,0.));
#773 = DIRECTION('',(0.,0.,1.));
#774 = DIRECTION('',(-5.85748498341E-02,0.998283019472,0.));
#775 = ORIENTED_EDGE('',*,*,#776,.T.);
#776 = EDGE_CURVE('',#768,#777,#779,.T.);
#777 = VERTEX_POINT('',#778);
#778 = CARTESIAN_POINT('',(33.188797612818,-18.37340588295,0.));
#779 = LINE('',#780,#781);
#780 = CARTESIAN_POINT('',(33.188797612818,-87.4971494985,0.));
#781 = VECTOR('',#782,1.);
#782 = DIRECTION('',(0.,1.,0.));
#783 = ORIENTED_EDGE('',*,*,#784,.F.);
#784 = EDGE_CURVE('',#785,#777,#787,.T.);
#785 = VERTEX_POINT('',#786);
#786 = CARTESIAN_POINT('',(105.53536496145,-23.16522703615,0.));
#787 = CIRCLE('',#788,315.11657100582);
#788 = AXIS2_PLACEMENT_3D('',#789,#790,#791);
#789 = CARTESIAN_POINT('',(48.674478257618,-333.1092427643,0.));
#790 = DIRECTION('',(0.,0.,1.));
#791 = DIRECTION('',(-5.85748498341E-02,0.998283019472,0.));
#792 = ORIENTED_EDGE('',*,*,#793,.T.);
#793 = EDGE_CURVE('',#785,#794,#796,.T.);
#794 = VERTEX_POINT('',#795);
#795 = CARTESIAN_POINT('',(234.46757768075,-23.17848169133,0.));
#796 = CIRCLE('',#797,482.57829109938);
#797 = AXIS2_PLACEMENT_3D('',#798,#799,#800);
#798 = CARTESIAN_POINT('',(170.05063730052,455.08113905083,0.));
#799 = DIRECTION('',(-0.,0.,1.));
#800 = DIRECTION('',(0.133506953229,-0.991047876462,0.));
#801 = ORIENTED_EDGE('',*,*,#802,.F.);
#802 = EDGE_CURVE('',#803,#794,#805,.T.);
#803 = VERTEX_POINT('',#804);
#804 = CARTESIAN_POINT('',(245.51172457091,-22.02820533595,0.));
#805 = LINE('',#806,#807);
#806 = CARTESIAN_POINT('',(245.51172457091,-22.02820533595,0.));
#807 = VECTOR('',#808,1.);
#808 = DIRECTION('',(-0.994619852939,-0.103592220459,0.));
#809 = ORIENTED_EDGE('',*,*,#810,.F.);
#810 = EDGE_CURVE('',#540,#803,#811,.T.);
#811 = CIRCLE('',#812,315.16764036938);
#812 = AXIS2_PLACEMENT_3D('',#813,#814,#815);
#813 = CARTESIAN_POINT('',(296.29808980904,-333.0770546215,0.));
#814 = DIRECTION('',(0.,0.,1.));
#815 = DIRECTION('',(-0.161153330526,0.986929381496,0.));
#816 = ORIENTED_EDGE('',*,*,#547,.F.);
#817 = ORIENTED_EDGE('',*,*,#67,.F.);
#818 = ORIENTED_EDGE('',*,*,#433,.F.);
#819 = ORIENTED_EDGE('',*,*,#820,.F.);
#820 = EDGE_CURVE('',#821,#424,#823,.T.);
#821 = VERTEX_POINT('',#822);
#822 = CARTESIAN_POINT('',(318.17657203653,-110.5623131745,0.));
#823 = LINE('',#824,#825);
#824 = CARTESIAN_POINT('',(318.17657203653,-110.5623131745,0.));
#825 = VECTOR('',#826,1.);
#826 = DIRECTION('',(1.118170506907E-05,0.999999999937,0.));
#827 = ORIENTED_EDGE('',*,*,#828,.F.);
#828 = EDGE_CURVE('',#699,#821,#829,.T.);
#829 = CIRCLE('',#830,3.50394595749);
#830 = AXIS2_PLACEMENT_3D('',#831,#832,#833);
#831 = CARTESIAN_POINT('',(314.67698787462,-110.3875334083,0.));
#832 = DIRECTION('',(-0.,0.,1.));
#833 = DIRECTION('',(0.999999998293,-5.843333300135E-05,0.));
#834 = PLANE('',#835);
#835 = AXIS2_PLACEMENT_3D('',#836,#837,#838);
#836 = CARTESIAN_POINT('',(172.43352843323,-68.58628369569,0.));
#837 = DIRECTION('',(0.,0.,1.));
#838 = DIRECTION('',(1.,0.,0.));
#839 = ADVANCED_FACE('',(#840),#883,.F.);
#840 = FACE_BOUND('',#841,.F.);
#841 = EDGE_LOOP('',(#842,#843,#849,#850,#858,#866));
#842 = ORIENTED_EDGE('',*,*,#90,.T.);
#843 = ORIENTED_EDGE('',*,*,#844,.F.);
#844 = EDGE_CURVE('',#759,#93,#845,.T.);
#845 = LINE('',#846,#847);
#846 = CARTESIAN_POINT('',(30.171452590113,-19.01348552662,0.));
#847 = VECTOR('',#848,1.);
#848 = DIRECTION('',(-0.,-0.,-1.));
#849 = ORIENTED_EDGE('',*,*,#767,.F.);
#850 = ORIENTED_EDGE('',*,*,#851,.F.);
#851 = EDGE_CURVE('',#852,#768,#854,.T.);
#852 = VERTEX_POINT('',#853);
#853 = CARTESIAN_POINT('',(33.188797612818,-18.8512139977,-6.2));
#854 = LINE('',#855,#856);
#855 = CARTESIAN_POINT('',(33.188797612818,-18.8512139977,0.));
#856 = VECTOR('',#857,1.);
#857 = DIRECTION('',(0.,0.,1.));
#858 = ORIENTED_EDGE('',*,*,#859,.T.);
#859 = EDGE_CURVE('',#852,#860,#862,.T.);
#860 = VERTEX_POINT('',#861);
#861 = CARTESIAN_POINT('',(33.188797612818,-18.8512139977,-7.2));
#862 = LINE('',#863,#864);
#863 = CARTESIAN_POINT('',(33.188797612818,-18.8512139977,0.));
#864 = VECTOR('',#865,1.);
#865 = DIRECTION('',(-0.,-0.,-1.));
#866 = ORIENTED_EDGE('',*,*,#867,.F.);
#867 = EDGE_CURVE('',#91,#860,#868,.T.);
#868 = B_SPLINE_CURVE_WITH_KNOTS('',7,(#869,#870,#871,#872,#873,#874,
    #875,#876,#877,#878,#879,#880,#881,#882),.UNSPECIFIED.,.F.,.F.,(8,6,
    8),(0.,0.467585069503,1.),.UNSPECIFIED.);
#869 = CARTESIAN_POINT('',(32.188797612818,-18.90177406882,-6.2));
#870 = CARTESIAN_POINT('',(32.30595075014,-18.8956638955,-6.2));
#871 = CARTESIAN_POINT('',(32.423119510693,-18.88960399957,
    -6.216013006803));
#872 = CARTESIAN_POINT('',(32.53591993817,-18.88382310343,
    -6.248041451204));
#873 = CARTESIAN_POINT('',(32.641175555315,-18.87847521773,
    -6.294134354028));
#874 = CARTESIAN_POINT('',(32.736880852332,-18.87364784356,
    -6.35192660331));
#875 = CARTESIAN_POINT('',(32.821931481563,-18.8693835203,
    -6.418920306372));
#876 = CARTESIAN_POINT('',(32.980133522787,-18.8614893538,
    -6.577122347596));
#877 = CARTESIAN_POINT('',(33.050175905593,-18.85802069367,
    -6.670575057102));
#878 = CARTESIAN_POINT('',(33.105919735244,-18.85527592112,
    -6.770660181624));
#879 = CARTESIAN_POINT('',(33.147451059681,-18.85323853617,
    -6.875263668991));
#880 = CARTESIAN_POINT('',(33.174996432932,-18.85188977055,
    -6.982599607719));
#881 = CARTESIAN_POINT('',(33.188797612818,-18.8512139977,
    -7.091234873502));
#882 = CARTESIAN_POINT('',(33.188797612818,-18.8512139977,-7.2));
#883 = CYLINDRICAL_SURFACE('',#884,314.63554912201);
#884 = AXIS2_PLACEMENT_3D('',#885,#886,#887);
#885 = CARTESIAN_POINT('',(48.576479171219,-333.1102600529,0.));
#886 = DIRECTION('',(0.,0.,1.));
#887 = DIRECTION('',(-5.85748498341E-02,0.998283019472,0.));
#888 = ADVANCED_FACE('',(#889),#908,.T.);
#889 = FACE_BOUND('',#890,.F.);
#890 = EDGE_LOOP('',(#891,#892,#900,#907));
#891 = ORIENTED_EDGE('',*,*,#867,.T.);
#892 = ORIENTED_EDGE('',*,*,#893,.T.);
#893 = EDGE_CURVE('',#860,#894,#896,.T.);
#894 = VERTEX_POINT('',#895);
#895 = CARTESIAN_POINT('',(33.188797612818,-78.44457324041,-7.2));
#896 = LINE('',#897,#898);
#897 = CARTESIAN_POINT('',(33.188797612818,-18.8512139977,-7.2));
#898 = VECTOR('',#899,1.);
#899 = DIRECTION('',(-0.,-1.,-0.));
#900 = ORIENTED_EDGE('',*,*,#901,.F.);
#901 = EDGE_CURVE('',#292,#894,#902,.T.);
#902 = CIRCLE('',#903,1.);
#903 = AXIS2_PLACEMENT_3D('',#904,#905,#906);
#904 = CARTESIAN_POINT('',(32.188797612818,-78.44457324041,-7.2));
#905 = DIRECTION('',(0.,1.,0.));
#906 = DIRECTION('',(0.,0.,1.));
#907 = ORIENTED_EDGE('',*,*,#308,.F.);
#908 = CYLINDRICAL_SURFACE('',#909,1.);
#909 = AXIS2_PLACEMENT_3D('',#910,#911,#912);
#910 = CARTESIAN_POINT('',(32.188797612818,-18.8512139977,-7.2));
#911 = DIRECTION('',(-0.,-1.,-0.));
#912 = DIRECTION('',(0.,0.,1.));
#913 = ADVANCED_FACE('',(#914),#925,.F.);
#914 = FACE_BOUND('',#915,.F.);
#915 = EDGE_LOOP('',(#916,#917,#918,#924));
#916 = ORIENTED_EDGE('',*,*,#844,.T.);
#917 = ORIENTED_EDGE('',*,*,#101,.T.);
#918 = ORIENTED_EDGE('',*,*,#919,.F.);
#919 = EDGE_CURVE('',#751,#102,#920,.T.);
#920 = LINE('',#921,#922);
#921 = CARTESIAN_POINT('',(26.695593135821,-22.5339438515,0.));
#922 = VECTOR('',#923,1.);
#923 = DIRECTION('',(-0.,-0.,-1.));
#924 = ORIENTED_EDGE('',*,*,#758,.F.);
#925 = CYLINDRICAL_SURFACE('',#926,3.500105759091);
#926 = AXIS2_PLACEMENT_3D('',#927,#928,#929);
#927 = CARTESIAN_POINT('',(30.195639233977,-22.5135077167,0.));
#928 = DIRECTION('',(0.,0.,1.));
#929 = DIRECTION('',(-0.999999999997,-2.454181457732E-06,0.));
#930 = ADVANCED_FACE('',(#931),#958,.F.);
#931 = FACE_BOUND('',#932,.F.);
#932 = EDGE_LOOP('',(#933,#934,#951,#957));
#933 = ORIENTED_EDGE('',*,*,#901,.T.);
#934 = ORIENTED_EDGE('',*,*,#935,.T.);
#935 = EDGE_CURVE('',#894,#936,#938,.T.);
#936 = VERTEX_POINT('',#937);
#937 = CARTESIAN_POINT('',(33.188797612818,-84.4971494985,
    -6.835854104542));
#938 = ( BOUNDED_CURVE() B_SPLINE_CURVE(11,(#939,#940,#941,#942,#943,
    #944,#945,#946,#947,#948,#949,#950),.UNSPECIFIED.,.F.,.F.) 
B_SPLINE_CURVE_WITH_KNOTS((12,12),(59.593359242707,65.645936389613),
.PIECEWISE_BEZIER_KNOTS.) CURVE() GEOMETRIC_REPRESENTATION_ITEM() 
RATIONAL_B_SPLINE_CURVE((1.,1.,1.,1.,1.,1.,1.,1.,1.,1.,1.,1.)) 
REPRESENTATION_ITEM('') );
#939 = CARTESIAN_POINT('',(33.188797612808,-78.44457324041,
    -7.200000001167));
#940 = CARTESIAN_POINT('',(33.18879761291,-78.99480744569,
    -7.158472952648));
#941 = CARTESIAN_POINT('',(33.188797613002,-79.54494354368,
    -7.11905677014));
#942 = CARTESIAN_POINT('',(33.188797612924,-80.09589198434,
    -7.081532378809));
#943 = CARTESIAN_POINT('',(33.188797612634,-80.64354203088,
    -7.045914358811));
#944 = CARTESIAN_POINT('',(33.1887976125,-81.19984348708,-7.011572921039
    ));
#945 = CARTESIAN_POINT('',(33.188797612691,-81.73983687849,
    -6.979434407304));
#946 = CARTESIAN_POINT('',(33.188797612971,-82.30322751942,
    -6.947716088799));
#947 = CARTESIAN_POINT('',(33.188797613049,-82.84010425851,
    -6.918471961075));
#948 = CARTESIAN_POINT('',(33.188797612941,-83.40124031268,
    -6.889385705531));
#949 = CARTESIAN_POINT('',(33.188797612804,-83.94523688095,
    -6.862256514096));
#950 = CARTESIAN_POINT('',(33.188797612736,-84.4971494985,
    -6.835854111175));
#951 = ORIENTED_EDGE('',*,*,#952,.F.);
#952 = EDGE_CURVE('',#269,#936,#953,.T.);
#953 = ( BOUNDED_CURVE() B_SPLINE_CURVE(2,(#954,#955,#956),
.UNSPECIFIED.,.F.,.F.) B_SPLINE_CURVE_WITH_KNOTS((3,3),(0.,
6.052577146905),.PIECEWISE_BEZIER_KNOTS.) CURVE() 
GEOMETRIC_REPRESENTATION_ITEM() RATIONAL_B_SPLINE_CURVE((1.,
0.825877075849,1.)) REPRESENTATION_ITEM('') );
#954 = CARTESIAN_POINT('',(32.258871284247,-84.54847975506,-6.2));
#955 = CARTESIAN_POINT('',(32.940562543303,-84.51085162673,-6.2));
#956 = CARTESIAN_POINT('',(33.188797612736,-84.4971494985,
    -6.835854111175));
#957 = ORIENTED_EDGE('',*,*,#291,.F.);
#958 = ( BOUNDED_SURFACE() B_SPLINE_SURFACE(2,11,(
    (#959,#960,#961,#962,#963,#964,#965,#966,#967,#968,#969,#970)
    ,(#971,#972,#973,#974,#975,#976,#977,#978,#979,#980,#981,#982)
    ,(#983,#984,#985,#986,#987,#988,#989,#990,#991,#992,#993,#994
)),.UNSPECIFIED.,.F.,.F.,.F.) B_SPLINE_SURFACE_WITH_KNOTS((3,3),(12,12),
  (0.,6.052577146905),(59.593359242707,65.645936389613),
.PIECEWISE_BEZIER_KNOTS.) GEOMETRIC_REPRESENTATION_ITEM() 
RATIONAL_B_SPLINE_SURFACE((
    (1.,1.,1.,1.,1.,1.,1.,1.,1.,1.,1.,1.)
    ,(0.707106780774,0.721788809588,0.735389452669,0.748066050269
      ,0.759882021984,0.771072733218,0.781408435333,0.791443753141
      ,0.800601088704,0.809587646367,0.81788484441,0.825877075849)
,(1.,1.,1.,1.,1.,1.,1.,1.,1.,1.,1.,1.
))) REPRESENTATION_ITEM('') SURFACE() );
#959 = CARTESIAN_POINT('',(32.188797612808,-78.44457324041,-6.2));
#960 = CARTESIAN_POINT('',(32.188797612861,-78.99480744569,-6.2));
#961 = CARTESIAN_POINT('',(32.190647629076,-79.54498556505,-6.2));
#962 = CARTESIAN_POINT('',(32.194467596158,-80.09563790392,-6.2));
#963 = CARTESIAN_POINT('',(32.197992591868,-80.64431246325,-6.2));
#964 = CARTESIAN_POINT('',(32.207041711512,-81.19835339524,-6.2));
#965 = CARTESIAN_POINT('',(32.208503625478,-81.741837606,-6.2));
#966 = CARTESIAN_POINT('',(32.223825579033,-82.29995366108,-6.2));
#967 = CARTESIAN_POINT('',(32.223809796922,-82.8337886576,-6.2));
#968 = CARTESIAN_POINT('',(32.241376839565,-83.38020705928,-6.2));
#969 = CARTESIAN_POINT('',(32.244455199487,-83.92270094996,-6.2));
#970 = CARTESIAN_POINT('',(32.258871284247,-84.54847975506,-6.2));
#971 = CARTESIAN_POINT('',(33.188797613975,-78.44457324041,-6.2));
#972 = CARTESIAN_POINT('',(33.148115274211,-78.98361503823,-6.2));
#973 = CARTESIAN_POINT('',(33.112770630148,-79.52677061834,-6.2));
#974 = CARTESIAN_POINT('',(33.082090230655,-80.07397091279,
    -6.200000000001));
#975 = CARTESIAN_POINT('',(33.054706708744,-80.61983921987,
    -6.199999999999));
#976 = CARTESIAN_POINT('',(33.032166114328,-81.17708171303,
    -6.200000000001));
#977 = CARTESIAN_POINT('',(33.009667372794,-81.71801893679,
    -6.199999999999));
#978 = CARTESIAN_POINT('',(32.993921028312,-82.28511765974,-6.2));
#979 = CARTESIAN_POINT('',(32.975451211951,-82.82406877571,-6.2));
#980 = CARTESIAN_POINT('',(32.963906549464,-83.38641345364,-6.2));
#981 = CARTESIAN_POINT('',(32.949999442887,-83.93289985932,-6.2));
#982 = CARTESIAN_POINT('',(32.940562543303,-84.51085162673,-6.2));
#983 = CARTESIAN_POINT('',(33.188797612808,-78.44457324041,
    -7.200000001167));
#984 = CARTESIAN_POINT('',(33.18879761291,-78.99480744569,
    -7.158472952648));
#985 = CARTESIAN_POINT('',(33.188797613002,-79.54494354368,
    -7.11905677014));
#986 = CARTESIAN_POINT('',(33.188797612924,-80.09589198434,
    -7.081532378809));
#987 = CARTESIAN_POINT('',(33.188797612634,-80.64354203088,
    -7.045914358811));
#988 = CARTESIAN_POINT('',(33.1887976125,-81.19984348708,-7.011572921039
    ));
#989 = CARTESIAN_POINT('',(33.188797612691,-81.73983687849,
    -6.979434407304));
#990 = CARTESIAN_POINT('',(33.188797612971,-82.30322751942,
    -6.947716088799));
#991 = CARTESIAN_POINT('',(33.188797613049,-82.84010425851,
    -6.918471961075));
#992 = CARTESIAN_POINT('',(33.188797612941,-83.40124031268,
    -6.889385705531));
#993 = CARTESIAN_POINT('',(33.188797612804,-83.94523688095,
    -6.862256514096));
#994 = CARTESIAN_POINT('',(33.188797612736,-84.4971494985,
    -6.835854111175));
#995 = ADVANCED_FACE('',(#996),#1007,.F.);
#996 = FACE_BOUND('',#997,.F.);
#997 = EDGE_LOOP('',(#998,#999,#1000,#1006));
#998 = ORIENTED_EDGE('',*,*,#919,.T.);
#999 = ORIENTED_EDGE('',*,*,#110,.T.);
#1000 = ORIENTED_EDGE('',*,*,#1001,.F.);
#1001 = EDGE_CURVE('',#742,#111,#1002,.T.);
#1002 = LINE('',#1003,#1004);
#1003 = CARTESIAN_POINT('',(26.681993653722,-110.5804676687,0.));
#1004 = VECTOR('',#1005,1.);
#1005 = DIRECTION('',(-0.,-0.,-1.));
#1006 = ORIENTED_EDGE('',*,*,#750,.F.);
#1007 = PLANE('',#1008);
#1008 = AXIS2_PLACEMENT_3D('',#1009,#1010,#1011);
#1009 = CARTESIAN_POINT('',(26.695593135821,-22.5339438515,0.));
#1010 = DIRECTION('',(-0.999999988071,1.544579087027E-04,0.));
#1011 = DIRECTION('',(-1.544579087027E-04,-0.999999988071,0.));
#1012 = ADVANCED_FACE('',(#1013),#1046,.F.);
#1013 = FACE_BOUND('',#1014,.F.);
#1014 = EDGE_LOOP('',(#1015,#1016,#1039,#1045));
#1015 = ORIENTED_EDGE('',*,*,#952,.T.);
#1016 = ORIENTED_EDGE('',*,*,#1017,.T.);
#1017 = EDGE_CURVE('',#936,#1018,#1020,.T.);
#1018 = VERTEX_POINT('',#1019);
#1019 = CARTESIAN_POINT('',(36.188797612818,-87.4971494985,
    -6.706083632454));
#1020 = ( BOUNDED_CURVE() B_SPLINE_CURVE(9,(#1021,#1022,#1023,#1024,
    #1025,#1026,#1027,#1028,#1029,#1030,#1031,#1032,#1033,#1034,#1035,
#1036,#1037,#1038),.UNSPECIFIED.,.F.,.F.) B_SPLINE_CURVE_WITH_KNOTS((10,
    8,10),(65.645936389617,68.002120439471,70.358304489325),
.UNSPECIFIED.) CURVE() GEOMETRIC_REPRESENTATION_ITEM() 
RATIONAL_B_SPLINE_CURVE((1.,1.,1.,1.,1.,1.,1.,1.,1.,1.,1.,1.,1.,1.,1.,1.
,1.,1.)) REPRESENTATION_ITEM('') );
#1021 = CARTESIAN_POINT('',(33.188797612818,-84.4971494985,
    -6.835854111175));
#1022 = CARTESIAN_POINT('',(33.188797612818,-84.75974626647,
    -6.8232920036));
#1023 = CARTESIAN_POINT('',(33.214623389325,-85.02284955746,
    -6.810962576414));
#1024 = CARTESIAN_POINT('',(33.266680553463,-85.28338513331,
    -6.799009345075));
#1025 = CARTESIAN_POINT('',(33.34391102674,-85.53581634128,
    -6.787666693517));
#1026 = CARTESIAN_POINT('',(33.445131868248,-85.77921458277,
    -6.776940674831));
#1027 = CARTESIAN_POINT('',(33.569530924117,-86.01207496226,
    -6.766861993242));
#1028 = CARTESIAN_POINT('',(33.716065907564,-86.23078147948,
    -6.757556139357));
#1029 = CARTESIAN_POINT('',(33.882665929528,-86.4336253714,
    -6.749049361924));
#1030 = CARTESIAN_POINT('',(34.251907893643,-86.80293353904,
    -6.733756379056));
#1031 = CARTESIAN_POINT('',(34.454508430986,-86.96945902839,
    -6.726967313611));
#1032 = CARTESIAN_POINT('',(34.673188794907,-87.11558936386,
    -6.721091321139));
#1033 = CARTESIAN_POINT('',(34.904628435085,-87.24031111861,
    -6.716134880506));
#1034 = CARTESIAN_POINT('',(35.14881542234,-87.3406338361,
    -6.712182406051));
#1035 = CARTESIAN_POINT('',(35.399117925677,-87.41917387666,
    -6.709109592397));
#1036 = CARTESIAN_POINT('',(35.662655333341,-87.47100392833,
    -6.707090522982));
#1037 = CARTESIAN_POINT('',(35.924559631236,-87.4971494985,
    -6.706075793975));
#1038 = CARTESIAN_POINT('',(36.188797612818,-87.4971494985,
    -6.706083632454));
#1039 = ORIENTED_EDGE('',*,*,#1040,.F.);
#1040 = EDGE_CURVE('',#244,#1018,#1041,.T.);
#1041 = ( BOUNDED_CURVE() B_SPLINE_CURVE(2,(#1042,#1043,#1044),
.UNSPECIFIED.,.F.,.F.) B_SPLINE_CURVE_WITH_KNOTS((3,3),(0.,
4.712368099708),.PIECEWISE_BEZIER_KNOTS.) CURVE() 
GEOMETRIC_REPRESENTATION_ITEM() RATIONAL_B_SPLINE_CURVE((1.,
0.864267426074,1.)) REPRESENTATION_ITEM('') );
#1042 = CARTESIAN_POINT('',(36.105273834032,-88.36263803121,-6.2));
#1043 = CARTESIAN_POINT('',(36.161183107536,-87.78329600677,-6.2));
#1044 = CARTESIAN_POINT('',(36.188797612818,-87.4971494985,
    -6.706083632454));
#1045 = ORIENTED_EDGE('',*,*,#268,.F.);
#1046 = ( BOUNDED_SURFACE() B_SPLINE_SURFACE(2,9,(
    (#1047,#1048,#1049,#1050,#1051,#1052,#1053,#1054,#1055,#1056,#1057
      ,#1058,#1059,#1060,#1061,#1062,#1063,#1064)
    ,(#1065,#1066,#1067,#1068,#1069,#1070,#1071,#1072,#1073,#1074,#1075
      ,#1076,#1077,#1078,#1079,#1080,#1081,#1082)
    ,(#1083,#1084,#1085,#1086,#1087,#1088,#1089,#1090,#1091,#1092,#1093
      ,#1094,#1095,#1096,#1097,#1098,#1099,#1100
)),.UNSPECIFIED.,.F.,.F.,.F.) B_SPLINE_SURFACE_WITH_KNOTS((3,3),(10,8,10
    ),(0.,4.712368099708),(65.645936389617,68.002120439471,
70.358304489325),.UNSPECIFIED.) GEOMETRIC_REPRESENTATION_ITEM() 
RATIONAL_B_SPLINE_SURFACE((
    (1.,1.,1.,1.,1.,1.,1.,1.,1.,1.,1.,1.,1.,1.,1.,1.,1.,1.)
    ,(0.825877075849,0.829679732425,0.833392284813,0.836972691963
      ,0.840353365625,0.843535955406,0.846514485661,0.849254396723
      ,0.851751330933,0.856228252967,0.858209103327,0.859918691772
      ,0.86135738465,0.862502781714,0.863392132935,0.863976170257
      ,0.864269693451,0.864267426074)
    ,(1.,1.,1.,1.,1.,1.,1.,1.,1.,1.,1.,1.,1.,1.,1.,1.,1.,1.
))) REPRESENTATION_ITEM('') SURFACE() );
#1047 = CARTESIAN_POINT('',(32.258871284331,-84.54847975506,-6.2));
#1048 = CARTESIAN_POINT('',(32.26573037246,-84.84622161937,-6.2));
#1049 = CARTESIAN_POINT('',(32.301667715386,-85.17404199009,-6.2));
#1050 = CARTESIAN_POINT('',(32.370661761307,-85.51079865119,-6.2));
#1051 = CARTESIAN_POINT('',(32.475514629001,-85.84206896266,-6.2));
#1052 = CARTESIAN_POINT('',(32.613031810252,-86.1609695582,-6.2));
#1053 = CARTESIAN_POINT('',(32.780035445358,-86.4637778025,-6.2));
#1054 = CARTESIAN_POINT('',(32.975287096979,-86.74728003924,-6.2));
#1055 = CARTESIAN_POINT('',(33.195799834534,-87.00916213249,-6.2));
#1056 = CARTESIAN_POINT('',(33.683046822123,-87.48513441931,-6.2));
#1057 = CARTESIAN_POINT('',(33.949711838192,-87.69926182456,-6.2));
#1058 = CARTESIAN_POINT('',(34.23723894734,-87.88702966276,-6.2));
#1059 = CARTESIAN_POINT('',(34.54219557624,-88.04741201367,-6.2));
#1060 = CARTESIAN_POINT('',(34.863468011934,-88.17561580142,-6.2));
#1061 = CARTESIAN_POINT('',(35.193403176916,-88.27411674135,-6.2));
#1062 = CARTESIAN_POINT('',(35.527503031708,-88.33211089092,-6.2));
#1063 = CARTESIAN_POINT('',(35.839764180558,-88.36251083553,-6.2));
#1064 = CARTESIAN_POINT('',(36.105273834032,-88.36263803121,-6.2));
#1065 = CARTESIAN_POINT('',(32.940562543385,-84.51085162673,-6.2));
#1066 = CARTESIAN_POINT('',(32.936136353271,-84.78192841371,-6.2));
#1067 = CARTESIAN_POINT('',(32.958507673027,-85.06222283321,-6.2));
#1068 = CARTESIAN_POINT('',(33.009259890327,-85.34473908806,-6.2));
#1069 = CARTESIAN_POINT('',(33.08890438679,-85.62149391313,-6.2));
#1070 = CARTESIAN_POINT('',(33.196011100496,-85.88946855581,-6.2));
#1071 = CARTESIAN_POINT('',(33.329229268119,-86.14610851033,-6.2));
#1072 = CARTESIAN_POINT('',(33.487491379994,-86.38763305797,-6.2));
#1073 = CARTESIAN_POINT('',(33.668437138298,-86.61178421318,-6.2));
#1074 = CARTESIAN_POINT('',(34.070270567857,-87.01915186539,-6.2));
#1075 = CARTESIAN_POINT('',(34.291143770354,-87.20287823639,-6.2));
#1076 = CARTESIAN_POINT('',(34.530530917357,-87.36454930154,-6.2));
#1077 = CARTESIAN_POINT('',(34.785045277002,-87.5028967219,
    -6.200000000001));
#1078 = CARTESIAN_POINT('',(35.054124296631,-87.61408264054,-6.2));
#1079 = CARTESIAN_POINT('',(35.330717049823,-87.70058050898,-6.2));
#1080 = CARTESIAN_POINT('',(35.617825568653,-87.75530130971,-6.2));
#1081 = CARTESIAN_POINT('',(35.896525088688,-87.7832569934,-6.2));
#1082 = CARTESIAN_POINT('',(36.161183107536,-87.78329600677,-6.2));
#1083 = CARTESIAN_POINT('',(33.188797612818,-84.4971494985,
    -6.835854111175));
#1084 = CARTESIAN_POINT('',(33.188797612818,-84.75974626647,
    -6.8232920036));
#1085 = CARTESIAN_POINT('',(33.214623389325,-85.02284955746,
    -6.810962576414));
#1086 = CARTESIAN_POINT('',(33.266680553463,-85.28338513331,
    -6.799009345075));
#1087 = CARTESIAN_POINT('',(33.34391102674,-85.53581634128,
    -6.787666693517));
#1088 = CARTESIAN_POINT('',(33.445131868248,-85.77921458277,
    -6.776940674831));
#1089 = CARTESIAN_POINT('',(33.569530924117,-86.01207496226,
    -6.766861993242));
#1090 = CARTESIAN_POINT('',(33.716065907564,-86.23078147948,
    -6.757556139357));
#1091 = CARTESIAN_POINT('',(33.882665929528,-86.4336253714,
    -6.749049361924));
#1092 = CARTESIAN_POINT('',(34.251907893643,-86.80293353904,
    -6.733756379056));
#1093 = CARTESIAN_POINT('',(34.454508430986,-86.96945902839,
    -6.726967313611));
#1094 = CARTESIAN_POINT('',(34.673188794907,-87.11558936386,
    -6.721091321139));
#1095 = CARTESIAN_POINT('',(34.904628435085,-87.24031111861,
    -6.716134880506));
#1096 = CARTESIAN_POINT('',(35.14881542234,-87.3406338361,
    -6.712182406051));
#1097 = CARTESIAN_POINT('',(35.399117925677,-87.41917387666,
    -6.709109592397));
#1098 = CARTESIAN_POINT('',(35.662655333341,-87.47100392833,
    -6.707090522982));
#1099 = CARTESIAN_POINT('',(35.924559631236,-87.4971494985,
    -6.706075793975));
#1100 = CARTESIAN_POINT('',(36.188797612818,-87.4971494985,
    -6.706083632454));
#1101 = ADVANCED_FACE('',(#1102),#1113,.F.);
#1102 = FACE_BOUND('',#1103,.F.);
#1103 = EDGE_LOOP('',(#1104,#1105,#1106,#1112));
#1104 = ORIENTED_EDGE('',*,*,#1001,.T.);
#1105 = ORIENTED_EDGE('',*,*,#118,.T.);
#1106 = ORIENTED_EDGE('',*,*,#1107,.F.);
#1107 = EDGE_CURVE('',#734,#119,#1108,.T.);
#1108 = LINE('',#1109,#1110);
#1109 = CARTESIAN_POINT('',(30.197335731963,-114.0743716288,0.));
#1110 = VECTOR('',#1111,1.);
#1111 = DIRECTION('',(-0.,-0.,-1.));
#1112 = ORIENTED_EDGE('',*,*,#741,.F.);
#1113 = CYLINDRICAL_SURFACE('',#1114,3.5000398118);
#1114 = AXIS2_PLACEMENT_3D('',#1115,#1116,#1117);
#1115 = CARTESIAN_POINT('',(30.182028145719,-110.5743652914,0.));
#1116 = DIRECTION('',(0.,0.,1.));
#1117 = DIRECTION('',(-3.236175398547E-06,-0.999999999995,0.));
#1118 = ADVANCED_FACE('',(#1119),#1154,.F.);
#1119 = FACE_BOUND('',#1120,.F.);
#1120 = EDGE_LOOP('',(#1121,#1122,#1147,#1153));
#1121 = ORIENTED_EDGE('',*,*,#1040,.T.);
#1122 = ORIENTED_EDGE('',*,*,#1123,.T.);
#1123 = EDGE_CURVE('',#1018,#1124,#1126,.T.);
#1124 = VERTEX_POINT('',#1125);
#1125 = CARTESIAN_POINT('',(308.67658029826,-87.4971494985,
    -6.714222001667));
#1126 = ( BOUNDED_CURVE() B_SPLINE_CURVE(10,(#1127,#1128,#1129,#1130,
    #1131,#1132,#1133,#1134,#1135,#1136,#1137,#1138,#1139,#1140,#1141,
    #1142,#1143,#1144,#1145,#1146),.UNSPECIFIED.,.F.,.F.) 
B_SPLINE_CURVE_WITH_KNOTS((11,9,11),(70.358304489318,206.60221583936,
342.8461271894),.UNSPECIFIED.) CURVE() GEOMETRIC_REPRESENTATION_ITEM() 
RATIONAL_B_SPLINE_CURVE((1.,1.,1.,1.,1.,1.,1.,1.,1.,1.,1.,1.,1.,1.,1.,1.
,1.,1.,1.,1.)) REPRESENTATION_ITEM('') );
#1127 = CARTESIAN_POINT('',(36.188797612818,-87.49714949843,
    -6.706083632457));
#1128 = CARTESIAN_POINT('',(49.940157370191,-87.49714949843,
    -6.706491559203));
#1129 = CARTESIAN_POINT('',(63.299406559577,-87.49714949844,
    -6.706888164583));
#1130 = CARTESIAN_POINT('',(76.980366420228,-87.49714949846,
    -6.70729459548));
#1131 = CARTESIAN_POINT('',(90.572027785273,-87.49714949848,
    -6.707698707432));
#1132 = CARTESIAN_POINT('',(104.2477620812,-87.49714949849,
    -6.708105604973));
#1133 = CARTESIAN_POINT('',(117.87599678907,-87.49714949851,
    -6.708511411945));
#1134 = CARTESIAN_POINT('',(131.52472212136,-87.49714949852,
    -6.708918127379));
#1135 = CARTESIAN_POINT('',(145.160403017,-87.49714949853,
    -6.709324765001));
#1136 = CARTESIAN_POINT('',(158.79669865406,-87.49714949853,
    -6.709731727356));
#1137 = CARTESIAN_POINT('',(186.06867925703,-87.49714949853,
    -6.710546249759));
#1138 = CARTESIAN_POINT('',(199.70497489409,-87.49714949852,
    -6.710953828048));
#1139 = CARTESIAN_POINT('',(213.34065578976,-87.4971494985,
    -6.711361694957));
#1140 = CARTESIAN_POINT('',(226.98938112204,-87.49714949848,
    -6.711770264564));
#1141 = CARTESIAN_POINT('',(240.61761582997,-87.49714949846,
    -6.712178520367));
#1142 = CARTESIAN_POINT('',(254.29335012593,-87.49714949843,
    -6.712588525734));
#1143 = CARTESIAN_POINT('',(267.88501149106,-87.49714949841,
    -6.71299629741));
#1144 = CARTESIAN_POINT('',(281.56597135177,-87.49714949839,
    -6.7134070886));
#1145 = CARTESIAN_POINT('',(294.92522054117,-87.49714949837,
    -6.713808491928));
#1146 = CARTESIAN_POINT('',(308.67658029826,-87.49714949837,
    -6.714222001672));
#1147 = ORIENTED_EDGE('',*,*,#1148,.F.);
#1148 = EDGE_CURVE('',#221,#1124,#1149,.T.);
#1149 = ( BOUNDED_CURVE() B_SPLINE_CURVE(2,(#1150,#1151,#1152),
.UNSPECIFIED.,.F.,.F.) B_SPLINE_CURVE_WITH_KNOTS((3,3),(0.,
272.48782270008),.PIECEWISE_BEZIER_KNOTS.) CURVE() 
GEOMETRIC_REPRESENTATION_ITEM() RATIONAL_B_SPLINE_CURVE((1.,
0.861910087633,1.)) REPRESENTATION_ITEM('') );
#1150 = CARTESIAN_POINT('',(308.76054333442,-88.36718969566,-6.2));
#1151 = CARTESIAN_POINT('',(308.70403217579,-87.78161082838,-6.2));
#1152 = CARTESIAN_POINT('',(308.67658029826,-87.49714949837,
    -6.714222001672));
#1153 = ORIENTED_EDGE('',*,*,#243,.F.);
#1154 = ( BOUNDED_SURFACE() B_SPLINE_SURFACE(2,10,(
    (#1155,#1156,#1157,#1158,#1159,#1160,#1161,#1162,#1163,#1164,#1165
      ,#1166,#1167,#1168,#1169,#1170,#1171,#1172,#1173,#1174)
    ,(#1175,#1176,#1177,#1178,#1179,#1180,#1181,#1182,#1183,#1184,#1185
      ,#1186,#1187,#1188,#1189,#1190,#1191,#1192,#1193,#1194)
    ,(#1195,#1196,#1197,#1198,#1199,#1200,#1201,#1202,#1203,#1204,#1205
      ,#1206,#1207,#1208,#1209,#1210,#1211,#1212,#1213,#1214
)),.UNSPECIFIED.,.F.,.F.,.F.) B_SPLINE_SURFACE_WITH_KNOTS((3,3),(11,9,11
    ),(0.,272.48782270008),(70.358304489318,206.60221583936,
342.8461271894),.UNSPECIFIED.) GEOMETRIC_REPRESENTATION_ITEM() 
RATIONAL_B_SPLINE_SURFACE((
    (1.,1.,1.,1.,1.,1.,1.,1.,1.,1.,1.,1.,1.,1.,1.,1.,1.,1.,1.,1.)
    ,(0.864267426073,0.864149428237,0.864034687352,0.863917088016
      ,0.863800140369,0.863682370034,0.863564896658,0.863447142987
      ,0.863329393786,0.86321153273,0.862975601646,0.862857526334
      ,0.862739349521,0.862620950867,0.862502625655,0.862383774246
      ,0.862265553544,0.86214643745,0.862030027564,0.861910087633)
    ,(1.,1.,1.,1.,1.,1.,1.,1.,1.,1.,1.,1.,1.,1.,1.,1.,1.,1.,1.,1.
))) REPRESENTATION_ITEM('') SURFACE() );
#1155 = CARTESIAN_POINT('',(36.105273834032,-88.36263803113,-6.2));
#1156 = CARTESIAN_POINT('',(49.922813394845,-88.36925749372,-6.2));
#1157 = CARTESIAN_POINT('',(63.31139647572,-88.36661818505,-6.2));
#1158 = CARTESIAN_POINT('',(76.999060953011,-88.36711487236,-6.2));
#1159 = CARTESIAN_POINT('',(90.59195735333,-88.36745899083,-6.2));
#1160 = CARTESIAN_POINT('',(104.26294920749,-88.36758125644,-6.2));
#1161 = CARTESIAN_POINT('',(117.88799064202,-88.36804932347,-6.2));
#1162 = CARTESIAN_POINT('',(131.53280382088,-88.3682080665,-6.2));
#1163 = CARTESIAN_POINT('',(145.16567094917,-88.36848891018,-6.2));
#1164 = CARTESIAN_POINT('',(158.79932492066,-88.36872120474,-6.2));
#1165 = CARTESIAN_POINT('',(186.06605299043,-88.36917888141,-6.2));
#1166 = CARTESIAN_POINT('',(199.69970380284,-88.36940427928,-6.2));
#1167 = CARTESIAN_POINT('',(213.33256544018,-88.36958106324,-6.2));
#1168 = CARTESIAN_POINT('',(226.97736641515,-88.3698803597,-6.2));
#1169 = CARTESIAN_POINT('',(240.60239640547,-88.36986986962,-6.2));
#1170 = CARTESIAN_POINT('',(254.27335970018,-88.37020517522,-6.2));
#1171 = CARTESIAN_POINT('',(267.86624414631,-88.37031972139,-6.2));
#1172 = CARTESIAN_POINT('',(281.55390906478,-88.3702751641,-6.2));
#1173 = CARTESIAN_POINT('',(294.94261127874,-88.37338336165,-6.2));
#1174 = CARTESIAN_POINT('',(308.76054333442,-88.36718969566,-6.2));
#1175 = CARTESIAN_POINT('',(36.161183107536,-87.7832960067,-6.2));
#1176 = CARTESIAN_POINT('',(49.936319107665,-87.7853266063,-6.2));
#1177 = CARTESIAN_POINT('',(63.306506910998,-87.78429680072,-6.2));
#1178 = CARTESIAN_POINT('',(76.990942220301,-87.78430472281,-6.2));
#1179 = CARTESIAN_POINT('',(90.58347247923,-87.78425917577,-6.2));
#1180 = CARTESIAN_POINT('',(104.25797985459,-87.78414114405,-6.2));
#1181 = CARTESIAN_POINT('',(117.88487628634,-87.78413629933,-6.2));
#1182 = CARTESIAN_POINT('',(131.5317314321,-87.78402936227,-6.2));
#1183 = CARTESIAN_POINT('',(145.16544323918,-87.78396238883,-6.2));
#1184 = CARTESIAN_POINT('',(158.79942552267,-87.78387912512,-6.2));
#1185 = CARTESIAN_POINT('',(186.06967962081,-87.78370969696,-6.2));
#1186 = CARTESIAN_POINT('',(199.70655845605,-87.78362352487,-6.2));
#1187 = CARTESIAN_POINT('',(213.34236937781,-87.78352107857,-6.2));
#1188 = CARTESIAN_POINT('',(226.99040190959,-87.78345847915,-6.2));
#1189 = CARTESIAN_POINT('',(240.61788691502,-87.78329378868,-6.2));
#1190 = CARTESIAN_POINT('',(254.29172655464,-87.78324269824,-6.2));
#1191 = CARTESIAN_POINT('',(267.88333411069,-87.78311791993,-6.2));
#1192 = CARTESIAN_POINT('',(281.56521550561,-87.7829435812,-6.2));
#1193 = CARTESIAN_POINT('',(294.93283854803,-87.78379852864,-6.2));
#1194 = CARTESIAN_POINT('',(308.70403217579,-87.78161082838,-6.2));
#1195 = CARTESIAN_POINT('',(36.188797612818,-87.49714949843,
    -6.706083632457));
#1196 = CARTESIAN_POINT('',(49.940157370191,-87.49714949843,
    -6.706491559203));
#1197 = CARTESIAN_POINT('',(63.299406559577,-87.49714949844,
    -6.706888164583));
#1198 = CARTESIAN_POINT('',(76.980366420228,-87.49714949846,
    -6.70729459548));
#1199 = CARTESIAN_POINT('',(90.572027785273,-87.49714949848,
    -6.707698707432));
#1200 = CARTESIAN_POINT('',(104.2477620812,-87.49714949849,
    -6.708105604973));
#1201 = CARTESIAN_POINT('',(117.87599678907,-87.49714949851,
    -6.708511411945));
#1202 = CARTESIAN_POINT('',(131.52472212136,-87.49714949852,
    -6.708918127379));
#1203 = CARTESIAN_POINT('',(145.160403017,-87.49714949853,
    -6.709324765001));
#1204 = CARTESIAN_POINT('',(158.79669865406,-87.49714949853,
    -6.709731727356));
#1205 = CARTESIAN_POINT('',(186.06867925703,-87.49714949853,
    -6.710546249759));
#1206 = CARTESIAN_POINT('',(199.70497489409,-87.49714949852,
    -6.710953828048));
#1207 = CARTESIAN_POINT('',(213.34065578976,-87.4971494985,
    -6.711361694957));
#1208 = CARTESIAN_POINT('',(226.98938112204,-87.49714949848,
    -6.711770264564));
#1209 = CARTESIAN_POINT('',(240.61761582997,-87.49714949846,
    -6.712178520367));
#1210 = CARTESIAN_POINT('',(254.29335012593,-87.49714949843,
    -6.712588525734));
#1211 = CARTESIAN_POINT('',(267.88501149106,-87.49714949841,
    -6.71299629741));
#1212 = CARTESIAN_POINT('',(281.56597135177,-87.49714949839,
    -6.7134070886));
#1213 = CARTESIAN_POINT('',(294.92522054117,-87.49714949837,
    -6.713808491928));
#1214 = CARTESIAN_POINT('',(308.67658029826,-87.49714949837,
    -6.714222001672));
#1215 = ADVANCED_FACE('',(#1216),#1227,.T.);
#1216 = FACE_BOUND('',#1217,.T.);
#1217 = EDGE_LOOP('',(#1218,#1224,#1225,#1226));
#1218 = ORIENTED_EDGE('',*,*,#1219,.T.);
#1219 = EDGE_CURVE('',#725,#128,#1220,.T.);
#1220 = LINE('',#1221,#1222);
#1221 = CARTESIAN_POINT('',(100.14230584695,-114.3129878689,0.));
#1222 = VECTOR('',#1223,1.);
#1223 = DIRECTION('',(-0.,-0.,-1.));
#1224 = ORIENTED_EDGE('',*,*,#127,.T.);
#1225 = ORIENTED_EDGE('',*,*,#1107,.F.);
#1226 = ORIENTED_EDGE('',*,*,#733,.F.);
#1227 = PLANE('',#1228);
#1228 = AXIS2_PLACEMENT_3D('',#1229,#1230,#1231);
#1229 = CARTESIAN_POINT('',(100.14230584695,-114.3129878689,0.));
#1230 = DIRECTION('',(3.41146548755E-03,0.999994180935,0.));
#1231 = DIRECTION('',(-0.999994180935,3.41146548755E-03,0.));
#1232 = ADVANCED_FACE('',(#1233),#1266,.F.);
#1233 = FACE_BOUND('',#1234,.F.);
#1234 = EDGE_LOOP('',(#1235,#1236,#1259,#1265));
#1235 = ORIENTED_EDGE('',*,*,#1148,.T.);
#1236 = ORIENTED_EDGE('',*,*,#1237,.T.);
#1237 = EDGE_CURVE('',#1124,#1238,#1240,.T.);
#1238 = VERTEX_POINT('',#1239);
#1239 = CARTESIAN_POINT('',(311.67658029826,-84.4971494985,
    -6.846033717808));
#1240 = ( BOUNDED_CURVE() B_SPLINE_CURVE(9,(#1241,#1242,#1243,#1244,
    #1245,#1246,#1247,#1248,#1249,#1250,#1251,#1252,#1253,#1254,#1255,
#1256,#1257,#1258),.UNSPECIFIED.,.F.,.F.) B_SPLINE_CURVE_WITH_KNOTS((10,
    8,10),(342.84612718939,345.20231123926,347.55849528913),
.UNSPECIFIED.) CURVE() GEOMETRIC_REPRESENTATION_ITEM() 
RATIONAL_B_SPLINE_CURVE((1.,1.,1.,1.,1.,1.,1.,1.,1.,1.,1.,1.,1.,1.,1.,1.
,1.,1.)) REPRESENTATION_ITEM('') );
#1241 = CARTESIAN_POINT('',(308.67658029826,-87.4971494985,
    -6.714222001667));
#1242 = CARTESIAN_POINT('',(308.94081827984,-87.4971494985,
    -6.714229947425));
#1243 = CARTESIAN_POINT('',(309.20272259027,-87.471003966,
    -6.715274314285));
#1244 = CARTESIAN_POINT('',(309.46625993008,-87.41917372104,
    -6.717336977478));
#1245 = CARTESIAN_POINT('',(309.71656259687,-87.34063413464,
    -6.720467225125));
#1246 = CARTESIAN_POINT('',(309.96074937419,-87.24031079585,
    -6.724489217318));
#1247 = CARTESIAN_POINT('',(310.19218911736,-87.1155895408,
    -6.729528612427));
#1248 = CARTESIAN_POINT('',(310.4108696141,-86.96945912177,
    -6.735500070132));
#1249 = CARTESIAN_POINT('',(310.61347159436,-86.80293264939,
    -6.742396978971));
#1250 = CARTESIAN_POINT('',(310.98271834122,-86.43361832695,
    -6.75792901803));
#1251 = CARTESIAN_POINT('',(311.14932220487,-86.23077044968,
    -6.766566984787));
#1252 = CARTESIAN_POINT('',(311.29585929522,-86.01205066385,
    -6.776015276982));
#1253 = CARTESIAN_POINT('',(311.42026583931,-85.77918882035,
    -6.786246213638));
#1254 = CARTESIAN_POINT('',(311.52148630422,-85.53576892144,
    -6.79713422098));
#1255 = CARTESIAN_POINT('',(311.59870697019,-85.28332592727,
    -6.808646790474));
#1256 = CARTESIAN_POINT('',(311.6507582716,-85.02282835799,
    -6.820775764846));
#1257 = CARTESIAN_POINT('',(311.67658029826,-84.75972158465,
    -6.833287751386));
#1258 = CARTESIAN_POINT('',(311.67658029826,-84.4971494985,
    -6.846033724722));
#1259 = ORIENTED_EDGE('',*,*,#1260,.F.);
#1260 = EDGE_CURVE('',#204,#1238,#1261,.T.);
#1261 = ( BOUNDED_CURVE() B_SPLINE_CURVE(2,(#1262,#1263,#1264),
.UNSPECIFIED.,.F.,.F.) B_SPLINE_CURVE_WITH_KNOTS((3,3),(0.,
4.712368099742),.PIECEWISE_BEZIER_KNOTS.) CURVE() 
GEOMETRIC_REPRESENTATION_ITEM() RATIONAL_B_SPLINE_CURVE((1.,
0.822789850228,1.)) REPRESENTATION_ITEM('') );
#1262 = CARTESIAN_POINT('',(312.61046080501,-84.54789469608,-6.2));
#1263 = CARTESIAN_POINT('',(311.92072390107,-84.51041577322,-6.2));
#1264 = CARTESIAN_POINT('',(311.67658029826,-84.4971494985,
    -6.846033724722));
#1265 = ORIENTED_EDGE('',*,*,#220,.F.);
#1266 = ( BOUNDED_SURFACE() B_SPLINE_SURFACE(2,9,(
    (#1267,#1268,#1269,#1270,#1271,#1272,#1273,#1274,#1275,#1276,#1277
      ,#1278,#1279,#1280,#1281,#1282,#1283,#1284)
    ,(#1285,#1286,#1287,#1288,#1289,#1290,#1291,#1292,#1293,#1294,#1295
      ,#1296,#1297,#1298,#1299,#1300,#1301,#1302)
    ,(#1303,#1304,#1305,#1306,#1307,#1308,#1309,#1310,#1311,#1312,#1313
      ,#1314,#1315,#1316,#1317,#1318,#1319,#1320
)),.UNSPECIFIED.,.F.,.F.,.F.) B_SPLINE_SURFACE_WITH_KNOTS((3,3),(10,8,10
    ),(0.,4.712368099742),(342.84612718939,345.20231123926,
347.55849528913),.UNSPECIFIED.) GEOMETRIC_REPRESENTATION_ITEM() 
RATIONAL_B_SPLINE_SURFACE((
    (1.,1.,1.,1.,1.,1.,1.,1.,1.,1.,1.,1.,1.,1.,1.,1.,1.,1.)
    ,(0.861910087635,0.86190778294,0.861604860366,0.8610065752
      ,0.860098097192,0.858929297415,0.85746238297,0.855720010285
      ,0.853701768962,0.849141148926,0.846597912034,0.843807317848
      ,0.840774053194,0.837532700264,0.834089681272,0.830443857547
      ,0.82666264148,0.822789850228)
    ,(1.,1.,1.,1.,1.,1.,1.,1.,1.,1.,1.,1.,1.,1.,1.,1.,1.,1.
))) REPRESENTATION_ITEM('') SURFACE() );
#1267 = CARTESIAN_POINT('',(308.76054333442,-88.36718969579,-6.2));
#1268 = CARTESIAN_POINT('',(309.02606052985,-88.36707068197,-6.2));
#1269 = CARTESIAN_POINT('',(309.33858664941,-88.33664935646,-6.2));
#1270 = CARTESIAN_POINT('',(309.67305878841,-88.27861583965,-6.2));
#1271 = CARTESIAN_POINT('',(310.00341107369,-88.17999477702,-6.2));
#1272 = CARTESIAN_POINT('',(310.32507973026,-88.05162175152,-6.2));
#1273 = CARTESIAN_POINT('',(310.63040583008,-87.89102551449,-6.2));
#1274 = CARTESIAN_POINT('',(310.91826650394,-87.7030085443,-6.2));
#1275 = CARTESIAN_POINT('',(311.18522641824,-87.48860269424,-6.2));
#1276 = CARTESIAN_POINT('',(311.67298100959,-87.01202839728,-6.2));
#1277 = CARTESIAN_POINT('',(311.89370758436,-86.74982323661,-6.2));
#1278 = CARTESIAN_POINT('',(312.08912357862,-86.46597928091,-6.2));
#1279 = CARTESIAN_POINT('',(312.25626195867,-86.16282678025,-6.2));
#1280 = CARTESIAN_POINT('',(312.39385237063,-85.84357231596,-6.2));
#1281 = CARTESIAN_POINT('',(312.49874361666,-85.51195333846,-6.2));
#1282 = CARTESIAN_POINT('',(312.56777862401,-85.17483516175,-6.2));
#1283 = CARTESIAN_POINT('',(312.60367247959,-84.84648674405,-6.2));
#1284 = CARTESIAN_POINT('',(312.61046080501,-84.54789469608,-6.2));
#1285 = CARTESIAN_POINT('',(308.70403217579,-87.78161082851,-6.2));
#1286 = CARTESIAN_POINT('',(308.96868880427,-87.781568785,-6.2));
#1287 = CARTESIAN_POINT('',(309.24729326224,-87.75360314453,-6.2));
#1288 = CARTESIAN_POINT('',(309.53426721418,-87.69886026059,-6.2));
#1289 = CARTESIAN_POINT('',(309.81069617126,-87.61235095034,-6.2));
#1290 = CARTESIAN_POINT('',(310.07959676289,-87.50115832563,-6.2));
#1291 = CARTESIAN_POINT('',(310.33391776074,-87.36281379562,-6.2));
#1292 = CARTESIAN_POINT('',(310.57309324706,-87.20115710561,-6.2));
#1293 = CARTESIAN_POINT('',(310.7937357258,-87.0174648158,-6.2));
#1294 = CARTESIAN_POINT('',(311.19509188827,-86.61019811831,-6.2));
#1295 = CARTESIAN_POINT('',(311.37579192023,-86.38610520832,-6.2));
#1296 = CARTESIAN_POINT('',(311.53378355951,-86.14466125417,-6.2));
#1297 = CARTESIAN_POINT('',(311.66672064433,-85.88814929437,-6.2));
#1298 = CARTESIAN_POINT('',(311.77351989698,-85.6203378833,-6.2));
#1299 = CARTESIAN_POINT('',(311.8528523971,-85.34380637137,-6.2));
#1300 = CARTESIAN_POINT('',(311.90332603738,-85.06157632593,-6.2));
#1301 = CARTESIAN_POINT('',(311.92542017802,-84.78148146754,-6.2));
#1302 = CARTESIAN_POINT('',(311.92072390107,-84.51041577322,-6.2));
#1303 = CARTESIAN_POINT('',(308.67658029826,-87.4971494985,
    -6.714222001667));
#1304 = CARTESIAN_POINT('',(308.94081827984,-87.4971494985,
    -6.714229947425));
#1305 = CARTESIAN_POINT('',(309.20272259027,-87.471003966,
    -6.715274314285));
#1306 = CARTESIAN_POINT('',(309.46625993008,-87.41917372104,
    -6.717336977478));
#1307 = CARTESIAN_POINT('',(309.71656259687,-87.34063413464,
    -6.720467225125));
#1308 = CARTESIAN_POINT('',(309.96074937419,-87.24031079585,
    -6.724489217318));
#1309 = CARTESIAN_POINT('',(310.19218911736,-87.1155895408,
    -6.729528612427));
#1310 = CARTESIAN_POINT('',(310.4108696141,-86.96945912177,
    -6.735500070132));
#1311 = CARTESIAN_POINT('',(310.61347159436,-86.80293264939,
    -6.742396978971));
#1312 = CARTESIAN_POINT('',(310.98271834122,-86.43361832695,
    -6.75792901803));
#1313 = CARTESIAN_POINT('',(311.14932220487,-86.23077044968,
    -6.766566984787));
#1314 = CARTESIAN_POINT('',(311.29585929522,-86.01205066385,
    -6.776015276982));
#1315 = CARTESIAN_POINT('',(311.42026583931,-85.77918882035,
    -6.786246213638));
#1316 = CARTESIAN_POINT('',(311.52148630422,-85.53576892144,
    -6.79713422098));
#1317 = CARTESIAN_POINT('',(311.59870697019,-85.28332592727,
    -6.808646790474));
#1318 = CARTESIAN_POINT('',(311.6507582716,-85.02282835799,
    -6.820775764846));
#1319 = CARTESIAN_POINT('',(311.67658029826,-84.75972158465,
    -6.833287751386));
#1320 = CARTESIAN_POINT('',(311.67658029826,-84.4971494985,
    -6.846033724722));
#1321 = ADVANCED_FACE('',(#1322),#1333,.T.);
#1322 = FACE_BOUND('',#1323,.T.);
#1323 = EDGE_LOOP('',(#1324,#1330,#1331,#1332));
#1324 = ORIENTED_EDGE('',*,*,#1325,.T.);
#1325 = EDGE_CURVE('',#716,#136,#1326,.T.);
#1326 = LINE('',#1327,#1328);
#1327 = CARTESIAN_POINT('',(154.0487444656,-120.7815044286,0.));
#1328 = VECTOR('',#1329,1.);
#1329 = DIRECTION('',(-0.,-0.,-1.));
#1330 = ORIENTED_EDGE('',*,*,#135,.T.);
#1331 = ORIENTED_EDGE('',*,*,#1219,.F.);
#1332 = ORIENTED_EDGE('',*,*,#724,.F.);
#1333 = CYLINDRICAL_SURFACE('',#1334,221.58349407996);
#1334 = AXIS2_PLACEMENT_3D('',#1335,#1336,#1337);
#1335 = CARTESIAN_POINT('',(100.89480742067,-335.8952041907,0.));
#1336 = DIRECTION('',(0.,0.,1.));
#1337 = DIRECTION('',(-3.78699093694E-03,0.999992829324,0.));
#1338 = ADVANCED_FACE('',(#1339),#1359,.F.);
#1339 = FACE_BOUND('',#1340,.F.);
#1340 = EDGE_LOOP('',(#1341,#1342,#1357,#1358));
#1341 = ORIENTED_EDGE('',*,*,#1260,.T.);
#1342 = ORIENTED_EDGE('',*,*,#1343,.T.);
#1343 = EDGE_CURVE('',#1238,#400,#1344,.T.);
#1344 = ( BOUNDED_CURVE() B_SPLINE_CURVE(11,(#1345,#1346,#1347,#1348,
    #1349,#1350,#1351,#1352,#1353,#1354,#1355,#1356),.UNSPECIFIED.,.F.,
.F.) B_SPLINE_CURVE_WITH_KNOTS((12,12),(347.55849528913,353.39982998033)
,.PIECEWISE_BEZIER_KNOTS.) CURVE() GEOMETRIC_REPRESENTATION_ITEM() 
RATIONAL_B_SPLINE_CURVE((1.,1.,1.,0.999999999999,1.000000000001,
    0.999999999999,1.000000000001,0.999999999999,1.,1.,1.,1.)) 
REPRESENTATION_ITEM('') );
#1345 = CARTESIAN_POINT('',(311.67658029817,-84.4971494985,
    -6.846033724722));
#1346 = CARTESIAN_POINT('',(311.67658029824,-83.96454938093,
    -6.871887603544));
#1347 = CARTESIAN_POINT('',(311.67658029838,-83.43935190782,
    -6.898431580204));
#1348 = CARTESIAN_POINT('',(311.67658029849,-82.89812620635,
    -6.926832620863));
#1349 = CARTESIAN_POINT('',(311.67658029843,-82.37958872527,
    -6.955378319489));
#1350 = CARTESIAN_POINT('',(311.67658029817,-81.83625384949,
    -6.986270343053));
#1351 = CARTESIAN_POINT('',(311.67658029797,-81.31480118583,
    -7.017549617006));
#1352 = CARTESIAN_POINT('',(311.67658029804,-80.77809646854,
    -7.0509108924));
#1353 = CARTESIAN_POINT('',(311.6765802983,-80.24948294082,
    -7.085466461851));
#1354 = CARTESIAN_POINT('',(311.67658029842,-79.71778460788,
    -7.121810775139));
#1355 = CARTESIAN_POINT('',(311.67658029838,-79.18684601362,
    -7.159922294477));
#1356 = CARTESIAN_POINT('',(311.67658029829,-78.65581566513,
    -7.19999999728));
#1357 = ORIENTED_EDGE('',*,*,#399,.F.);
#1358 = ORIENTED_EDGE('',*,*,#203,.F.);
#1359 = ( BOUNDED_SURFACE() B_SPLINE_SURFACE(2,11,(
    (#1360,#1361,#1362,#1363,#1364,#1365,#1366,#1367,#1368,#1369,#1370
      ,#1371)
    ,(#1372,#1373,#1374,#1375,#1376,#1377,#1378,#1379,#1380,#1381,#1382
      ,#1383)
    ,(#1384,#1385,#1386,#1387,#1388,#1389,#1390,#1391,#1392,#1393,#1394
,#1395
    )),.UNSPECIFIED.,.F.,.F.,.F.) B_SPLINE_SURFACE_WITH_KNOTS((3,3),(12,
    12),(0.,5.841334691205),(347.55849528913,353.39982998033),
.PIECEWISE_BEZIER_KNOTS.) GEOMETRIC_REPRESENTATION_ITEM() 
RATIONAL_B_SPLINE_SURFACE((
    (1.,1.,1.,0.999999999999,1.000000000001,0.999999999999
      ,1.000000000001,0.999999999999,1.,1.,1.,1.)
    ,(0.822789850228,0.814934296707,0.806786669575,0.797981074507
      ,0.789013337258,0.779208894797,0.769121682901,0.758223099206
      ,0.746735929349,0.734438746931,0.721276389842,0.707106782148)
    ,(1.,1.,1.,0.999999999999,1.000000000001,0.999999999999
,1.000000000001,0.999999999999,1.,1.,1.,1.
))) REPRESENTATION_ITEM('') SURFACE() );
#1360 = CARTESIAN_POINT('',(312.61046080492,-84.54789469609,-6.2));
#1361 = CARTESIAN_POINT('',(312.62423021579,-83.94223183915,-6.2));
#1362 = CARTESIAN_POINT('',(312.6269682025,-83.41861940337,-6.2));
#1363 = CARTESIAN_POINT('',(312.64381315562,-82.89187056036,-6.2));
#1364 = CARTESIAN_POINT('',(312.64353832066,-82.37641806868,-6.2));
#1365 = CARTESIAN_POINT('',(312.65822657783,-81.8381698059,-6.2));
#1366 = CARTESIAN_POINT('',(312.65941052863,-81.31337414346,-6.2));
#1367 = CARTESIAN_POINT('',(312.66802368516,-80.778834325,-6.2));
#1368 = CARTESIAN_POINT('',(312.67127508161,-80.24923959868,-6.2));
#1369 = CARTESIAN_POINT('',(312.67485931611,-79.71782485387,-6.2));
#1370 = CARTESIAN_POINT('',(312.67658029827,-79.18684601362,-6.2));
#1371 = CARTESIAN_POINT('',(312.67658029835,-78.65581566513,-6.2));
#1372 = CARTESIAN_POINT('',(311.92072390098,-84.51041577322,-6.2));
#1373 = CARTESIAN_POINT('',(311.91106089794,-83.95267425242,-6.2));
#1374 = CARTESIAN_POINT('',(311.89711804512,-83.42519776177,-6.2));
#1375 = CARTESIAN_POINT('',(311.8854047328,-82.88291534907,-6.2));
#1376 = CARTESIAN_POINT('',(311.86707508768,-82.36241933938,
    -6.199999999999));
#1377 = CARTESIAN_POINT('',(311.85133291447,-81.81564840755,
    -6.200000000001));
#1378 = CARTESIAN_POINT('',(311.8291446066,-81.29331827634,-6.2));
#1379 = CARTESIAN_POINT('',(311.80692504652,-80.75580112135,-6.2));
#1380 = CARTESIAN_POINT('',(311.78010427401,-80.22890948708,-6.2));
#1381 = CARTESIAN_POINT('',(311.75017847644,-79.70078392996,-6.2));
#1382 = CARTESIAN_POINT('',(311.71587066982,-79.17641382449,-6.2));
#1383 = CARTESIAN_POINT('',(311.67658030101,-78.65581566513,-6.2));
#1384 = CARTESIAN_POINT('',(311.67658029817,-84.4971494985,
    -6.846033724722));
#1385 = CARTESIAN_POINT('',(311.67658029824,-83.96454938093,
    -6.871887603544));
#1386 = CARTESIAN_POINT('',(311.67658029838,-83.43935190782,
    -6.898431580204));
#1387 = CARTESIAN_POINT('',(311.67658029849,-82.89812620635,
    -6.926832620863));
#1388 = CARTESIAN_POINT('',(311.67658029843,-82.37958872527,
    -6.955378319489));
#1389 = CARTESIAN_POINT('',(311.67658029817,-81.83625384949,
    -6.986270343053));
#1390 = CARTESIAN_POINT('',(311.67658029797,-81.31480118583,
    -7.017549617006));
#1391 = CARTESIAN_POINT('',(311.67658029804,-80.77809646854,
    -7.0509108924));
#1392 = CARTESIAN_POINT('',(311.6765802983,-80.24948294082,
    -7.085466461851));
#1393 = CARTESIAN_POINT('',(311.67658029842,-79.71778460788,
    -7.121810775139));
#1394 = CARTESIAN_POINT('',(311.67658029838,-79.18684601362,
    -7.159922294477));
#1395 = CARTESIAN_POINT('',(311.67658029829,-78.65581566513,
    -7.19999999728));
#1396 = ADVANCED_FACE('',(#1397),#1408,.F.);
#1397 = FACE_BOUND('',#1398,.F.);
#1398 = EDGE_LOOP('',(#1399,#1400,#1401,#1407));
#1399 = ORIENTED_EDGE('',*,*,#1325,.T.);
#1400 = ORIENTED_EDGE('',*,*,#144,.T.);
#1401 = ORIENTED_EDGE('',*,*,#1402,.F.);
#1402 = EDGE_CURVE('',#707,#145,#1403,.T.);
#1403 = LINE('',#1404,#1405);
#1404 = CARTESIAN_POINT('',(186.0295394618,-120.9036635534,0.));
#1405 = VECTOR('',#1406,1.);
#1406 = DIRECTION('',(-0.,-0.,-1.));
#1407 = ORIENTED_EDGE('',*,*,#715,.F.);
#1408 = CYLINDRICAL_SURFACE('',#1409,77.364374508734);
#1409 = AXIS2_PLACEMENT_3D('',#1410,#1411,#1412);
#1410 = CARTESIAN_POINT('',(170.3282723536,-45.14934582621,0.));
#1411 = DIRECTION('',(0.,0.,1.));
#1412 = DIRECTION('',(0.205705667743,-0.978613906635,0.));
#1413 = ADVANCED_FACE('',(#1414),#1425,.T.);
#1414 = FACE_BOUND('',#1415,.T.);
#1415 = EDGE_LOOP('',(#1416,#1422,#1423,#1424));
#1416 = ORIENTED_EDGE('',*,*,#1417,.T.);
#1417 = EDGE_CURVE('',#697,#154,#1418,.T.);
#1418 = LINE('',#1419,#1420);
#1419 = CARTESIAN_POINT('',(239.63174029723,-114.5458847345,0.));
#1420 = VECTOR('',#1421,1.);
#1421 = DIRECTION('',(-0.,-0.,-1.));
#1422 = ORIENTED_EDGE('',*,*,#153,.T.);
#1423 = ORIENTED_EDGE('',*,*,#1402,.F.);
#1424 = ORIENTED_EDGE('',*,*,#706,.F.);
#1425 = CYLINDRICAL_SURFACE('',#1426,221.3692263825);
#1426 = AXIS2_PLACEMENT_3D('',#1427,#1428,#1429);
#1427 = CARTESIAN_POINT('',(238.71005681211,-335.9131923676,0.));
#1428 = DIRECTION('',(0.,0.,1.));
#1429 = DIRECTION('',(-0.239443070739,0.970910405689,0.));
#1430 = ADVANCED_FACE('',(#1431),#1442,.F.);
#1431 = FACE_BOUND('',#1432,.F.);
#1432 = EDGE_LOOP('',(#1433,#1434,#1435,#1441));
#1433 = ORIENTED_EDGE('',*,*,#1417,.T.);
#1434 = ORIENTED_EDGE('',*,*,#162,.T.);
#1435 = ORIENTED_EDGE('',*,*,#1436,.F.);
#1436 = EDGE_CURVE('',#699,#163,#1437,.T.);
#1437 = LINE('',#1438,#1439);
#1438 = CARTESIAN_POINT('',(314.68390671789,-113.8914725348,0.));
#1439 = VECTOR('',#1440,1.);
#1440 = DIRECTION('',(-0.,-0.,-1.));
#1441 = ORIENTED_EDGE('',*,*,#696,.F.);
#1442 = PLANE('',#1443);
#1443 = AXIS2_PLACEMENT_3D('',#1444,#1445,#1446);
#1444 = CARTESIAN_POINT('',(239.63174029723,-114.5458847345,0.));
#1445 = DIRECTION('',(8.719099731478E-03,-0.999961987927,0.));
#1446 = DIRECTION('',(0.999961987927,8.719099731478E-03,0.));
#1447 = ADVANCED_FACE('',(#1448),#1459,.F.);
#1448 = FACE_BOUND('',#1449,.F.);
#1449 = EDGE_LOOP('',(#1450,#1451,#1452,#1458));
#1450 = ORIENTED_EDGE('',*,*,#1436,.T.);
#1451 = ORIENTED_EDGE('',*,*,#170,.T.);
#1452 = ORIENTED_EDGE('',*,*,#1453,.F.);
#1453 = EDGE_CURVE('',#821,#171,#1454,.T.);
#1454 = LINE('',#1455,#1456);
#1455 = CARTESIAN_POINT('',(318.17657203653,-110.5623131745,0.));
#1456 = VECTOR('',#1457,1.);
#1457 = DIRECTION('',(-0.,-0.,-1.));
#1458 = ORIENTED_EDGE('',*,*,#828,.F.);
#1459 = CYLINDRICAL_SURFACE('',#1460,3.50394595749);
#1460 = AXIS2_PLACEMENT_3D('',#1461,#1462,#1463);
#1461 = CARTESIAN_POINT('',(314.67698787462,-110.3875334083,0.));
#1462 = DIRECTION('',(0.,0.,1.));
#1463 = DIRECTION('',(0.999999998293,-5.843333300135E-05,0.));
#1464 = ADVANCED_FACE('',(#1465),#1471,.F.);
#1465 = FACE_BOUND('',#1466,.F.);
#1466 = EDGE_LOOP('',(#1467,#1468,#1469,#1470));
#1467 = ORIENTED_EDGE('',*,*,#1453,.T.);
#1468 = ORIENTED_EDGE('',*,*,#179,.T.);
#1469 = ORIENTED_EDGE('',*,*,#423,.F.);
#1470 = ORIENTED_EDGE('',*,*,#820,.F.);
#1471 = PLANE('',#1472);
#1472 = AXIS2_PLACEMENT_3D('',#1473,#1474,#1475);
#1473 = CARTESIAN_POINT('',(318.17657203653,-110.5623131745,0.));
#1474 = DIRECTION('',(0.999999999937,-1.118170506907E-05,0.));
#1475 = DIRECTION('',(1.118170506907E-05,0.999999999937,0.));
#1476 = ADVANCED_FACE('',(#1477),#1496,.F.);
#1477 = FACE_BOUND('',#1478,.F.);
#1478 = EDGE_LOOP('',(#1479,#1480,#1488,#1495));
#1479 = ORIENTED_EDGE('',*,*,#316,.F.);
#1480 = ORIENTED_EDGE('',*,*,#1481,.T.);
#1481 = EDGE_CURVE('',#317,#1482,#1484,.T.);
#1482 = VERTEX_POINT('',#1483);
#1483 = CARTESIAN_POINT('',(30.09563,-109.274375,-7.7));
#1484 = LINE('',#1485,#1486);
#1485 = CARTESIAN_POINT('',(30.09563,-109.274375,0.));
#1486 = VECTOR('',#1487,1.);
#1487 = DIRECTION('',(-0.,-0.,-1.));
#1488 = ORIENTED_EDGE('',*,*,#1489,.T.);
#1489 = EDGE_CURVE('',#1482,#1482,#1490,.T.);
#1490 = CIRCLE('',#1491,1.1);
#1491 = AXIS2_PLACEMENT_3D('',#1492,#1493,#1494);
#1492 = CARTESIAN_POINT('',(28.99563,-109.274375,-7.7));
#1493 = DIRECTION('',(0.,0.,1.));
#1494 = DIRECTION('',(1.,0.,-0.));
#1495 = ORIENTED_EDGE('',*,*,#1481,.F.);
#1496 = CYLINDRICAL_SURFACE('',#1497,1.1);
#1497 = AXIS2_PLACEMENT_3D('',#1498,#1499,#1500);
#1498 = CARTESIAN_POINT('',(28.99563,-109.274375,0.));
#1499 = DIRECTION('',(0.,0.,1.));
#1500 = DIRECTION('',(1.,0.,0.));
#1501 = ADVANCED_FACE('',(#1502),#1521,.F.);
#1502 = FACE_BOUND('',#1503,.F.);
#1503 = EDGE_LOOP('',(#1504,#1505,#1513,#1520));
#1504 = ORIENTED_EDGE('',*,*,#327,.F.);
#1505 = ORIENTED_EDGE('',*,*,#1506,.T.);
#1506 = EDGE_CURVE('',#328,#1507,#1509,.T.);
#1507 = VERTEX_POINT('',#1508);
#1508 = CARTESIAN_POINT('',(171.1,-120.,-7.7));
#1509 = LINE('',#1510,#1511);
#1510 = CARTESIAN_POINT('',(171.1,-120.,0.));
#1511 = VECTOR('',#1512,1.);
#1512 = DIRECTION('',(-0.,-0.,-1.));
#1513 = ORIENTED_EDGE('',*,*,#1514,.T.);
#1514 = EDGE_CURVE('',#1507,#1507,#1515,.T.);
#1515 = CIRCLE('',#1516,1.1);
#1516 = AXIS2_PLACEMENT_3D('',#1517,#1518,#1519);
#1517 = CARTESIAN_POINT('',(170.,-120.,-7.7));
#1518 = DIRECTION('',(0.,0.,1.));
#1519 = DIRECTION('',(1.,0.,-0.));
#1520 = ORIENTED_EDGE('',*,*,#1506,.F.);
#1521 = CYLINDRICAL_SURFACE('',#1522,1.1);
#1522 = AXIS2_PLACEMENT_3D('',#1523,#1524,#1525);
#1523 = CARTESIAN_POINT('',(170.,-120.,0.));
#1524 = DIRECTION('',(0.,0.,1.));
#1525 = DIRECTION('',(1.,0.,0.));
#1526 = ADVANCED_FACE('',(#1527),#1546,.F.);
#1527 = FACE_BOUND('',#1528,.F.);
#1528 = EDGE_LOOP('',(#1529,#1530,#1538,#1545));
#1529 = ORIENTED_EDGE('',*,*,#338,.F.);
#1530 = ORIENTED_EDGE('',*,*,#1531,.T.);
#1531 = EDGE_CURVE('',#339,#1532,#1534,.T.);
#1532 = VERTEX_POINT('',#1533);
#1533 = CARTESIAN_POINT('',(316.976573,-109.274375,-7.7));
#1534 = LINE('',#1535,#1536);
#1535 = CARTESIAN_POINT('',(316.976573,-109.274375,0.));
#1536 = VECTOR('',#1537,1.);
#1537 = DIRECTION('',(-0.,-0.,-1.));
#1538 = ORIENTED_EDGE('',*,*,#1539,.T.);
#1539 = EDGE_CURVE('',#1532,#1532,#1540,.T.);
#1540 = CIRCLE('',#1541,1.1);
#1541 = AXIS2_PLACEMENT_3D('',#1542,#1543,#1544);
#1542 = CARTESIAN_POINT('',(315.876573,-109.274375,-7.7));
#1543 = DIRECTION('',(0.,0.,1.));
#1544 = DIRECTION('',(1.,0.,-0.));
#1545 = ORIENTED_EDGE('',*,*,#1531,.F.);
#1546 = CYLINDRICAL_SURFACE('',#1547,1.1);
#1547 = AXIS2_PLACEMENT_3D('',#1548,#1549,#1550);
#1548 = CARTESIAN_POINT('',(315.876573,-109.274375,0.));
#1549 = DIRECTION('',(0.,0.,1.));
#1550 = DIRECTION('',(1.,0.,0.));
#1551 = ADVANCED_FACE('',(#1552),#1571,.F.);
#1552 = FACE_BOUND('',#1553,.F.);
#1553 = EDGE_LOOP('',(#1554,#1555,#1563,#1570));
#1554 = ORIENTED_EDGE('',*,*,#349,.F.);
#1555 = ORIENTED_EDGE('',*,*,#1556,.T.);
#1556 = EDGE_CURVE('',#350,#1557,#1559,.T.);
#1557 = VERTEX_POINT('',#1558);
#1558 = CARTESIAN_POINT('',(30.09563,-68.936875,-7.7));
#1559 = LINE('',#1560,#1561);
#1560 = CARTESIAN_POINT('',(30.09563,-68.936875,0.));
#1561 = VECTOR('',#1562,1.);
#1562 = DIRECTION('',(-0.,-0.,-1.));
#1563 = ORIENTED_EDGE('',*,*,#1564,.T.);
#1564 = EDGE_CURVE('',#1557,#1557,#1565,.T.);
#1565 = CIRCLE('',#1566,1.1);
#1566 = AXIS2_PLACEMENT_3D('',#1567,#1568,#1569);
#1567 = CARTESIAN_POINT('',(28.99563,-68.936875,-7.7));
#1568 = DIRECTION('',(0.,0.,1.));
#1569 = DIRECTION('',(1.,0.,-0.));
#1570 = ORIENTED_EDGE('',*,*,#1556,.F.);
#1571 = CYLINDRICAL_SURFACE('',#1572,1.1);
#1572 = AXIS2_PLACEMENT_3D('',#1573,#1574,#1575);
#1573 = CARTESIAN_POINT('',(28.99563,-68.936875,0.));
#1574 = DIRECTION('',(0.,0.,1.));
#1575 = DIRECTION('',(1.,0.,0.));
#1576 = ADVANCED_FACE('',(#1577),#1596,.F.);
#1577 = FACE_BOUND('',#1578,.F.);
#1578 = EDGE_LOOP('',(#1579,#1580,#1588,#1595));
#1579 = ORIENTED_EDGE('',*,*,#360,.F.);
#1580 = ORIENTED_EDGE('',*,*,#1581,.T.);
#1581 = EDGE_CURVE('',#361,#1582,#1584,.T.);
#1582 = VERTEX_POINT('',#1583);
#1583 = CARTESIAN_POINT('',(30.09563,-23.836875,-7.7));
#1584 = LINE('',#1585,#1586);
#1585 = CARTESIAN_POINT('',(30.09563,-23.836875,0.));
#1586 = VECTOR('',#1587,1.);
#1587 = DIRECTION('',(-0.,-0.,-1.));
#1588 = ORIENTED_EDGE('',*,*,#1589,.T.);
#1589 = EDGE_CURVE('',#1582,#1582,#1590,.T.);
#1590 = CIRCLE('',#1591,1.1);
#1591 = AXIS2_PLACEMENT_3D('',#1592,#1593,#1594);
#1592 = CARTESIAN_POINT('',(28.99563,-23.836875,-7.7));
#1593 = DIRECTION('',(0.,0.,1.));
#1594 = DIRECTION('',(1.,0.,-0.));
#1595 = ORIENTED_EDGE('',*,*,#1581,.F.);
#1596 = CYLINDRICAL_SURFACE('',#1597,1.1);
#1597 = AXIS2_PLACEMENT_3D('',#1598,#1599,#1600);
#1598 = CARTESIAN_POINT('',(28.99563,-23.836875,0.));
#1599 = DIRECTION('',(0.,0.,1.));
#1600 = DIRECTION('',(1.,0.,0.));
#1601 = ADVANCED_FACE('',(#1602),#1621,.F.);
#1602 = FACE_BOUND('',#1603,.F.);
#1603 = EDGE_LOOP('',(#1604,#1605,#1613,#1620));
#1604 = ORIENTED_EDGE('',*,*,#371,.F.);
#1605 = ORIENTED_EDGE('',*,*,#1606,.T.);
#1606 = EDGE_CURVE('',#372,#1607,#1609,.T.);
#1607 = VERTEX_POINT('',#1608);
#1608 = CARTESIAN_POINT('',(316.976573,-68.936875,-7.7));
#1609 = LINE('',#1610,#1611);
#1610 = CARTESIAN_POINT('',(316.976573,-68.936875,0.));
#1611 = VECTOR('',#1612,1.);
#1612 = DIRECTION('',(-0.,-0.,-1.));
#1613 = ORIENTED_EDGE('',*,*,#1614,.T.);
#1614 = EDGE_CURVE('',#1607,#1607,#1615,.T.);
#1615 = CIRCLE('',#1616,1.1);
#1616 = AXIS2_PLACEMENT_3D('',#1617,#1618,#1619);
#1617 = CARTESIAN_POINT('',(315.876573,-68.936875,-7.7));
#1618 = DIRECTION('',(0.,0.,1.));
#1619 = DIRECTION('',(1.,0.,-0.));
#1620 = ORIENTED_EDGE('',*,*,#1606,.F.);
#1621 = CYLINDRICAL_SURFACE('',#1622,1.1);
#1622 = AXIS2_PLACEMENT_3D('',#1623,#1624,#1625);
#1623 = CARTESIAN_POINT('',(315.876573,-68.936875,0.));
#1624 = DIRECTION('',(0.,0.,1.));
#1625 = DIRECTION('',(1.,0.,0.));
#1626 = ADVANCED_FACE('',(#1627),#1646,.F.);
#1627 = FACE_BOUND('',#1628,.F.);
#1628 = EDGE_LOOP('',(#1629,#1630,#1638,#1645));
#1629 = ORIENTED_EDGE('',*,*,#382,.F.);
#1630 = ORIENTED_EDGE('',*,*,#1631,.T.);
#1631 = EDGE_CURVE('',#383,#1632,#1634,.T.);
#1632 = VERTEX_POINT('',#1633);
#1633 = CARTESIAN_POINT('',(316.976573,-23.836875,-7.7));
#1634 = LINE('',#1635,#1636);
#1635 = CARTESIAN_POINT('',(316.976573,-23.836875,0.));
#1636 = VECTOR('',#1637,1.);
#1637 = DIRECTION('',(-0.,-0.,-1.));
#1638 = ORIENTED_EDGE('',*,*,#1639,.T.);
#1639 = EDGE_CURVE('',#1632,#1632,#1640,.T.);
#1640 = CIRCLE('',#1641,1.1);
#1641 = AXIS2_PLACEMENT_3D('',#1642,#1643,#1644);
#1642 = CARTESIAN_POINT('',(315.876573,-23.836875,-7.7));
#1643 = DIRECTION('',(0.,0.,1.));
#1644 = DIRECTION('',(1.,0.,-0.));
#1645 = ORIENTED_EDGE('',*,*,#1631,.F.);
#1646 = CYLINDRICAL_SURFACE('',#1647,1.1);
#1647 = AXIS2_PLACEMENT_3D('',#1648,#1649,#1650);
#1648 = CARTESIAN_POINT('',(315.876573,-23.836875,0.));
#1649 = DIRECTION('',(0.,0.,1.));
#1650 = DIRECTION('',(1.,0.,0.));
#1651 = ADVANCED_FACE('',(#1652),#1879,.F.);
#1652 = FACE_BOUND('',#1653,.F.);
#1653 = EDGE_LOOP('',(#1654,#1655,#1656,#1657,#1658,#1659,#1660,#1751,
    #1764,#1778,#1806,#1816,#1844,#1858,#1868));
#1654 = ORIENTED_EDGE('',*,*,#448,.F.);
#1655 = ORIENTED_EDGE('',*,*,#1343,.F.);
#1656 = ORIENTED_EDGE('',*,*,#1237,.F.);
#1657 = ORIENTED_EDGE('',*,*,#1123,.F.);
#1658 = ORIENTED_EDGE('',*,*,#1017,.F.);
#1659 = ORIENTED_EDGE('',*,*,#935,.F.);
#1660 = ORIENTED_EDGE('',*,*,#1661,.T.);
#1661 = EDGE_CURVE('',#894,#1662,#1664,.T.);
#1662 = VERTEX_POINT('',#1663);
#1663 = CARTESIAN_POINT('',(33.188797612818,-18.37340588295,
    -11.99196929358));
#1664 = B_SPLINE_CURVE_WITH_KNOTS('',8,(#1665,#1666,#1667,#1668,#1669,
    #1670,#1671,#1672,#1673,#1674,#1675,#1676,#1677,#1678,#1679,#1680,
    #1681,#1682,#1683,#1684,#1685,#1686,#1687,#1688,#1689,#1690,#1691,
    #1692,#1693,#1694,#1695,#1696,#1697,#1698,#1699,#1700,#1701,#1702,
    #1703,#1704,#1705,#1706,#1707,#1708,#1709,#1710,#1711,#1712,#1713,
    #1714,#1715,#1716,#1717,#1718,#1719,#1720,#1721,#1722,#1723,#1724,
    #1725,#1726,#1727,#1728,#1729,#1730,#1731,#1732,#1733,#1734,#1735,
    #1736,#1737,#1738,#1739,#1740,#1741,#1742,#1743,#1744,#1745,#1746,
    #1747,#1748,#1749,#1750),.UNSPECIFIED.,.F.,.F.,(9,7,7,7,7,7,7,7,7,7,
    7,7,9),(0.,0.158726487414,0.214182996939,0.255658059683,
    0.286383238603,0.316913933459,0.332023607907,0.360616509357,
    0.367228893624,0.424343683823,0.541035173961,0.767099336227,1.),
  .UNSPECIFIED.);
#1665 = CARTESIAN_POINT('',(33.188797612818,-87.4971494985,
    -6.705994645705));
#1666 = CARTESIAN_POINT('',(33.188797612818,-86.16616695885,
    -6.758038457276));
#1667 = CARTESIAN_POINT('',(33.188797612818,-84.83546503563,
    -6.815271004326));
#1668 = CARTESIAN_POINT('',(33.188797612818,-83.5050240191,
    -6.878409355076));
#1669 = CARTESIAN_POINT('',(33.188797612818,-82.17488958976,
    -6.948366915641));
#1670 = CARTESIAN_POINT('',(33.188797612818,-80.84517507769,
    -7.026294918928));
#1671 = CARTESIAN_POINT('',(33.188797612818,-79.51607742279,
    -7.113809911668));
#1672 = CARTESIAN_POINT('',(33.188797612818,-78.18788314819,
    -7.213091253245));
#1673 = CARTESIAN_POINT('',(33.188797612818,-76.39746681135,
    -7.368180892162));
#1674 = CARTESIAN_POINT('',(33.188797612818,-75.93406621124,
    -7.410246660099));
#1675 = CARTESIAN_POINT('',(33.188797612818,-75.47086106829,
    -7.454387866126));
#1676 = CARTESIAN_POINT('',(33.188797612818,-75.00787982088,
    -7.500795301772));
#1677 = CARTESIAN_POINT('',(33.188797612818,-74.54516058811,
    -7.549690564004));
#1678 = CARTESIAN_POINT('',(33.188797612818,-74.08275210864,
    -7.60133458682));
#1679 = CARTESIAN_POINT('',(33.188797612818,-73.62071498952,
    -7.656039031518));
#1680 = CARTESIAN_POINT('',(33.188797612818,-72.81390597864,
    -7.757663664175));
#1681 = CARTESIAN_POINT('',(33.188797612818,-72.4689428083,
    -7.803068342799));
#1682 = CARTESIAN_POINT('',(33.188797612818,-72.12426353207,
    -7.850553266694));
#1683 = CARTESIAN_POINT('',(33.188797612818,-71.77990740161,
    -7.90029380617));
#1684 = CARTESIAN_POINT('',(33.188797612818,-71.43592440831,
    -7.952489557764));
#1685 = CARTESIAN_POINT('',(33.188797612818,-71.09237552196,
    -8.007365849401));
#1686 = CARTESIAN_POINT('',(33.188797612818,-70.74933190222,
    -8.065169199595));
#1687 = CARTESIAN_POINT('',(33.188797612818,-70.15317585339,
    -8.171336959066));
#1688 = CARTESIAN_POINT('',(33.188797612818,-69.89979930092,
    -8.218264365792));
#1689 = CARTESIAN_POINT('',(33.188797612818,-69.64677949257,
    -8.267042926161));
#1690 = CARTESIAN_POINT('',(33.188797612818,-69.3941551964,
    -8.317776132922));
#1691 = CARTESIAN_POINT('',(33.188797612818,-69.14196769404,
    -8.370566102402));
#1692 = CARTESIAN_POINT('',(33.188797612818,-68.8902584434,
    -8.425502875188));
#1693 = CARTESIAN_POINT('',(33.188797612818,-68.63906459136,
    -8.482643911377));
#1694 = CARTESIAN_POINT('',(33.188797612818,-68.13934665846,
    -8.600948040277));
#1695 = CARTESIAN_POINT('',(33.188797612818,-67.89080611796,
    -8.662085454622));
#1696 = CARTESIAN_POINT('',(33.188797612818,-67.64282627967,
    -8.725388584962));
#1697 = CARTESIAN_POINT('',(33.188797612818,-67.39541726136,
    -8.790788162896));
#1698 = CARTESIAN_POINT('',(33.188797612818,-67.14855719664,
    -8.858129710855));
#1699 = CARTESIAN_POINT('',(33.188797612818,-66.90217822663,
    -8.927122938551));
#1700 = CARTESIAN_POINT('',(33.188797612818,-66.65616083457,
    -8.997320491394));
#1701 = CARTESIAN_POINT('',(33.188797612818,-66.28870144175,
    -9.103252375971));
#1702 = CARTESIAN_POINT('',(33.188797612818,-66.16710107977,
    -9.13848498586));
#1703 = CARTESIAN_POINT('',(33.188797612818,-66.0455316451,
    -9.173815661923));
#1704 = CARTESIAN_POINT('',(33.188797612818,-65.92397173318,
    -9.209173270236));
#1705 = CARTESIAN_POINT('',(33.188797612818,-65.80239893839,
    -9.244482986817));
#1706 = CARTESIAN_POINT('',(33.188797612818,-65.68079065129,
    -9.279668946642));
#1707 = CARTESIAN_POINT('',(33.188797612818,-65.55912485583,
    -9.314656892666));
#1708 = CARTESIAN_POINT('',(33.188797612818,-65.20699792388,
    -9.415079338961));
#1709 = CARTESIAN_POINT('',(33.188797612818,-64.97633102933,
    -9.479823221915));
#1710 = CARTESIAN_POINT('',(33.188797612818,-64.7452513926,
    -9.543132735757));
#1711 = CARTESIAN_POINT('',(33.188797612818,-64.51365167362,
    -9.604581546851));
#1712 = CARTESIAN_POINT('',(33.188797612818,-64.28146663129,
    -9.663867478244));
#1713 = CARTESIAN_POINT('',(33.188797612818,-64.04867511944,
    -9.720817359879));
#1714 = CARTESIAN_POINT('',(33.188797612818,-63.81529229404,
    -9.775356310979));
#1715 = CARTESIAN_POINT('',(33.188797612818,-63.5272619292,
    -9.839528920954));
#1716 = CARTESIAN_POINT('',(33.188797612818,-63.47273837402,
    -9.851540909935));
#1717 = CARTESIAN_POINT('',(33.188797612818,-63.41777692065,
    -9.86351057588));
#1718 = CARTESIAN_POINT('',(33.188797612818,-63.36236471737,
    -9.875438082873));
#1719 = CARTESIAN_POINT('',(33.188797612818,-63.30648894596,
    -9.887323036397));
#1720 = CARTESIAN_POINT('',(33.188797612818,-63.25013674808,
    -9.899164077497));
#1721 = CARTESIAN_POINT('',(33.188797612818,-63.19329544211,
    -9.910959973799));
#1722 = CARTESIAN_POINT('',(33.188797612818,-62.64065516557,
    -10.02422269561));
#1723 = CARTESIAN_POINT('',(33.188797612818,-62.14320320337,
    -10.11529257625));
#1724 = CARTESIAN_POINT('',(33.188797612818,-61.644280843,
    -10.19856296687));
#1725 = CARTESIAN_POINT('',(33.188797612818,-61.14428656119,
    -10.275366952));
#1726 = CARTESIAN_POINT('',(33.188797612818,-60.64351160837,
    -10.34677121395));
#1727 = CARTESIAN_POINT('',(33.188797612818,-60.14212377928,
    -10.4134949063));
#1728 = CARTESIAN_POINT('',(33.188797612818,-59.64020995641,
    -10.47614074146));
#1729 = CARTESIAN_POINT('',(33.188797612818,-58.11123640399,
    -10.65580086098));
#1730 = CARTESIAN_POINT('',(33.188797612818,-57.0829099968,
    -10.76132076201));
#1731 = CARTESIAN_POINT('',(33.188797612818,-56.05339724879,
    -10.85572537639));
#1732 = CARTESIAN_POINT('',(33.188797612818,-55.02304960745,
    -10.94096973704));
#1733 = CARTESIAN_POINT('',(33.188797612818,-53.9921210844,
    -11.01862505342));
#1734 = CARTESIAN_POINT('',(33.188797612818,-52.96075115076,
    -11.08972635388));
#1735 = CARTESIAN_POINT('',(33.188797612818,-51.92900310289,
    -11.15514114057));
#1736 = CARTESIAN_POINT('',(33.188797612818,-48.89730475103,
    -11.33253875328));
#1737 = CARTESIAN_POINT('',(33.188797612818,-46.89662438458,
    -11.43068567492));
#1738 = CARTESIAN_POINT('',(33.188797612818,-44.89521488443,
    -11.5148433664));
#1739 = CARTESIAN_POINT('',(33.188797612818,-42.89331978645,
    -11.58749974037));
#1740 = CARTESIAN_POINT('',(33.188797612818,-40.89111076955,
    -11.65062305045));
#1741 = CARTESIAN_POINT('',(33.188797612818,-38.88868058966,
    -11.70554281568));
#1742 = CARTESIAN_POINT('',(33.188797612818,-36.88606350319,
    -11.75336075594));
#1743 = CARTESIAN_POINT('',(33.188797612818,-32.8198336229,
    -11.83775878721));
#1744 = CARTESIAN_POINT('',(33.188797612818,-30.75628034686,
    -11.87395485745));
#1745 = CARTESIAN_POINT('',(33.188797612818,-28.69261338446,
    -11.9044595519));
#1746 = CARTESIAN_POINT('',(33.188797612818,-26.62886388327,
    -11.92997250036));
#1747 = CARTESIAN_POINT('',(33.188797612818,-24.56505528961,
    -11.95105285518));
#1748 = CARTESIAN_POINT('',(33.188797612818,-22.50120402776,
    -11.96816395012));
#1749 = CARTESIAN_POINT('',(33.188797612818,-20.43731978204,
    -11.98169212922));
#1750 = CARTESIAN_POINT('',(33.188797612818,-18.37340588295,
    -11.99196929358));
#1751 = ORIENTED_EDGE('',*,*,#1752,.F.);
#1752 = EDGE_CURVE('',#1753,#1662,#1755,.T.);
#1753 = VERTEX_POINT('',#1754);
#1754 = CARTESIAN_POINT('',(105.53536496145,-23.16522703615,
    -11.96042191615));
#1755 = B_SPLINE_CURVE_WITH_KNOTS('',7,(#1756,#1757,#1758,#1759,#1760,
    #1761,#1762,#1763),.UNSPECIFIED.,.F.,.F.,(8,8),(0.,1.),
  .PIECEWISE_BEZIER_KNOTS.);
#1756 = CARTESIAN_POINT('',(105.53536496145,-23.16522703615,
    -11.96042191615));
#1757 = CARTESIAN_POINT('',(95.263752888273,-21.28084488737,
    -11.97627055158));
#1758 = CARTESIAN_POINT('',(84.955113787398,-19.80017323912,
    -11.98541837844));
#1759 = CARTESIAN_POINT('',(74.619140505745,-18.71983578019,
    -11.99078171216));
#1760 = CARTESIAN_POINT('',(64.26532247628,-18.03765252312,
    -11.99371250096));
#1761 = CARTESIAN_POINT('',(53.902955506592,-17.75244942275,
    -11.99493192259));
#1762 = CARTESIAN_POINT('',(43.541143735114,-17.86404817026,
    -11.99454471857));
#1763 = CARTESIAN_POINT('',(33.188797612818,-18.37340588295,
    -11.99196929358));
#1764 = ORIENTED_EDGE('',*,*,#1765,.T.);
#1765 = EDGE_CURVE('',#1753,#1766,#1768,.T.);
#1766 = VERTEX_POINT('',#1767);
#1767 = CARTESIAN_POINT('',(160.29812872351,-27.39859691415,
    -11.91756167584));
#1768 = B_SPLINE_CURVE_WITH_KNOTS('',8,(#1769,#1770,#1771,#1772,#1773,
    #1774,#1775,#1776,#1777),.UNSPECIFIED.,.F.,.F.,(9,9),(0.,1.),
  .PIECEWISE_BEZIER_KNOTS.);
#1769 = CARTESIAN_POINT('',(105.53536496145,-23.16522703615,
    -11.96042191615));
#1770 = CARTESIAN_POINT('',(121.60247536543,-25.33267477213,
    -11.94221979404));
#1771 = CARTESIAN_POINT('',(137.71141339311,-26.87763722166,
    -11.92502095649));
#1772 = CARTESIAN_POINT('',(153.84832062919,-27.8039085284,
    -11.91260868154));
#1773 = CARTESIAN_POINT('',(169.99934513606,-28.11359573581,
    -11.908064709));
#1774 = CARTESIAN_POINT('',(186.15063734141,-27.80736430325,
    -11.91290656002));
#1775 = CARTESIAN_POINT('',(202.28834611757,-26.88449219497,
    -11.92555640908));
#1776 = CARTESIAN_POINT('',(218.39861488156,-25.34281539988,
    -11.94289857903));
#1777 = CARTESIAN_POINT('',(234.46757768075,-23.17848169133,
    -11.96113307354));
#1778 = ORIENTED_EDGE('',*,*,#1779,.T.);
#1779 = EDGE_CURVE('',#1766,#1780,#1782,.T.);
#1780 = VERTEX_POINT('',#1781);
#1781 = CARTESIAN_POINT('',(160.23318352317,-30.,-11.88270362284));
#1782 = B_SPLINE_CURVE_WITH_KNOTS('',8,(#1783,#1784,#1785,#1786,#1787,
    #1788,#1789,#1790,#1791,#1792,#1793,#1794,#1795,#1796,#1797,#1798,
    #1799,#1800,#1801,#1802,#1803,#1804,#1805),.UNSPECIFIED.,.F.,.F.,(9,
    7,7,9),(0.,0.220878922788,0.609203151503,1.),.UNSPECIFIED.);
#1783 = CARTESIAN_POINT('',(160.30917569427,-26.99936931868,
    -11.92232098348));
#1784 = CARTESIAN_POINT('',(160.30682319659,-27.08290473068,
    -11.92134085499));
#1785 = CARTESIAN_POINT('',(160.30449132428,-27.16644162724,
    -11.92035323355));
#1786 = CARTESIAN_POINT('',(160.30217914311,-27.2499799259,
    -11.91935808325));
#1787 = CARTESIAN_POINT('',(160.29988578955,-27.3335195461,
    -11.91835536811));
#1788 = CARTESIAN_POINT('',(160.29761047082,-27.41706040914,
    -11.91734505206));
#1789 = CARTESIAN_POINT('',(160.2953524649,-27.5006024382,
    -11.91632709896));
#1790 = CARTESIAN_POINT('',(160.29311112047,-27.58414555833,
    -11.91530147262));
#1791 = CARTESIAN_POINT('',(160.28697365151,-27.81456750894,
    -11.91245144303));
#1792 = CARTESIAN_POINT('',(160.28311909208,-27.96114826891,
    -11.91061463228));
#1793 = CARTESIAN_POINT('',(160.27931847313,-28.10743436633,
    -11.90875764068));
#1794 = CARTESIAN_POINT('',(160.27556859627,-28.25342790005,
    -11.90688040572));
#1795 = CARTESIAN_POINT('',(160.27186669585,-28.39913067168,
    -11.90498286668));
#1796 = CARTESIAN_POINT('',(160.26821036453,-28.54454417949,
    -11.90306496511));
#1797 = CARTESIAN_POINT('',(160.26459747891,-28.68966961223,
    -11.90112664531));
#1798 = CARTESIAN_POINT('',(160.25743203095,-28.9802683183,
    -11.89719659188));
#1799 = CARTESIAN_POINT('',(160.25387278759,-29.12603047704,
    -11.89520063951));
#1800 = CARTESIAN_POINT('',(160.25034675731,-29.27179422848,
    -11.89317978929));
#1801 = CARTESIAN_POINT('',(160.24685240762,-29.41755915561,
    -11.8911338126));
#1802 = CARTESIAN_POINT('',(160.24338860398,-29.56332563546,
    -11.88906251527));
#1803 = CARTESIAN_POINT('',(160.23995400921,-29.70909290618,
    -11.88696564168));
#1804 = CARTESIAN_POINT('',(160.23654777943,-29.85486137165,
    -11.88484299489));
#1805 = CARTESIAN_POINT('',(160.23316890403,-30.00063068131,
    -11.88269432669));
#1806 = ORIENTED_EDGE('',*,*,#1807,.F.);
#1807 = EDGE_CURVE('',#1808,#1780,#1810,.T.);
#1808 = VERTEX_POINT('',#1809);
#1809 = CARTESIAN_POINT('',(179.76941549507,-30.,-11.88292192468));
#1810 = B_SPLINE_CURVE_WITH_KNOTS('',4,(#1811,#1812,#1813,#1814,#1815),
  .UNSPECIFIED.,.F.,.F.,(5,5),(0.,1.),.PIECEWISE_BEZIER_KNOTS.);
#1811 = CARTESIAN_POINT('',(180.0014713211,-30.,-11.8829245163));
#1812 = CARTESIAN_POINT('',(175.0014713211,-30.,-11.88286867607));
#1813 = CARTESIAN_POINT('',(170.0014713211,-30.,-11.88281281532));
#1814 = CARTESIAN_POINT('',(165.0014713211,-30.,-11.88275693404));
#1815 = CARTESIAN_POINT('',(160.0014713211,-30.,-11.88270103223));
#1816 = ORIENTED_EDGE('',*,*,#1817,.T.);
#1817 = EDGE_CURVE('',#1808,#1818,#1820,.T.);
#1818 = VERTEX_POINT('',#1819);
#1819 = CARTESIAN_POINT('',(179.70446727095,-27.40058143948,
    -11.91771583242));
#1820 = B_SPLINE_CURVE_WITH_KNOTS('',8,(#1821,#1822,#1823,#1824,#1825,
    #1826,#1827,#1828,#1829,#1830,#1831,#1832,#1833,#1834,#1835,#1836,
    #1837,#1838,#1839,#1840,#1841,#1842,#1843),.UNSPECIFIED.,.F.,.F.,(9,
    7,7,9),(0.,0.224162014613,0.609034198651,1.),.UNSPECIFIED.);
#1821 = CARTESIAN_POINT('',(179.76943012426,-30.00063068131,
    -11.88291263886));
#1822 = CARTESIAN_POINT('',(179.76749363506,-29.91714540618,
    -11.88414186136));
#1823 = CARTESIAN_POINT('',(179.76554814871,-29.833660427,
    -11.88536255491));
#1824 = CARTESIAN_POINT('',(179.76359349026,-29.75017576949,
    -11.88657476368));
#1825 = CARTESIAN_POINT('',(179.76162947252,-29.66669145834,
    -11.88777853112));
#1826 = CARTESIAN_POINT('',(179.75965589603,-29.5832075172,-11.8889739)
  );
#1827 = CARTESIAN_POINT('',(179.75767254908,-29.49972396869,
    -11.89016091235));
#1828 = CARTESIAN_POINT('',(179.75567920772,-29.41624083437,
    -11.8913396095));
#1829 = CARTESIAN_POINT('',(179.75023562768,-29.18942355168,
    -11.89451957453));
#1830 = CARTESIAN_POINT('',(179.74675907263,-29.04582625963,
    -11.89650842741));
#1831 = CARTESIAN_POINT('',(179.74324465469,-28.90196744189,
    -11.89847662708));
#1832 = CARTESIAN_POINT('',(179.73969082534,-28.757848465,
    -11.90042420859));
#1833 = CARTESIAN_POINT('',(179.73609580344,-28.61347087875,
    -11.90235120567));
#1834 = CARTESIAN_POINT('',(179.73245757521,-28.46883641622,
    -11.90425765067));
#1835 = CARTESIAN_POINT('',(179.72877389422,-28.32394699374,
    -11.90614357463));
#1836 = CARTESIAN_POINT('',(179.72125158667,-28.0313644144,
    -11.90990397496));
#1837 = CARTESIAN_POINT('',(179.71741814227,-27.8839265715,
    -11.91177441286));
#1838 = CARTESIAN_POINT('',(179.71353953906,-27.73649168514,
    -11.91362052451));
#1839 = CARTESIAN_POINT('',(179.70961270485,-27.58905926762,
    -11.91544253626));
#1840 = CARTESIAN_POINT('',(179.70563490118,-27.44163109486,
    -11.91724061284));
#1841 = CARTESIAN_POINT('',(179.70160177585,-27.29420579347,
    -11.91901500174));
#1842 = CARTESIAN_POINT('',(179.6975095215,-27.14678525954,
    -11.92076585795));
#1843 = CARTESIAN_POINT('',(179.69335260272,-26.99936931868,
    -11.92249339642));
#1844 = ORIENTED_EDGE('',*,*,#1845,.T.);
#1845 = EDGE_CURVE('',#1818,#1846,#1848,.T.);
#1846 = VERTEX_POINT('',#1847);
#1847 = CARTESIAN_POINT('',(234.46757768075,-23.17848169133,
    -11.96113307354));
#1848 = B_SPLINE_CURVE_WITH_KNOTS('',8,(#1849,#1850,#1851,#1852,#1853,
    #1854,#1855,#1856,#1857),.UNSPECIFIED.,.F.,.F.,(9,9),(0.,1.),
  .PIECEWISE_BEZIER_KNOTS.);
#1849 = CARTESIAN_POINT('',(105.53536496145,-23.16522703615,
    -11.96042191615));
#1850 = CARTESIAN_POINT('',(121.60247536543,-25.33267477213,
    -11.94221979404));
#1851 = CARTESIAN_POINT('',(137.71141339311,-26.87763722166,
    -11.92502095649));
#1852 = CARTESIAN_POINT('',(153.84832062919,-27.8039085284,
    -11.91260868154));
#1853 = CARTESIAN_POINT('',(169.99934513606,-28.11359573581,
    -11.908064709));
#1854 = CARTESIAN_POINT('',(186.15063734141,-27.80736430325,
    -11.91290656002));
#1855 = CARTESIAN_POINT('',(202.28834611757,-26.88449219497,
    -11.92555640908));
#1856 = CARTESIAN_POINT('',(218.39861488156,-25.34281539988,
    -11.94289857903));
#1857 = CARTESIAN_POINT('',(234.46757768075,-23.17848169133,
    -11.96113307354));
#1858 = ORIENTED_EDGE('',*,*,#1859,.T.);
#1859 = EDGE_CURVE('',#1846,#1860,#1862,.T.);
#1860 = VERTEX_POINT('',#1861);
#1861 = CARTESIAN_POINT('',(245.51172457091,-22.02820533595,
    -11.97031215022));
#1862 = B_SPLINE_CURVE_WITH_KNOTS('',4,(#1863,#1864,#1865,#1866,#1867),
  .UNSPECIFIED.,.F.,.F.,(5,5),(0.,1.),.PIECEWISE_BEZIER_KNOTS.);
#1863 = CARTESIAN_POINT('',(234.46757768075,-23.17848169133,
    -11.96113307354));
#1864 = CARTESIAN_POINT('',(237.22861432823,-22.8909126103,
    -11.96355981891));
#1865 = CARTESIAN_POINT('',(239.98965102795,-22.60334352384,
    -11.96589722553));
#1866 = CARTESIAN_POINT('',(242.75068777652,-22.31577443228,
    -11.96814735808));
#1867 = CARTESIAN_POINT('',(245.51172457091,-22.02820533595,
    -11.97031215022));
#1868 = ORIENTED_EDGE('',*,*,#1869,.F.);
#1869 = EDGE_CURVE('',#449,#1860,#1870,.T.);
#1870 = B_SPLINE_CURVE_WITH_KNOTS('',7,(#1871,#1872,#1873,#1874,#1875,
    #1876,#1877,#1878),.UNSPECIFIED.,.F.,.F.,(8,8),(0.,1.),
  .PIECEWISE_BEZIER_KNOTS.);
#1871 = CARTESIAN_POINT('',(311.67658029826,-18.28483177247,
    -11.99343231035));
#1872 = CARTESIAN_POINT('',(302.21408604878,-17.82256216332,
    -11.99560779986));
#1873 = CARTESIAN_POINT('',(292.74345726535,-17.69253117324,
    -11.99603580579));
#1874 = CARTESIAN_POINT('',(283.27153244726,-17.8940509355,
    -11.99514030366));
#1875 = CARTESIAN_POINT('',(273.80526646525,-18.42721688442,
    -11.99286750721));
#1876 = CARTESIAN_POINT('',(264.35173081275,-19.29282559552,
    -11.98874339234));
#1877 = CARTESIAN_POINT('',(254.91811348618,-20.49238128735,
    -11.98184341496));
#1878 = CARTESIAN_POINT('',(245.51172457091,-22.02820533595,
    -11.97031215022));
#1879 = SURFACE_OF_LINEAR_EXTRUSION('',#1880,#1886);
#1880 = B_SPLINE_CURVE_WITH_KNOTS('',3,(#1881,#1882,#1883,#1884,#1885),
  .UNSPECIFIED.,.F.,.F.,(4,1,4),(0.,1.,2.),.QUASI_UNIFORM_KNOTS.);
#1881 = CARTESIAN_POINT('',(24.199725365367,-16.53345545379,-12.));
#1882 = CARTESIAN_POINT('',(24.182076090779,-39.80107582272,
    -11.91168756774));
#1883 = CARTESIAN_POINT('',(24.157108673497,-72.71644489573,-10.7724));
#1884 = CARTESIAN_POINT('',(24.161103859712,-67.44945923566,-6.2));
#1885 = CARTESIAN_POINT('',(24.119089114067,-122.8388831304,-6.2));
#1886 = VECTOR('',#1887,1.);
#1887 = DIRECTION('',(-0.999999712313,7.585334997821E-04,0.));
#1888 = ADVANCED_FACE('',(#1889),#1900,.F.);
#1889 = FACE_BOUND('',#1890,.F.);
#1890 = EDGE_LOOP('',(#1891,#1892,#1893,#1894));
#1891 = ORIENTED_EDGE('',*,*,#810,.F.);
#1892 = ORIENTED_EDGE('',*,*,#539,.T.);
#1893 = ORIENTED_EDGE('',*,*,#1869,.T.);
#1894 = ORIENTED_EDGE('',*,*,#1895,.F.);
#1895 = EDGE_CURVE('',#803,#1860,#1896,.T.);
#1896 = LINE('',#1897,#1898);
#1897 = CARTESIAN_POINT('',(245.51172457091,-22.02820533595,0.));
#1898 = VECTOR('',#1899,1.);
#1899 = DIRECTION('',(-0.,-0.,-1.));
#1900 = CYLINDRICAL_SURFACE('',#1901,315.16764036938);
#1901 = AXIS2_PLACEMENT_3D('',#1902,#1903,#1904);
#1902 = CARTESIAN_POINT('',(296.29808980904,-333.0770546215,0.));
#1903 = DIRECTION('',(0.,0.,1.));
#1904 = DIRECTION('',(-0.161153330526,0.986929381496,0.));
#1905 = ADVANCED_FACE('',(#1906),#1934,.T.);
#1906 = FACE_BOUND('',#1907,.T.);
#1907 = EDGE_LOOP('',(#1908,#1917,#1918,#1927));
#1908 = ORIENTED_EDGE('',*,*,#1909,.F.);
#1909 = EDGE_CURVE('',#565,#1910,#1912,.T.);
#1910 = VERTEX_POINT('',#1911);
#1911 = CARTESIAN_POINT('',(239.81759501158,-116.069300491,-1.));
#1912 = CIRCLE('',#1913,1.);
#1913 = AXIS2_PLACEMENT_3D('',#1914,#1915,#1916);
#1914 = CARTESIAN_POINT('',(239.82129573053,-115.0693073387,-1.));
#1915 = DIRECTION('',(0.999993152316,-3.700718952594E-03,0.));
#1916 = DIRECTION('',(3.700718952594E-03,0.999993152316,0.));
#1917 = ORIENTED_EDGE('',*,*,#564,.T.);
#1918 = ORIENTED_EDGE('',*,*,#1919,.T.);
#1919 = EDGE_CURVE('',#567,#1920,#1922,.T.);
#1920 = VERTEX_POINT('',#1921);
#1921 = CARTESIAN_POINT('',(186.3171026517,-122.4823354739,-1.));
#1922 = CIRCLE('',#1923,1.);
#1923 = AXIS2_PLACEMENT_3D('',#1924,#1925,#1926);
#1924 = CARTESIAN_POINT('',(186.07716684838,-121.5115467171,-1.));
#1925 = DIRECTION('',(0.970788756776,0.239935803325,-0.));
#1926 = DIRECTION('',(-0.239935803325,0.970788756776,0.));
#1927 = ORIENTED_EDGE('',*,*,#1928,.F.);
#1928 = EDGE_CURVE('',#1910,#1920,#1929,.T.);
#1929 = CIRCLE('',#1930,219.59143013398);
#1930 = AXIS2_PLACEMENT_3D('',#1931,#1932,#1933);
#1931 = CARTESIAN_POINT('',(239.00494884425,-335.6592269323,-1.));
#1932 = DIRECTION('',(0.,-0.,1.));
#1933 = DIRECTION('',(3.700718952594E-03,0.999993152316,0.));
#1934 = TOROIDAL_SURFACE('',#1935,220.59143013398,1.);
#1935 = AXIS2_PLACEMENT_3D('',#1936,#1937,#1938);
#1936 = CARTESIAN_POINT('',(239.00494884425,-335.6592269323,-1.));
#1937 = DIRECTION('',(0.,0.,1.));
#1938 = DIRECTION('',(3.700718952594E-03,0.999993152316,0.));
#1939 = ADVANCED_FACE('',(#1940),#1959,.T.);
#1940 = FACE_BOUND('',#1941,.F.);
#1941 = EDGE_LOOP('',(#1942,#1951,#1957,#1958));
#1942 = ORIENTED_EDGE('',*,*,#1943,.T.);
#1943 = EDGE_CURVE('',#576,#1944,#1946,.T.);
#1944 = VERTEX_POINT('',#1945);
#1945 = CARTESIAN_POINT('',(314.67759151427,-116.0743747563,-1.));
#1946 = CIRCLE('',#1947,1.);
#1947 = AXIS2_PLACEMENT_3D('',#1948,#1949,#1950);
#1948 = CARTESIAN_POINT('',(314.67737446218,-115.0743747798,-1.));
#1949 = DIRECTION('',(0.999999976444,2.170520890496E-04,0.));
#1950 = DIRECTION('',(2.170520890496E-04,-0.999999976444,0.));
#1951 = ORIENTED_EDGE('',*,*,#1952,.T.);
#1952 = EDGE_CURVE('',#1944,#1910,#1953,.T.);
#1953 = LINE('',#1954,#1955);
#1954 = CARTESIAN_POINT('',(314.67759151427,-116.0743747563,-1.));
#1955 = VECTOR('',#1956,1.);
#1956 = DIRECTION('',(-0.999999997703,6.778340233572E-05,0.));
#1957 = ORIENTED_EDGE('',*,*,#1909,.F.);
#1958 = ORIENTED_EDGE('',*,*,#575,.F.);
#1959 = CYLINDRICAL_SURFACE('',#1960,1.);
#1960 = AXIS2_PLACEMENT_3D('',#1961,#1962,#1963);
#1961 = CARTESIAN_POINT('',(314.67765929767,-115.0743747586,-1.));
#1962 = DIRECTION('',(-0.999999997703,6.778340233572E-05,0.));
#1963 = DIRECTION('',(0.,0.,1.));
#1964 = ADVANCED_FACE('',(#1965),#1985,.T.);
#1965 = FACE_BOUND('',#1966,.T.);
#1966 = EDGE_LOOP('',(#1967,#1968,#1969,#1978));
#1967 = ORIENTED_EDGE('',*,*,#1919,.F.);
#1968 = ORIENTED_EDGE('',*,*,#687,.T.);
#1969 = ORIENTED_EDGE('',*,*,#1970,.T.);
#1970 = EDGE_CURVE('',#679,#1971,#1973,.T.);
#1971 = VERTEX_POINT('',#1972);
#1972 = CARTESIAN_POINT('',(153.58003809122,-122.4495922494,-1.));
#1973 = CIRCLE('',#1974,1.);
#1974 = AXIS2_PLACEMENT_3D('',#1975,#1976,#1977);
#1975 = CARTESIAN_POINT('',(153.78770869979,-121.4713934361,-1.));
#1976 = DIRECTION('',(0.978198813298,-0.207670608568,0.));
#1977 = DIRECTION('',(-0.207670608568,-0.978198813298,0.));
#1978 = ORIENTED_EDGE('',*,*,#1979,.F.);
#1979 = EDGE_CURVE('',#1920,#1971,#1980,.T.);
#1980 = CIRCLE('',#1981,79.192860786056);
#1981 = AXIS2_PLACEMENT_3D('',#1982,#1983,#1984);
#1982 = CARTESIAN_POINT('',(170.02606768492,-44.98322980687,-1.));
#1983 = DIRECTION('',(0.,-0.,-1.));
#1984 = DIRECTION('',(0.20571342928,-0.978612275119,0.));
#1985 = TOROIDAL_SURFACE('',#1986,78.192860786056,1.);
#1986 = AXIS2_PLACEMENT_3D('',#1987,#1988,#1989);
#1987 = CARTESIAN_POINT('',(170.02606768492,-44.98322980687,-1.));
#1988 = DIRECTION('',(-0.,-0.,-1.));
#1989 = DIRECTION('',(0.20571342928,-0.978612275119,0.));
#1990 = ADVANCED_FACE('',(#1991),#2011,.T.);
#1991 = FACE_BOUND('',#1992,.T.);
#1992 = EDGE_LOOP('',(#1993,#2002,#2003,#2004));
#1993 = ORIENTED_EDGE('',*,*,#1994,.F.);
#1994 = EDGE_CURVE('',#584,#1995,#1997,.T.);
#1995 = VERTEX_POINT('',#1996);
#1996 = CARTESIAN_POINT('',(320.17657287649,-110.5745210833,-1.));
#1997 = CIRCLE('',#1998,1.);
#1998 = AXIS2_PLACEMENT_3D('',#1999,#2000,#2001);
#1999 = CARTESIAN_POINT('',(319.17657294531,-110.574150085,-1.));
#2000 = DIRECTION('',(3.709982746469E-04,0.99999993118,-0.));
#2001 = DIRECTION('',(0.,0.,1.));
#2002 = ORIENTED_EDGE('',*,*,#583,.T.);
#2003 = ORIENTED_EDGE('',*,*,#1943,.T.);
#2004 = ORIENTED_EDGE('',*,*,#2005,.F.);
#2005 = EDGE_CURVE('',#1995,#1944,#2006,.T.);
#2006 = CIRCLE('',#2007,5.500175196123);
#2007 = AXIS2_PLACEMENT_3D('',#2008,#2009,#2010);
#2008 = CARTESIAN_POINT('',(314.67639768975,-110.5741996897,-1.));
#2009 = DIRECTION('',(0.,-0.,-1.));
#2010 = DIRECTION('',(0.999999998293,-5.843333416585E-05,0.));
#2011 = TOROIDAL_SURFACE('',#2012,4.500175196123,1.);
#2012 = AXIS2_PLACEMENT_3D('',#2013,#2014,#2015);
#2013 = CARTESIAN_POINT('',(314.67639768975,-110.5741996897,-1.));
#2014 = DIRECTION('',(-0.,-0.,-1.));
#2015 = DIRECTION('',(0.999999998293,-5.843333416585E-05,0.));
#2016 = ADVANCED_FACE('',(#2017),#2037,.T.);
#2017 = FACE_BOUND('',#2018,.T.);
#2018 = EDGE_LOOP('',(#2019,#2020,#2021,#2030));
#2019 = ORIENTED_EDGE('',*,*,#1970,.F.);
#2020 = ORIENTED_EDGE('',*,*,#678,.T.);
#2021 = ORIENTED_EDGE('',*,*,#2022,.T.);
#2022 = EDGE_CURVE('',#671,#2023,#2025,.T.);
#2023 = VERTEX_POINT('',#2024);
#2024 = CARTESIAN_POINT('',(100.15173717539,-116.0636485003,-1.));
#2025 = CIRCLE('',#2026,1.);
#2026 = AXIS2_PLACEMENT_3D('',#2027,#2028,#2029);
#2027 = CARTESIAN_POINT('',(100.14793685891,-115.0636557215,-1.));
#2028 = DIRECTION('',(0.999992778771,3.800316480473E-03,-0.));
#2029 = DIRECTION('',(-3.800316480473E-03,0.999992778771,0.));
#2030 = ORIENTED_EDGE('',*,*,#2031,.F.);
#2031 = EDGE_CURVE('',#1971,#2023,#2032,.T.);
#2032 = CIRCLE('',#2033,219.71384616634);
#2033 = AXIS2_PLACEMENT_3D('',#2034,#2035,#2036);
#2034 = CARTESIAN_POINT('',(100.98671932597,-335.7759080627,-1.));
#2035 = DIRECTION('',(0.,-0.,1.));
#2036 = DIRECTION('',(0.239371890679,0.970927957138,0.));
#2037 = TOROIDAL_SURFACE('',#2038,220.71384616634,1.);
#2038 = AXIS2_PLACEMENT_3D('',#2039,#2040,#2041);
#2039 = CARTESIAN_POINT('',(100.98671932597,-335.7759080627,-1.));
#2040 = DIRECTION('',(0.,0.,1.));
#2041 = DIRECTION('',(0.239371890679,0.970927957138,0.));
#2042 = ADVANCED_FACE('',(#2043),#2062,.T.);
#2043 = FACE_BOUND('',#2044,.F.);
#2044 = EDGE_LOOP('',(#2045,#2054,#2060,#2061));
#2045 = ORIENTED_EDGE('',*,*,#2046,.T.);
#2046 = EDGE_CURVE('',#593,#2047,#2049,.T.);
#2047 = VERTEX_POINT('',#2048);
#2048 = CARTESIAN_POINT('',(320.20923771317,-22.52873578108,-1.));
#2049 = CIRCLE('',#2050,1.);
#2050 = AXIS2_PLACEMENT_3D('',#2051,#2052,#2053);
#2051 = CARTESIAN_POINT('',(319.20923778199,-22.52836477751,-1.));
#2052 = DIRECTION('',(3.710035723393E-04,0.999999931178,0.));
#2053 = DIRECTION('',(0.999999931178,-3.710035723393E-04,0.));
#2054 = ORIENTED_EDGE('',*,*,#2055,.T.);
#2055 = EDGE_CURVE('',#2047,#1995,#2056,.T.);
#2056 = LINE('',#2057,#2058);
#2057 = CARTESIAN_POINT('',(320.20923771317,-22.52873578108,-1.));
#2058 = VECTOR('',#2059,1.);
#2059 = DIRECTION('',(-3.709982746469E-04,-0.99999993118,-0.));
#2060 = ORIENTED_EDGE('',*,*,#1994,.F.);
#2061 = ORIENTED_EDGE('',*,*,#592,.F.);
#2062 = CYLINDRICAL_SURFACE('',#2063,1.);
#2063 = AXIS2_PLACEMENT_3D('',#2064,#2065,#2066);
#2064 = CARTESIAN_POINT('',(319.20923778199,-22.52836478281,-1.));
#2065 = DIRECTION('',(-3.709982746469E-04,-0.99999993118,-0.));
#2066 = DIRECTION('',(0.,0.,1.));
#2067 = ADVANCED_FACE('',(#2068),#2087,.T.);
#2068 = FACE_BOUND('',#2069,.F.);
#2069 = EDGE_LOOP('',(#2070,#2071,#2079,#2086));
#2070 = ORIENTED_EDGE('',*,*,#2022,.T.);
#2071 = ORIENTED_EDGE('',*,*,#2072,.T.);
#2072 = EDGE_CURVE('',#2023,#2073,#2075,.T.);
#2073 = VERTEX_POINT('',#2074);
#2074 = CARTESIAN_POINT('',(30.2072,-116.0792337164,-1.));
#2075 = LINE('',#2076,#2077);
#2076 = CARTESIAN_POINT('',(100.15173717539,-116.0636485003,-1.));
#2077 = VECTOR('',#2078,1.);
#2078 = DIRECTION('',(-0.999999975175,-2.228224875751E-04,0.));
#2079 = ORIENTED_EDGE('',*,*,#2080,.F.);
#2080 = EDGE_CURVE('',#662,#2073,#2081,.T.);
#2081 = CIRCLE('',#2082,1.);
#2082 = AXIS2_PLACEMENT_3D('',#2083,#2084,#2085);
#2083 = CARTESIAN_POINT('',(30.206977177512,-115.0792337412,-1.));
#2084 = DIRECTION('',(0.999999975175,2.228224875751E-04,-0.));
#2085 = DIRECTION('',(0.,0.,1.));
#2086 = ORIENTED_EDGE('',*,*,#670,.F.);
#2087 = CYLINDRICAL_SURFACE('',#2088,1.);
#2088 = AXIS2_PLACEMENT_3D('',#2089,#2090,#2091);
#2089 = CARTESIAN_POINT('',(100.15151435291,-115.0636485251,-1.));
#2090 = DIRECTION('',(-0.999999975175,-2.228224875751E-04,0.));
#2091 = DIRECTION('',(0.,0.,1.));
#2092 = ADVANCED_FACE('',(#2093),#2113,.T.);
#2093 = FACE_BOUND('',#2094,.T.);
#2094 = EDGE_LOOP('',(#2095,#2104,#2105,#2106));
#2095 = ORIENTED_EDGE('',*,*,#2096,.F.);
#2096 = EDGE_CURVE('',#601,#2097,#2099,.T.);
#2097 = VERTEX_POINT('',#2098);
#2098 = CARTESIAN_POINT('',(314.77360167753,-17.02511607495,-1.));
#2099 = CIRCLE('',#2100,1.);
#2100 = AXIS2_PLACEMENT_3D('',#2101,#2102,#2103);
#2101 = CARTESIAN_POINT('',(314.7152010087,-18.02340929935,-1.));
#2102 = DIRECTION('',(-0.998293224398,5.840066883361E-02,0.));
#2103 = DIRECTION('',(5.840066883361E-02,0.998293224398,0.));
#2104 = ORIENTED_EDGE('',*,*,#600,.T.);
#2105 = ORIENTED_EDGE('',*,*,#2046,.T.);
#2106 = ORIENTED_EDGE('',*,*,#2107,.F.);
#2107 = EDGE_CURVE('',#2097,#2047,#2108,.T.);
#2108 = CIRCLE('',#2109,5.501978438057);
#2109 = AXIS2_PLACEMENT_3D('',#2110,#2111,#2112);
#2110 = CARTESIAN_POINT('',(314.70725965377,-22.52669452743,-1.));
#2111 = DIRECTION('',(0.,0.,-1.));
#2112 = DIRECTION('',(1.205784873701E-02,0.999927301499,0.));
#2113 = TOROIDAL_SURFACE('',#2114,4.501978438057,1.);
#2114 = AXIS2_PLACEMENT_3D('',#2115,#2116,#2117);
#2115 = CARTESIAN_POINT('',(314.70725965377,-22.52669452743,-1.));
#2116 = DIRECTION('',(-0.,-0.,-1.));
#2117 = DIRECTION('',(1.205784873701E-02,0.999927301499,0.));
#2118 = ADVANCED_FACE('',(#2119),#2139,.T.);
#2119 = FACE_BOUND('',#2120,.T.);
#2120 = EDGE_LOOP('',(#2121,#2122,#2123,#2132));
#2121 = ORIENTED_EDGE('',*,*,#2080,.F.);
#2122 = ORIENTED_EDGE('',*,*,#661,.T.);
#2123 = ORIENTED_EDGE('',*,*,#2124,.T.);
#2124 = EDGE_CURVE('',#654,#2125,#2127,.T.);
#2125 = VERTEX_POINT('',#2126);
#2126 = CARTESIAN_POINT('',(24.694808836132,-110.5730006741,-1.));
#2127 = CIRCLE('',#2128,1.);
#2128 = AXIS2_PLACEMENT_3D('',#2129,#2130,#2131);
#2129 = CARTESIAN_POINT('',(25.694808608849,-110.5723264586,-1.));
#2130 = DIRECTION('',(6.742154870458E-04,-0.999999772717,0.));
#2131 = DIRECTION('',(-0.999999772717,-6.742154870458E-04,0.));
#2132 = ORIENTED_EDGE('',*,*,#2133,.F.);
#2133 = EDGE_CURVE('',#2073,#2125,#2134,.T.);
#2134 = CIRCLE('',#2135,5.509948476897);
#2135 = AXIS2_PLACEMENT_3D('',#2136,#2137,#2138);
#2136 = CARTESIAN_POINT('',(30.20475606071,-110.5692857815,-1.));
#2137 = DIRECTION('',(0.,-0.,-1.));
#2138 = DIRECTION('',(4.435502981552E-04,-0.999999901632,0.));
#2139 = TOROIDAL_SURFACE('',#2140,4.509948476897,1.);
#2140 = AXIS2_PLACEMENT_3D('',#2141,#2142,#2143);
#2141 = CARTESIAN_POINT('',(30.20475606071,-110.5692857815,-1.));
#2142 = DIRECTION('',(-0.,-0.,-1.));
#2143 = DIRECTION('',(4.435502981552E-04,-0.999999901632,0.));
#2144 = ADVANCED_FACE('',(#2145),#2165,.T.);
#2145 = FACE_BOUND('',#2146,.T.);
#2146 = EDGE_LOOP('',(#2147,#2156,#2157,#2158));
#2147 = ORIENTED_EDGE('',*,*,#2148,.F.);
#2148 = EDGE_CURVE('',#610,#2149,#2151,.T.);
#2149 = VERTEX_POINT('',#2150);
#2150 = CARTESIAN_POINT('',(245.31370816609,-20.61384094006,-1.));
#2151 = CIRCLE('',#2152,1.);
#2152 = AXIS2_PLACEMENT_3D('',#2153,#2154,#2155);
#2153 = CARTESIAN_POINT('',(245.41085262329,-21.60911123221,-1.));
#2154 = DIRECTION('',(-0.99527029215,-9.714445719614E-02,0.));
#2155 = DIRECTION('',(0.,0.,1.));
#2156 = ORIENTED_EDGE('',*,*,#609,.T.);
#2157 = ORIENTED_EDGE('',*,*,#2096,.T.);
#2158 = ORIENTED_EDGE('',*,*,#2159,.F.);
#2159 = EDGE_CURVE('',#2149,#2097,#2160,.T.);
#2160 = CIRCLE('',#2161,316.63109843237);
#2161 = AXIS2_PLACEMENT_3D('',#2162,#2163,#2164);
#2162 = CARTESIAN_POINT('',(296.28213375556,-333.1157962738,-1.));
#2163 = DIRECTION('',(0.,0.,-1.));
#2164 = DIRECTION('',(-0.160971003296,0.986959135982,0.));
#2165 = TOROIDAL_SURFACE('',#2166,315.63109843237,1.);
#2166 = AXIS2_PLACEMENT_3D('',#2167,#2168,#2169);
#2167 = CARTESIAN_POINT('',(296.28213375556,-333.1157962738,-1.));
#2168 = DIRECTION('',(-0.,-0.,-1.));
#2169 = DIRECTION('',(-0.160971003296,0.986959135982,0.));
#2170 = ADVANCED_FACE('',(#2171),#2190,.T.);
#2171 = FACE_BOUND('',#2172,.F.);
#2172 = EDGE_LOOP('',(#2173,#2174,#2182,#2189));
#2173 = ORIENTED_EDGE('',*,*,#2124,.T.);
#2174 = ORIENTED_EDGE('',*,*,#2175,.T.);
#2175 = EDGE_CURVE('',#2125,#2176,#2178,.T.);
#2176 = VERTEX_POINT('',#2177);
#2177 = CARTESIAN_POINT('',(24.694808836132,-22.5352756543,-1.));
#2178 = LINE('',#2179,#2180);
#2179 = CARTESIAN_POINT('',(24.694808836132,-110.5730006741,-1.));
#2180 = VECTOR('',#2181,1.);
#2181 = DIRECTION('',(0.,1.,0.));
#2182 = ORIENTED_EDGE('',*,*,#2183,.F.);
#2183 = EDGE_CURVE('',#645,#2176,#2184,.T.);
#2184 = CIRCLE('',#2185,1.);
#2185 = AXIS2_PLACEMENT_3D('',#2186,#2187,#2188);
#2186 = CARTESIAN_POINT('',(25.694808836132,-22.5352756543,-1.));
#2187 = DIRECTION('',(0.,-1.,0.));
#2188 = DIRECTION('',(0.,0.,1.));
#2189 = ORIENTED_EDGE('',*,*,#653,.F.);
#2190 = CYLINDRICAL_SURFACE('',#2191,1.);
#2191 = AXIS2_PLACEMENT_3D('',#2192,#2193,#2194);
#2192 = CARTESIAN_POINT('',(25.694808836132,-110.5730006741,-1.));
#2193 = DIRECTION('',(0.,1.,0.));
#2194 = DIRECTION('',(0.,0.,1.));
#2195 = ADVANCED_FACE('',(#2196),#2215,.T.);
#2196 = FACE_BOUND('',#2197,.F.);
#2197 = EDGE_LOOP('',(#2198,#2207,#2213,#2214));
#2198 = ORIENTED_EDGE('',*,*,#2199,.T.);
#2199 = EDGE_CURVE('',#619,#2200,#2202,.T.);
#2200 = VERTEX_POINT('',#2201);
#2201 = CARTESIAN_POINT('',(234.257649355,-21.69297978345,-1.));
#2202 = CIRCLE('',#2203,1.);
#2203 = AXIS2_PLACEMENT_3D('',#2204,#2205,#2206);
#2204 = CARTESIAN_POINT('',(234.39112768744,-22.68403151508,-1.));
#2205 = DIRECTION('',(-0.991051731632,-0.133478332437,0.));
#2206 = DIRECTION('',(0.133478332437,-0.991051731632,0.));
#2207 = ORIENTED_EDGE('',*,*,#2208,.T.);
#2208 = EDGE_CURVE('',#2200,#2149,#2209,.T.);
#2209 = LINE('',#2210,#2211);
#2210 = CARTESIAN_POINT('',(234.257649355,-21.69297978345,-1.));
#2211 = VECTOR('',#2212,1.);
#2212 = DIRECTION('',(0.99527029215,9.714445719614E-02,0.));
#2213 = ORIENTED_EDGE('',*,*,#2148,.F.);
#2214 = ORIENTED_EDGE('',*,*,#618,.F.);
#2215 = CYLINDRICAL_SURFACE('',#2216,1.);
#2216 = AXIS2_PLACEMENT_3D('',#2217,#2218,#2219);
#2217 = CARTESIAN_POINT('',(234.3547938122,-22.6882500756,-1.));
#2218 = DIRECTION('',(0.99527029215,9.714445719614E-02,0.));
#2219 = DIRECTION('',(0.,0.,1.));
#2220 = ADVANCED_FACE('',(#2221),#2241,.T.);
#2221 = FACE_BOUND('',#2222,.T.);
#2222 = EDGE_LOOP('',(#2223,#2224,#2225,#2234));
#2223 = ORIENTED_EDGE('',*,*,#2183,.F.);
#2224 = ORIENTED_EDGE('',*,*,#644,.T.);
#2225 = ORIENTED_EDGE('',*,*,#2226,.T.);
#2226 = EDGE_CURVE('',#636,#2227,#2229,.T.);
#2227 = VERTEX_POINT('',#2228);
#2228 = CARTESIAN_POINT('',(30.102267044298,-17.01665933873,-1.));
#2229 = CIRCLE('',#2230,1.);
#2230 = AXIS2_PLACEMENT_3D('',#2231,#2232,#2233);
#2231 = CARTESIAN_POINT('',(30.119288555392,-18.01651446231,-1.));
#2232 = DIRECTION('',(-0.999855123585,-1.702151109466E-02,-0.));
#2233 = DIRECTION('',(-1.702151109466E-02,0.999855123585,0.));
#2234 = ORIENTED_EDGE('',*,*,#2235,.F.);
#2235 = EDGE_CURVE('',#2176,#2227,#2236,.T.);
#2236 = CIRCLE('',#2237,5.501126082701);
#2237 = AXIS2_PLACEMENT_3D('',#2238,#2239,#2240);
#2238 = CARTESIAN_POINT('',(30.195904522947,-22.516988438,-1.));
#2239 = DIRECTION('',(-0.,0.,-1.));
#2240 = DIRECTION('',(-0.999994474607,-3.324267798573E-03,0.));
#2241 = TOROIDAL_SURFACE('',#2242,4.501126082701,1.);
#2242 = AXIS2_PLACEMENT_3D('',#2243,#2244,#2245);
#2243 = CARTESIAN_POINT('',(30.195904522947,-22.516988438,-1.));
#2244 = DIRECTION('',(-0.,-0.,-1.));
#2245 = DIRECTION('',(-0.999994474607,-3.324267798573E-03,0.));
#2246 = ADVANCED_FACE('',(#2247),#2267,.T.);
#2247 = FACE_BOUND('',#2248,.T.);
#2248 = EDGE_LOOP('',(#2249,#2258,#2259,#2260));
#2249 = ORIENTED_EDGE('',*,*,#2250,.F.);
#2250 = EDGE_CURVE('',#627,#2251,#2253,.T.);
#2251 = VERTEX_POINT('',#2252);
#2252 = CARTESIAN_POINT('',(105.78042797149,-21.68620584519,-1.));
#2253 = CIRCLE('',#2254,1.);
#2254 = AXIS2_PLACEMENT_3D('',#2255,#2256,#2257);
#2255 = CARTESIAN_POINT('',(105.59978143265,-22.66975392638,-1.));
#2256 = DIRECTION('',(-0.983548081186,0.180646538842,0.));
#2257 = DIRECTION('',(0.180646538842,0.983548081186,0.));
#2258 = ORIENTED_EDGE('',*,*,#626,.T.);
#2259 = ORIENTED_EDGE('',*,*,#2199,.T.);
#2260 = ORIENTED_EDGE('',*,*,#2261,.F.);
#2261 = EDGE_CURVE('',#2251,#2200,#2262,.T.);
#2262 = CIRCLE('',#2263,481.07787926671);
#2263 = AXIS2_PLACEMENT_3D('',#2264,#2265,#2266);
#2264 = CARTESIAN_POINT('',(170.0441762583,455.08008551346,-1.));
#2265 = DIRECTION('',(0.,0.,1.));
#2266 = DIRECTION('',(-0.133582837741,-0.99103765088,0.));
#2267 = TOROIDAL_SURFACE('',#2268,482.07787926671,1.);
#2268 = AXIS2_PLACEMENT_3D('',#2269,#2270,#2271);
#2269 = CARTESIAN_POINT('',(170.0441762583,455.08008551346,-1.));
#2270 = DIRECTION('',(0.,0.,1.));
#2271 = DIRECTION('',(-0.133582837741,-0.99103765088,0.));
#2272 = ADVANCED_FACE('',(#2273),#2285,.T.);
#2273 = FACE_BOUND('',#2274,.T.);
#2274 = EDGE_LOOP('',(#2275,#2276,#2277,#2278));
#2275 = ORIENTED_EDGE('',*,*,#2226,.F.);
#2276 = ORIENTED_EDGE('',*,*,#635,.T.);
#2277 = ORIENTED_EDGE('',*,*,#2250,.T.);
#2278 = ORIENTED_EDGE('',*,*,#2279,.F.);
#2279 = EDGE_CURVE('',#2227,#2251,#2280,.T.);
#2280 = CIRCLE('',#2281,316.63444484691);
#2281 = AXIS2_PLACEMENT_3D('',#2282,#2283,#2284);
#2282 = CARTESIAN_POINT('',(48.581511431857,-333.1114065117,-1.));
#2283 = DIRECTION('',(0.,0.,-1.));
#2284 = DIRECTION('',(-5.836144705133E-02,0.99829551812,0.));
#2285 = TOROIDAL_SURFACE('',#2286,315.63444484691,1.);
#2286 = AXIS2_PLACEMENT_3D('',#2287,#2288,#2289);
#2287 = CARTESIAN_POINT('',(48.581511431857,-333.1114065117,-1.));
#2288 = DIRECTION('',(-0.,-0.,-1.));
#2289 = DIRECTION('',(-5.836144705133E-02,0.99829551812,0.));
#2290 = ADVANCED_FACE('',(#2291),#2302,.F.);
#2291 = FACE_BOUND('',#2292,.F.);
#2292 = EDGE_LOOP('',(#2293,#2294,#2295,#2296));
#2293 = ORIENTED_EDGE('',*,*,#802,.F.);
#2294 = ORIENTED_EDGE('',*,*,#1895,.T.);
#2295 = ORIENTED_EDGE('',*,*,#1859,.F.);
#2296 = ORIENTED_EDGE('',*,*,#2297,.F.);
#2297 = EDGE_CURVE('',#794,#1846,#2298,.T.);
#2298 = LINE('',#2299,#2300);
#2299 = CARTESIAN_POINT('',(234.46757768075,-23.17848169133,0.));
#2300 = VECTOR('',#2301,1.);
#2301 = DIRECTION('',(-0.,-0.,-1.));
#2302 = PLANE('',#2303);
#2303 = AXIS2_PLACEMENT_3D('',#2304,#2305,#2306);
#2304 = CARTESIAN_POINT('',(245.51172457091,-22.02820533595,0.));
#2305 = DIRECTION('',(-0.103592220459,0.994619852939,0.));
#2306 = DIRECTION('',(-0.994619852939,-0.103592220459,0.));
#2307 = ADVANCED_FACE('',(#2308),#2408,.T.);
#2308 = FACE_BOUND('',#2309,.T.);
#2309 = EDGE_LOOP('',(#2310,#2311,#2317,#2318,#2335,#2343,#2360,#2369,
    #2386,#2394,#2406,#2407));
#2310 = ORIENTED_EDGE('',*,*,#793,.F.);
#2311 = ORIENTED_EDGE('',*,*,#2312,.T.);
#2312 = EDGE_CURVE('',#785,#1753,#2313,.T.);
#2313 = LINE('',#2314,#2315);
#2314 = CARTESIAN_POINT('',(105.53536496145,-23.16522703615,0.));
#2315 = VECTOR('',#2316,1.);
#2316 = DIRECTION('',(-0.,-0.,-1.));
#2317 = ORIENTED_EDGE('',*,*,#1765,.T.);
#2318 = ORIENTED_EDGE('',*,*,#2319,.F.);
#2319 = EDGE_CURVE('',#2320,#1766,#2322,.T.);
#2320 = VERTEX_POINT('',#2321);
#2321 = CARTESIAN_POINT('',(160.0014713211,-27.39250924875,
    -11.46077749485));
#2322 = B_SPLINE_CURVE_WITH_KNOTS('',6,(#2323,#2324,#2325,#2326,#2327,
    #2328,#2329,#2330,#2331,#2332,#2333,#2334),.UNSPECIFIED.,.F.,.F.,(7,
    5,7),(0.,0.555279233935,1.),.UNSPECIFIED.);
#2323 = CARTESIAN_POINT('',(160.0014713211,-27.39250924875,
    -11.46077749485));
#2324 = CARTESIAN_POINT('',(160.0014713211,-27.39250924875,
    -11.5301431756));
#2325 = CARTESIAN_POINT('',(160.01301889652,-27.39274976644,
    -11.59966994959));
#2326 = CARTESIAN_POINT('',(160.03621643482,-27.39323293518,
    -11.66720431223));
#2327 = CARTESIAN_POINT('',(160.07076841567,-27.39395052308,
    -11.73054973313));
#2328 = CARTESIAN_POINT('',(160.11600966976,-27.39488441474,
    -11.78751528911));
#2329 = CARTESIAN_POINT('',(160.21470905438,-27.39690551015,
    -11.87453050164));
#2330 = CARTESIAN_POINT('',(160.26481773717,-27.39792680384,
    -11.90775174517));
#2331 = CARTESIAN_POINT('',(160.32014157418,-27.39904756357,
    -11.93388385662));
#2332 = CARTESIAN_POINT('',(160.379183976,-27.40023466884,
    -11.95177444881));
#2333 = CARTESIAN_POINT('',(160.44022462539,-27.40145209752,
    -11.96077749485));
#2334 = CARTESIAN_POINT('',(160.5014713211,-27.40266427264,
    -11.96077749485));
#2335 = ORIENTED_EDGE('',*,*,#2336,.T.);
#2336 = EDGE_CURVE('',#2320,#2337,#2339,.T.);
#2337 = VERTEX_POINT('',#2338);
#2338 = CARTESIAN_POINT('',(160.0014713211,-27.39250924875,
    -5.460777494851));
#2339 = LINE('',#2340,#2341);
#2340 = CARTESIAN_POINT('',(160.0014713211,-27.39250924875,0.));
#2341 = VECTOR('',#2342,1.);
#2342 = DIRECTION('',(0.,0.,1.));
#2343 = ORIENTED_EDGE('',*,*,#2344,.F.);
#2344 = EDGE_CURVE('',#2345,#2337,#2347,.T.);
#2345 = VERTEX_POINT('',#2346);
#2346 = CARTESIAN_POINT('',(160.5014713211,-27.40266427264,
    -4.960777494851));
#2347 = B_SPLINE_CURVE_WITH_KNOTS('',6,(#2348,#2349,#2350,#2351,#2352,
    #2353,#2354,#2355,#2356,#2357,#2358,#2359),.UNSPECIFIED.,.F.,.F.,(7,
    5,7),(0.,0.454665249575,1.),.UNSPECIFIED.);
#2348 = CARTESIAN_POINT('',(160.5014713211,-27.40266427264,
    -4.960777494851));
#2349 = CARTESIAN_POINT('',(160.43884826842,-27.4014248571,
    -4.960777494851));
#2350 = CARTESIAN_POINT('',(160.37645260592,-27.40018018652,
    -4.970189761356));
#2351 = CARTESIAN_POINT('',(160.31619287717,-27.39896815371,
    -4.988883875577));
#2352 = CARTESIAN_POINT('',(160.25989570274,-27.39782706753,
    -5.01615765175));
#2353 = CARTESIAN_POINT('',(160.20914230239,-27.3967920186,
    -5.050763753673));
#2354 = CARTESIAN_POINT('',(160.11197798626,-27.39480117856,
    -5.139176478696));
#2355 = CARTESIAN_POINT('',(160.06830463327,-27.39389935119,
    -5.195569751582));
#2356 = CARTESIAN_POINT('',(160.03497802663,-27.39320714088,
    -5.257994755535));
#2357 = CARTESIAN_POINT('',(160.01260989095,-27.39274124755,
    -5.324379493465));
#2358 = CARTESIAN_POINT('',(160.0014713211,-27.39250924875,
    -5.392651397266));
#2359 = CARTESIAN_POINT('',(160.0014713211,-27.39250924875,
    -5.460777494851));
#2360 = ORIENTED_EDGE('',*,*,#2361,.T.);
#2361 = EDGE_CURVE('',#2345,#2362,#2364,.T.);
#2362 = VERTEX_POINT('',#2363);
#2363 = CARTESIAN_POINT('',(179.5014713211,-27.40460040341,
    -4.960777494851));
#2364 = CIRCLE('',#2365,482.57829109938);
#2365 = AXIS2_PLACEMENT_3D('',#2366,#2367,#2368);
#2366 = CARTESIAN_POINT('',(170.05063730052,455.08113905083,
    -4.960777494851));
#2367 = DIRECTION('',(-0.,0.,1.));
#2368 = DIRECTION('',(0.133506953229,-0.991047876462,0.));
#2369 = ORIENTED_EDGE('',*,*,#2370,.F.);
#2370 = EDGE_CURVE('',#2371,#2362,#2373,.T.);
#2371 = VERTEX_POINT('',#2372);
#2372 = CARTESIAN_POINT('',(180.0014713211,-27.39454732381,
    -5.460777494851));
#2373 = B_SPLINE_CURVE_WITH_KNOTS('',6,(#2374,#2375,#2376,#2377,#2378,
    #2379,#2380,#2381,#2382,#2383,#2384,#2385),.UNSPECIFIED.,.F.,.F.,(7,
    5,7),(0.,0.535381204161,1.),.UNSPECIFIED.);
#2374 = CARTESIAN_POINT('',(180.0014713211,-27.39454732381,
    -5.460777494851));
#2375 = CARTESIAN_POINT('',(180.0014713211,-27.39454732381,
    -5.393893467001));
#2376 = CARTESIAN_POINT('',(179.99073518329,-27.39476875158,
    -5.32687777696));
#2377 = CARTESIAN_POINT('',(179.96918225307,-27.39521327074,
    -5.261647653739));
#2378 = CARTESIAN_POINT('',(179.93706092832,-27.39587396502,
    -5.20015661992));
#2379 = CARTESIAN_POINT('',(179.89493277765,-27.39673557994,
    -5.144361822149));
#2380 = CARTESIAN_POINT('',(179.79932257844,-27.39867622634,
    -5.054577868892));
#2381 = CARTESIAN_POINT('',(179.7479523679,-27.39971399937,
    -5.018563890298));
#2382 = CARTESIAN_POINT('',(179.69069741634,-27.4008634458,
    -4.990125107792));
#2383 = CARTESIAN_POINT('',(179.6292256923,-27.40208778675,
    -4.970609019605));
#2384 = CARTESIAN_POINT('',(179.56547379449,-27.40334673578,
    -4.960777494851));
#2385 = CARTESIAN_POINT('',(179.5014713211,-27.40460040341,
    -4.960777494851));
#2386 = ORIENTED_EDGE('',*,*,#2387,.F.);
#2387 = EDGE_CURVE('',#2388,#2371,#2390,.T.);
#2388 = VERTEX_POINT('',#2389);
#2389 = CARTESIAN_POINT('',(180.0014713211,-27.39454732381,
    -11.46077749485));
#2390 = LINE('',#2391,#2392);
#2391 = CARTESIAN_POINT('',(180.0014713211,-27.39454732381,0.));
#2392 = VECTOR('',#2393,1.);
#2393 = DIRECTION('',(0.,0.,1.));
#2394 = ORIENTED_EDGE('',*,*,#2395,.F.);
#2395 = EDGE_CURVE('',#1818,#2388,#2396,.T.);
#2396 = B_SPLINE_CURVE_WITH_KNOTS('',8,(#2397,#2398,#2399,#2400,#2401,
    #2402,#2403,#2404,#2405),.UNSPECIFIED.,.F.,.F.,(9,9),(0.,1.),
  .PIECEWISE_BEZIER_KNOTS.);
#2397 = CARTESIAN_POINT('',(179.5014713211,-27.40460040341,
    -11.96077749485));
#2398 = CARTESIAN_POINT('',(179.60598682936,-27.40255317457,
    -11.96077749485));
#2399 = CARTESIAN_POINT('',(179.70793721771,-27.40053030352,
    -11.93580940155));
#2400 = CARTESIAN_POINT('',(179.80103694474,-27.39865715752,
    -11.88801872582));
#2401 = CARTESIAN_POINT('',(179.8800753931,-27.39704656865,
    -11.82090165451));
#2402 = CARTESIAN_POINT('',(179.94108052196,-27.39579284144,
    -11.73915358882));
#2403 = CARTESIAN_POINT('',(179.98173056001,-27.39495447067,
    -11.64821401805));
#2404 = CARTESIAN_POINT('',(180.0014713211,-27.39454732381,
    -11.55371138367));
#2405 = CARTESIAN_POINT('',(180.0014713211,-27.39454732381,
    -11.46077749485));
#2406 = ORIENTED_EDGE('',*,*,#1845,.T.);
#2407 = ORIENTED_EDGE('',*,*,#2297,.F.);
#2408 = CYLINDRICAL_SURFACE('',#2409,482.57829109938);
#2409 = AXIS2_PLACEMENT_3D('',#2410,#2411,#2412);
#2410 = CARTESIAN_POINT('',(170.05063730052,455.08113905083,0.));
#2411 = DIRECTION('',(0.,0.,1.));
#2412 = DIRECTION('',(0.133506953229,-0.991047876462,0.));
#2413 = ADVANCED_FACE('',(#2414),#2425,.F.);
#2414 = FACE_BOUND('',#2415,.F.);
#2415 = EDGE_LOOP('',(#2416,#2417,#2418,#2419));
#2416 = ORIENTED_EDGE('',*,*,#784,.F.);
#2417 = ORIENTED_EDGE('',*,*,#2312,.T.);
#2418 = ORIENTED_EDGE('',*,*,#1752,.T.);
#2419 = ORIENTED_EDGE('',*,*,#2420,.F.);
#2420 = EDGE_CURVE('',#777,#1662,#2421,.T.);
#2421 = LINE('',#2422,#2423);
#2422 = CARTESIAN_POINT('',(33.188797612818,-18.37340588295,0.));
#2423 = VECTOR('',#2424,1.);
#2424 = DIRECTION('',(-0.,-0.,-1.));
#2425 = CYLINDRICAL_SURFACE('',#2426,315.11657100582);
#2426 = AXIS2_PLACEMENT_3D('',#2427,#2428,#2429);
#2427 = CARTESIAN_POINT('',(48.674478257618,-333.1092427643,0.));
#2428 = DIRECTION('',(0.,0.,1.));
#2429 = DIRECTION('',(-5.85748498341E-02,0.998283019472,0.));
#2430 = ADVANCED_FACE('',(#2431),#2439,.T.);
#2431 = FACE_BOUND('',#2432,.T.);
#2432 = EDGE_LOOP('',(#2433,#2434,#2435,#2436,#2437,#2438));
#2433 = ORIENTED_EDGE('',*,*,#1661,.T.);
#2434 = ORIENTED_EDGE('',*,*,#2420,.F.);
#2435 = ORIENTED_EDGE('',*,*,#776,.F.);
#2436 = ORIENTED_EDGE('',*,*,#851,.F.);
#2437 = ORIENTED_EDGE('',*,*,#859,.T.);
#2438 = ORIENTED_EDGE('',*,*,#893,.T.);
#2439 = PLANE('',#2440);
#2440 = AXIS2_PLACEMENT_3D('',#2441,#2442,#2443);
#2441 = CARTESIAN_POINT('',(33.188797612818,-87.4971494985,0.));
#2442 = DIRECTION('',(1.,0.,0.));
#2443 = DIRECTION('',(0.,1.,0.));
#2444 = ADVANCED_FACE('',(#2445,#2456),#2459,.F.);
#2445 = FACE_BOUND('',#2446,.F.);
#2446 = EDGE_LOOP('',(#2447));
#2447 = ORIENTED_EDGE('',*,*,#2448,.F.);
#2448 = EDGE_CURVE('',#2449,#2449,#2451,.T.);
#2449 = VERTEX_POINT('',#2450);
#2450 = CARTESIAN_POINT('',(31.09563,-109.274375,-7.7));
#2451 = CIRCLE('',#2452,2.1);
#2452 = AXIS2_PLACEMENT_3D('',#2453,#2454,#2455);
#2453 = CARTESIAN_POINT('',(28.99563,-109.274375,-7.7));
#2454 = DIRECTION('',(0.,0.,-1.));
#2455 = DIRECTION('',(1.,0.,0.));
#2456 = FACE_BOUND('',#2457,.F.);
#2457 = EDGE_LOOP('',(#2458));
#2458 = ORIENTED_EDGE('',*,*,#1489,.F.);
#2459 = PLANE('',#2460);
#2460 = AXIS2_PLACEMENT_3D('',#2461,#2462,#2463);
#2461 = CARTESIAN_POINT('',(172.40407694346,-68.68532334225,-7.7));
#2462 = DIRECTION('',(0.,0.,1.));
#2463 = DIRECTION('',(1.,0.,0.));
#2464 = ADVANCED_FACE('',(#2465,#2476),#2479,.F.);
#2465 = FACE_BOUND('',#2466,.F.);
#2466 = EDGE_LOOP('',(#2467));
#2467 = ORIENTED_EDGE('',*,*,#2468,.F.);
#2468 = EDGE_CURVE('',#2469,#2469,#2471,.T.);
#2469 = VERTEX_POINT('',#2470);
#2470 = CARTESIAN_POINT('',(172.1,-120.,-7.7));
#2471 = CIRCLE('',#2472,2.1);
#2472 = AXIS2_PLACEMENT_3D('',#2473,#2474,#2475);
#2473 = CARTESIAN_POINT('',(170.,-120.,-7.7));
#2474 = DIRECTION('',(0.,0.,-1.));
#2475 = DIRECTION('',(1.,0.,0.));
#2476 = FACE_BOUND('',#2477,.F.);
#2477 = EDGE_LOOP('',(#2478));
#2478 = ORIENTED_EDGE('',*,*,#1514,.F.);
#2479 = PLANE('',#2480);
#2480 = AXIS2_PLACEMENT_3D('',#2481,#2482,#2483);
#2481 = CARTESIAN_POINT('',(172.40407694346,-68.68532334225,-7.7));
#2482 = DIRECTION('',(0.,0.,1.));
#2483 = DIRECTION('',(1.,0.,0.));
#2484 = ADVANCED_FACE('',(#2485,#2496),#2499,.F.);
#2485 = FACE_BOUND('',#2486,.F.);
#2486 = EDGE_LOOP('',(#2487));
#2487 = ORIENTED_EDGE('',*,*,#2488,.F.);
#2488 = EDGE_CURVE('',#2489,#2489,#2491,.T.);
#2489 = VERTEX_POINT('',#2490);
#2490 = CARTESIAN_POINT('',(317.976573,-109.274375,-7.7));
#2491 = CIRCLE('',#2492,2.1);
#2492 = AXIS2_PLACEMENT_3D('',#2493,#2494,#2495);
#2493 = CARTESIAN_POINT('',(315.876573,-109.274375,-7.7));
#2494 = DIRECTION('',(0.,0.,-1.));
#2495 = DIRECTION('',(1.,0.,0.));
#2496 = FACE_BOUND('',#2497,.F.);
#2497 = EDGE_LOOP('',(#2498));
#2498 = ORIENTED_EDGE('',*,*,#1539,.F.);
#2499 = PLANE('',#2500);
#2500 = AXIS2_PLACEMENT_3D('',#2501,#2502,#2503);
#2501 = CARTESIAN_POINT('',(172.40407694346,-68.68532334225,-7.7));
#2502 = DIRECTION('',(0.,0.,1.));
#2503 = DIRECTION('',(1.,0.,0.));
#2504 = ADVANCED_FACE('',(#2505,#2516),#2519,.F.);
#2505 = FACE_BOUND('',#2506,.F.);
#2506 = EDGE_LOOP('',(#2507));
#2507 = ORIENTED_EDGE('',*,*,#2508,.F.);
#2508 = EDGE_CURVE('',#2509,#2509,#2511,.T.);
#2509 = VERTEX_POINT('',#2510);
#2510 = CARTESIAN_POINT('',(31.09563,-68.936875,-7.7));
#2511 = CIRCLE('',#2512,2.1);
#2512 = AXIS2_PLACEMENT_3D('',#2513,#2514,#2515);
#2513 = CARTESIAN_POINT('',(28.99563,-68.936875,-7.7));
#2514 = DIRECTION('',(0.,0.,-1.));
#2515 = DIRECTION('',(1.,0.,0.));
#2516 = FACE_BOUND('',#2517,.F.);
#2517 = EDGE_LOOP('',(#2518));
#2518 = ORIENTED_EDGE('',*,*,#1564,.F.);
#2519 = PLANE('',#2520);
#2520 = AXIS2_PLACEMENT_3D('',#2521,#2522,#2523);
#2521 = CARTESIAN_POINT('',(172.40407694346,-68.68532334225,-7.7));
#2522 = DIRECTION('',(0.,0.,1.));
#2523 = DIRECTION('',(1.,0.,0.));
#2524 = ADVANCED_FACE('',(#2525,#2536),#2539,.F.);
#2525 = FACE_BOUND('',#2526,.F.);
#2526 = EDGE_LOOP('',(#2527));
#2527 = ORIENTED_EDGE('',*,*,#2528,.F.);
#2528 = EDGE_CURVE('',#2529,#2529,#2531,.T.);
#2529 = VERTEX_POINT('',#2530);
#2530 = CARTESIAN_POINT('',(31.09563,-23.836875,-7.7));
#2531 = CIRCLE('',#2532,2.1);
#2532 = AXIS2_PLACEMENT_3D('',#2533,#2534,#2535);
#2533 = CARTESIAN_POINT('',(28.99563,-23.836875,-7.7));
#2534 = DIRECTION('',(0.,0.,-1.));
#2535 = DIRECTION('',(1.,0.,0.));
#2536 = FACE_BOUND('',#2537,.F.);
#2537 = EDGE_LOOP('',(#2538));
#2538 = ORIENTED_EDGE('',*,*,#1589,.F.);
#2539 = PLANE('',#2540);
#2540 = AXIS2_PLACEMENT_3D('',#2541,#2542,#2543);
#2541 = CARTESIAN_POINT('',(172.40407694346,-68.68532334225,-7.7));
#2542 = DIRECTION('',(0.,0.,1.));
#2543 = DIRECTION('',(1.,0.,0.));
#2544 = ADVANCED_FACE('',(#2545,#2556),#2559,.F.);
#2545 = FACE_BOUND('',#2546,.F.);
#2546 = EDGE_LOOP('',(#2547));
#2547 = ORIENTED_EDGE('',*,*,#2548,.F.);
#2548 = EDGE_CURVE('',#2549,#2549,#2551,.T.);
#2549 = VERTEX_POINT('',#2550);
#2550 = CARTESIAN_POINT('',(317.976573,-68.936875,-7.7));
#2551 = CIRCLE('',#2552,2.1);
#2552 = AXIS2_PLACEMENT_3D('',#2553,#2554,#2555);
#2553 = CARTESIAN_POINT('',(315.876573,-68.936875,-7.7));
#2554 = DIRECTION('',(0.,0.,-1.));
#2555 = DIRECTION('',(1.,0.,0.));
#2556 = FACE_BOUND('',#2557,.F.);
#2557 = EDGE_LOOP('',(#2558));
#2558 = ORIENTED_EDGE('',*,*,#1614,.F.);
#2559 = PLANE('',#2560);
#2560 = AXIS2_PLACEMENT_3D('',#2561,#2562,#2563);
#2561 = CARTESIAN_POINT('',(172.40407694346,-68.68532334225,-7.7));
#2562 = DIRECTION('',(0.,0.,1.));
#2563 = DIRECTION('',(1.,0.,0.));
#2564 = ADVANCED_FACE('',(#2565,#2576),#2579,.F.);
#2565 = FACE_BOUND('',#2566,.F.);
#2566 = EDGE_LOOP('',(#2567));
#2567 = ORIENTED_EDGE('',*,*,#2568,.F.);
#2568 = EDGE_CURVE('',#2569,#2569,#2571,.T.);
#2569 = VERTEX_POINT('',#2570);
#2570 = CARTESIAN_POINT('',(317.976573,-23.836875,-7.7));
#2571 = CIRCLE('',#2572,2.1);
#2572 = AXIS2_PLACEMENT_3D('',#2573,#2574,#2575);
#2573 = CARTESIAN_POINT('',(315.876573,-23.836875,-7.7));
#2574 = DIRECTION('',(0.,0.,-1.));
#2575 = DIRECTION('',(1.,0.,0.));
#2576 = FACE_BOUND('',#2577,.F.);
#2577 = EDGE_LOOP('',(#2578));
#2578 = ORIENTED_EDGE('',*,*,#1639,.F.);
#2579 = PLANE('',#2580);
#2580 = AXIS2_PLACEMENT_3D('',#2581,#2582,#2583);
#2581 = CARTESIAN_POINT('',(172.40407694346,-68.68532334225,-7.7));
#2582 = DIRECTION('',(0.,0.,1.));
#2583 = DIRECTION('',(1.,0.,0.));
#2584 = ADVANCED_FACE('',(#2585),#2621,.F.);
#2585 = FACE_BOUND('',#2586,.F.);
#2586 = EDGE_LOOP('',(#2587,#2596,#2604,#2613,#2619,#2620));
#2587 = ORIENTED_EDGE('',*,*,#2588,.F.);
#2588 = EDGE_CURVE('',#2589,#1808,#2591,.T.);
#2589 = VERTEX_POINT('',#2590);
#2590 = CARTESIAN_POINT('',(179.5014713211,-30.,-11.96077749485));
#2591 = CIRCLE('',#2592,0.5);
#2592 = AXIS2_PLACEMENT_3D('',#2593,#2594,#2595);
#2593 = CARTESIAN_POINT('',(179.5014713211,-30.,-11.46077749485));
#2594 = DIRECTION('',(0.,-1.,2.22044604925E-16));
#2595 = DIRECTION('',(1.,0.,0.));
#2596 = ORIENTED_EDGE('',*,*,#2597,.T.);
#2597 = EDGE_CURVE('',#2589,#2598,#2600,.T.);
#2598 = VERTEX_POINT('',#2599);
#2599 = CARTESIAN_POINT('',(179.5014713211,-27.,-11.96077749485));
#2600 = LINE('',#2601,#2602);
#2601 = CARTESIAN_POINT('',(179.5014713211,-30.,-11.96077749485));
#2602 = VECTOR('',#2603,1.);
#2603 = DIRECTION('',(0.,1.,-2.22044604925E-16));
#2604 = ORIENTED_EDGE('',*,*,#2605,.T.);
#2605 = EDGE_CURVE('',#2598,#2606,#2608,.T.);
#2606 = VERTEX_POINT('',#2607);
#2607 = CARTESIAN_POINT('',(180.0014713211,-27.,-11.46077749485));
#2608 = CIRCLE('',#2609,0.5);
#2609 = AXIS2_PLACEMENT_3D('',#2610,#2611,#2612);
#2610 = CARTESIAN_POINT('',(179.5014713211,-27.,-11.46077749485));
#2611 = DIRECTION('',(0.,-1.,2.22044604925E-16));
#2612 = DIRECTION('',(1.,0.,0.));
#2613 = ORIENTED_EDGE('',*,*,#2614,.F.);
#2614 = EDGE_CURVE('',#2388,#2606,#2615,.T.);
#2615 = LINE('',#2616,#2617);
#2616 = CARTESIAN_POINT('',(180.0014713211,-30.,-11.46077749485));
#2617 = VECTOR('',#2618,1.);
#2618 = DIRECTION('',(0.,1.,-2.22044604925E-16));
#2619 = ORIENTED_EDGE('',*,*,#2395,.F.);
#2620 = ORIENTED_EDGE('',*,*,#1817,.F.);
#2621 = CYLINDRICAL_SURFACE('',#2622,0.5);
#2622 = AXIS2_PLACEMENT_3D('',#2623,#2624,#2625);
#2623 = CARTESIAN_POINT('',(179.5014713211,-30.,-11.46077749485));
#2624 = DIRECTION('',(0.,-1.,2.22044604925E-16));
#2625 = DIRECTION('',(1.,0.,0.));
#2626 = ADVANCED_FACE('',(#2627),#2646,.T.);
#2627 = FACE_BOUND('',#2628,.T.);
#2628 = EDGE_LOOP('',(#2629,#2630,#2631,#2639));
#2629 = ORIENTED_EDGE('',*,*,#1807,.F.);
#2630 = ORIENTED_EDGE('',*,*,#2588,.F.);
#2631 = ORIENTED_EDGE('',*,*,#2632,.F.);
#2632 = EDGE_CURVE('',#2633,#2589,#2635,.T.);
#2633 = VERTEX_POINT('',#2634);
#2634 = CARTESIAN_POINT('',(160.5014713211,-30.,-11.96077749485));
#2635 = LINE('',#2636,#2637);
#2636 = CARTESIAN_POINT('',(160.5014713211,-30.,-11.96077749485));
#2637 = VECTOR('',#2638,1.);
#2638 = DIRECTION('',(1.,0.,0.));
#2639 = ORIENTED_EDGE('',*,*,#2640,.F.);
#2640 = EDGE_CURVE('',#1780,#2633,#2641,.T.);
#2641 = CIRCLE('',#2642,0.5);
#2642 = AXIS2_PLACEMENT_3D('',#2643,#2644,#2645);
#2643 = CARTESIAN_POINT('',(160.5014713211,-30.,-11.46077749485));
#2644 = DIRECTION('',(0.,-1.,2.22044604925E-16));
#2645 = DIRECTION('',(1.,0.,0.));
#2646 = PLANE('',#2647);
#2647 = AXIS2_PLACEMENT_3D('',#2648,#2649,#2650);
#2648 = CARTESIAN_POINT('',(170.0014713211,-30.,-8.460777494851));
#2649 = DIRECTION('',(0.,1.,-5.241150756782E-16));
#2650 = DIRECTION('',(0.,5.241150756782E-16,1.));
#2651 = ADVANCED_FACE('',(#2652),#2680,.F.);
#2652 = FACE_BOUND('',#2653,.F.);
#2653 = EDGE_LOOP('',(#2654,#2655,#2663,#2672,#2678,#2679));
#2654 = ORIENTED_EDGE('',*,*,#2319,.F.);
#2655 = ORIENTED_EDGE('',*,*,#2656,.T.);
#2656 = EDGE_CURVE('',#2320,#2657,#2659,.T.);
#2657 = VERTEX_POINT('',#2658);
#2658 = CARTESIAN_POINT('',(160.0014713211,-27.,-11.46077749485));
#2659 = LINE('',#2660,#2661);
#2660 = CARTESIAN_POINT('',(160.0014713211,-30.,-11.46077749485));
#2661 = VECTOR('',#2662,1.);
#2662 = DIRECTION('',(0.,1.,-2.22044604925E-16));
#2663 = ORIENTED_EDGE('',*,*,#2664,.T.);
#2664 = EDGE_CURVE('',#2657,#2665,#2667,.T.);
#2665 = VERTEX_POINT('',#2666);
#2666 = CARTESIAN_POINT('',(160.5014713211,-27.,-11.96077749485));
#2667 = CIRCLE('',#2668,0.5);
#2668 = AXIS2_PLACEMENT_3D('',#2669,#2670,#2671);
#2669 = CARTESIAN_POINT('',(160.5014713211,-27.,-11.46077749485));
#2670 = DIRECTION('',(0.,-1.,2.22044604925E-16));
#2671 = DIRECTION('',(1.,0.,0.));
#2672 = ORIENTED_EDGE('',*,*,#2673,.F.);
#2673 = EDGE_CURVE('',#2633,#2665,#2674,.T.);
#2674 = LINE('',#2675,#2676);
#2675 = CARTESIAN_POINT('',(160.5014713211,-30.,-11.96077749485));
#2676 = VECTOR('',#2677,1.);
#2677 = DIRECTION('',(0.,1.,-2.22044604925E-16));
#2678 = ORIENTED_EDGE('',*,*,#2640,.F.);
#2679 = ORIENTED_EDGE('',*,*,#1779,.F.);
#2680 = CYLINDRICAL_SURFACE('',#2681,0.5);
#2681 = AXIS2_PLACEMENT_3D('',#2682,#2683,#2684);
#2682 = CARTESIAN_POINT('',(160.5014713211,-30.,-11.46077749485));
#2683 = DIRECTION('',(0.,-1.,2.22044604925E-16));
#2684 = DIRECTION('',(1.,0.,0.));
#2685 = ADVANCED_FACE('',(#2686),#2755,.F.);
#2686 = FACE_BOUND('',#2687,.F.);
#2687 = EDGE_LOOP('',(#2688,#2696,#2697,#2705));
#2688 = ORIENTED_EDGE('',*,*,#2689,.F.);
#2689 = EDGE_CURVE('',#1920,#2690,#2692,.T.);
#2690 = VERTEX_POINT('',#2691);
#2691 = CARTESIAN_POINT('',(186.3171026517,-122.4823354739,
    -7.20053228202));
#2692 = LINE('',#2693,#2694);
#2693 = CARTESIAN_POINT('',(186.3171026517,-122.4823354739,0.));
#2694 = VECTOR('',#2695,1.);
#2695 = DIRECTION('',(-0.,-0.,-1.));
#2696 = ORIENTED_EDGE('',*,*,#1928,.F.);
#2697 = ORIENTED_EDGE('',*,*,#2698,.T.);
#2698 = EDGE_CURVE('',#1910,#2699,#2701,.T.);
#2699 = VERTEX_POINT('',#2700);
#2700 = CARTESIAN_POINT('',(239.81759501158,-116.069300491,
    -7.216972823944));
#2701 = LINE('',#2702,#2703);
#2702 = CARTESIAN_POINT('',(239.81759501158,-116.069300491,0.));
#2703 = VECTOR('',#2704,1.);
#2704 = DIRECTION('',(-0.,-0.,-1.));
#2705 = ORIENTED_EDGE('',*,*,#2706,.T.);
#2706 = EDGE_CURVE('',#2699,#2690,#2707,.T.);
#2707 = ( BOUNDED_CURVE() B_SPLINE_CURVE(10,(#2708,#2709,#2710,#2711,
    #2712,#2713,#2714,#2715,#2716,#2717,#2718,#2719,#2720,#2721,#2722,
    #2723,#2724,#2725,#2726,#2727,#2728,#2729,#2730,#2731,#2732,#2733,
    #2734,#2735,#2736,#2737,#2738,#2739,#2740,#2741,#2742,#2743,#2744,
    #2745,#2746,#2747,#2748,#2749,#2750,#2751,#2752,#2753,#2754),
.UNSPECIFIED.,.F.,.F.) B_SPLINE_CURVE_WITH_KNOTS((11,9,9,9,9,11),(
    825.36641117459,827.33300808056,834.90705573445,838.71179221037,
840.61859302261,842.82197399182),.UNSPECIFIED.) CURVE() 
GEOMETRIC_REPRESENTATION_ITEM() RATIONAL_B_SPLINE_CURVE((1.,1.,1.,1.,1.,
    1.,1.,1.,1.,1.,1.,1.,1.,1.,1.,1.,1.,1.,1.,1.,1.,1.,0.999999999999,
    1.000000000001,0.999999999999,1.,1.,1.,1.,1.,1.,1.,1.,1.,1.,1.,1.,1.
,1.,1.,1.,1.,1.,1.,1.,1.,1.)) REPRESENTATION_ITEM('') );
#2708 = CARTESIAN_POINT('',(239.81759501158,-116.069300491,
    -7.216972825844));
#2709 = CARTESIAN_POINT('',(239.19413843592,-116.0669932376,
    -7.216981016873));
#2710 = CARTESIAN_POINT('',(238.60089324226,-116.0667497748,
    -7.216980123445));
#2711 = CARTESIAN_POINT('',(237.98920811561,-116.0681613269,
    -7.216971689304));
#2712 = CARTESIAN_POINT('',(237.37751051504,-116.0715281503,
    -7.216954490082));
#2713 = CARTESIAN_POINT('',(236.77009633688,-116.0768454105,
    -7.216928577193));
#2714 = CARTESIAN_POINT('',(236.16061691654,-116.0839855368,
    -7.216894501658));
#2715 = CARTESIAN_POINT('',(235.54925236443,-116.0929765669,
    -7.216852180069));
#2716 = CARTESIAN_POINT('',(234.94101584912,-116.1039155671,
    -7.21680126035));
#2717 = CARTESIAN_POINT('',(234.33108906025,-116.116695785,
    -7.21674224045));
#2718 = CARTESIAN_POINT('',(231.3739776903,-116.1878649495,
    -7.216415978003));
#2719 = CARTESIAN_POINT('',(229.02672109851,-116.2722671461,
    -7.216035132559));
#2720 = CARTESIAN_POINT('',(226.67996969069,-116.3845810858,
    -7.215536693873));
#2721 = CARTESIAN_POINT('',(224.33391686512,-116.5248214245,
    -7.214927050763));
#2722 = CARTESIAN_POINT('',(221.9887546538,-116.6930087426,
    -7.214214739186));
#2723 = CARTESIAN_POINT('',(219.64467372241,-116.8891695448,
    -7.213410442242));
#2724 = CARTESIAN_POINT('',(217.30186337033,-117.1133362601,
    -7.212526990169));
#2725 = CARTESIAN_POINT('',(214.96051153064,-117.3655472422,
    -7.211579360344));
#2726 = CARTESIAN_POINT('',(212.62080477008,-117.6458467687,
    -7.210584677285));
#2727 = CARTESIAN_POINT('',(209.10852269655,-118.1092254914,
    -7.209048589198));
#2728 = CARTESIAN_POINT('',(207.93462343581,-118.2712584874,
    -7.208527896142));
#2729 = CARTESIAN_POINT('',(206.76117100808,-118.4404060606,
    -7.208002480677));
#2730 = CARTESIAN_POINT('',(205.58818058387,-118.6166767389,
    -7.207474834736));
#2731 = CARTESIAN_POINT('',(204.41571237579,-118.8000710575,
    -7.206947577559));
#2732 = CARTESIAN_POINT('',(203.24384201146,-118.9905870688,
    -7.206423438261));
#2733 = CARTESIAN_POINT('',(202.07263090632,-119.1882258522,
    -7.205905238403));
#2734 = CARTESIAN_POINT('',(200.90209663645,-119.392997024,
    -7.205395874563));
#2735 = CARTESIAN_POINT('',(199.73218331142,-119.6049242475,
    -7.204898300903));
#2736 = CARTESIAN_POINT('',(197.97664383679,-119.9338692761,
    -7.204173554703));
#2737 = CARTESIAN_POINT('',(197.3908371592,-120.0454559993,
    -7.203935348051));
#2738 = CARTESIAN_POINT('',(196.80416982492,-120.1590811756,
    -7.203700988501));
#2739 = CARTESIAN_POINT('',(196.21913132522,-120.2741594009,
    -7.203471488732));
#2740 = CARTESIAN_POINT('',(195.63299323947,-120.3913266564,
    -7.203246519131));
#2741 = CARTESIAN_POINT('',(195.04570783866,-120.510613892,
    -7.203026538429));
#2742 = CARTESIAN_POINT('',(194.46075428118,-120.6312176738,
    -7.202812886973));
#2743 = CARTESIAN_POINT('',(193.87582746094,-120.7536269172,
    -7.202605170396));
#2744 = CARTESIAN_POINT('',(193.28096013018,-120.8801232136,
    -7.202401015395));
#2745 = CARTESIAN_POINT('',(192.03377517392,-121.149150611,
    -7.201987190673));
#2746 = CARTESIAN_POINT('',(191.3871409327,-121.2910639855,
    -7.201781670566));
#2747 = CARTESIAN_POINT('',(190.7644120666,-121.4299154466,
    -7.201592903726));
#2748 = CARTESIAN_POINT('',(190.12320249592,-121.5748927052,
    -7.201405677083));
#2749 = CARTESIAN_POINT('',(189.47334936307,-121.7237299132,
    -7.201227286453));
#2750 = CARTESIAN_POINT('',(188.78497471466,-121.8847089584,
    -7.201049518982));
#2751 = CARTESIAN_POINT('',(188.12311790196,-122.0410159413,
    -7.200889946472));
#2752 = CARTESIAN_POINT('',(187.41414802518,-122.2126999208,
    -7.200739714166));
#2753 = CARTESIAN_POINT('',(186.83921229806,-122.3532931909,
    -7.200622797188));
#2754 = CARTESIAN_POINT('',(186.3171026517,-122.4823354739,
    -7.20053228202));
#2755 = CYLINDRICAL_SURFACE('',#2756,219.59143013398);
#2756 = AXIS2_PLACEMENT_3D('',#2757,#2758,#2759);
#2757 = CARTESIAN_POINT('',(239.00494884425,-335.6592269323,0.));
#2758 = DIRECTION('',(0.,0.,1.));
#2759 = DIRECTION('',(-0.239443070739,0.970910405689,0.));
#2760 = ADVANCED_FACE('',(#2761),#2791,.T.);
#2761 = FACE_BOUND('',#2762,.T.);
#2762 = EDGE_LOOP('',(#2763,#2771,#2772,#2773));
#2763 = ORIENTED_EDGE('',*,*,#2764,.F.);
#2764 = EDGE_CURVE('',#1944,#2765,#2767,.T.);
#2765 = VERTEX_POINT('',#2766);
#2766 = CARTESIAN_POINT('',(314.67759151427,-116.0743747563,
    -7.217205889377));
#2767 = LINE('',#2768,#2769);
#2768 = CARTESIAN_POINT('',(314.67759151427,-116.0743747563,0.));
#2769 = VECTOR('',#2770,1.);
#2770 = DIRECTION('',(-0.,-0.,-1.));
#2771 = ORIENTED_EDGE('',*,*,#1952,.T.);
#2772 = ORIENTED_EDGE('',*,*,#2698,.T.);
#2773 = ORIENTED_EDGE('',*,*,#2774,.F.);
#2774 = EDGE_CURVE('',#2765,#2699,#2775,.T.);
#2775 = ( BOUNDED_CURVE() B_SPLINE_CURVE(14,(#2776,#2777,#2778,#2779,
    #2780,#2781,#2782,#2783,#2784,#2785,#2786,#2787,#2788,#2789,#2790),
.UNSPECIFIED.,.F.,.F.) B_SPLINE_CURVE_WITH_KNOTS((15,15),(
807.61809751936,825.36641117459),.PIECEWISE_BEZIER_KNOTS.) CURVE() 
GEOMETRIC_REPRESENTATION_ITEM() RATIONAL_B_SPLINE_CURVE((1.,1.,
    1.000000000002,0.999999999995,1.000000000011,0.99999999998,
    1.000000000027,0.99999999997,1.000000000028,0.999999999979,
    1.000000000013,0.999999999994,1.000000000002,1.,1.)) 
REPRESENTATION_ITEM('') );
#2776 = CARTESIAN_POINT('',(314.67759151427,-116.0743747563,
    -7.21720592107));
#2777 = CARTESIAN_POINT('',(313.45923392828,-116.0742921718,
    -7.217196684431));
#2778 = CARTESIAN_POINT('',(311.30081877811,-116.0741458671,
    -7.217206488262));
#2779 = CARTESIAN_POINT('',(307.87536570737,-116.0739136783,
    -7.217153648415));
#2780 = CARTESIAN_POINT('',(303.34076914445,-116.0736063079,
    -7.21722706992));
#2781 = CARTESIAN_POINT('',(297.77328203262,-116.0732289246,
    -7.21706483952));
#2782 = CARTESIAN_POINT('',(291.50227250628,-116.0728038543,
    -7.217235912578));
#2783 = CARTESIAN_POINT('',(284.52911492801,-116.0723311899,
    -7.21701629591));
#2784 = CARTESIAN_POINT('',(277.25254243259,-116.0718379591,
    -7.217155246818));
#2785 = CARTESIAN_POINT('',(269.74932828454,-116.0713293657,
    -7.217030040301));
#2786 = CARTESIAN_POINT('',(262.38041837011,-116.0708298759,
    -7.21705585761));
#2787 = CARTESIAN_POINT('',(255.38097652807,-116.0703554299,
    -7.21701754074));
#2788 = CARTESIAN_POINT('',(249.0925976139,-116.0699291822,
    -7.217001872073));
#2789 = CARTESIAN_POINT('',(243.8366217836,-116.0695729143,
    -7.216985223109));
#2790 = CARTESIAN_POINT('',(239.81759501158,-116.069300491,
    -7.216972823944));
#2791 = PLANE('',#2792);
#2792 = AXIS2_PLACEMENT_3D('',#2793,#2794,#2795);
#2793 = CARTESIAN_POINT('',(239.81759501158,-116.069300491,0.));
#2794 = DIRECTION('',(-6.778340233572E-05,-0.999999997703,0.));
#2795 = DIRECTION('',(0.999999997703,-6.778340233572E-05,0.));
#2796 = ADVANCED_FACE('',(#2797),#2893,.T.);
#2797 = FACE_BOUND('',#2798,.T.);
#2798 = EDGE_LOOP('',(#2799,#2800,#2801,#2809,#2846,#2855));
#2799 = ORIENTED_EDGE('',*,*,#2689,.F.);
#2800 = ORIENTED_EDGE('',*,*,#1979,.T.);
#2801 = ORIENTED_EDGE('',*,*,#2802,.T.);
#2802 = EDGE_CURVE('',#1971,#2803,#2805,.T.);
#2803 = VERTEX_POINT('',#2804);
#2804 = CARTESIAN_POINT('',(153.58003809122,-122.4495922494,
    -7.200539631453));
#2805 = LINE('',#2806,#2807);
#2806 = CARTESIAN_POINT('',(153.58003809122,-122.4495922494,0.));
#2807 = VECTOR('',#2808,1.);
#2808 = DIRECTION('',(-0.,-0.,-1.));
#2809 = ORIENTED_EDGE('',*,*,#2810,.F.);
#2810 = EDGE_CURVE('',#2811,#2803,#2813,.T.);
#2811 = VERTEX_POINT('',#2812);
#2812 = CARTESIAN_POINT('',(163.94211639876,-123.9420465167,-7.2));
#2813 = ( BOUNDED_CURVE() B_SPLINE_CURVE(11,(#2814,#2815,#2816,#2817,
    #2818,#2819,#2820,#2821,#2822,#2823,#2824,#2825,#2826,#2827,#2828,
    #2829,#2830,#2831,#2832,#2833,#2834,#2835,#2836,#2837,#2838,#2839,
    #2840,#2841,#2842,#2843,#2844,#2845),.UNSPECIFIED.,.F.,.F.) 
B_SPLINE_CURVE_WITH_KNOTS((12,10,10,12),(76.51772466257,86.422867577186,
88.076930816164,89.605200856368),.UNSPECIFIED.) CURVE() 
GEOMETRIC_REPRESENTATION_ITEM() RATIONAL_B_SPLINE_CURVE((1.,1.,1.,
    0.999999999999,1.000000000001,0.999999999999,1.000000000001,
    0.999999999999,1.,1.,1.,1.,1.,0.999999999999,1.000000000001,
    0.999999999999,1.000000000001,0.999999999999,1.000000000001,1.,1.,1.
,1.,1.,1.,1.,1.,1.,1.,1.,1.,1.)) REPRESENTATION_ITEM('') );
#2814 = CARTESIAN_POINT('',(163.94211639875,-123.9420465167,-7.2));
#2815 = CARTESIAN_POINT('',(163.22368204312,-123.8866895623,-7.2));
#2816 = CARTESIAN_POINT('',(162.50575993593,-123.8241351489,
    -7.200001602306));
#2817 = CARTESIAN_POINT('',(161.78853216858,-123.7544061346,
    -7.200005503509));
#2818 = CARTESIAN_POINT('',(161.07205454331,-123.6775057095,
    -7.200012524752));
#2819 = CARTESIAN_POINT('',(160.35634812795,-123.5934324293,
    -7.200023606987));
#2820 = CARTESIAN_POINT('',(159.64145788993,-123.5021898274,
    -7.20003980846));
#2821 = CARTESIAN_POINT('',(158.92747840968,-123.403790605,
    -7.200062304403));
#2822 = CARTESIAN_POINT('',(158.21454667331,-123.2982554002,
    -7.200092388947));
#2823 = CARTESIAN_POINT('',(157.50280194455,-123.1856061348,
    -7.20013147925));
#2824 = CARTESIAN_POINT('',(156.79231271608,-123.06585394,
    -7.200181121843));
#2825 = CARTESIAN_POINT('',(155.96451747836,-122.9177952147,
    -7.20025333444));
#2826 = CARTESIAN_POINT('',(155.84608285332,-122.8964077888,
    -7.20026400953));
#2827 = CARTESIAN_POINT('',(155.72766700389,-122.8748193057,
    -7.200275034869));
#2828 = CARTESIAN_POINT('',(155.60927006898,-122.8530296885,
    -7.200286418869));
#2829 = CARTESIAN_POINT('',(155.49089218752,-122.8310388602,
    -7.200298169943));
#2830 = CARTESIAN_POINT('',(155.37253349841,-122.8088467435,
    -7.2003102965));
#2831 = CARTESIAN_POINT('',(155.25419414056,-122.7864532616,
    -7.200322806955));
#2832 = CARTESIAN_POINT('',(155.13587425289,-122.7638583375,
    -7.200335709718));
#2833 = CARTESIAN_POINT('',(155.01757397431,-122.7410618939,
    -7.200349013202));
#2834 = CARTESIAN_POINT('',(154.89929344373,-122.718063854,
    -7.200362725818));
#2835 = CARTESIAN_POINT('',(154.67176599916,-122.6734287893,
    -7.200389911526));
#2836 = CARTESIAN_POINT('',(154.56252013681,-122.6518219759,
    -7.200403239946));
#2837 = CARTESIAN_POINT('',(154.45332941728,-122.6300509655,
    -7.2004176287));
#2838 = CARTESIAN_POINT('',(154.34404740771,-122.6080844065,
    -7.2004295165));
#2839 = CARTESIAN_POINT('',(154.2350183445,-122.5859968256,
    -7.200449440835));
#2840 = CARTESIAN_POINT('',(154.12553377924,-122.5636347296,
    -7.200455097607));
#2841 = CARTESIAN_POINT('',(154.01671452302,-122.5412389246,
    -7.200482393042));
#2842 = CARTESIAN_POINT('',(153.90727875915,-122.5185353792,
    -7.200486081391));
#2843 = CARTESIAN_POINT('',(153.79828000399,-122.495748129,
    -7.200511397243));
#2844 = CARTESIAN_POINT('',(153.6891366904,-122.4727537705,
    -7.200523346839));
#2845 = CARTESIAN_POINT('',(153.58003809122,-122.4495922494,
    -7.200539631453));
#2846 = ORIENTED_EDGE('',*,*,#2847,.F.);
#2847 = EDGE_CURVE('',#2848,#2811,#2850,.T.);
#2848 = VERTEX_POINT('',#2849);
#2849 = CARTESIAN_POINT('',(175.99022618931,-123.9511854142,-7.2));
#2850 = CIRCLE('',#2851,79.192860786056);
#2851 = AXIS2_PLACEMENT_3D('',#2852,#2853,#2854);
#2852 = CARTESIAN_POINT('',(170.02606768492,-44.98322980687,-7.2));
#2853 = DIRECTION('',(-1.08446464699E-20,-1.429685485632E-17,-1.));
#2854 = DIRECTION('',(0.174571467136,-0.98464450583,1.407542641909E-17)
  );
#2855 = ORIENTED_EDGE('',*,*,#2856,.F.);
#2856 = EDGE_CURVE('',#2690,#2848,#2857,.T.);
#2857 = ( BOUNDED_CURVE() B_SPLINE_CURVE(12,(#2858,#2859,#2860,#2861,
    #2862,#2863,#2864,#2865,#2866,#2867,#2868,#2869,#2870,#2871,#2872,
    #2873,#2874,#2875,#2876,#2877,#2878,#2879,#2880,#2881,#2882,#2883,
    #2884,#2885,#2886,#2887,#2888,#2889,#2890,#2891,#2892),
.UNSPECIFIED.,.F.,.F.) B_SPLINE_CURVE_WITH_KNOTS((13,11,11,13),(
    842.82197399178,843.31507977498,843.86597276428,847.16492422478),
.UNSPECIFIED.) CURVE() GEOMETRIC_REPRESENTATION_ITEM() 
RATIONAL_B_SPLINE_CURVE((1.,1.,1.,1.000000000001,0.999999999998,
    1.000000000002,0.999999999997,1.000000000002,0.999999999999,
    1.000000000001,1.,1.,1.,0.999999999999,1.000000000002,0.999999999997
    ,1.000000000004,0.999999999996,1.000000000003,0.999999999998,
    1.000000000001,1.,1.,1.,1.000000000001,0.999999999998,1.000000000003
    ,0.999999999996,1.000000000005,0.999999999996,1.000000000003,
0.999999999999,1.,1.,1.)) REPRESENTATION_ITEM('') );
#2858 = CARTESIAN_POINT('',(186.3171026517,-122.4823354739,
    -7.200534138733));
#2859 = CARTESIAN_POINT('',(186.2189622242,-122.5029655072,
    -7.200519730373));
#2860 = CARTESIAN_POINT('',(186.12241142017,-122.5231192302,
    -7.200506189224));
#2861 = CARTESIAN_POINT('',(186.029570739,-122.542364303,-7.200493667124
    ));
#2862 = CARTESIAN_POINT('',(185.9252532827,-122.5638880866,
    -7.200473446928));
#2863 = CARTESIAN_POINT('',(185.83525096414,-122.5822225417,
    -7.200469164924));
#2864 = CARTESIAN_POINT('',(185.73415598948,-122.6028316525,
    -7.200446398083));
#2865 = CARTESIAN_POINT('',(185.63840439989,-122.6220878071,
    -7.200440273786));
#2866 = CARTESIAN_POINT('',(185.54154742413,-122.6415111407,
    -7.20042380563));
#2867 = CARTESIAN_POINT('',(185.44419481137,-122.6608606429,
    -7.200412788019));
#2868 = CARTESIAN_POINT('',(185.34730241631,-122.6799914468,
    -7.200400276072));
#2869 = CARTESIAN_POINT('',(185.25023165156,-122.6990184766,
    -7.200388447229));
#2870 = CARTESIAN_POINT('',(185.04473525529,-122.7390079035,
    -7.200363900921));
#2871 = CARTESIAN_POINT('',(184.93628314545,-122.7599413369,
    -7.200351296399));
#2872 = CARTESIAN_POINT('',(184.82781456161,-122.7807067974,
    -7.200339033537));
#2873 = CARTESIAN_POINT('',(184.71932964429,-122.8013043357,
    -7.20032710602));
#2874 = CARTESIAN_POINT('',(184.610828534,-122.8217340024,
    -7.200315507536));
#2875 = CARTESIAN_POINT('',(184.50231137128,-122.8419958479,
    -7.20030423177));
#2876 = CARTESIAN_POINT('',(184.39377829659,-122.8620899229,
    -7.200293272411));
#2877 = CARTESIAN_POINT('',(184.2852294505,-122.8820162779,
    -7.200282623143));
#2878 = CARTESIAN_POINT('',(184.17666497349,-122.9017749635,
    -7.200272277655));
#2879 = CARTESIAN_POINT('',(184.06808500608,-122.9213660302,
    -7.200262229631));
#2880 = CARTESIAN_POINT('',(183.95948968879,-122.9407895286,
    -7.200252472759));
#2881 = CARTESIAN_POINT('',(183.20047906171,-123.0753574606,
    -7.200186278675));
#2882 = CARTESIAN_POINT('',(182.54926072241,-123.1847144308,
    -7.200139760984));
#2883 = CARTESIAN_POINT('',(181.89694760833,-123.2881603949,
    -7.200102172634));
#2884 = CARTESIAN_POINT('',(181.24354097937,-123.3856946498,
    -7.200072340655));
#2885 = CARTESIAN_POINT('',(180.58917758283,-123.4772951835,
    -7.20004918384));
#2886 = CARTESIAN_POINT('',(179.93402434619,-123.5629359385,
    -7.200031704951));
#2887 = CARTESIAN_POINT('',(179.27821007151,-123.6425979683,
    -7.20001898546));
#2888 = CARTESIAN_POINT('',(178.62179413108,-123.7162744886,
    -7.200010182752));
#2889 = CARTESIAN_POINT('',(177.96477216444,-123.7839698222,
    -7.200004529878));
#2890 = CARTESIAN_POINT('',(177.30711877689,-123.8456922382,
    -7.200001337772));
#2891 = CARTESIAN_POINT('',(176.6488672393,-123.9014406844,-7.2));
#2892 = CARTESIAN_POINT('',(175.99022618931,-123.9511854142,-7.2));
#2893 = CYLINDRICAL_SURFACE('',#2894,79.192860786056);
#2894 = AXIS2_PLACEMENT_3D('',#2895,#2896,#2897);
#2895 = CARTESIAN_POINT('',(170.02606768492,-44.98322980687,0.));
#2896 = DIRECTION('',(0.,0.,1.));
#2897 = DIRECTION('',(0.205705667743,-0.978613906635,0.));
#2898 = ADVANCED_FACE('',(#2899),#2938,.T.);
#2899 = FACE_BOUND('',#2900,.T.);
#2900 = EDGE_LOOP('',(#2901,#2909,#2910,#2911));
#2901 = ORIENTED_EDGE('',*,*,#2902,.F.);
#2902 = EDGE_CURVE('',#1995,#2903,#2905,.T.);
#2903 = VERTEX_POINT('',#2904);
#2904 = CARTESIAN_POINT('',(320.17657287649,-110.5745210833,
    -7.24432344398));
#2905 = LINE('',#2906,#2907);
#2906 = CARTESIAN_POINT('',(320.17657287649,-110.5745210833,0.));
#2907 = VECTOR('',#2908,1.);
#2908 = DIRECTION('',(-0.,-0.,-1.));
#2909 = ORIENTED_EDGE('',*,*,#2005,.T.);
#2910 = ORIENTED_EDGE('',*,*,#2764,.T.);
#2911 = ORIENTED_EDGE('',*,*,#2912,.F.);
#2912 = EDGE_CURVE('',#2903,#2765,#2913,.T.);
#2913 = ( BOUNDED_CURVE() B_SPLINE_CURVE(12,(#2914,#2915,#2916,#2917,
    #2918,#2919,#2920,#2921,#2922,#2923,#2924,#2925,#2926,#2927,#2928,
    #2929,#2930,#2931,#2932,#2933,#2934,#2935,#2936,#2937),
.UNSPECIFIED.,.F.,.F.) B_SPLINE_CURVE_WITH_KNOTS((13,11,13),(
798.04099514739,800.8928420847,807.61809751936),.UNSPECIFIED.) CURVE() 
GEOMETRIC_REPRESENTATION_ITEM() RATIONAL_B_SPLINE_CURVE((1.,1.,
    0.999999999999,1.000000000003,0.999999999994,1.000000000009,
    0.999999999991,1.000000000008,0.999999999995,1.000000000003,
    0.999999999999,1.,1.,1.000000000001,0.999999999999,1.000000000002,
    0.999999999997,1.000000000003,0.999999999997,1.000000000002,
0.999999999999,1.,1.,1.)) REPRESENTATION_ITEM('') );
#2914 = CARTESIAN_POINT('',(320.17657287649,-110.5745210833,
    -7.244321059432));
#2915 = CARTESIAN_POINT('',(320.1765576536,-110.8350381445,
    -7.242695615122));
#2916 = CARTESIAN_POINT('',(320.1630702343,-111.0956784766,
    -7.241104669761));
#2917 = CARTESIAN_POINT('',(320.1361403435,-111.3543028761,
    -7.239565275317));
#2918 = CARTESIAN_POINT('',(320.09605782735,-111.6097057038,
    -7.238081745091));
#2919 = CARTESIAN_POINT('',(320.04330205677,-111.8607879685,
    -7.236657320652));
#2920 = CARTESIAN_POINT('',(319.97849584117,-112.1064203804,
    -7.235296236715));
#2921 = CARTESIAN_POINT('',(319.90237281236,-112.345575944,
    -7.234002031355));
#2922 = CARTESIAN_POINT('',(319.81574976231,-112.5774576685,
    -7.232775920158));
#2923 = CARTESIAN_POINT('',(319.71949794249,-112.8014929837,
    -7.231617024183));
#2924 = CARTESIAN_POINT('',(319.61450985589,-113.0172124578,
    -7.230524212782));
#2925 = CARTESIAN_POINT('',(319.50166059704,-113.2241764264,
    -7.229497293616));
#2926 = CARTESIAN_POINT('',(319.09902701265,-113.8893798969,
    -7.226259843581));
#2927 = CARTESIAN_POINT('',(318.77694146194,-114.3070278344,
    -7.224337525843));
#2928 = CARTESIAN_POINT('',(318.42695655442,-114.6741394964,
    -7.22272816826));
#2929 = CARTESIAN_POINT('',(318.04948670111,-114.9933755083,
    -7.221398197186));
#2930 = CARTESIAN_POINT('',(317.66439283248,-115.2758449801,
    -7.220225372617));
#2931 = CARTESIAN_POINT('',(317.24303175914,-115.4991798289,
    -7.219409351966));
#2932 = CARTESIAN_POINT('',(316.8431078105,-115.7039928675,
    -7.218539347294));
#2933 = CARTESIAN_POINT('',(316.40356340811,-115.8428862905,
    -7.218110790191));
#2934 = CARTESIAN_POINT('',(315.98033495929,-115.9652537901,
    -7.217573829394));
#2935 = CARTESIAN_POINT('',(315.56758506007,-116.0169050434,
    -7.217441420378));
#2936 = CARTESIAN_POINT('',(315.21619577911,-116.0742578511,
    -7.217199737836));
#2937 = CARTESIAN_POINT('',(314.67759151427,-116.0743747563,
    -7.217205889377));
#2938 = CYLINDRICAL_SURFACE('',#2939,5.500175196123);
#2939 = AXIS2_PLACEMENT_3D('',#2940,#2941,#2942);
#2940 = CARTESIAN_POINT('',(314.67639768975,-110.5741996897,0.));
#2941 = DIRECTION('',(0.,0.,1.));
#2942 = DIRECTION('',(0.999999998293,-5.843333300135E-05,0.));
#2943 = ADVANCED_FACE('',(#2944),#3021,.F.);
#2944 = FACE_BOUND('',#2945,.F.);
#2945 = EDGE_LOOP('',(#2946,#2954,#2955,#2956));
#2946 = ORIENTED_EDGE('',*,*,#2947,.F.);
#2947 = EDGE_CURVE('',#2023,#2948,#2950,.T.);
#2948 = VERTEX_POINT('',#2949);
#2949 = CARTESIAN_POINT('',(100.15173717539,-116.0636485003,
    -7.216528023166));
#2950 = LINE('',#2951,#2952);
#2951 = CARTESIAN_POINT('',(100.15173717539,-116.0636485003,0.));
#2952 = VECTOR('',#2953,1.);
#2953 = DIRECTION('',(-0.,-0.,-1.));
#2954 = ORIENTED_EDGE('',*,*,#2031,.F.);
#2955 = ORIENTED_EDGE('',*,*,#2802,.T.);
#2956 = ORIENTED_EDGE('',*,*,#2957,.T.);
#2957 = EDGE_CURVE('',#2803,#2948,#2958,.T.);
#2958 = ( BOUNDED_CURVE() B_SPLINE_CURVE(11,(#2959,#2960,#2961,#2962,
    #2963,#2964,#2965,#2966,#2967,#2968,#2969,#2970,#2971,#2972,#2973,
    #2974,#2975,#2976,#2977,#2978,#2979,#2980,#2981,#2982,#2983,#2984,
    #2985,#2986,#2987,#2988,#2989,#2990,#2991,#2992,#2993,#2994,#2995,
    #2996,#2997,#2998,#2999,#3000,#3001,#3002,#3003,#3004,#3005,#3006,
    #3007,#3008,#3009,#3010,#3011,#3012,#3013,#3014,#3015,#3016,#3017,
#3018,#3019,#3020),.UNSPECIFIED.,.F.,.F.) B_SPLINE_CURVE_WITH_KNOTS((12,
    10,10,10,10,10,12),(89.605200856248,89.605267878617,94.620761665585,
    113.22061327505,136.83595867148,149.18674209666,157.46760564679),
.UNSPECIFIED.) CURVE() GEOMETRIC_REPRESENTATION_ITEM() 
RATIONAL_B_SPLINE_CURVE((1.,1.,1.,1.,0.999999999999,1.000000000001,
    0.999999999999,1.,1.,1.,1.,1.,1.,1.000000000001,0.999999999999,
    1.000000000002,0.999999999998,1.000000000001,0.999999999999,1.,1.,1.
    ,1.,1.,1.,1.,1.,1.,1.,1.,1.,1.,1.,1.000000000001,0.999999999999,
    1.000000000001,0.999999999999,1.000000000001,0.999999999999,1.,1.,1.
    ,0.999999999999,1.000000000001,0.999999999998,1.000000000003,
    0.999999999997,1.000000000002,0.999999999999,1.,1.,1.,1.,1.,
    1.000000000001,0.999999999999,1.000000000001,0.999999999999,
1.000000000001,1.,1.,1.)) REPRESENTATION_ITEM('') );
#2959 = CARTESIAN_POINT('',(153.58003809122,-122.4495922494,
    -7.200537860672));
#2960 = CARTESIAN_POINT('',(153.58003334219,-122.4495910786,
    -7.200537861498));
#2961 = CARTESIAN_POINT('',(153.58002859316,-122.4495899077,
    -7.200537862325));
#2962 = CARTESIAN_POINT('',(153.58002384414,-122.4495887369,
    -7.200537863152));
#2963 = CARTESIAN_POINT('',(153.58001909511,-122.4495875661,
    -7.200537863979));
#2964 = CARTESIAN_POINT('',(153.58001434608,-122.4495863953,
    -7.200537864806));
#2965 = CARTESIAN_POINT('',(153.58000959705,-122.4495852245,
    -7.200537865633));
#2966 = CARTESIAN_POINT('',(153.58000484803,-122.4495840536,
    -7.20053786646));
#2967 = CARTESIAN_POINT('',(153.580000099,-122.4495828828,
    -7.200537867286));
#2968 = CARTESIAN_POINT('',(153.57999534997,-122.449581712,
    -7.200537868113));
#2969 = CARTESIAN_POINT('',(153.57999060095,-122.4495805412,
    -7.20053786894));
#2970 = CARTESIAN_POINT('',(153.22460130173,-122.3619632075,
    -7.200599751609));
#2971 = CARTESIAN_POINT('',(152.8693273404,-122.2750648418,
    -7.200669333228));
#2972 = CARTESIAN_POINT('',(152.51364649358,-122.1887567041,
    -7.200742403136));
#2973 = CARTESIAN_POINT('',(152.15798857417,-122.1031438873,
    -7.200818699496));
#2974 = CARTESIAN_POINT('',(151.80240969144,-122.0182396104,
    -7.200898571871));
#2975 = CARTESIAN_POINT('',(151.44669894346,-121.9339915238,
    -7.200982040219));
#2976 = CARTESIAN_POINT('',(151.0907836813,-121.8503813215,
    -7.201068907826));
#2977 = CARTESIAN_POINT('',(150.73482497983,-121.7674481535,
    -7.201159045134));
#2978 = CARTESIAN_POINT('',(150.37891569679,-121.6852143491,
    -7.201252421556));
#2979 = CARTESIAN_POINT('',(150.02281424807,-121.6036199858,
    -7.201348922622));
#2980 = CARTESIAN_POINT('',(148.34590712231,-121.2226140077,
    -7.201817545053));
#2981 = CARTESIAN_POINT('',(147.02410415723,-120.9317048956,
    -7.202227581007));
#2982 = CARTESIAN_POINT('',(145.70129588574,-120.6499608893,
    -7.202674205143));
#2983 = CARTESIAN_POINT('',(144.37751911468,-120.377369355,
    -7.203153064763));
#2984 = CARTESIAN_POINT('',(143.0528106509,-120.1139176588,
    -7.203659807169));
#2985 = CARTESIAN_POINT('',(141.72720730124,-119.8595931669,
    -7.204190079664));
#2986 = CARTESIAN_POINT('',(140.40074587253,-119.6143832454,
    -7.204739529549));
#2987 = CARTESIAN_POINT('',(139.07346317164,-119.3782752606,
    -7.205303804128));
#2988 = CARTESIAN_POINT('',(137.74539600539,-119.1512565784,
    -7.205878550702));
#2989 = CARTESIAN_POINT('',(136.41658118062,-118.9333145652,
    -7.206459416573));
#2990 = CARTESIAN_POINT('',(133.39902009824,-118.4592341701,
    -7.207781789735));
#2991 = CARTESIAN_POINT('',(131.70983317771,-118.2086481633,
    -7.208525745048));
#2992 = CARTESIAN_POINT('',(130.01956814309,-117.9726574286,
    -7.209265990259));
#2993 = CARTESIAN_POINT('',(128.32829769011,-117.7512422651,
    -7.209995090666));
#2994 = CARTESIAN_POINT('',(126.6360938097,-117.5443844082,
    -7.210706101588));
#2995 = CARTESIAN_POINT('',(124.943027788,-117.3520670301,
    -7.211392568368));
#2996 = CARTESIAN_POINT('',(123.24917020639,-117.1742747397,
    -7.212048526368));
#2997 = CARTESIAN_POINT('',(121.55459094143,-117.0109935824,
    -7.212668500974));
#2998 = CARTESIAN_POINT('',(119.85935916493,-116.8622110403,
    -7.213247507593));
#2999 = CARTESIAN_POINT('',(118.16354334389,-116.7279160321,
    -7.213781051655));
#3000 = CARTESIAN_POINT('',(115.58003258302,-116.5454347745,
    -7.214518299992));
#3001 = CARTESIAN_POINT('',(114.69271071196,-116.4867300237,
    -7.214757705722));
#3002 = CARTESIAN_POINT('',(113.80525605676,-116.4319837587,
    -7.214982962382));
#3003 = CARTESIAN_POINT('',(112.91767904683,-116.3811950773,
    -7.215193686556));
#3004 = CARTESIAN_POINT('',(112.0299901116,-116.3343630771,
    -7.215389494828));
#3005 = CARTESIAN_POINT('',(111.14219968042,-116.2914868558,
    -7.215570003779));
#3006 = CARTESIAN_POINT('',(110.25431818279,-116.2525655113,
    -7.215734829995));
#3007 = CARTESIAN_POINT('',(109.36635604802,-116.2175981412,
    -7.215883590058));
#3008 = CARTESIAN_POINT('',(108.4783237056,-116.1865838431,
    -7.216015900551));
#3009 = CARTESIAN_POINT('',(107.59023158488,-116.1595217149,
    -7.216131378058));
#3010 = CARTESIAN_POINT('',(106.10661547457,-116.1209156523,
    -7.216295520554));
#3011 = CARTESIAN_POINT('',(105.51112573494,-116.1071971509,
    -7.21635378413));
#3012 = CARTESIAN_POINT('',(104.9156432316,-116.0952553519,
    -7.216404337016));
#3013 = CARTESIAN_POINT('',(104.32013053493,-116.0850898628,
    -7.216447253583));
#3014 = CARTESIAN_POINT('',(103.72471411039,-116.0767011445,
    -7.216482156202));
#3015 = CARTESIAN_POINT('',(103.12921491919,-116.0700874796,
    -7.216509619455));
#3016 = CARTESIAN_POINT('',(102.53374898965,-116.0652480306,
    -7.216528834772));
#3017 = CARTESIAN_POINT('',(101.93820077995,-116.062185656,
    -7.216540510138));
#3018 = CARTESIAN_POINT('',(101.34274227255,-116.0608977367,
    -7.216544182654));
#3019 = CARTESIAN_POINT('',(100.74724086345,-116.0613853814,
    -7.216539997917));
#3020 = CARTESIAN_POINT('',(100.15173717539,-116.0636485003,
    -7.216528023166));
#3021 = CYLINDRICAL_SURFACE('',#3022,219.71384616634);
#3022 = AXIS2_PLACEMENT_3D('',#3023,#3024,#3025);
#3023 = CARTESIAN_POINT('',(100.98671932597,-335.7759080627,0.));
#3024 = DIRECTION('',(0.,0.,1.));
#3025 = DIRECTION('',(-3.78699093694E-03,0.999992829324,0.));
#3026 = ADVANCED_FACE('',(#3027),#3161,.T.);
#3027 = FACE_BOUND('',#3028,.T.);
#3028 = EDGE_LOOP('',(#3029,#3037,#3038,#3039));
#3029 = ORIENTED_EDGE('',*,*,#3030,.F.);
#3030 = EDGE_CURVE('',#2047,#3031,#3033,.T.);
#3031 = VERTEX_POINT('',#3032);
#3032 = CARTESIAN_POINT('',(320.20923771317,-22.52873578108,
    -12.96688578288));
#3033 = LINE('',#3034,#3035);
#3034 = CARTESIAN_POINT('',(320.20923771317,-22.52873578108,0.));
#3035 = VECTOR('',#3036,1.);
#3036 = DIRECTION('',(-0.,-0.,-1.));
#3037 = ORIENTED_EDGE('',*,*,#2055,.T.);
#3038 = ORIENTED_EDGE('',*,*,#2902,.T.);
#3039 = ORIENTED_EDGE('',*,*,#3040,.F.);
#3040 = EDGE_CURVE('',#3031,#2903,#3041,.T.);
#3041 = ( BOUNDED_CURVE() B_SPLINE_CURVE(14,(#3042,#3043,#3044,#3045,
    #3046,#3047,#3048,#3049,#3050,#3051,#3052,#3053,#3054,#3055,#3056,
    #3057,#3058,#3059,#3060,#3061,#3062,#3063,#3064,#3065,#3066,#3067,
    #3068,#3069,#3070,#3071,#3072,#3073,#3074,#3075,#3076,#3077,#3078,
    #3079,#3080,#3081,#3082,#3083,#3084,#3085,#3086,#3087,#3088,#3089,
    #3090,#3091,#3092,#3093,#3094,#3095,#3096,#3097,#3098,#3099,#3100,
    #3101,#3102,#3103,#3104,#3105,#3106,#3107,#3108,#3109,#3110,#3111,
    #3112,#3113,#3114,#3115,#3116,#3117,#3118,#3119,#3120,#3121,#3122,
    #3123,#3124,#3125,#3126,#3127,#3128,#3129,#3130,#3131,#3132,#3133,
    #3134,#3135,#3136,#3137,#3138,#3139,#3140,#3141,#3142,#3143,#3144,
    #3145,#3146,#3147,#3148,#3149,#3150,#3151,#3152,#3153,#3154,#3155,
    #3156,#3157,#3158,#3159,#3160),.UNSPECIFIED.,.F.,.F.) 
B_SPLINE_CURVE_WITH_KNOTS((15,13,13,13,13,13,13,13,13,15),(
    717.22706581356,731.10506871279,744.97665720917,751.80115974405,
    755.21341101148,758.62566227892,771.75813348219,784.89575776355,
798.03403063482,798.0409951308),.UNSPECIFIED.) CURVE() 
GEOMETRIC_REPRESENTATION_ITEM() RATIONAL_B_SPLINE_CURVE((1.,
    0.999999999999,1.000000000003,0.999999999991,1.000000000019,
    0.99999999997,1.000000000039,0.999999999958,1.000000000037,
    0.999999999973,1.000000000016,0.999999999993,1.000000000002,1.,1.,1.
    ,1.000000000001,0.999999999999,1.000000000002,0.999999999998,
    1.000000000002,0.999999999998,1.000000000001,0.999999999999,1.,1.,1.
    ,1.,1.000000000001,0.999999999998,1.000000000005,0.99999999999,
    1.000000000014,0.999999999985,1.000000000014,0.99999999999,
    1.000000000006,0.999999999997,1.000000000001,1.,1.,0.999999999999,
    1.000000000003,0.999999999993,1.000000000011,0.999999999986,
    1.000000000014,0.999999999989,1.000000000008,0.999999999996,
    1.000000000002,0.999999999999,1.,1.,1.,1.,1.000000000001,
    0.999999999997,1.000000000005,0.999999999994,1.000000000005,
    0.999999999996,1.000000000003,0.999999999999,1.,1.,1.,1.000000000001
    ,0.999999999997,1.000000000006,0.999999999992,1.00000000001,
    0.999999999991,1.000000000007,0.999999999996,1.000000000002,1.,1.,1.
    ,1.,1.000000000001,0.999999999998,1.000000000005,0.999999999992,
    1.000000000011,0.999999999989,1.00000000001,0.999999999993,
    1.000000000004,0.999999999998,1.000000000001,1.,1.,0.999999999998,
    1.000000000006,0.999999999988,1.000000000019,0.999999999975,
    1.000000000025,0.999999999979,1.000000000014,0.999999999992,
    1.000000000003,0.999999999999,1.,1.,1.,1.,1.,1.,1.,1.000000000001,
    0.999999999999,1.000000000001,0.999999999999,1.000000000001,1.,1.,1.
)) REPRESENTATION_ITEM('') );
#3042 = CARTESIAN_POINT('',(320.20923771317,-22.52873578108,
    -12.96688578284));
#3043 = CARTESIAN_POINT('',(320.20883280195,-23.6201456882,
    -12.95834903751));
#3044 = CARTESIAN_POINT('',(320.20843794343,-24.68445925333,
    -12.9490179861));
#3045 = CARTESIAN_POINT('',(320.20803237337,-25.77764499541,
    -12.93853371932));
#3046 = CARTESIAN_POINT('',(320.20762559955,-26.87407541448,
    -12.92680174068));
#3047 = CARTESIAN_POINT('',(320.20722462477,-27.95487491495,
    -12.91402340595));
#3048 = CARTESIAN_POINT('',(320.20682728098,-29.02588735394,
    -12.90025155721));
#3049 = CARTESIAN_POINT('',(320.20642752342,-30.10340593795,
    -12.88523335237));
#3050 = CARTESIAN_POINT('',(320.2060225662,-31.19493982916,
    -12.86864141761));
#3051 = CARTESIAN_POINT('',(320.20561579596,-32.29136057821,
    -12.85041309432));
#3052 = CARTESIAN_POINT('',(320.20521347914,-33.3757774779,
    -12.83081674301));
#3053 = CARTESIAN_POINT('',(320.20481738037,-34.44343402974,
    -12.81004376953));
#3054 = CARTESIAN_POINT('',(320.20441953516,-35.51579801572,
    -12.78758529013));
#3055 = CARTESIAN_POINT('',(320.20400956827,-36.6208351167,
    -12.76239311823));
#3056 = CARTESIAN_POINT('',(320.20320886039,-38.77908728248,
    -12.70931127916));
#3057 = CARTESIAN_POINT('',(320.20281884041,-39.83035889437,
    -12.68151625873));
#3058 = CARTESIAN_POINT('',(320.20240233949,-40.95300801373,
    -12.64986647225));
#3059 = CARTESIAN_POINT('',(320.20199086653,-42.06210462875,
    -12.61606881272));
#3060 = CARTESIAN_POINT('',(320.20159907883,-43.11814099151,
    -12.58097229187));
#3061 = CARTESIAN_POINT('',(320.20121419805,-44.15556027563,
    -12.54420179363));
#3062 = CARTESIAN_POINT('',(320.20081650896,-45.22750341609,
    -12.50425055195));
#3063 = CARTESIAN_POINT('',(320.20040100417,-46.34746756846,
    -12.45937774733));
#3064 = CARTESIAN_POINT('',(320.19998319813,-47.47363454148,
    -12.4095000589));
#3065 = CARTESIAN_POINT('',(320.1995848807,-48.5472713696,
    -12.35720316208));
#3066 = CARTESIAN_POINT('',(320.19920841381,-49.56201155175,
    -12.30496401411));
#3067 = CARTESIAN_POINT('',(320.19882140106,-50.60517739175,
    -12.2486003187));
#3068 = CARTESIAN_POINT('',(320.19838747863,-51.77478498286,
    -12.17678279522));
#3069 = CARTESIAN_POINT('',(320.19780025835,-53.35759620967,
    -12.07131344509));
#3070 = CARTESIAN_POINT('',(320.1976159217,-53.85446279591,
    -12.03673249126));
#3071 = CARTESIAN_POINT('',(320.19742467146,-54.36996444686,
    -11.99957672697));
#3072 = CARTESIAN_POINT('',(320.19722473858,-54.90886956314,
    -11.95909542482));
#3073 = CARTESIAN_POINT('',(320.19702021183,-55.46015711842,
    -11.91562754425));
#3074 = CARTESIAN_POINT('',(320.19681602198,-56.01053660538,
    -11.86990185083));
#3075 = CARTESIAN_POINT('',(320.19661551551,-56.55098778012,
    -11.8225611518));
#3076 = CARTESIAN_POINT('',(320.19641977749,-57.07858593191,
    -11.77389297927));
#3077 = CARTESIAN_POINT('',(320.1962280017,-57.59550417895,
    -11.72373917586));
#3078 = CARTESIAN_POINT('',(320.19603834518,-58.10671007192,
    -11.67154696291));
#3079 = CARTESIAN_POINT('',(320.19584884315,-58.61749956376,
    -11.61651419393));
#3080 = CARTESIAN_POINT('',(320.19565809897,-59.13163718152,
    -11.55777162166));
#3081 = CARTESIAN_POINT('',(320.19546560285,-59.65049701587,-11.49453513
    ));
#3082 = CARTESIAN_POINT('',(320.19517470611,-60.43458887162,
    -11.39195894558));
#3083 = CARTESIAN_POINT('',(320.19507737891,-60.69692753234,
    -11.35650678438));
#3084 = CARTESIAN_POINT('',(320.19497975255,-60.960072558,
    -11.31941423633));
#3085 = CARTESIAN_POINT('',(320.19488179222,-61.22411776884,
    -11.2821909233));
#3086 = CARTESIAN_POINT('',(320.19478406938,-61.48752293878,
    -11.23929958156));
#3087 = CARTESIAN_POINT('',(320.19468570387,-61.75266015017,
    -11.20423901923));
#3088 = CARTESIAN_POINT('',(320.19458888567,-62.01362702656,
    -11.15164720609));
#3089 = CARTESIAN_POINT('',(320.19449101632,-62.27742685973,
    -11.11789128736));
#3090 = CARTESIAN_POINT('',(320.1943954332,-62.53506458659,
    -11.06232334188));
#3091 = CARTESIAN_POINT('',(320.19429969381,-62.79312336349,
    -11.01943342904));
#3092 = CARTESIAN_POINT('',(320.19420551869,-63.04696584866,
    -10.96755284523));
#3093 = CARTESIAN_POINT('',(320.19411232327,-63.29816757889,
    -10.91520635358));
#3094 = CARTESIAN_POINT('',(320.19402015901,-63.54658991392,
    -10.86037735576));
#3095 = CARTESIAN_POINT('',(320.19383747211,-64.03900969243,
    -10.74626252507));
#3096 = CARTESIAN_POINT('',(320.19374694284,-64.28302501783,
    -10.68695528094));
#3097 = CARTESIAN_POINT('',(320.19365705542,-64.52531028121,
    -10.62539963986));
#3098 = CARTESIAN_POINT('',(320.19356749759,-64.76670715372,
    -10.5615703182));
#3099 = CARTESIAN_POINT('',(320.1934778476,-65.00835242081,
    -10.49540776375));
#3100 = CARTESIAN_POINT('',(320.19338760813,-65.25158661228,
    -10.4268458285));
#3101 = CARTESIAN_POINT('',(320.19329624812,-65.49784113845,
    -10.35586389327));
#3102 = CARTESIAN_POINT('',(320.19320325717,-65.74849175376,
    -10.28255266976));
#3103 = CARTESIAN_POINT('',(320.1931082169,-66.00466616852,
    -10.2071829061));
#3104 = CARTESIAN_POINT('',(320.19301089386,-66.26699363006,
    -10.1302662215));
#3105 = CARTESIAN_POINT('',(320.19291135847,-66.53528429457,
    -10.05259729592));
#3106 = CARTESIAN_POINT('',(320.19281013459,-66.80812621006,
    -9.975266640591));
#3107 = CARTESIAN_POINT('',(320.19270838403,-67.08238773236,
    -9.899633175071));
#3108 = CARTESIAN_POINT('',(320.19222229405,-68.3926093203,
    -9.548654209007));
#3109 = CARTESIAN_POINT('',(320.19185806606,-69.37436041313,
    -9.317999690416));
#3110 = CARTESIAN_POINT('',(320.19147635053,-70.40324795171,
    -9.113765192232));
#3111 = CARTESIAN_POINT('',(320.19108483001,-71.45856418719,
    -8.937248461422));
#3112 = CARTESIAN_POINT('',(320.19069211532,-72.51709915975,
    -8.788669855787));
#3113 = CARTESIAN_POINT('',(320.19030823241,-73.55182876285,
    -8.660280505374));
#3114 = CARTESIAN_POINT('',(320.18993162875,-74.56693759432,
    -8.546312373098));
#3115 = CARTESIAN_POINT('',(320.18955382472,-75.58528199852,
    -8.44410693513));
#3116 = CARTESIAN_POINT('',(320.189171475,-76.61587892599,
    -8.350764199566));
#3117 = CARTESIAN_POINT('',(320.18878636371,-77.65391952358,
    -8.26475652249));
#3118 = CARTESIAN_POINT('',(320.18840041941,-78.6942054155,
    -8.187068818942));
#3119 = CARTESIAN_POINT('',(320.18801833904,-79.72407636102,
    -8.115900085247));
#3120 = CARTESIAN_POINT('',(320.18763758798,-80.75036424783,
    -8.050653916272));
#3121 = CARTESIAN_POINT('',(320.18687609609,-82.80291243265,
    -7.930000614993));
#3122 = CARTESIAN_POINT('',(320.18649532434,-83.82925608541,
    -7.874609079916));
#3123 = CARTESIAN_POINT('',(320.18611317522,-84.85931233906,
    -7.823343403323));
#3124 = CARTESIAN_POINT('',(320.18573116349,-85.8889982559,
    -7.775963939945));
#3125 = CARTESIAN_POINT('',(320.18534893863,-86.91925868365,
    -7.732033074679));
#3126 = CARTESIAN_POINT('',(320.18496624937,-87.95077085156,
    -7.691181542537));
#3127 = CARTESIAN_POINT('',(320.18458388846,-88.98139794556,
    -7.653216655517));
#3128 = CARTESIAN_POINT('',(320.18420269727,-90.00887219235,
    -7.617971175063));
#3129 = CARTESIAN_POINT('',(320.18382236222,-91.0340387459,
    -7.585166583786));
#3130 = CARTESIAN_POINT('',(320.18344156794,-92.06044312015,
    -7.554480548956));
#3131 = CARTESIAN_POINT('',(320.18305948223,-93.09032844289,
    -7.525734031514));
#3132 = CARTESIAN_POINT('',(320.18267693591,-94.12145534361,
    -7.49891735026));
#3133 = CARTESIAN_POINT('',(320.18229542244,-95.14979823995,
    -7.473925160245));
#3134 = CARTESIAN_POINT('',(320.18153371453,-97.20292869278,
    -7.427346335119));
#3135 = CARTESIAN_POINT('',(320.1811535415,-98.22765854491,
    -7.405756284311));
#3136 = CARTESIAN_POINT('',(320.18077347664,-99.25209683033,
    -7.385716360499));
#3137 = CARTESIAN_POINT('',(320.18039189904,-100.280612593,
    -7.367009067879));
#3138 = CARTESIAN_POINT('',(320.18000881222,-101.3131963609,
    -7.349630620107));
#3139 = CARTESIAN_POINT('',(320.17962608753,-102.3448040026,
    -7.333580149749));
#3140 = CARTESIAN_POINT('',(320.17924456665,-103.3731668973,
    -7.318783707701));
#3141 = CARTESIAN_POINT('',(320.17886343899,-104.400469853,
    -7.305145603392));
#3142 = CARTESIAN_POINT('',(320.17848213386,-105.4282512137,
    -7.292594223016));
#3143 = CARTESIAN_POINT('',(320.17810106158,-106.4554049145,
    -7.28107373206));
#3144 = CARTESIAN_POINT('',(320.17771983747,-107.4829678792,
    -7.27052674497));
#3145 = CARTESIAN_POINT('',(320.17733740306,-108.5137931222,
    -7.260914982972));
#3146 = CARTESIAN_POINT('',(320.17695734854,-109.5382035206,
    -7.252233042593));
#3147 = CARTESIAN_POINT('',(320.17657550648,-110.567432117,
    -7.244377527744));
#3148 = CARTESIAN_POINT('',(320.17657530418,-110.5679774152,
    -7.244373366039));
#3149 = CARTESIAN_POINT('',(320.17657510187,-110.5685227146,
    -7.244369204568));
#3150 = CARTESIAN_POINT('',(320.17657489956,-110.5690680148,
    -7.244365043339));
#3151 = CARTESIAN_POINT('',(320.17657469726,-110.5696133169,
    -7.244360882332));
#3152 = CARTESIAN_POINT('',(320.17657449495,-110.5701586191,
    -7.244356721585));
#3153 = CARTESIAN_POINT('',(320.17657429264,-110.5707039238,
    -7.244352561041));
#3154 = CARTESIAN_POINT('',(320.17657409034,-110.5712492282,
    -7.244348400771));
#3155 = CARTESIAN_POINT('',(320.17657388803,-110.5717945351,
    -7.2443442407));
#3156 = CARTESIAN_POINT('',(320.17657368572,-110.5723398421,
    -7.244340080895));
#3157 = CARTESIAN_POINT('',(320.17657348341,-110.5728851509,
    -7.244335921305));
#3158 = CARTESIAN_POINT('',(320.1765732811,-110.5734304605,
    -7.244331761963));
#3159 = CARTESIAN_POINT('',(320.1765730788,-110.5739757713,
    -7.244327602853));
#3160 = CARTESIAN_POINT('',(320.17657287649,-110.5745210833,
    -7.24432344398));
#3161 = PLANE('',#3162);
#3162 = AXIS2_PLACEMENT_3D('',#3163,#3164,#3165);
#3163 = CARTESIAN_POINT('',(320.17657287649,-110.5745210833,0.));
#3164 = DIRECTION('',(0.99999993118,-3.709982746469E-04,0.));
#3165 = DIRECTION('',(3.709982746469E-04,0.99999993118,0.));
#3166 = ADVANCED_FACE('',(#3167),#3196,.F.);
#3167 = FACE_BOUND('',#3168,.F.);
#3168 = EDGE_LOOP('',(#3169,#3177,#3178,#3179));
#3169 = ORIENTED_EDGE('',*,*,#3170,.F.);
#3170 = EDGE_CURVE('',#2073,#3171,#3173,.T.);
#3171 = VERTEX_POINT('',#3172);
#3172 = CARTESIAN_POINT('',(30.2072,-116.0792337164,-7.216228991681));
#3173 = LINE('',#3174,#3175);
#3174 = CARTESIAN_POINT('',(30.2072,-116.0792337164,0.));
#3175 = VECTOR('',#3176,1.);
#3176 = DIRECTION('',(-0.,-0.,-1.));
#3177 = ORIENTED_EDGE('',*,*,#2072,.F.);
#3178 = ORIENTED_EDGE('',*,*,#2947,.T.);
#3179 = ORIENTED_EDGE('',*,*,#3180,.T.);
#3180 = EDGE_CURVE('',#2948,#3171,#3181,.T.);
#3181 = ( BOUNDED_CURVE() B_SPLINE_CURVE(13,(#3182,#3183,#3184,#3185,
    #3186,#3187,#3188,#3189,#3190,#3191,#3192,#3193,#3194,#3195),
.UNSPECIFIED.,.F.,.F.) B_SPLINE_CURVE_WITH_KNOTS((14,14),(
157.46760564679,245.88738735626),.PIECEWISE_BEZIER_KNOTS.) CURVE() 
GEOMETRIC_REPRESENTATION_ITEM() RATIONAL_B_SPLINE_CURVE((1.,1.,1.,
    1.000000000001,0.999999999998,1.000000000003,0.999999999996,
    1.000000000004,0.999999999997,1.000000000002,0.999999999999,1.,1.,1.
)) REPRESENTATION_ITEM('') );
#3182 = CARTESIAN_POINT('',(100.15173717539,-116.0636485003,
    -7.216528054658));
#3183 = CARTESIAN_POINT('',(94.771393242074,-116.0648473619,
    -7.216504799996));
#3184 = CARTESIAN_POINT('',(89.391260086594,-116.0660461766,
    -7.216481550651));
#3185 = CARTESIAN_POINT('',(84.009345825404,-116.0672453882,
    -7.216458624929));
#3186 = CARTESIAN_POINT('',(78.635524034829,-116.0684427965,
    -7.216434152703));
#3187 = CARTESIAN_POINT('',(73.237056524142,-116.0696456965,
    -7.216414659117));
#3188 = CARTESIAN_POINT('',(67.893498627714,-116.0708363614,
    -7.2163838857));
#3189 = CARTESIAN_POINT('',(62.455950040156,-116.0720479695,
    -7.21637290248));
#3190 = CARTESIAN_POINT('',(57.14620543489,-116.0732311001,
    -7.216334265754));
#3191 = CARTESIAN_POINT('',(51.694751240942,-116.0744458067,
    -7.21632769874));
#3192 = CARTESIAN_POINT('',(46.37420291526,-116.0756313445,
    -7.216289357383));
#3193 = CARTESIAN_POINT('',(40.951063119702,-116.0768397421,
    -7.216278887832));
#3194 = CARTESIAN_POINT('',(35.590635812394,-116.0780341658,
    -7.216246951773));
#3195 = CARTESIAN_POINT('',(30.2072,-116.0792337164,-7.216228991681));
#3196 = PLANE('',#3197);
#3197 = AXIS2_PLACEMENT_3D('',#3198,#3199,#3200);
#3198 = CARTESIAN_POINT('',(100.15173717539,-116.0636485003,0.));
#3199 = DIRECTION('',(-2.228224875751E-04,0.999999975175,0.));
#3200 = DIRECTION('',(-0.999999975175,-2.228224875751E-04,0.));
#3201 = ADVANCED_FACE('',(#3202),#3296,.T.);
#3202 = FACE_BOUND('',#3203,.T.);
#3203 = EDGE_LOOP('',(#3204,#3212,#3213,#3214));
#3204 = ORIENTED_EDGE('',*,*,#3205,.F.);
#3205 = EDGE_CURVE('',#2097,#3206,#3208,.T.);
#3206 = VERTEX_POINT('',#3207);
#3207 = CARTESIAN_POINT('',(314.77360167753,-17.02511607495,
    -12.99465952463));
#3208 = LINE('',#3209,#3210);
#3209 = CARTESIAN_POINT('',(314.77360167753,-17.02511607495,0.));
#3210 = VECTOR('',#3211,1.);
#3211 = DIRECTION('',(-0.,-0.,-1.));
#3212 = ORIENTED_EDGE('',*,*,#2107,.T.);
#3213 = ORIENTED_EDGE('',*,*,#3030,.T.);
#3214 = ORIENTED_EDGE('',*,*,#3215,.F.);
#3215 = EDGE_CURVE('',#3206,#3031,#3216,.T.);
#3216 = ( BOUNDED_CURVE() B_SPLINE_CURVE(12,(#3217,#3218,#3219,#3220,
    #3221,#3222,#3223,#3224,#3225,#3226,#3227,#3228,#3229,#3230,#3231,
    #3232,#3233,#3234,#3235,#3236,#3237,#3238,#3239,#3240,#3241,#3242,
    #3243,#3244,#3245,#3246,#3247,#3248,#3249,#3250,#3251,#3252,#3253,
    #3254,#3255,#3256,#3257,#3258,#3259,#3260,#3261,#3262,#3263,#3264,
    #3265,#3266,#3267,#3268,#3269,#3270,#3271,#3272,#3273,#3274,#3275,
    #3276,#3277,#3278,#3279,#3280,#3281,#3282,#3283,#3284,#3285,#3286,
    #3287,#3288,#3289,#3290,#3291,#3292,#3293,#3294,#3295),
.UNSPECIFIED.,.F.,.F.) B_SPLINE_CURVE_WITH_KNOTS((13,11,11,11,11,11,11,
    13),(707.80639401816,713.04914053955,715.32493538988,716.27240713055
    ,716.74614300088,716.98301093605,717.21987887121,717.22706581356),
.UNSPECIFIED.) CURVE() GEOMETRIC_REPRESENTATION_ITEM() 
RATIONAL_B_SPLINE_CURVE((1.,1.,1.,1.000000000001,0.999999999999,
    1.000000000001,0.999999999999,1.000000000001,1.,1.,1.,1.,1.,
    0.999999999999,1.000000000002,0.999999999997,1.000000000004,
    0.999999999996,1.000000000004,0.999999999998,1.000000000001,1.,1.,1.
    ,1.,1.,1.,1.,1.,1.,1.,1.,1.,1.,1.,1.,0.999999999999,1.000000000001,
    0.999999999999,1.000000000001,0.999999999999,1.000000000001,
    0.999999999999,1.,1.,1.,1.,1.000000000001,0.999999999997,
    1.000000000004,0.999999999996,1.000000000003,0.999999999998,
    1.000000000001,1.,1.,1.,1.,1.000000000001,0.999999999999,
    1.000000000002,0.999999999998,1.000000000002,0.999999999999,1.,1.,1.
,1.,1.,1.,1.,1.,1.,1.,1.,1.,1.,1.,1.)) REPRESENTATION_ITEM('') );
#3217 = CARTESIAN_POINT('',(314.77360167753,-17.02511607495,
    -12.99464879365));
#3218 = CARTESIAN_POINT('',(315.11684178832,-17.02925511319,
    -12.99464280883));
#3219 = CARTESIAN_POINT('',(315.4592239437,-17.05669801807,
    -12.99453322831));
#3220 = CARTESIAN_POINT('',(315.8017017276,-17.10770639594,
    -12.99433879416));
#3221 = CARTESIAN_POINT('',(316.13974102063,-17.18156223062,
    -12.99406678633));
#3222 = CARTESIAN_POINT('',(316.47668843892,-17.2796262455,
    -12.99369182295));
#3223 = CARTESIAN_POINT('',(316.81046392899,-17.40203075058,
    -12.9932146932));
#3224 = CARTESIAN_POINT('',(317.13741941721,-17.54870573257,
    -12.99264101387));
#3225 = CARTESIAN_POINT('',(317.45826475461,-17.72091830029,
    -12.99195343018));
#3226 = CARTESIAN_POINT('',(317.77313673366,-17.92004086017,
    -12.99113292051));
#3227 = CARTESIAN_POINT('',(318.07653933985,-18.14614836623,
    -12.9901810949));
#3228 = CARTESIAN_POINT('',(318.36837629146,-18.40057547082,
    -12.9890727823));
#3229 = CARTESIAN_POINT('',(318.76506797772,-18.80708209611,
    -12.98723784518));
#3230 = CARTESIAN_POINT('',(318.88228725915,-18.93560030542,
    -12.98665006801));
#3231 = CARTESIAN_POINT('',(318.99641697747,-19.06964710209,
    -12.98602857314));
#3232 = CARTESIAN_POINT('',(319.10719243833,-19.20927415214,
    -12.98537188623));
#3233 = CARTESIAN_POINT('',(319.21432036006,-19.3545208092,
    -12.98467847473));
#3234 = CARTESIAN_POINT('',(319.31748114161,-19.50540641342,
    -12.9839468046));
#3235 = CARTESIAN_POINT('',(319.41633113056,-19.66192259043,
    -12.983175397));
#3236 = CARTESIAN_POINT('',(319.51050489112,-19.82402555026,
    -12.98236288495));
#3237 = CARTESIAN_POINT('',(319.59961747206,-19.99162838629,
    -12.98150807007));
#3238 = CARTESIAN_POINT('',(319.68326667474,-20.16459337415,
    -12.98060997922));
#3239 = CARTESIAN_POINT('',(319.76103532106,-20.34272427068,
    -12.97966792122));
#3240 = CARTESIAN_POINT('',(319.86224340227,-20.60196050194,
    -12.97827088923));
#3241 = CARTESIAN_POINT('',(319.89090345332,-20.67901621544,
    -12.97785254194));
#3242 = CARTESIAN_POINT('',(319.91844028924,-20.75690258712,
    -12.97742649663));
#3243 = CARTESIAN_POINT('',(319.94482156195,-20.83559401744,
    -12.97699276726));
#3244 = CARTESIAN_POINT('',(319.97001596066,-20.91506247356,
    -12.97655138686));
#3245 = CARTESIAN_POINT('',(319.9939932119,-20.99527748936,
    -12.97610240749));
#3246 = CARTESIAN_POINT('',(320.01672407949,-21.07620616538,
    -12.97564590026));
#3247 = CARTESIAN_POINT('',(320.03818036458,-21.1578131689,
    -12.97518195531));
#3248 = CARTESIAN_POINT('',(320.05833490559,-21.24006073388,
    -12.97471068185));
#3249 = CARTESIAN_POINT('',(320.07716157827,-21.32290866097,
    -12.9742322081));
#3250 = CARTESIAN_POINT('',(320.09463529565,-21.40631431753,
    -12.97374668133));
#3251 = CARTESIAN_POINT('',(320.1187803643,-21.53219179768,
    -12.97300806115));
#3252 = CARTESIAN_POINT('',(320.12648405863,-21.57428126816,
    -12.972760117));
#3253 = CARTESIAN_POINT('',(320.13384084356,-21.61649512239,
    -12.97251046148));
#3254 = CARTESIAN_POINT('',(320.14084847159,-21.65882743366,
    -12.97225912067));
#3255 = CARTESIAN_POINT('',(320.14750469523,-21.70127227527,
    -12.97200612065));
#3256 = CARTESIAN_POINT('',(320.15380726697,-21.74382372054,
    -12.97175148749));
#3257 = CARTESIAN_POINT('',(320.15975393929,-21.78647584277,
    -12.97149524725));
#3258 = CARTESIAN_POINT('',(320.16534246472,-21.82922271526,
    -12.97123742601));
#3259 = CARTESIAN_POINT('',(320.17057059574,-21.87205841131,
    -12.97097804984));
#3260 = CARTESIAN_POINT('',(320.17543608484,-21.91497700423,
    -12.97071714482));
#3261 = CARTESIAN_POINT('',(320.17993668453,-21.95797256732,
    -12.97045473701));
#3262 = CARTESIAN_POINT('',(320.1861368787,-22.02257247717,
    -12.97005891022));
#3263 = CARTESIAN_POINT('',(320.18811198612,-22.0441232155,
    -12.96992660159));
#3264 = CARTESIAN_POINT('',(320.18999531578,-22.06569051721,
    -12.96979393126));
#3265 = CARTESIAN_POINT('',(320.19178671389,-22.08727351066,
    -12.96966090389));
#3266 = CARTESIAN_POINT('',(320.19348602664,-22.10887132417,
    -12.96952752411));
#3267 = CARTESIAN_POINT('',(320.19509310025,-22.1304830861,
    -12.9693937966));
#3268 = CARTESIAN_POINT('',(320.1966077809,-22.15210792477,-12.969259726
    ));
#3269 = CARTESIAN_POINT('',(320.19802991481,-22.17374496855,
    -12.96912531697));
#3270 = CARTESIAN_POINT('',(320.19935934818,-22.19539334576,
    -12.96899057416));
#3271 = CARTESIAN_POINT('',(320.20059592722,-22.21705218476,
    -12.96885550224));
#3272 = CARTESIAN_POINT('',(320.20173949813,-22.23872061387,
    -12.96872010585));
#3273 = CARTESIAN_POINT('',(320.20384031607,-22.28207490903,
    -12.96844867344));
#3274 = CARTESIAN_POINT('',(320.2047975889,-22.30381617226,
    -12.96831242673));
#3275 = CARTESIAN_POINT('',(320.20566217656,-22.32508738384,
    -12.96817768602));
#3276 = CARTESIAN_POINT('',(320.20643161006,-22.34838546394,
    -12.96803494117));
#3277 = CARTESIAN_POINT('',(320.20711218933,-22.36620960468,
    -12.96791276341));
#3278 = CARTESIAN_POINT('',(320.20769225031,-22.39458298089,
    -12.96775013824));
#3279 = CARTESIAN_POINT('',(320.20818621222,-22.4078935663,
    -12.96764455048));
#3280 = CARTESIAN_POINT('',(320.20858261831,-22.43754737996,
    -12.96747658998));
#3281 = CARTESIAN_POINT('',(320.20888444873,-22.45369630688,
    -12.96735947507));
#3282 = CARTESIAN_POINT('',(320.20909709714,-22.47823906771,
    -12.96721063175));
#3283 = CARTESIAN_POINT('',(320.20921175814,-22.49908556594,
    -12.9670749056));
#3284 = CARTESIAN_POINT('',(320.20923566192,-22.52148169775,
    -12.9669320681));
#3285 = CARTESIAN_POINT('',(320.20923627958,-22.52214121023,
    -12.96692786157));
#3286 = CARTESIAN_POINT('',(320.209236811,-22.5228007126,-12.9669236548)
  );
#3287 = CARTESIAN_POINT('',(320.20923725616,-22.52346020488,
    -12.96691944778));
#3288 = CARTESIAN_POINT('',(320.20923761509,-22.52411968706,
    -12.96691524052));
#3289 = CARTESIAN_POINT('',(320.20923788778,-22.52477915918,
    -12.96691103301));
#3290 = CARTESIAN_POINT('',(320.20923807424,-22.52543862124,
    -12.96690682526));
#3291 = CARTESIAN_POINT('',(320.20923817446,-22.52609807325,
    -12.96690261727));
#3292 = CARTESIAN_POINT('',(320.20923818847,-22.52675751523,
    -12.96689840904));
#3293 = CARTESIAN_POINT('',(320.20923811625,-22.52741694718,
    -12.96689420056));
#3294 = CARTESIAN_POINT('',(320.20923795781,-22.52807636913,
    -12.96688999184));
#3295 = CARTESIAN_POINT('',(320.20923771317,-22.52873578108,
    -12.96688578288));
#3296 = CYLINDRICAL_SURFACE('',#3297,5.501978438057);
#3297 = AXIS2_PLACEMENT_3D('',#3298,#3299,#3300);
#3298 = CARTESIAN_POINT('',(314.70725965377,-22.52669452743,0.));
#3299 = DIRECTION('',(0.,0.,1.));
#3300 = DIRECTION('',(-2.976772267282E-05,0.999999999557,0.));
#3301 = ADVANCED_FACE('',(#3302),#3369,.T.);
#3302 = FACE_BOUND('',#3303,.T.);
#3303 = EDGE_LOOP('',(#3304,#3305,#3306,#3314));
#3304 = ORIENTED_EDGE('',*,*,#3170,.F.);
#3305 = ORIENTED_EDGE('',*,*,#2133,.T.);
#3306 = ORIENTED_EDGE('',*,*,#3307,.T.);
#3307 = EDGE_CURVE('',#2125,#3308,#3310,.T.);
#3308 = VERTEX_POINT('',#3309);
#3309 = CARTESIAN_POINT('',(24.694808836132,-110.5730006741,
    -7.242657446827));
#3310 = LINE('',#3311,#3312);
#3311 = CARTESIAN_POINT('',(24.694808836132,-110.5730006741,0.));
#3312 = VECTOR('',#3313,1.);
#3313 = DIRECTION('',(-0.,-0.,-1.));
#3314 = ORIENTED_EDGE('',*,*,#3315,.F.);
#3315 = EDGE_CURVE('',#3171,#3308,#3316,.T.);
#3316 = ( BOUNDED_CURVE() B_SPLINE_CURVE(11,(#3317,#3318,#3319,#3320,
    #3321,#3322,#3323,#3324,#3325,#3326,#3327,#3328,#3329,#3330,#3331,
    #3332,#3333,#3334,#3335,#3336,#3337,#3338,#3339,#3340,#3341,#3342,
    #3343,#3344,#3345,#3346,#3347,#3348,#3349,#3350,#3351,#3352,#3353,
    #3354,#3355,#3356,#3357,#3358,#3359,#3360,#3361,#3362,#3363,#3364,
    #3365,#3366,#3367,#3368),.UNSPECIFIED.,.F.,.F.) 
B_SPLINE_CURVE_WITH_KNOTS((12,10,10,10,10,12),(245.88738735627,
    250.58485426427,252.83761296255,254.07792732473,254.69808450582,
255.3182416869),.UNSPECIFIED.) CURVE() GEOMETRIC_REPRESENTATION_ITEM() 
RATIONAL_B_SPLINE_CURVE((1.,1.,1.,1.,1.,1.,1.,1.,1.,1.,1.,1.,1.,1.,
    1.000000000001,0.999999999999,1.,1.,1.,1.,1.,1.,1.,1.,1.,1.,1.,1.,1.
    ,1.,1.,1.,1.,1.,1.,1.,1.,1.,1.,1.,1.,1.,1.,1.,1.,1.,1.,1.,1.,1.,1.,
1.)) REPRESENTATION_ITEM('') );
#3317 = CARTESIAN_POINT('',(30.2072,-116.0792337164,-7.216229017559));
#3318 = CARTESIAN_POINT('',(29.869191564888,-116.0793836402,
    -7.216220374986));
#3319 = CARTESIAN_POINT('',(29.531067463083,-116.0567326575,
    -7.216314790819));
#3320 = CARTESIAN_POINT('',(29.194235043586,-116.0111847646,
    -7.21646289274));
#3321 = CARTESIAN_POINT('',(28.859691844465,-115.9430328329,
    -7.216709409453));
#3322 = CARTESIAN_POINT('',(28.526992566514,-115.8515791336,
    -7.217043962246));
#3323 = CARTESIAN_POINT('',(28.197285441651,-115.7362252679,
    -7.217459884941));
#3324 = CARTESIAN_POINT('',(27.872897112531,-115.5967285267,
    -7.217975540555));
#3325 = CARTESIAN_POINT('',(27.555069473873,-115.432567616,
    -7.218602199067));
#3326 = CARTESIAN_POINT('',(27.244160545405,-115.2426700577,
    -7.219335156779));
#3327 = CARTESIAN_POINT('',(26.942914351435,-115.0261264249,
    -7.220200413671));
#3328 = CARTESIAN_POINT('',(26.514383312278,-114.6648548483,
    -7.221691031061));
#3329 = CARTESIAN_POINT('',(26.378169966389,-114.5413999279,
    -7.222207099447));
#3330 = CARTESIAN_POINT('',(26.244913064944,-114.4114987747,
    -7.222757650348));
#3331 = CARTESIAN_POINT('',(26.114914101672,-114.2750658069,
    -7.223344389031));
#3332 = CARTESIAN_POINT('',(25.988504786316,-114.1320249166,
    -7.22396912501));
#3333 = CARTESIAN_POINT('',(25.866046896875,-113.9823151884,
    -7.224633735123));
#3334 = CARTESIAN_POINT('',(25.747932131855,-113.8258966177,
    -7.225340126615));
#3335 = CARTESIAN_POINT('',(25.634581962514,-113.6627558299,
    -7.226090200209));
#3336 = CARTESIAN_POINT('',(25.526447485112,-113.4929117987,
    -7.226885813194));
#3337 = CARTESIAN_POINT('',(25.424009273158,-113.3164215649,
    -7.227728742494));
#3338 = CARTESIAN_POINT('',(25.274794197898,-113.0326109825,
    -7.229111709184));
#3339 = CARTESIAN_POINT('',(25.223681436418,-112.9298432035,
    -7.229617642315));
#3340 = CARTESIAN_POINT('',(25.17453907105,-112.8251130413,
    -7.230138689086));
#3341 = CARTESIAN_POINT('',(25.127465878096,-112.7184617352,
    -7.230675024345));
#3342 = CARTESIAN_POINT('',(25.082559284331,-112.6099413401,
    -7.231226755848));
#3343 = CARTESIAN_POINT('',(25.039915366997,-112.4996147264,
    -7.231793924265));
#3344 = CARTESIAN_POINT('',(24.999628853808,-112.3875555803,
    -7.232376503173));
#3345 = CARTESIAN_POINT('',(24.961793122945,-112.2738484034,
    -7.232974399063));
#3346 = CARTESIAN_POINT('',(24.926500203064,-112.1585885134,
    -7.233587451332));
#3347 = CARTESIAN_POINT('',(24.893840773288,-112.0418820432,
    -7.234215432292));
#3348 = CARTESIAN_POINT('',(24.848935858169,-111.8648278907,
    -7.235179354594));
#3349 = CARTESIAN_POINT('',(24.83464848666,-111.8054698883,
    -7.235504369449));
#3350 = CARTESIAN_POINT('',(24.821050491439,-111.7457880787,
    -7.235833034427));
#3351 = CARTESIAN_POINT('',(24.80815031527,-111.6857986062,
    -7.236165292231));
#3352 = CARTESIAN_POINT('',(24.795956400906,-111.625517615,
    -7.236501085565));
#3353 = CARTESIAN_POINT('',(24.784477191119,-111.5649612496,
    -7.236840357131));
#3354 = CARTESIAN_POINT('',(24.773721128653,-111.5041456542,
    -7.237183049632));
#3355 = CARTESIAN_POINT('',(24.763696656284,-111.4430869732,
    -7.237529105771));
#3356 = CARTESIAN_POINT('',(24.75441221676,-111.3818013507,
    -7.237878468251));
#3357 = CARTESIAN_POINT('',(24.745876252847,-111.3203049313,
    -7.238231079775));
#3358 = CARTESIAN_POINT('',(24.73031816176,-111.1969227869,
    -7.238942686317));
#3359 = CARTESIAN_POINT('',(24.72329302555,-111.1350520002,
    -7.239301514783));
#3360 = CARTESIAN_POINT('',(24.717029504907,-111.0729300788,
    -7.239664403587));
#3361 = CARTESIAN_POINT('',(24.71152764273,-111.0109786534,
    -7.240026355969));
#3362 = CARTESIAN_POINT('',(24.706807374293,-110.9480860334,
    -7.240400919268));
#3363 = CARTESIAN_POINT('',(24.702845543771,-110.8865371568,
    -7.240761149435));
#3364 = CARTESIAN_POINT('',(24.699681442778,-110.822980386,
    -7.241146132733));
#3365 = CARTESIAN_POINT('',(24.697283819226,-110.7612764439,
    -7.241512185759));
#3366 = CARTESIAN_POINT('',(24.695675829439,-110.6980906697,
    -7.241896321234));
#3367 = CARTESIAN_POINT('',(24.694851072667,-110.6356461134,
    -7.242274463203));
#3368 = CARTESIAN_POINT('',(24.694808836132,-110.5730006741,
    -7.242657446827));
#3369 = CYLINDRICAL_SURFACE('',#3370,5.509948476897);
#3370 = AXIS2_PLACEMENT_3D('',#3371,#3372,#3373);
#3371 = CARTESIAN_POINT('',(30.20475606071,-110.5692857815,0.));
#3372 = DIRECTION('',(0.,0.,1.));
#3373 = DIRECTION('',(-3.236175398547E-06,-0.999999999995,0.));
#3374 = ADVANCED_FACE('',(#3375),#3432,.T.);
#3375 = FACE_BOUND('',#3376,.T.);
#3376 = EDGE_LOOP('',(#3377,#3385,#3386,#3387));
#3377 = ORIENTED_EDGE('',*,*,#3378,.F.);
#3378 = EDGE_CURVE('',#2149,#3379,#3381,.T.);
#3379 = VERTEX_POINT('',#3380);
#3380 = CARTESIAN_POINT('',(245.31370816609,-20.61384094006,
    -12.97335103276));
#3381 = LINE('',#3382,#3383);
#3382 = CARTESIAN_POINT('',(245.31370816609,-20.61384094006,0.));
#3383 = VECTOR('',#3384,1.);
#3384 = DIRECTION('',(-0.,-0.,-1.));
#3385 = ORIENTED_EDGE('',*,*,#2159,.T.);
#3386 = ORIENTED_EDGE('',*,*,#3205,.T.);
#3387 = ORIENTED_EDGE('',*,*,#3388,.F.);
#3388 = EDGE_CURVE('',#3379,#3206,#3389,.T.);
#3389 = ( BOUNDED_CURVE() B_SPLINE_CURVE(9,(#3390,#3391,#3392,#3393,
    #3394,#3395,#3396,#3397,#3398,#3399,#3400,#3401,#3402,#3403,#3404,
    #3405,#3406,#3407,#3408,#3409,#3410,#3411,#3412,#3413,#3414,#3415,
    #3416,#3417,#3418,#3419,#3420,#3421,#3422,#3423,#3424,#3425,#3426,
    #3427,#3428,#3429,#3430,#3431),.UNSPECIFIED.,.F.,.F.) 
B_SPLINE_CURVE_WITH_KNOTS((10,8,8,8,8,10),(619.1020073488,
    624.27506912924,643.71472250567,668.32743766255,700.73658481189,
707.806394015),.UNSPECIFIED.) CURVE() GEOMETRIC_REPRESENTATION_ITEM() 
RATIONAL_B_SPLINE_CURVE((1.,1.,1.,1.,1.,1.,1.,1.,1.,1.,1.,1.,1.,1.,1.,1.
    ,1.,1.,1.,1.,1.,1.,1.,1.,1.,1.,1.,1.,1.,1.,1.,1.,1.,1.,1.,1.,1.,1.,
1.,1.,1.,1.)) REPRESENTATION_ITEM('') );
#3390 = CARTESIAN_POINT('',(245.31370816609,-20.61384094006,
    -12.97340412591));
#3391 = CARTESIAN_POINT('',(245.76185719807,-20.54074875552,
    -12.97393253787));
#3392 = CARTESIAN_POINT('',(246.20973325907,-20.46844366099,
    -12.9744509489));
#3393 = CARTESIAN_POINT('',(246.65709800874,-20.39695942952,
    -12.97495231011));
#3394 = CARTESIAN_POINT('',(247.1062775199,-20.32592496501,
    -12.97544784628));
#3395 = CARTESIAN_POINT('',(247.55332805052,-20.25597398734,
    -12.97593313312));
#3396 = CARTESIAN_POINT('',(248.002013177,-20.18649763649,
    -12.97640921276));
#3397 = CARTESIAN_POINT('',(248.45001145472,-20.11787287639,
    -12.97687697309));
#3398 = CARTESIAN_POINT('',(248.89828093043,-20.04994302619,
    -12.97733566612));
#3399 = CARTESIAN_POINT('',(251.0312075508,-19.73023834817,
    -12.97947742393));
#3400 = CARTESIAN_POINT('',(252.71664628181,-19.48803333091,
    -12.98104764604));
#3401 = CARTESIAN_POINT('',(254.40283332773,-19.25612568663,
    -12.98250442873));
#3402 = CARTESIAN_POINT('',(256.08971524782,-19.03450787057,
    -12.98385518132));
#3403 = CARTESIAN_POINT('',(257.77724412041,-18.82317205431,
    -12.98510677745));
#3404 = CARTESIAN_POINT('',(259.46537754289,-18.6221101258,
    -12.98626555511));
#3405 = CARTESIAN_POINT('',(261.15407863173,-18.43131368934,
    -12.98733731661));
#3406 = CARTESIAN_POINT('',(262.84331602246,-18.2507740656,
    -12.98832732859));
#3407 = CARTESIAN_POINT('',(266.67246839745,-17.86487438718,
    -12.99039627096));
#3408 = CARTESIAN_POINT('',(268.81272063004,-17.66569337087,
    -12.99142895004));
#3409 = CARTESIAN_POINT('',(270.95371806006,-17.48292586166,
    -12.99234795086));
#3410 = CARTESIAN_POINT('',(273.09537205426,-17.3165594615,
    -12.99316183588));
#3411 = CARTESIAN_POINT('',(275.23760785366,-17.16658275519,
    -12.99387813842));
#3412 = CARTESIAN_POINT('',(277.38036457347,-17.03298531049,
    -12.99450336264));
#3413 = CARTESIAN_POINT('',(279.52359520314,-16.91575767802,
    -12.99504298358));
#3414 = CARTESIAN_POINT('',(281.66726660632,-16.81489139134,
    -12.99550144714));
#3415 = CARTESIAN_POINT('',(286.63462474486,-16.61909601487,
    -12.99638349242));
#3416 = CARTESIAN_POINT('',(289.45864710112,-16.53616149881,
    -12.99675022203));
#3417 = CARTESIAN_POINT('',(292.28358305085,-16.48157963836,
    -12.99699030901));
#3418 = CARTESIAN_POINT('',(295.10923490296,-16.45535644096,
    -12.99710904079));
#3419 = CARTESIAN_POINT('',(297.93518005304,-16.45749734942,
    -12.99710905115));
#3420 = CARTESIAN_POINT('',(300.7609002223,-16.48800488958,
    -12.99699032922));
#3421 = CARTESIAN_POINT('',(303.5859106966,-16.5468763179,
    -12.99675022859));
#3422 = CARTESIAN_POINT('',(306.40988956534,-16.63410126911,
    -12.99638347627));
#3423 = CARTESIAN_POINT('',(309.84860494148,-16.77486753292,
    -12.9957728282));
#3424 = CARTESIAN_POINT('',(310.46433265369,-16.80142288315,
    -12.995656846));
#3425 = CARTESIAN_POINT('',(311.08017847508,-16.82933727217,
    -12.99553544778));
#3426 = CARTESIAN_POINT('',(311.69563098066,-16.85857892721,
    -12.99540546614));
#3427 = CARTESIAN_POINT('',(312.31149415582,-16.88919656712,
    -12.99527008972));
#3428 = CARTESIAN_POINT('',(312.92735876531,-16.92116781452,
    -12.99512912124));
#3429 = CARTESIAN_POINT('',(313.54237391119,-16.95444189408,
    -12.9949787837));
#3430 = CARTESIAN_POINT('',(314.15814890559,-16.98911177017,
    -12.99482183941));
#3431 = CARTESIAN_POINT('',(314.77360167753,-17.02511607495,
    -12.99465952463));
#3432 = CYLINDRICAL_SURFACE('',#3433,316.63109843237);
#3433 = AXIS2_PLACEMENT_3D('',#3434,#3435,#3436);
#3434 = CARTESIAN_POINT('',(296.28213375556,-333.1157962738,0.));
#3435 = DIRECTION('',(0.,0.,1.));
#3436 = DIRECTION('',(-0.161153330526,0.986929381496,0.));
#3437 = ADVANCED_FACE('',(#3438),#3565,.T.);
#3438 = FACE_BOUND('',#3439,.T.);
#3439 = EDGE_LOOP('',(#3440,#3441,#3442,#3450));
#3440 = ORIENTED_EDGE('',*,*,#3307,.F.);
#3441 = ORIENTED_EDGE('',*,*,#2175,.T.);
#3442 = ORIENTED_EDGE('',*,*,#3443,.T.);
#3443 = EDGE_CURVE('',#2176,#3444,#3446,.T.);
#3444 = VERTEX_POINT('',#3445);
#3445 = CARTESIAN_POINT('',(24.694808836132,-22.5352756543,
    -12.96507012274));
#3446 = LINE('',#3447,#3448);
#3447 = CARTESIAN_POINT('',(24.694808836132,-22.5352756543,0.));
#3448 = VECTOR('',#3449,1.);
#3449 = DIRECTION('',(-0.,-0.,-1.));
#3450 = ORIENTED_EDGE('',*,*,#3451,.F.);
#3451 = EDGE_CURVE('',#3308,#3444,#3452,.T.);
#3452 = ( BOUNDED_CURVE() B_SPLINE_CURVE(12,(#3453,#3454,#3455,#3456,
    #3457,#3458,#3459,#3460,#3461,#3462,#3463,#3464,#3465,#3466,#3467,
    #3468,#3469,#3470,#3471,#3472,#3473,#3474,#3475,#3476,#3477,#3478,
    #3479,#3480,#3481,#3482,#3483,#3484,#3485,#3486,#3487,#3488,#3489,
    #3490,#3491,#3492,#3493,#3494,#3495,#3496,#3497,#3498,#3499,#3500,
    #3501,#3502,#3503,#3504,#3505,#3506,#3507,#3508,#3509,#3510,#3511,
    #3512,#3513,#3514,#3515,#3516,#3517,#3518,#3519,#3520,#3521,#3522,
    #3523,#3524,#3525,#3526,#3527,#3528,#3529,#3530,#3531,#3532,#3533,
    #3534,#3535,#3536,#3537,#3538,#3539,#3540,#3541,#3542,#3543,#3544,
    #3545,#3546,#3547,#3548,#3549,#3550,#3551,#3552,#3553,#3554,#3555,
    #3556,#3557,#3558,#3559,#3560,#3561,#3562,#3563,#3564),
.UNSPECIFIED.,.F.,.F.) B_SPLINE_CURVE_WITH_KNOTS((13,11,11,11,11,11,11,
    11,11,11,13),(255.31824165354,255.32491746163,268.1654416352,
    281.07339892286,293.97656607555,297.32566836803,299.00021951427,
    300.67477066051,307.37297524547,321.0020041023,334.66936617107),
.UNSPECIFIED.) CURVE() GEOMETRIC_REPRESENTATION_ITEM() 
RATIONAL_B_SPLINE_CURVE((1.,1.,0.999999999999,1.000000000001,
    0.999999999997,1.000000000004,0.999999999996,1.000000000003,
    0.999999999998,1.000000000001,1.,1.,1.,1.,0.999999999999,
    1.000000000001,0.999999999999,1.000000000002,0.999999999999,
    1.000000000001,1.,1.,1.,1.,1.,1.,0.999999999999,1.000000000001,
    0.999999999999,1.000000000001,1.,1.,1.,1.,1.,1.,1.,1.,1.000000000001
    ,0.999999999999,1.000000000001,1.,1.,1.,1.,1.,0.999999999999,
    1.000000000002,0.999999999996,1.000000000005,0.999999999995,
    1.000000000004,0.999999999997,1.000000000001,0.999999999999,1.,1.,1.
    ,0.999999999999,1.000000000002,0.999999999997,1.000000000003,
    0.999999999997,1.000000000002,0.999999999999,1.,1.,1.,1.,
    0.999999999999,1.000000000002,0.999999999997,1.000000000004,
    0.999999999996,1.000000000002,0.999999999999,1.,1.,1.,1.,1.,
    0.999999999999,1.000000000001,0.999999999999,1.000000000001,1.,1.,1.
    ,1.,1.,0.999999999999,1.000000000001,0.999999999998,1.000000000003,
    0.999999999997,1.000000000002,0.999999999999,1.000000000001,1.,1.,1.
    ,0.999999999999,1.000000000002,0.999999999996,1.000000000006,
    0.999999999994,1.000000000005,0.999999999997,1.000000000002,
0.999999999999,1.,1.)) REPRESENTATION_ITEM('') );
#3453 = CARTESIAN_POINT('',(24.694808836132,-110.5730006741,
    -7.242652447603));
#3454 = CARTESIAN_POINT('',(24.694808836132,-110.5723825163,
    -7.242657058394));
#3455 = CARTESIAN_POINT('',(24.694808836132,-110.5717643375,
    -7.242661669746));
#3456 = CARTESIAN_POINT('',(24.694808836132,-110.5711461367,
    -7.242666281672));
#3457 = CARTESIAN_POINT('',(24.694808836132,-110.5705279123,
    -7.242670894194));
#3458 = CARTESIAN_POINT('',(24.694808836133,-110.5699096632,
    -7.242675507318));
#3459 = CARTESIAN_POINT('',(24.694808836132,-110.5692913879,
    -7.242680121075));
#3460 = CARTESIAN_POINT('',(24.694808836133,-110.5686730853,
    -7.242684735463));
#3461 = CARTESIAN_POINT('',(24.694808836132,-110.568054754,
    -7.242689350516));
#3462 = CARTESIAN_POINT('',(24.694808836132,-110.5674363927,
    -7.242693966235));
#3463 = CARTESIAN_POINT('',(24.694808836132,-110.5668180001,
    -7.242698582646));
#3464 = CARTESIAN_POINT('',(24.694808836132,-110.566199575,
    -7.24270319976));
#3465 = CARTESIAN_POINT('',(24.694808836132,-109.3760114692,
    -7.251589951667));
#3466 = CARTESIAN_POINT('',(24.694808836132,-108.1736595657,
    -7.261718282469));
#3467 = CARTESIAN_POINT('',(24.694808836132,-106.9830466289,
    -7.273032852206));
#3468 = CARTESIAN_POINT('',(24.694808836133,-105.7963470471,
    -7.285553101687));
#3469 = CARTESIAN_POINT('',(24.694808836132,-104.6037570688,
    -7.299459249524));
#3470 = CARTESIAN_POINT('',(24.694808836133,-103.4046683964,
    -7.314925748785));
#3471 = CARTESIAN_POINT('',(24.694808836132,-102.2060658003,
    -7.331993557109));
#3472 = CARTESIAN_POINT('',(24.694808836133,-101.0145912357,
    -7.350614505999));
#3473 = CARTESIAN_POINT('',(24.694808836132,-99.82874031008,
    -7.370847604666));
#3474 = CARTESIAN_POINT('',(24.694808836132,-98.63768030801,
    -7.39303366342));
#3475 = CARTESIAN_POINT('',(24.694808836132,-97.43320234612,
    -7.417621171361));
#3476 = CARTESIAN_POINT('',(24.694808836132,-95.04322568561,
    -7.470844040243));
#3477 = CARTESIAN_POINT('',(24.694808836132,-93.85714300806,
    -7.499499137367));
#3478 = CARTESIAN_POINT('',(24.694808836132,-92.64271451953,
    -7.53119200154));
#3479 = CARTESIAN_POINT('',(24.694808836132,-91.42638557686,
    -7.565686365321));
#3480 = CARTESIAN_POINT('',(24.694808836132,-90.23023521343,
    -7.602736806718));
#3481 = CARTESIAN_POINT('',(24.694808836132,-89.04942752486,
    -7.642394539326));
#3482 = CARTESIAN_POINT('',(24.694808836132,-87.86143197184,
    -7.685347721715));
#3483 = CARTESIAN_POINT('',(24.694808836132,-86.64950623804,
    -7.732895873312));
#3484 = CARTESIAN_POINT('',(24.694808836132,-85.4227810138,
    -7.785972378643));
#3485 = CARTESIAN_POINT('',(24.694808836132,-84.21560874562,
    -7.843677904056));
#3486 = CARTESIAN_POINT('',(24.694808836132,-83.04963796799,
    -7.904070839932));
#3487 = CARTESIAN_POINT('',(24.694808836132,-80.63751237014,
    -8.042860638962));
#3488 = CARTESIAN_POINT('',(24.694808836132,-79.38995184726,
    -8.121324711879));
#3489 = CARTESIAN_POINT('',(24.694808836132,-78.21114447814,
    -8.204522062683));
#3490 = CARTESIAN_POINT('',(24.694808836133,-77.05847874763,
    -8.292994917092));
#3491 = CARTESIAN_POINT('',(24.694808836132,-75.87523865373,
    -8.395090015812));
#3492 = CARTESIAN_POINT('',(24.694808836133,-74.63977360809,
    -8.507845796267));
#3493 = CARTESIAN_POINT('',(24.694808836132,-73.38554314465,
    -8.648833881923));
#3494 = CARTESIAN_POINT('',(24.694808836133,-72.1535241701,
    -8.798161351578));
#3495 = CARTESIAN_POINT('',(24.694808836132,-70.97611062785,
    -8.982741031157));
#3496 = CARTESIAN_POINT('',(24.694808836132,-69.82264261863,
    -9.176374270839));
#3497 = CARTESIAN_POINT('',(24.694808836132,-68.64785653379,
    -9.431132991795));
#3498 = CARTESIAN_POINT('',(24.694808836132,-67.07064464895,
    -9.841562493319));
#3499 = CARTESIAN_POINT('',(24.694808836132,-66.74383160007,
    -9.930007532592));
#3500 = CARTESIAN_POINT('',(24.694808836132,-66.42087541679,
    -10.02072939731));
#3501 = CARTESIAN_POINT('',(24.694808836132,-66.105143469,
    -10.11202596877));
#3502 = CARTESIAN_POINT('',(24.694808836132,-65.79815468194,
    -10.20232329463));
#3503 = CARTESIAN_POINT('',(24.694808836133,-65.50000351386,
    -10.29034093515));
#3504 = CARTESIAN_POINT('',(24.694808836132,-65.20975937212,
    -10.37518588659));
#3505 = CARTESIAN_POINT('',(24.694808836133,-64.92583125392,
    -10.45637751813));
#3506 = CARTESIAN_POINT('',(24.694808836132,-64.64628739821,
    -10.53380595933));
#3507 = CARTESIAN_POINT('',(24.694808836132,-64.36911973487,
    -10.60762637462));
#3508 = CARTESIAN_POINT('',(24.694808836132,-64.09244291766,
    -10.67809156157));
#3509 = CARTESIAN_POINT('',(24.694808836132,-63.67570513185,
    -10.77894218381));
#3510 = CARTESIAN_POINT('',(24.694808836132,-63.53650901733,
    -10.81176474928));
#3511 = CARTESIAN_POINT('',(24.694808836132,-63.39681996905,
    -10.84377589672));
#3512 = CARTESIAN_POINT('',(24.694808836133,-63.25646690802,
    -10.87506826767));
#3513 = CARTESIAN_POINT('',(24.694808836132,-63.11528518424,
    -10.9056511113));
#3514 = CARTESIAN_POINT('',(24.694808836133,-62.9731281145,
    -10.93548651672));
#3515 = CARTESIAN_POINT('',(24.694808836132,-62.82988670405,
    -10.96457808089));
#3516 = CARTESIAN_POINT('',(24.694808836133,-62.68549694872,
    -10.99300715201));
#3517 = CARTESIAN_POINT('',(24.694808836132,-62.53992877073,
    -11.02088386847));
#3518 = CARTESIAN_POINT('',(24.694808836132,-62.39316529828,
    -11.0482522934));
#3519 = CARTESIAN_POINT('',(24.694808836132,-62.24519585569,
    -11.07506102482));
#3520 = CARTESIAN_POINT('',(24.694808836132,-61.94692552016,
    -11.12770445853));
#3521 = CARTESIAN_POINT('',(24.694808836132,-61.79662280081,
    -11.15352866663));
#3522 = CARTESIAN_POINT('',(24.694808836132,-61.64518003124,
    -11.17887543054));
#3523 = CARTESIAN_POINT('',(24.694808836133,-61.49264886437,
    -11.20375964337));
#3524 = CARTESIAN_POINT('',(24.694808836132,-61.33910201141,
    -11.22819182612));
#3525 = CARTESIAN_POINT('',(24.694808836133,-61.1846301486,
    -11.25217892718));
#3526 = CARTESIAN_POINT('',(24.694808836132,-61.02933882399,
    -11.27572512173));
#3527 = CARTESIAN_POINT('',(24.694808836133,-60.87334536412,
    -11.29883261117));
#3528 = CARTESIAN_POINT('',(24.694808836132,-60.71677578085,
    -11.32150242255));
#3529 = CARTESIAN_POINT('',(24.694808836132,-60.55976167805,
    -11.34373520801));
#3530 = CARTESIAN_POINT('',(24.694808836132,-60.40243715837,
    -11.36553204418));
#3531 = CARTESIAN_POINT('',(24.694808836132,-59.6149300164,
    -11.47234798163));
#3532 = CARTESIAN_POINT('',(24.694808836132,-58.98204201559,
    -11.55086160216));
#3533 = CARTESIAN_POINT('',(24.694808836132,-58.3550280259,
    -11.62248964248));
#3534 = CARTESIAN_POINT('',(24.694808836132,-57.74155035029,
    -11.68751380225));
#3535 = CARTESIAN_POINT('',(24.694808836133,-57.1466852907,
    -11.74653029382));
#3536 = CARTESIAN_POINT('',(24.694808836132,-56.56873602738,
    -11.80067853431));
#3537 = CARTESIAN_POINT('',(24.694808836132,-55.99710431372,
    -11.85160562188));
#3538 = CARTESIAN_POINT('',(24.694808836132,-55.41406975276,
    -11.90109227708));
#3539 = CARTESIAN_POINT('',(24.694808836132,-54.80081326194,
    -11.95045861521));
#3540 = CARTESIAN_POINT('',(24.694808836132,-54.14790218426,
    -11.99992126093));
#3541 = CARTESIAN_POINT('',(24.694808836132,-53.47172836013,
    -12.04798691983));
#3542 = CARTESIAN_POINT('',(24.694808836132,-51.55781294121,
    -12.17773572952));
#3543 = CARTESIAN_POINT('',(24.694808836132,-50.45885596094,
    -12.24304174654));
#3544 = CARTESIAN_POINT('',(24.694808836132,-49.17414289282,
    -12.31736757602));
#3545 = CARTESIAN_POINT('',(24.694808836132,-47.80297979234,
    -12.38591882101));
#3546 = CARTESIAN_POINT('',(24.694808836132,-46.49474945942,
    -12.44349197616));
#3547 = CARTESIAN_POINT('',(24.694808836132,-45.28816145734,
    -12.49299431932));
#3548 = CARTESIAN_POINT('',(24.694808836132,-44.11112627877,
    -12.53865413409));
#3549 = CARTESIAN_POINT('',(24.694808836132,-42.86686259796,
    -12.58319636486));
#3550 = CARTESIAN_POINT('',(24.694808836132,-41.53516557238,
    -12.62629004238));
#3551 = CARTESIAN_POINT('',(24.694808836132,-40.21243545654,
    -12.66466554223));
#3552 = CARTESIAN_POINT('',(24.694808836132,-39.01163030917,
    -12.69749264155));
#3553 = CARTESIAN_POINT('',(24.694808836132,-36.49544650743,
    -12.76048603525));
#3554 = CARTESIAN_POINT('',(24.694808836132,-35.18492223514,
    -12.79049837383));
#3555 = CARTESIAN_POINT('',(24.694808836132,-33.92948884187,
    -12.81636316231));
#3556 = CARTESIAN_POINT('',(24.694808836132,-32.69419458968,
    -12.83968861766));
#3557 = CARTESIAN_POINT('',(24.694808836132,-31.43446546014,
    -12.8615908226));
#3558 = CARTESIAN_POINT('',(24.694808836132,-30.1450378593,
    -12.88191331576));
#3559 = CARTESIAN_POINT('',(24.694808836132,-28.85422412968,
    -12.9000747452));
#3560 = CARTESIAN_POINT('',(24.694808836132,-27.59088969109,
    -12.91598237874));
#3561 = CARTESIAN_POINT('',(24.694808836132,-26.35141341425,
    -12.93019789736));
#3562 = CARTESIAN_POINT('',(24.694808836132,-25.09379562168,
    -12.94329052925));
#3563 = CARTESIAN_POINT('',(24.694808836132,-23.78597089483,
    -12.95506121456));
#3564 = CARTESIAN_POINT('',(24.694808836132,-22.5352756543,
    -12.96507012274));
#3565 = PLANE('',#3566);
#3566 = AXIS2_PLACEMENT_3D('',#3567,#3568,#3569);
#3567 = CARTESIAN_POINT('',(24.694808836132,-22.5352756543,0.));
#3568 = DIRECTION('',(-1.,0.,0.));
#3569 = DIRECTION('',(0.,-1.,0.));
#3570 = ADVANCED_FACE('',(#3571),#3596,.T.);
#3571 = FACE_BOUND('',#3572,.T.);
#3572 = EDGE_LOOP('',(#3573,#3581,#3582,#3583));
#3573 = ORIENTED_EDGE('',*,*,#3574,.F.);
#3574 = EDGE_CURVE('',#2200,#3575,#3577,.T.);
#3575 = VERTEX_POINT('',#3576);
#3576 = CARTESIAN_POINT('',(234.257649355,-21.69297978345,
    -12.96514314175));
#3577 = LINE('',#3578,#3579);
#3578 = CARTESIAN_POINT('',(234.257649355,-21.69297978345,0.));
#3579 = VECTOR('',#3580,1.);
#3580 = DIRECTION('',(-0.,-0.,-1.));
#3581 = ORIENTED_EDGE('',*,*,#2208,.T.);
#3582 = ORIENTED_EDGE('',*,*,#3378,.T.);
#3583 = ORIENTED_EDGE('',*,*,#3584,.F.);
#3584 = EDGE_CURVE('',#3575,#3379,#3585,.T.);
#3585 = ( BOUNDED_CURVE() B_SPLINE_CURVE(9,(#3586,#3587,#3588,#3589,
    #3590,#3591,#3592,#3593,#3594,#3595),.UNSPECIFIED.,.F.,.F.) 
B_SPLINE_CURVE_WITH_KNOTS((10,10),(605.03094720183,619.10200729336),
.PIECEWISE_BEZIER_KNOTS.) CURVE() GEOMETRIC_REPRESENTATION_ITEM() 
RATIONAL_B_SPLINE_CURVE((1.,1.,1.,1.,1.,1.,1.,1.,1.,1.)) 
REPRESENTATION_ITEM('') );
#3586 = CARTESIAN_POINT('',(234.257649355,-21.69297978345,
    -12.96511247602));
#3587 = CARTESIAN_POINT('',(235.48617345605,-21.57306833036,
    -12.966079837));
#3588 = CARTESIAN_POINT('',(236.71334282197,-21.45328910769,
    -12.96702622089));
#3589 = CARTESIAN_POINT('',(237.94582108002,-21.33299170474,
    -12.96797957966));
#3590 = CARTESIAN_POINT('',(239.16772765662,-21.21372616244,
    -12.96889549162));
#3591 = CARTESIAN_POINT('',(240.40338572636,-21.09311839045,
    -12.96981766839));
#3592 = CARTESIAN_POINT('',(241.6249809629,-20.97388323684,
    -12.97071813463));
#3593 = CARTESIAN_POINT('',(242.85901792002,-20.85343369534,
    -12.97160545912));
#3594 = CARTESIAN_POINT('',(244.08453871539,-20.73381538322,
    -12.97248860193));
#3595 = CARTESIAN_POINT('',(245.31370816609,-20.61384094006,
    -12.97335103276));
#3596 = PLANE('',#3597);
#3597 = AXIS2_PLACEMENT_3D('',#3598,#3599,#3600);
#3598 = CARTESIAN_POINT('',(245.31370816609,-20.61384094006,0.));
#3599 = DIRECTION('',(-9.714445719614E-02,0.99527029215,0.));
#3600 = DIRECTION('',(-0.99527029215,-9.714445719614E-02,0.));
#3601 = ADVANCED_FACE('',(#3602),#3709,.T.);
#3602 = FACE_BOUND('',#3603,.T.);
#3603 = EDGE_LOOP('',(#3604,#3605,#3606,#3614));
#3604 = ORIENTED_EDGE('',*,*,#3443,.F.);
#3605 = ORIENTED_EDGE('',*,*,#2235,.T.);
#3606 = ORIENTED_EDGE('',*,*,#3607,.T.);
#3607 = EDGE_CURVE('',#2227,#3608,#3610,.T.);
#3608 = VERTEX_POINT('',#3609);
#3609 = CARTESIAN_POINT('',(30.102267044297,-17.01665933873,
    -12.99367996239));
#3610 = LINE('',#3611,#3612);
#3611 = CARTESIAN_POINT('',(30.102267044297,-17.01665933873,0.));
#3612 = VECTOR('',#3613,1.);
#3613 = DIRECTION('',(-0.,-0.,-1.));
#3614 = ORIENTED_EDGE('',*,*,#3615,.F.);
#3615 = EDGE_CURVE('',#3444,#3608,#3616,.T.);
#3616 = ( BOUNDED_CURVE() B_SPLINE_CURVE(10,(#3617,#3618,#3619,#3620,
    #3621,#3622,#3623,#3624,#3625,#3626,#3627,#3628,#3629,#3630,#3631,
    #3632,#3633,#3634,#3635,#3636,#3637,#3638,#3639,#3640,#3641,#3642,
    #3643,#3644,#3645,#3646,#3647,#3648,#3649,#3650,#3651,#3652,#3653,
    #3654,#3655,#3656,#3657,#3658,#3659,#3660,#3661,#3662,#3663,#3664,
    #3665,#3666,#3667,#3668,#3669,#3670,#3671,#3672,#3673,#3674,#3675,
    #3676,#3677,#3678,#3679,#3680,#3681,#3682,#3683,#3684,#3685,#3686,
    #3687,#3688,#3689,#3690,#3691,#3692,#3693,#3694,#3695,#3696,#3697,
    #3698,#3699,#3700,#3701,#3702,#3703,#3704,#3705,#3706,#3707,#3708),
.UNSPECIFIED.,.F.,.F.) B_SPLINE_CURVE_WITH_KNOTS((11,9,9,9,9,9,9,9,9,9,
    11),(334.66936635613,334.67647589016,334.67925233338,334.69309495129
    ,334.78571689258,334.90206742902,335.13476850191,335.60017064768,
    336.53097493923,341.02015476623,344.09673416634),.UNSPECIFIED.) 
CURVE() GEOMETRIC_REPRESENTATION_ITEM() RATIONAL_B_SPLINE_CURVE((1.,1.,
    1.,1.,1.,1.,1.,1.,1.,1.,1.,1.,1.,1.,1.,1.,1.,1.,1.,1.,1.,1.,1.,1.,1.
    ,1.,1.,1.,1.,1.,1.,1.,1.,1.,1.,1.,1.,1.,1.,1.,1.,1.,1.,1.,1.,1.,1.,
    1.,1.,1.,1.,1.,1.,1.,1.,1.,1.,1.,0.999999999999,1.000000000001,1.,1.
    ,1.,1.,1.,1.,1.,1.,1.,1.,1.,1.,1.,1.,1.,1.,1.,1.,1.,1.,1.,1.,1.,1.,
1.,1.,1.,1.,1.,1.,1.,1.)) REPRESENTATION_ITEM('') );
#3617 = CARTESIAN_POINT('',(24.694808836132,-22.5352756543,-12.965096115
    ));
#3618 = CARTESIAN_POINT('',(24.694806240819,-22.53449494137,
    -12.96510124902));
#3619 = CARTESIAN_POINT('',(24.694803768691,-22.53371425093,
    -12.96510638275));
#3620 = CARTESIAN_POINT('',(24.694801419737,-22.53293358299,
    -12.96511151619));
#3621 = CARTESIAN_POINT('',(24.694799193944,-22.53215293759,
    -12.96511664936));
#3622 = CARTESIAN_POINT('',(24.6947970913,-22.53137231476,
    -12.96512178223));
#3623 = CARTESIAN_POINT('',(24.694795111793,-22.53059171452,
    -12.96512691482));
#3624 = CARTESIAN_POINT('',(24.694793255411,-22.52981113689,
    -12.96513204713));
#3625 = CARTESIAN_POINT('',(24.694791522142,-22.52903058191,
    -12.96513717915));
#3626 = CARTESIAN_POINT('',(24.694789911973,-22.5282500496,
    -12.96514231089));
#3627 = CARTESIAN_POINT('',(24.694787844152,-22.52716473231,
    -12.9651494463));
#3628 = CARTESIAN_POINT('',(24.694787234915,-22.5268378157,
    -12.96515167749));
#3629 = CARTESIAN_POINT('',(24.694786507838,-22.52642646178,
    -12.96515436431));
#3630 = CARTESIAN_POINT('',(24.694785858968,-22.52604244728,
    -12.96515680659));
#3631 = CARTESIAN_POINT('',(24.694785368296,-22.52573601644,
    -12.96515875081));
#3632 = CARTESIAN_POINT('',(24.694784951506,-22.5254632779,
    -12.96516052291));
#3633 = CARTESIAN_POINT('',(24.694784495402,-22.52516051436,
    -12.96516252565));
#3634 = CARTESIAN_POINT('',(24.694784007417,-22.52482928332,
    -12.96516470761));
#3635 = CARTESIAN_POINT('',(24.69478360969,-22.52453618726,
    -12.96516661104));
#3636 = CARTESIAN_POINT('',(24.69478120608,-22.52271056254,
    -12.96517854841));
#3637 = CARTESIAN_POINT('',(24.694778938722,-22.52118856518,
    -12.96521003863));
#3638 = CARTESIAN_POINT('',(24.694782884359,-22.51965153494,
    -12.96508069042));
#3639 = CARTESIAN_POINT('',(24.694764823181,-22.51799534295,
    -12.96551524124));
#3640 = CARTESIAN_POINT('',(24.694802512623,-22.5147708026,
    -12.96477152961));
#3641 = CARTESIAN_POINT('',(24.694752344356,-22.52604292602,
    -12.96555896608));
#3642 = CARTESIAN_POINT('',(24.694791477533,-22.5046698615,
    -12.96510164038));
#3643 = CARTESIAN_POINT('',(24.694780373917,-22.51206294534,
    -12.96527525038));
#3644 = CARTESIAN_POINT('',(24.694782006577,-22.51054244239,
    -12.96525806031));
#3645 = CARTESIAN_POINT('',(24.694798947303,-22.4988449446,
    -12.96533445143));
#3646 = CARTESIAN_POINT('',(24.694834605582,-22.48866837426,
    -12.96540084979));
#3647 = CARTESIAN_POINT('',(24.694891182089,-22.47849190242,
    -12.96546718728));
#3648 = CARTESIAN_POINT('',(24.694968674847,-22.46831561932,
    -12.96553346333));
#3649 = CARTESIAN_POINT('',(24.695067081885,-22.45813961521,
    -12.9655996774));
#3650 = CARTESIAN_POINT('',(24.695186401223,-22.44796398035,
    -12.96566582893));
#3651 = CARTESIAN_POINT('',(24.695326630891,-22.43778880498,
    -12.96573191736));
#3652 = CARTESIAN_POINT('',(24.695487768909,-22.42761417934,
    -12.96579794214));
#3653 = CARTESIAN_POINT('',(24.695669813306,-22.41744019369,
    -12.96586390271));
#3654 = CARTESIAN_POINT('',(24.696127703875,-22.39448742072,
    -12.96601257603));
#3655 = CARTESIAN_POINT('',(24.696415636121,-22.38170905953,
    -12.9660952513));
#3656 = CARTESIAN_POINT('',(24.696736545078,-22.36893204665,
    -12.9661778232));
#3657 = CARTESIAN_POINT('',(24.697090416984,-22.35615657401,
    -12.96626029058));
#3658 = CARTESIAN_POINT('',(24.697477238075,-22.34338283357,
    -12.96634265231));
#3659 = CARTESIAN_POINT('',(24.697896994587,-22.33061101728,
    -12.96642490724));
#3660 = CARTESIAN_POINT('',(24.698349672756,-22.31784131707,
    -12.96650705424));
#3661 = CARTESIAN_POINT('',(24.69883525882,-22.30507392489,
    -12.96658909216));
#3662 = CARTESIAN_POINT('',(24.699353739014,-22.29230903268,
    -12.96667101986));
#3663 = CARTESIAN_POINT('',(24.701007820698,-22.25402243183,
    -12.96691646889));
#3664 = CARTESIAN_POINT('',(24.702242148824,-22.22850886929,
    -12.96707965531));
#3665 = CARTESIAN_POINT('',(24.703607839871,-22.20300766318,
    -12.96724238705));
#3666 = CARTESIAN_POINT('',(24.705104649757,-22.17752033189,
    -12.96740465568));
#3667 = CARTESIAN_POINT('',(24.706732334396,-22.15204839383,
    -12.96756645278));
#3668 = CARTESIAN_POINT('',(24.70849064971,-22.12659336739,
    -12.96772776993));
#3669 = CARTESIAN_POINT('',(24.710379351612,-22.10115677098,
    -12.96788859872));
#3670 = CARTESIAN_POINT('',(24.712398196022,-22.075740123,
    -12.96804893072));
#3671 = CARTESIAN_POINT('',(24.714546938855,-22.05034494185,
    -12.96820875751));
#3672 = CARTESIAN_POINT('',(24.721382130379,-21.97422835406,
    -12.96868669699));
#3673 = CARTESIAN_POINT('',(24.72645851505,-21.92357713706,
    -12.96900325638));
#3674 = CARTESIAN_POINT('',(24.732050768195,-21.87302958288,
    -12.9693177002));
#3675 = CARTESIAN_POINT('',(24.738155167965,-21.82259617951,
    -12.96962997979));
#3676 = CARTESIAN_POINT('',(24.744767992516,-21.77228741491,
    -12.96994004653));
#3677 = CARTESIAN_POINT('',(24.751885519995,-21.72211377707,
    -12.97024785176));
#3678 = CARTESIAN_POINT('',(24.759504028558,-21.67208575396,
    -12.97055334685));
#3679 = CARTESIAN_POINT('',(24.767619796356,-21.62221383356,
    -12.97085648315));
#3680 = CARTESIAN_POINT('',(24.776229101542,-21.57250850384,
    -12.97115721201));
#3681 = CARTESIAN_POINT('',(24.803526463716,-21.42392375067,
    -12.97205203041));
#3682 = CARTESIAN_POINT('',(24.823679539763,-21.32556983605,
    -12.97263880625));
#3683 = CARTESIAN_POINT('',(24.845748761176,-21.2279934385,
    -12.97321552473));
#3684 = CARTESIAN_POINT('',(24.869692370679,-21.13126585874,
    -12.9737819323));
#3685 = CARTESIAN_POINT('',(24.895465542944,-21.03545476858,
    -12.97433780944));
#3686 = CARTESIAN_POINT('',(24.923020384603,-20.94062421096,
    -12.97488297072));
#3687 = CARTESIAN_POINT('',(24.952305934234,-20.84683459994,
    -12.97541726475));
#3688 = CARTESIAN_POINT('',(24.983268162374,-20.75414272068,
    -12.97594057421));
#3689 = CARTESIAN_POINT('',(25.015849971509,-20.66260172948,
    -12.97645281583));
#3690 = CARTESIAN_POINT('',(25.214651047789,-20.13655722129,
    -12.97937081612));
#3691 = CARTESIAN_POINT('',(25.415710370615,-19.72883862278,
    -12.98152837002));
#3692 = CARTESIAN_POINT('',(25.646291084143,-19.35368442416,
    -12.98342669899));
#3693 = CARTESIAN_POINT('',(25.901601868933,-19.01079255245,
    -12.98509216312));
#3694 = CARTESIAN_POINT('',(26.177326037378,-18.69931117399,
    -12.98655117277));
#3695 = CARTESIAN_POINT('',(26.469309443116,-18.41899365136,
    -12.98782289826));
#3696 = CARTESIAN_POINT('',(26.773953066378,-18.16959099138,
    -12.98892267896));
#3697 = CARTESIAN_POINT('',(27.088714912694,-17.94989569666,
    -12.98986790867));
#3698 = CARTESIAN_POINT('',(27.412125862334,-17.75785093294,
    -12.99067817385));
#3699 = CARTESIAN_POINT('',(27.969293724464,-17.48025648502,
    -12.99182967335));
#3700 = CARTESIAN_POINT('',(28.199258128914,-17.38015645017,
    -12.99223805836));
#3701 = CARTESIAN_POINT('',(28.431965501564,-17.29257076339,
    -12.99259314242));
#3702 = CARTESIAN_POINT('',(28.667038781475,-17.21739073209,
    -12.99289095338));
#3703 = CARTESIAN_POINT('',(28.903773970279,-17.15437596074,
    -12.99313963228));
#3704 = CARTESIAN_POINT('',(29.141771307641,-17.10329555694,
    -12.99334333586));
#3705 = CARTESIAN_POINT('',(29.381031786851,-17.06404462478,
    -12.99349646284));
#3706 = CARTESIAN_POINT('',(29.621227668271,-17.03657343251,
    -12.99359939927));
#3707 = CARTESIAN_POINT('',(29.861331837493,-17.02076101426,
    -12.99366910201));
#3708 = CARTESIAN_POINT('',(30.102267044297,-17.01665933873,
    -12.99367996239));
#3709 = CYLINDRICAL_SURFACE('',#3710,5.501126082701);
#3710 = AXIS2_PLACEMENT_3D('',#3711,#3712,#3713);
#3711 = CARTESIAN_POINT('',(30.195904522947,-22.516988438,0.));
#3712 = DIRECTION('',(0.,0.,1.));
#3713 = DIRECTION('',(-0.999999999997,-2.454181457732E-06,0.));
#3714 = ADVANCED_FACE('',(#3715,#3804,#3855,#3906),#4048,.F.);
#3715 = FACE_BOUND('',#3716,.F.);
#3716 = EDGE_LOOP('',(#3717,#3725,#3802,#3803));
#3717 = ORIENTED_EDGE('',*,*,#3718,.T.);
#3718 = EDGE_CURVE('',#2251,#3719,#3721,.T.);
#3719 = VERTEX_POINT('',#3720);
#3720 = CARTESIAN_POINT('',(105.78042797149,-21.68620584519,
    -12.96447201374));
#3721 = LINE('',#3722,#3723);
#3722 = CARTESIAN_POINT('',(105.78042797149,-21.68620584519,0.));
#3723 = VECTOR('',#3724,1.);
#3724 = DIRECTION('',(-0.,-0.,-1.));
#3725 = ORIENTED_EDGE('',*,*,#3726,.T.);
#3726 = EDGE_CURVE('',#3719,#3575,#3727,.T.);
#3727 = ( BOUNDED_CURVE() B_SPLINE_CURVE(13,(#3728,#3729,#3730,#3731,
    #3732,#3733,#3734,#3735,#3736,#3737,#3738,#3739,#3740,#3741,#3742,
    #3743,#3744,#3745,#3746,#3747,#3748,#3749,#3750,#3751,#3752,#3753,
    #3754,#3755,#3756,#3757,#3758,#3759,#3760,#3761,#3762,#3763,#3764,
    #3765,#3766,#3767,#3768,#3769,#3770,#3771,#3772,#3773,#3774,#3775,
    #3776,#3777,#3778,#3779,#3780,#3781,#3782,#3783,#3784,#3785,#3786,
    #3787,#3788,#3789,#3790,#3791,#3792,#3793,#3794,#3795,#3796,#3797,
    #3798,#3799,#3800,#3801),.UNSPECIFIED.,.F.,.F.) 
B_SPLINE_CURVE_WITH_KNOTS((14,12,12,12,12,12,14),(441.09860292975,
    450.38110767244,481.86790827037,522.63721361099,563.81810501082,
584.59459133465,605.0309472344),.UNSPECIFIED.) CURVE() 
GEOMETRIC_REPRESENTATION_ITEM() RATIONAL_B_SPLINE_CURVE((1.,1.,1.,
    1.000000000001,0.999999999997,1.000000000004,0.999999999994,
    1.000000000006,0.999999999995,1.000000000003,0.999999999998,
    1.000000000001,1.,1.,1.,1.000000000001,0.999999999998,1.000000000003
    ,0.999999999995,1.000000000006,0.999999999995,1.000000000004,
    0.999999999998,1.000000000001,1.,1.,1.,0.999999999999,1.000000000001
    ,0.999999999998,1.000000000002,0.999999999998,1.000000000002,
    0.999999999999,1.,1.,1.,1.,0.999999999999,1.000000000002,
    0.999999999996,1.000000000007,0.999999999992,1.000000000007,
    0.999999999994,1.000000000003,0.999999999998,1.000000000001,1.,1.,
    0.999999999999,1.000000000002,0.999999999996,1.000000000006,
    0.999999999993,1.000000000006,0.999999999995,1.000000000003,
    0.999999999999,1.,1.,1.,1.000000000001,0.999999999998,1.000000000005
    ,0.999999999993,1.000000000009,0.999999999992,1.000000000006,
    0.999999999996,1.000000000002,0.999999999999,1.,1.)) 
REPRESENTATION_ITEM('') );
#3728 = CARTESIAN_POINT('',(105.78042797149,-21.68620584519,
    -12.96441709619));
#3729 = CARTESIAN_POINT('',(106.33849007729,-21.7614275279,
    -12.96381319281));
#3730 = CARTESIAN_POINT('',(106.89626216838,-21.83588989785,
    -12.96320958515));
#3731 = CARTESIAN_POINT('',(107.45411996069,-21.9096442587,
    -12.96260682837));
#3732 = CARTESIAN_POINT('',(108.0121204736,-21.98269841572,
    -12.96200548071));
#3733 = CARTESIAN_POINT('',(108.57020391628,-22.0550443442,
    -12.96140588148));
#3734 = CARTESIAN_POINT('',(109.12830713866,-22.12667368308,
    -12.96080811391));
#3735 = CARTESIAN_POINT('',(109.68640942929,-22.19758392885,
    -12.96021209085));
#3736 = CARTESIAN_POINT('',(110.24453145726,-22.26777820524,
    -12.95961770105));
#3737 = CARTESIAN_POINT('',(110.8027081353,-22.33726148381,
    -12.95902495392));
#3738 = CARTESIAN_POINT('',(111.3609562044,-22.40603613069,
    -12.95843406067));
#3739 = CARTESIAN_POINT('',(111.9192573171,-22.47409965497,
    -12.95784538963));
#3740 = CARTESIAN_POINT('',(112.47757741653,-22.54144753368,
    -12.95725923364));
#3741 = CARTESIAN_POINT('',(114.92995266296,-22.83411875423,
    -12.95469468296));
#3742 = CARTESIAN_POINT('',(116.82431429096,-23.05194324316,
    -12.95274165389));
#3743 = CARTESIAN_POINT('',(118.71902296508,-23.26156752224,
    -12.95082103307));
#3744 = CARTESIAN_POINT('',(120.61409183965,-23.46300157833,
    -12.94893748392));
#3745 = CARTESIAN_POINT('',(122.50954614564,-23.65625499399,
    -12.94709553478));
#3746 = CARTESIAN_POINT('',(124.40541700228,-23.84133662283,
    -12.94529957341));
#3747 = CARTESIAN_POINT('',(126.30173522603,-24.01825426491,
    -12.94355384148));
#3748 = CARTESIAN_POINT('',(128.19852514285,-24.18701434201,
    -12.94186242904));
#3749 = CARTESIAN_POINT('',(130.09579839691,-24.34762157307,
    -12.940229269));
#3750 = CARTESIAN_POINT('',(131.99354776265,-24.50007864945,
    -12.93865813158));
#3751 = CARTESIAN_POINT('',(133.89174095408,-24.64438591037,
    -12.93715261885));
#3752 = CARTESIAN_POINT('',(135.79031443608,-24.7805410182,
    -12.93571615915));
#3753 = CARTESIAN_POINT('',(140.14781365335,-25.07427074304,
    -12.93258568194));
#3754 = CARTESIAN_POINT('',(142.60696945742,-25.22633020704,
    -12.93094038381));
#3755 = CARTESIAN_POINT('',(145.06656359665,-25.3647214762,
    -12.92942318805));
#3756 = CARTESIAN_POINT('',(147.52653048948,-25.48944870643,
    -12.92804047762));
#3757 = CARTESIAN_POINT('',(149.9868100221,-25.60051575926,
    -12.92679793755));
#3758 = CARTESIAN_POINT('',(152.44734754956,-25.69792620174,
    -12.925700555));
#3759 = CARTESIAN_POINT('',(154.90809389429,-25.78168330661,
    -12.9247526192));
#3760 = CARTESIAN_POINT('',(157.36900534776,-25.85179005207,
    -12.92395772155));
#3761 = CARTESIAN_POINT('',(159.83004366894,-25.90824912202,
    -12.92331875548));
#3762 = CARTESIAN_POINT('',(162.29117608546,-25.95106290584,
    -12.92283791658));
#3763 = CARTESIAN_POINT('',(164.7523752929,-25.98023349856,
    -12.92251670251));
#3764 = CARTESIAN_POINT('',(167.21361945516,-25.99576270078,
    -12.92235591306));
#3765 = CARTESIAN_POINT('',(172.16101270448,-25.99956041016,
    -12.92235538451));
#3766 = CARTESIAN_POINT('',(174.64714041678,-25.98755035494,
    -12.9225189282));
#3767 = CARTESIAN_POINT('',(177.13323341653,-25.9616218629,
    -12.92284615567));
#3768 = CARTESIAN_POINT('',(179.61924965973,-25.92177437061,
    -12.92333621917));
#3769 = CARTESIAN_POINT('',(182.10514698269,-25.8680067414,
    -12.92398754864));
#3770 = CARTESIAN_POINT('',(184.59088310288,-25.80031726525,
    -12.92479785176));
#3771 = CARTESIAN_POINT('',(187.0764156173,-25.71870365889,
    -12.92576411395));
#3772 = CARTESIAN_POINT('',(189.56170200498,-25.62316306572,
    -12.92688259835));
#3773 = CARTESIAN_POINT('',(192.04669962382,-25.51369205588,
    -12.92814884581));
#3774 = CARTESIAN_POINT('',(194.53136571389,-25.3902866262,
    -12.92955767493));
#3775 = CARTESIAN_POINT('',(197.01565739461,-25.25294220021,
    -12.93110318204));
#3776 = CARTESIAN_POINT('',(199.4995316667,-25.10165362818,
    -12.93277874117));
#3777 = CARTESIAN_POINT('',(203.23587146352,-24.85304947796,
    -12.9354842595));
#3778 = CARTESIAN_POINT('',(204.48869048511,-24.76613198628,
    -12.93642281093));
#3779 = CARTESIAN_POINT('',(205.74138924789,-24.67566274349,
    -12.93739172218));
#3780 = CARTESIAN_POINT('',(206.99395643952,-24.58164155312,
    -12.93839002457));
#3781 = CARTESIAN_POINT('',(208.24638266319,-24.4840679907,
    -12.93941671703));
#3782 = CARTESIAN_POINT('',(209.49866043785,-24.38294140377,
    -12.94047076607));
#3783 = CARTESIAN_POINT('',(210.7507841978,-24.2782609119,
    -12.94155110578));
#3784 = CARTESIAN_POINT('',(212.00275029325,-24.17002540665,
    -12.94265663784));
#3785 = CARTESIAN_POINT('',(213.25455698972,-24.05823355164,
    -12.9437862315));
#3786 = CARTESIAN_POINT('',(214.50620446856,-23.94288378247,
    -12.94493872361));
#3787 = CARTESIAN_POINT('',(215.75769482657,-23.82397430676,
    -12.94611291861));
#3788 = CARTESIAN_POINT('',(217.00903207625,-23.70150310416,
    -12.9473075885));
#3789 = CARTESIAN_POINT('',(219.49092906876,-23.45149606168,
    -12.94971548486));
#3790 = CARTESIAN_POINT('',(220.72141456058,-23.32408780096,
    -12.9509277362));
#3791 = CARTESIAN_POINT('',(221.95307226399,-23.19305751542,
    -12.95216129617));
#3792 = CARTESIAN_POINT('',(223.17919834719,-23.05929544097,
    -12.95339396613));
#3793 = CARTESIAN_POINT('',(224.42248688074,-22.9197947921,
    -12.95469304743));
#3794 = CARTESIAN_POINT('',(225.62910326837,-22.78164748389,
    -12.95589822235));
#3795 = CARTESIAN_POINT('',(226.89383040343,-22.63237471241,
    -12.95728452309));
#3796 = CARTESIAN_POINT('',(228.08854289781,-22.48881669828,
    -12.95848119154));
#3797 = CARTESIAN_POINT('',(229.34684080253,-22.33343227479,
    -12.95986961923));
#3798 = CARTESIAN_POINT('',(230.56292729075,-22.1800907492,
    -12.96114479551));
#3799 = CARTESIAN_POINT('',(231.79885736772,-22.02064108293,
    -12.96248319023));
#3800 = CARTESIAN_POINT('',(233.02761428148,-21.8586452328,
    -12.9638144634));
#3801 = CARTESIAN_POINT('',(234.257649355,-21.69297978345,
    -12.96514314175));
#3802 = ORIENTED_EDGE('',*,*,#3574,.F.);
#3803 = ORIENTED_EDGE('',*,*,#2261,.F.);
#3804 = FACE_BOUND('',#3805,.F.);
#3805 = EDGE_LOOP('',(#3806));
#3806 = ORIENTED_EDGE('',*,*,#3807,.F.);
#3807 = EDGE_CURVE('',#3808,#3808,#3810,.T.);
#3808 = VERTEX_POINT('',#3809);
#3809 = CARTESIAN_POINT('',(163.1014713211,-25.94769410837,
    -8.460777494851));
#3810 = B_SPLINE_CURVE_WITH_KNOTS('',7,(#3811,#3812,#3813,#3814,#3815,
    #3816,#3817,#3818,#3819,#3820,#3821,#3822,#3823,#3824,#3825,#3826,
    #3827,#3828,#3829,#3830,#3831,#3832,#3833,#3834,#3835,#3836,#3837,
    #3838,#3839,#3840,#3841,#3842,#3843,#3844,#3845,#3846,#3847,#3848,
    #3849,#3850,#3851,#3852,#3853,#3854),.UNSPECIFIED.,.T.,.F.,(8,6,6,6,
    6,6,6,8),(0.,0.150215802482,0.28713665129,0.424667611359,
    0.587490051226,0.714063309392,0.840798065295,1.),.UNSPECIFIED.);
#3811 = CARTESIAN_POINT('',(163.1014713211,-25.94769410837,
    -8.460777494851));
#3812 = CARTESIAN_POINT('',(163.1014713211,-25.94769410837,
    -8.328251380653));
#3813 = CARTESIAN_POINT('',(163.08284400126,-25.94742525747,
    -8.195594246469));
#3814 = CARTESIAN_POINT('',(163.04552102419,-25.94688658078,
    -8.064837959653));
#3815 = CARTESIAN_POINT('',(162.98916935508,-25.94606868698,
    -7.93819844159));
#3816 = CARTESIAN_POINT('',(162.9133851633,-25.94495665353,
    -7.818323290062));
#3817 = CARTESIAN_POINT('',(162.81783047128,-25.94353045439,
    -7.708508667728));
#3818 = CARTESIAN_POINT('',(162.59764016353,-25.94016982616,
    -7.526351403354));
#3819 = CARTESIAN_POINT('',(162.47405853285,-25.93825692036,
    -7.449675202547));
#3820 = CARTESIAN_POINT('',(162.33445520943,-25.9360557674,
    -7.390599444775));
#3821 = CARTESIAN_POINT('',(162.18374125588,-25.93362339179,
    -7.354225773697));
#3822 = CARTESIAN_POINT('',(162.02811682649,-25.93104626965,
    -7.343234354273));
#3823 = CARTESIAN_POINT('',(161.87420020474,-25.9284370904,
    -7.357775704908));
#3824 = CARTESIAN_POINT('',(161.58097283603,-25.92336739025,
    -7.433063696858));
#3825 = CARTESIAN_POINT('',(161.44545870931,-25.92097205875,
    -7.493058808867));
#3826 = CARTESIAN_POINT('',(161.32418891074,-25.9187852831,
    -7.571292877303));
#3827 = CARTESIAN_POINT('',(161.21893713698,-25.91685669895,
    -7.663980104106));
#3828 = CARTESIAN_POINT('',(161.13075057675,-25.91522166906,
    -7.767437324592));
#3829 = CARTESIAN_POINT('',(161.05996920561,-25.91389868975,
    -7.878073213877));
#3830 = CARTESIAN_POINT('',(160.94245887721,-25.91169063238,
    -8.127795373179));
#3831 = CARTESIAN_POINT('',(160.90102551793,-25.91090223948,
    -8.271604263121));
#3832 = CARTESIAN_POINT('',(160.88253427556,-25.91054748265,
    -8.419938218919));
#3833 = CARTESIAN_POINT('',(160.88706373903,-25.91063435321,
    -8.569214202646));
#3834 = CARTESIAN_POINT('',(160.914430865,-25.91115804795,
    -8.716206017212));
#3835 = CARTESIAN_POINT('',(160.96451400969,-25.91210879638,
    -8.857883716082));
#3836 = CARTESIAN_POINT('',(161.09429749215,-25.9145390023,
    -9.093958994288));
#3837 = CARTESIAN_POINT('',(161.1656848209,-25.91586791678,
    -9.193246908434));
#3838 = CARTESIAN_POINT('',(161.25190736283,-25.91745955634,
    -9.285623034434));
#3839 = CARTESIAN_POINT('',(161.35254114197,-25.91929574567,
    -9.368109375771));
#3840 = CARTESIAN_POINT('',(161.46659690111,-25.9213454156,
    -9.437720048211));
#3841 = CARTESIAN_POINT('',(161.59249033308,-25.92356651988,
    -9.491448483466));
#3842 = CARTESIAN_POINT('',(161.86350734555,-25.92825221819,
    -9.561033825186));
#3843 = CARTESIAN_POINT('',(162.00601626004,-25.93067148321,
    -9.576164156027));
#3844 = CARTESIAN_POINT('',(162.15057678209,-25.93307347839,
    -9.569365457918));
#3845 = CARTESIAN_POINT('',(162.29173381728,-25.93536443472,
    -9.540520207288));
#3846 = CARTESIAN_POINT('',(162.42427751333,-25.93746908502,
    -9.491550421119));
#3847 = CARTESIAN_POINT('',(162.54391171195,-25.93933488007,
    -9.426346257239));
#3848 = CARTESIAN_POINT('',(162.77883303553,-25.94294701176,
    -9.255665924928));
#3849 = CARTESIAN_POINT('',(162.88758506089,-25.94457766693,
    -9.14238635671));
#3850 = CARTESIAN_POINT('',(162.97384372499,-25.94584617055,
    -9.016599154777));
#3851 = CARTESIAN_POINT('',(163.03793580191,-25.94677710848,
    -8.882478277918));
#3852 = CARTESIAN_POINT('',(163.08033293897,-25.94738901378,
    -8.743348773122));
#3853 = CARTESIAN_POINT('',(163.1014713211,-25.94769410837,
    -8.601954224112));
#3854 = CARTESIAN_POINT('',(163.1014713211,-25.94769410837,
    -8.460777494851));
#3855 = FACE_BOUND('',#3856,.F.);
#3856 = EDGE_LOOP('',(#3857));
#3857 = ORIENTED_EDGE('',*,*,#3858,.F.);
#3858 = EDGE_CURVE('',#3859,#3859,#3861,.T.);
#3859 = VERTEX_POINT('',#3860);
#3860 = CARTESIAN_POINT('',(179.1014713211,-25.91252495566,
    -8.460777494851));
#3861 = B_SPLINE_CURVE_WITH_KNOTS('',7,(#3862,#3863,#3864,#3865,#3866,
    #3867,#3868,#3869,#3870,#3871,#3872,#3873,#3874,#3875,#3876,#3877,
    #3878,#3879,#3880,#3881,#3882,#3883,#3884,#3885,#3886,#3887,#3888,
    #3889,#3890,#3891,#3892,#3893,#3894,#3895,#3896,#3897,#3898,#3899,
    #3900,#3901,#3902,#3903,#3904,#3905),.UNSPECIFIED.,.T.,.F.,(8,6,6,6,
    6,6,6,8),(0.,0.150218088345,0.287140824276,0.424668873794,
    0.587488971313,0.714059313665,0.840795590657,1.),.UNSPECIFIED.);
#3862 = CARTESIAN_POINT('',(179.1014713211,-25.91252495566,
    -8.460777494851));
#3863 = CARTESIAN_POINT('',(179.1014713211,-25.91252495566,
    -8.32825000464));
#3864 = CARTESIAN_POINT('',(179.08284361421,-25.9128757217,
    -8.195591564949));
#3865 = CARTESIAN_POINT('',(179.04551989968,-25.91357855133,
    -8.064834444563));
#3866 = CARTESIAN_POINT('',(178.98916744598,-25.91463512424,
    -7.938194849023));
#3867 = CARTESIAN_POINT('',(178.91338287317,-25.91604393988,
    -7.818320435407));
#3868 = CARTESIAN_POINT('',(178.81782867302,-25.91779620362,
    -7.70850718008));
#3869 = CARTESIAN_POINT('',(178.59764195326,-25.92175977618,
    -7.526352883945));
#3870 = CARTESIAN_POINT('',(178.47406279729,-25.92395756105,
    -7.44967785878));
#3871 = CARTESIAN_POINT('',(178.33446202458,-25.92640002912,
    -7.390602154067));
#3872 = CARTESIAN_POINT('',(178.18374975089,-25.92898086346,
    -7.35422732111));
#3873 = CARTESIAN_POINT('',(178.02812513009,-25.93158032114,
    -7.343234113657));
#3874 = CARTESIAN_POINT('',(177.87420574464,-25.93409095662,
    -7.357774282503));
#3875 = CARTESIAN_POINT('',(177.58097240644,-25.9387750528,
    -7.433063807158));
#3876 = CARTESIAN_POINT('',(177.44545768425,-25.94088737685,
    -7.493059218856));
#3877 = CARTESIAN_POINT('',(177.32418725091,-25.94273444868,
    -7.571293862942));
#3878 = CARTESIAN_POINT('',(177.21893516012,-25.94430689891,
    -7.663981861265));
#3879 = CARTESIAN_POINT('',(177.13074882534,-25.94560525247,
    -7.767439635302));
#3880 = CARTESIAN_POINT('',(177.0599682516,-25.9466366946,
    -7.878075241242));
#3881 = CARTESIAN_POINT('',(176.94245957494,-25.94833741582,
    -8.127793890425));
#3882 = CARTESIAN_POINT('',(176.90102574748,-25.94892724976,
    -8.27160255451));
#3883 = CARTESIAN_POINT('',(176.88253401708,-25.94918758447,
    -8.41993732023));
#3884 = CARTESIAN_POINT('',(176.88706348901,-25.94912378882,
    -8.569214429265));
#3885 = CARTESIAN_POINT('',(176.91443102239,-25.94873714982,
    -8.716206992619));
#3886 = CARTESIAN_POINT('',(176.96451450779,-25.94802195141,
    -8.857884622124));
#3887 = CARTESIAN_POINT('',(177.09429661389,-25.94613512883,
    -9.093957396749));
#3888 = CARTESIAN_POINT('',(177.16568334027,-25.94508946393,
    -9.193245158775));
#3889 = CARTESIAN_POINT('',(177.25190581029,-25.94381304902,
    -9.28562179709));
#3890 = CARTESIAN_POINT('',(177.35253997348,-25.94230181414,
    -9.368108756951));
#3891 = CARTESIAN_POINT('',(177.46659630382,-25.94055760119,
    -9.43771984923));
#3892 = CARTESIAN_POINT('',(177.59249018458,-25.93859106833,
    -9.491448445337));
#3893 = CARTESIAN_POINT('',(177.86351224543,-25.93426177409,
    -9.561035083261));
#3894 = CARTESIAN_POINT('',(178.00602375354,-25.93194068497,
    -9.576164528995));
#3895 = CARTESIAN_POINT('',(178.15058467322,-25.92953411883,
    -9.569364322549));
#3896 = CARTESIAN_POINT('',(178.29174046419,-25.92712975245,
    -9.540517987706));
#3897 = CARTESIAN_POINT('',(178.42428198565,-25.92482560228,
    -9.49154803325));
#3898 = CARTESIAN_POINT('',(178.54391377672,-25.92271201124,
    -9.4263447571));
#3899 = CARTESIAN_POINT('',(178.77883090506,-25.91850995328,
    -9.255667472801));
#3900 = CARTESIAN_POINT('',(178.88758231124,-25.91652316155,
    -9.142389469978));
#3901 = CARTESIAN_POINT('',(178.97384139496,-25.9149223993,
    -9.01660318702));
#3902 = CARTESIAN_POINT('',(179.03793440468,-25.91372139512,
    -8.882482314125));
#3903 = CARTESIAN_POINT('',(179.08033244776,-25.91292300666,
    -8.743351911969));
#3904 = CARTESIAN_POINT('',(179.1014713211,-25.91252495566,
    -8.601955863027));
#3905 = CARTESIAN_POINT('',(179.1014713211,-25.91252495566,
    -8.460777494851));
#3906 = FACE_BOUND('',#3907,.F.);
#3907 = EDGE_LOOP('',(#3908,#3919,#3962,#3971));
#3908 = ORIENTED_EDGE('',*,*,#3909,.F.);
#3909 = EDGE_CURVE('',#3910,#3912,#3914,.T.);
#3910 = VERTEX_POINT('',#3911);
#3911 = CARTESIAN_POINT('',(167.00778296714,-25.98821133797,
    -11.46077749485));
#3912 = VERTEX_POINT('',#3913);
#3913 = CARTESIAN_POINT('',(172.99533684535,-25.98874175655,
    -11.46077749485));
#3914 = CIRCLE('',#3915,481.07787926671);
#3915 = AXIS2_PLACEMENT_3D('',#3916,#3917,#3918);
#3916 = CARTESIAN_POINT('',(170.0441762583,455.08008551346,
    -11.46077749485));
#3917 = DIRECTION('',(8.19282474165E-35,2.22044604925E-16,1.));
#3918 = DIRECTION('',(-6.324765840062E-03,-0.999979998469,
    2.220401636929E-16));
#3919 = ORIENTED_EDGE('',*,*,#3920,.F.);
#3920 = EDGE_CURVE('',#3921,#3910,#3923,.T.);
#3921 = VERTEX_POINT('',#3922);
#3922 = CARTESIAN_POINT('',(167.00778296714,-25.98821133797,
    -5.460777494851));
#3923 = ( BOUNDED_CURVE() B_SPLINE_CURVE(7,(#3924,#3925,#3926,#3927,
    #3928,#3929,#3930,#3931,#3932,#3933,#3934,#3935,#3936,#3937,#3938,
    #3939,#3940,#3941,#3942,#3943,#3944,#3945,#3946,#3947,#3948,#3949,
    #3950,#3951,#3952,#3953,#3954,#3955,#3956,#3957,#3958,#3959,#3960,
#3961),.UNSPECIFIED.,.F.,.F.) B_SPLINE_CURVE_WITH_KNOTS((8,6,6,6,6,6,8),
  (18.277051596466,18.282296674391,19.8896181993,21.425008433191,
    22.960398634079,24.567720087742,24.572965165351),.UNSPECIFIED.) 
CURVE() GEOMETRIC_REPRESENTATION_ITEM() RATIONAL_B_SPLINE_CURVE((1.,1.,
    1.,1.,1.,1.,1.,1.,1.,1.,1.,1.,1.,1.,1.,1.,1.,1.,1.,1.,1.,1.,1.,1.,1.
,1.,1.,1.,1.,1.,1.,1.,1.,1.,1.,1.,1.,1.)) REPRESENTATION_ITEM('') );
#3924 = CARTESIAN_POINT('',(167.00778296724,-25.98821133797,
    -5.460777494851));
#3925 = CARTESIAN_POINT('',(167.00688130285,-25.98820564687,
    -5.460777494851));
#3926 = CARTESIAN_POINT('',(167.00606183316,-25.98820047397,
    -5.460777941907));
#3927 = CARTESIAN_POINT('',(167.00505578976,-25.98819411845,
    -5.460778924898));
#3928 = CARTESIAN_POINT('',(167.00404889466,-25.98818775543,
    -5.460780393865));
#3929 = CARTESIAN_POINT('',(167.00328130782,-25.98818290462,
    -5.460782273165));
#3930 = CARTESIAN_POINT('',(167.0026475746,-25.98817889903,
    -5.460784574621));
#3931 = CARTESIAN_POINT('',(166.58729060264,-25.98555166001,
    -5.461687242927));
#3932 = CARTESIAN_POINT('',(166.18427913493,-25.98258623807,
    -5.529621770137));
#3933 = CARTESIAN_POINT('',(165.80693854858,-25.97941094868,
    -5.657343587034));
#3934 = CARTESIAN_POINT('',(165.46245610925,-25.97618183015,
    -5.837110933262));
#3935 = CARTESIAN_POINT('',(165.16232116545,-25.97314142743,
    -6.054248854464));
#3936 = CARTESIAN_POINT('',(164.90653897294,-25.97040528349,
    -6.298375783116));
#3937 = CARTESIAN_POINT('',(164.4959944218,-25.96584143421,
    -6.79805558441));
#3938 = CARTESIAN_POINT('',(164.33234535522,-25.96392453337,
    -7.058503991025));
#3939 = CARTESIAN_POINT('',(164.20442202776,-25.96237265848,
    -7.328386617141));
#3940 = CARTESIAN_POINT('',(164.10841539887,-25.96118281355,
    -7.607863317053));
#3941 = CARTESIAN_POINT('',(164.04565607334,-25.96039573296,
    -7.890280548304));
#3942 = CARTESIAN_POINT('',(164.01400666502,-25.9599990683,
    -8.175560801628));
#3943 = CARTESIAN_POINT('',(164.01400539123,-25.95999905234,
    -8.745980816231));
#3944 = CARTESIAN_POINT('',(164.04564535887,-25.96039560079,
    -9.031305623056));
#3945 = CARTESIAN_POINT('',(164.10846718252,-25.96118345961,
    -9.313836688634));
#3946 = CARTESIAN_POINT('',(164.20440700331,-25.96237245933,
    -9.593089044435));
#3947 = CARTESIAN_POINT('',(164.33234709612,-25.96392455907,
    -9.863070103914));
#3948 = CARTESIAN_POINT('',(164.49599441889,-25.96584143418,
    -10.12349940179));
#3949 = CARTESIAN_POINT('',(164.90653897149,-25.97040528347,
    -10.62317920477));
#3950 = CARTESIAN_POINT('',(165.16232116397,-25.97314142741,
    -10.86730613404));
#3951 = CARTESIAN_POINT('',(165.46245610926,-25.97618183016,
    -11.08444405846));
#3952 = CARTESIAN_POINT('',(165.80693855118,-25.9794109487,
    -11.2642114016));
#3953 = CARTESIAN_POINT('',(166.18427913183,-25.98258623805,
    -11.39193321918));
#3954 = CARTESIAN_POINT('',(166.58729060152,-25.98555166001,
    -11.45986774669));
#3955 = CARTESIAN_POINT('',(167.00264757401,-25.98817889903,
    -11.46077041507));
#3956 = CARTESIAN_POINT('',(167.00328130838,-25.98818290463,
    -11.46077271654));
#3957 = CARTESIAN_POINT('',(167.00404889519,-25.98818775543,
    -11.46077459584));
#3958 = CARTESIAN_POINT('',(167.00505578947,-25.98819411845,
    -11.4607760648));
#3959 = CARTESIAN_POINT('',(167.00606183261,-25.98820047397,
    -11.46077704779));
#3960 = CARTESIAN_POINT('',(167.00688130308,-25.98820564687,
    -11.46077749485));
#3961 = CARTESIAN_POINT('',(167.00778296714,-25.98821133797,
    -11.46077749485));
#3962 = ORIENTED_EDGE('',*,*,#3963,.F.);
#3963 = EDGE_CURVE('',#3964,#3921,#3966,.T.);
#3964 = VERTEX_POINT('',#3965);
#3965 = CARTESIAN_POINT('',(172.99533684661,-25.98874175654,
    -5.460777494851));
#3966 = CIRCLE('',#3967,481.07787926671);
#3967 = AXIS2_PLACEMENT_3D('',#3968,#3969,#3970);
#3968 = CARTESIAN_POINT('',(170.0441762583,455.08008551346,
    -5.460777494851));
#3969 = DIRECTION('',(-5.264033062328E-35,-2.22044604925E-16,-1.));
#3970 = DIRECTION('',(6.147227279109E-03,-0.99998110562,
    2.220404095299E-16));
#3971 = ORIENTED_EDGE('',*,*,#3972,.F.);
#3972 = EDGE_CURVE('',#3912,#3964,#3973,.T.);
#3973 = ( BOUNDED_CURVE() B_SPLINE_CURVE(7,(#3974,#3975,#3976,#3977,
    #3978,#3979,#3980,#3981,#3982,#3983,#3984,#3985,#3986,#3987,#3988,
    #3989,#3990,#3991,#3992,#3993,#3994,#3995,#3996,#3997,#3998,#3999,
    #4000,#4001,#4002,#4003,#4004,#4005,#4006,#4007,#4008,#4009,#4010,
    #4011,#4012,#4013,#4014,#4015,#4016,#4017,#4018,#4019,#4020,#4021,
    #4022,#4023,#4024,#4025,#4026,#4027,#4028,#4029,#4030,#4031,#4032,
    #4033,#4034,#4035,#4036,#4037,#4038,#4039,#4040,#4041,#4042,#4043,
    #4044,#4045,#4046,#4047),.UNSPECIFIED.,.F.,.F.) 
B_SPLINE_CURVE_WITH_KNOTS((8,6,6,6,6,6,6,6,6,6,6,6,8),(5.993904321916,
    5.999033244087,7.418397622379,9.145404058605,10.678964063426,
    11.484211591277,11.886835355203,12.088147237166,12.188803178147,
    12.239131148638,12.264295133883,12.284367359811,12.289459119129),
.UNSPECIFIED.) CURVE() GEOMETRIC_REPRESENTATION_ITEM() 
RATIONAL_B_SPLINE_CURVE((1.,1.,1.,1.,1.,1.,1.,1.,1.,1.,1.,1.,1.,1.,1.,1.
    ,1.,1.,1.,1.,1.,1.,1.,1.,1.,1.,1.,1.,1.,1.,1.,1.,1.,1.,1.,1.,1.,1.,
    1.,1.,1.,1.,1.,1.,1.,1.,1.,1.,1.,1.,1.,1.,1.,1.,1.,1.,1.,1.,1.,1.,1.
,1.,1.,1.,1.,1.,1.,1.,1.,1.,1.,1.,1.,1.)) REPRESENTATION_ITEM('') );
#3974 = CARTESIAN_POINT('',(172.99533684664,-25.98874175654,
    -11.46077749485));
#3975 = CARTESIAN_POINT('',(172.99621320268,-25.98873638046,
    -11.46077749485));
#3976 = CARTESIAN_POINT('',(172.99700969336,-25.98873149375,
    -11.46077707252));
#3977 = CARTESIAN_POINT('',(172.99798746265,-25.98872549024,
    -11.46077614395));
#3978 = CARTESIAN_POINT('',(172.99896606115,-25.98871947964,
    -11.46077475631));
#3979 = CARTESIAN_POINT('',(172.99971214464,-25.98871489708,
    -11.46077298102));
#3980 = CARTESIAN_POINT('',(173.00032817241,-25.9887111127,
    -11.46077080693));
#3981 = CARTESIAN_POINT('',(173.36497883208,-25.98646935116,
    -11.46000050504));
#3982 = CARTESIAN_POINT('',(173.72168412904,-25.98395580181,
    -11.40760219235));
#3983 = CARTESIAN_POINT('',(174.06044073717,-25.98125642919,
    -11.30759696328));
#3984 = CARTESIAN_POINT('',(174.37581098706,-25.97847228864,
    -11.16492451561));
#3985 = CARTESIAN_POINT('',(174.65787700929,-25.97578051874,
    -10.98980286694));
#3986 = CARTESIAN_POINT('',(174.90595052191,-25.97327308687,
    -10.78986984564));
#3987 = CARTESIAN_POINT('',(175.374858774,-25.96832784493,
    -10.31765649455));
#3988 = CARTESIAN_POINT('',(175.58434584381,-25.96595770238,
    -10.03288256003));
#3989 = CARTESIAN_POINT('',(175.74753101892,-25.96402401178,
    -9.733134674127));
#3990 = CARTESIAN_POINT('',(175.86938014397,-25.96254009268,
    -9.420540376597));
#3991 = CARTESIAN_POINT('',(175.94898717857,-25.96155573826,
    -9.103156404558));
#3992 = CARTESIAN_POINT('',(175.989112952,-25.9610599694,-8.781961644522
    ));
#3993 = CARTESIAN_POINT('',(175.98911452335,-25.96105994998,
    -8.175584639513));
#3994 = CARTESIAN_POINT('',(175.95747801028,-25.96145084879,
    -7.890225601411));
#3995 = CARTESIAN_POINT('',(175.89463522992,-25.96222783473,
    -7.607645925231));
#3996 = CARTESIAN_POINT('',(175.79869396464,-25.96339984593,
    -7.328419318648));
#3997 = CARTESIAN_POINT('',(175.67073647706,-25.96492947781,
    -7.058406390396));
#3998 = CARTESIAN_POINT('',(175.50707309264,-25.96681752197,
    -6.797973331211));
#3999 = CARTESIAN_POINT('',(175.20115316199,-25.97016404913,
    -6.425661888021));
#4000 = CARTESIAN_POINT('',(175.0843099378,-25.97141524229,
    -6.300351352808));
#4001 = CARTESIAN_POINT('',(174.95607958437,-25.97275370841,
    -6.179863122294));
#4002 = CARTESIAN_POINT('',(174.81665645318,-25.97416486504,
    -6.065899645324));
#4003 = CARTESIAN_POINT('',(174.66639946716,-25.97563132902,
    -5.9600145087));
#4004 = CARTESIAN_POINT('',(174.50593071441,-25.97713298158,
    -5.863707758048));
#4005 = CARTESIAN_POINT('',(174.25138570574,-25.97940405954,
    -5.735927949016));
#4006 = CARTESIAN_POINT('',(174.16420328996,-25.98016424306,
    -5.696120783809));
#4007 = CARTESIAN_POINT('',(174.07482386775,-25.98092486707,
    -5.659263294579));
#4008 = CARTESIAN_POINT('',(173.98338451229,-25.98168321451,
    -5.625519052836));
#4009 = CARTESIAN_POINT('',(173.8900222967,-25.98243656831,
    -5.595051630087));
#4010 = CARTESIAN_POINT('',(173.79487429414,-25.98318221142,
    -5.568024597839));
#4011 = CARTESIAN_POINT('',(173.64967921958,-25.98428503448,
    -5.532889992482));
#4012 = CARTESIAN_POINT('',(173.6008722068,-25.98465004077,
    -5.522076988831));
#4013 = CARTESIAN_POINT('',(173.55167922925,-25.98501212938,
    -5.512179561364));
#4014 = CARTESIAN_POINT('',(173.50212297671,-25.98537098403,
    -5.503214754796));
#4015 = CARTESIAN_POINT('',(173.452226139,-25.98572628844,
    -5.495199613844));
#4016 = CARTESIAN_POINT('',(173.40201140591,-25.98607772633,
    -5.488151183224));
#4017 = CARTESIAN_POINT('',(173.32624649793,-25.98659860896,
    -5.479054169864));
#4018 = CARTESIAN_POINT('',(173.30091807477,-25.98677119265,
    -5.476267578181));
#4019 = CARTESIAN_POINT('',(173.27551954568,-25.98694269564,
    -5.473728567518));
#4020 = CARTESIAN_POINT('',(173.25005425858,-25.98711308105,
    -5.471438972794));
#4021 = CARTESIAN_POINT('',(173.22452556137,-25.98728231203,
    -5.469400628925));
#4022 = CARTESIAN_POINT('',(173.19893680195,-25.98745035171,
    -5.467615370829));
#4023 = CARTESIAN_POINT('',(173.16046859136,-25.987700569,
    -5.465319864721));
#4024 = CARTESIAN_POINT('',(173.1476317065,-25.98778366788,
    -5.464618408112));
#4025 = CARTESIAN_POINT('',(173.13478113255,-25.98786645548,
    -5.463980867735));
#4026 = CARTESIAN_POINT('',(173.12191732844,-25.98794892739,
    -5.463407447727));
#4027 = CARTESIAN_POINT('',(173.10904075308,-25.98803107922,
    -5.462898352227));
#4028 = CARTESIAN_POINT('',(173.09615186539,-25.98811290656,
    -5.462453785371));
#4029 = CARTESIAN_POINT('',(173.07680075374,-25.98823515423,
    -5.461884034261));
#4030 = CARTESIAN_POINT('',(173.0703474221,-25.98827582124,
    -5.461710298961));
#4031 = CARTESIAN_POINT('',(173.06389118957,-25.98831640551,
    -5.461552769022));
#4032 = CARTESIAN_POINT('',(173.05743211634,-25.98835690649,
    -5.461411468071));
#4033 = CARTESIAN_POINT('',(173.05097026263,-25.98839732365,
    -5.461286419733));
#4034 = CARTESIAN_POINT('',(173.04450568863,-25.98843765646,
    -5.461177647632));
#4035 = CARTESIAN_POINT('',(173.0328798208,-25.98851000841,
    -5.46101141428));
#4036 = CARTESIAN_POINT('',(173.02771949473,-25.98854205842,
    -5.460948023942));
#4037 = CARTESIAN_POINT('',(173.02255750782,-25.98857405416,
    -5.460895015733));
#4038 = CARTESIAN_POINT('',(173.01739389153,-25.98860599535,
    -5.460852401008));
#4039 = CARTESIAN_POINT('',(173.01222867733,-25.98863788173,
    -5.460820191117));
#4040 = CARTESIAN_POINT('',(173.0070618967,-25.98866971303,
    -5.460798397415));
#4041 = CARTESIAN_POINT('',(173.00058252476,-25.98870954964,
    -5.460784147976));
#4042 = CARTESIAN_POINT('',(172.9996057175,-25.98871555212,
    -5.460781918455));
#4043 = CARTESIAN_POINT('',(172.99877462379,-25.98872065663,
    -5.460780198274));
#4044 = CARTESIAN_POINT('',(172.99796357019,-25.98872563645,
    -5.460778899366));
#4045 = CARTESIAN_POINT('',(172.99710974531,-25.98873087793,
    -5.460777990015));
#4046 = CARTESIAN_POINT('',(172.99621319986,-25.98873638047,
    -5.460777494851));
#4047 = CARTESIAN_POINT('',(172.99533684661,-25.98874175654,
    -5.460777494851));
#4048 = CYLINDRICAL_SURFACE('',#4049,481.07787926671);
#4049 = AXIS2_PLACEMENT_3D('',#4050,#4051,#4052);
#4050 = CARTESIAN_POINT('',(170.0441762583,455.08008551346,0.));
#4051 = DIRECTION('',(0.,0.,1.));
#4052 = DIRECTION('',(0.133506953229,-0.991047876462,0.));
#4053 = ADVANCED_FACE('',(#4054),#4114,.T.);
#4054 = FACE_BOUND('',#4055,.T.);
#4055 = EDGE_LOOP('',(#4056,#4057,#4058,#4059));
#4056 = ORIENTED_EDGE('',*,*,#3607,.F.);
#4057 = ORIENTED_EDGE('',*,*,#2279,.T.);
#4058 = ORIENTED_EDGE('',*,*,#3718,.T.);
#4059 = ORIENTED_EDGE('',*,*,#4060,.F.);
#4060 = EDGE_CURVE('',#3608,#3719,#4061,.T.);
#4061 = ( BOUNDED_CURVE() B_SPLINE_CURVE(11,(#4062,#4063,#4064,#4065,
    #4066,#4067,#4068,#4069,#4070,#4071,#4072,#4073,#4074,#4075,#4076,
    #4077,#4078,#4079,#4080,#4081,#4082,#4083,#4084,#4085,#4086,#4087,
    #4088,#4089,#4090,#4091,#4092,#4093,#4094,#4095,#4096,#4097,#4098,
    #4099,#4100,#4101,#4102,#4103,#4104,#4105,#4106,#4107,#4108,#4109,
    #4110,#4111,#4112,#4113),.UNSPECIFIED.,.F.,.F.) 
B_SPLINE_CURVE_WITH_KNOTS((12,10,10,10,10,12),(344.09673416889,
    359.22641648522,376.86243790644,408.98052037797,434.05038780737,
441.0986028495),.UNSPECIFIED.) CURVE() GEOMETRIC_REPRESENTATION_ITEM() 
RATIONAL_B_SPLINE_CURVE((1.,1.,1.,1.,1.000000000001,0.999999999999,
    1.000000000001,1.,1.,1.,1.,1.,1.,1.000000000001,0.999999999999,
    1.000000000001,0.999999999999,1.000000000001,1.,1.,1.,1.,1.,1.,
    1.000000000001,0.999999999999,1.000000000001,0.999999999999,1.,1.,1.
    ,1.,1.,1.000000000001,0.999999999998,1.000000000002,0.999999999998,
    1.000000000001,0.999999999999,1.,1.,1.,1.,1.,1.,1.,1.,1.,1.,1.,1.,1.
)) REPRESENTATION_ITEM('') );
#4062 = CARTESIAN_POINT('',(30.102267044297,-17.01665933873,
    -12.99368905704));
#4063 = CARTESIAN_POINT('',(31.177043332388,-16.95382674227,
    -12.993990072));
#4064 = CARTESIAN_POINT('',(32.250618457115,-16.89509753148,
    -12.99427038385));
#4065 = CARTESIAN_POINT('',(33.326983952715,-16.84022468888,
    -12.99452562845));
#4066 = CARTESIAN_POINT('',(34.400007032536,-16.7896030803,
    -12.99476631791));
#4067 = CARTESIAN_POINT('',(35.476448775016,-16.74276570202,
    -12.99497899446));
#4068 = CARTESIAN_POINT('',(36.550507425972,-16.70014291739,
    -12.99517948585));
#4069 = CARTESIAN_POINT('',(37.626022869905,-16.66141962016,
    -12.99535496667));
#4070 = CARTESIAN_POINT('',(38.701012211585,-16.62677367733,
    -12.99551463965));
#4071 = CARTESIAN_POINT('',(39.776287751662,-16.59612690168,
    -12.99565441516));
#4072 = CARTESIAN_POINT('',(40.851504458094,-16.56950506573,
    -12.99577612461));
#4073 = CARTESIAN_POINT('',(43.180169392535,-16.52055247117,
    -12.9960003176));
#4074 = CARTESIAN_POINT('',(44.433618698801,-16.49966267282,
    -12.99609633251));
#4075 = CARTESIAN_POINT('',(45.687288416566,-16.48423188513,
    -12.99616803897));
#4076 = CARTESIAN_POINT('',(46.941120968372,-16.47426103239,
    -12.99621569763));
#4077 = CARTESIAN_POINT('',(48.194981527575,-16.46975100841,
    -12.99623948252));
#4078 = CARTESIAN_POINT('',(49.448757347741,-16.47070224141,
    -12.99623948114));
#4079 = CARTESIAN_POINT('',(50.702409516191,-16.47711452616,
    -12.99621569434));
#4080 = CARTESIAN_POINT('',(51.955977132906,-16.48898712351,
    -12.99616803588));
#4081 = CARTESIAN_POINT('',(53.209533913318,-16.50631912723,
    -12.9960963318));
#4082 = CARTESIAN_POINT('',(54.463097216453,-16.52911009817,
    -12.99600031947));
#4083 = CARTESIAN_POINT('',(57.999122052611,-16.60881042107,
    -12.99565988093));
#4084 = CARTESIAN_POINT('',(60.281391808457,-16.67836446247,
    -12.99535835723));
#4085 = CARTESIAN_POINT('',(62.563354797387,-16.76603027865,
    -12.99497287063));
#4086 = CARTESIAN_POINT('',(64.845002422373,-16.87181529958,
    -12.99450028263));
#4087 = CARTESIAN_POINT('',(67.126276256324,-16.99572739608,
    -12.99393647458));
#4088 = CARTESIAN_POINT('',(69.407082841691,-17.13777507934,
    -12.99327630139));
#4089 = CARTESIAN_POINT('',(71.687308490132,-17.29796770044,
    -12.99251354515));
#4090 = CARTESIAN_POINT('',(73.966834082006,-17.4763156499,
    -12.99164086892));
#4091 = CARTESIAN_POINT('',(76.245549866123,-17.67283055718,
    -12.99064977034));
#4092 = CARTESIAN_POINT('',(78.523370259214,-17.88752549025,
    -12.98953053535));
#4093 = CARTESIAN_POINT('',(82.577473028546,-18.30219789469,
    -12.98728998809));
#4094 = CARTESIAN_POINT('',(84.354110164688,-18.49506573187,
    -12.98622287201));
#4095 = CARTESIAN_POINT('',(86.130128495877,-18.69902717031,
    -12.9850657834));
#4096 = CARTESIAN_POINT('',(87.905494560721,-18.91409109723,
    -12.98381306509));
#4097 = CARTESIAN_POINT('',(89.680172994868,-19.14026678342,
    -12.98245846305));
#4098 = CARTESIAN_POINT('',(91.454126530649,-19.37756388322,
    -12.98099512636));
#4099 = CARTESIAN_POINT('',(93.227315997492,-19.62599243451,
    -12.97941560723));
#4100 = CARTESIAN_POINT('',(94.999700321538,-19.88556285874,
    -12.977711861));
#4101 = CARTESIAN_POINT('',(96.771236525926,-20.15628596091,
    -12.9758752461));
#4102 = CARTESIAN_POINT('',(98.541879730627,-20.43817292956,
    -12.97389652413));
#4103 = CARTESIAN_POINT('',(100.8091226913,-20.81362774964,
    -12.97116683863));
#4104 = CARTESIAN_POINT('',(101.30658680054,-20.89690332034,
    -12.97055586288));
#4105 = CARTESIAN_POINT('',(101.80397458886,-20.98106203412,
    -12.96993239186));
#4106 = CARTESIAN_POINT('',(102.30129201641,-21.06610592599,
    -12.96929672193));
#4107 = CARTESIAN_POINT('',(102.79852093079,-21.1520318967,
    -12.9686484223));
#4108 = CARTESIAN_POINT('',(103.29566183203,-21.23884012567,
    -12.9679869063));
#4109 = CARTESIAN_POINT('',(103.79274460039,-21.32653667938,
    -12.96731209236));
#4110 = CARTESIAN_POINT('',(104.28978075646,-21.41512456239,
    -12.96662418198));
#4111 = CARTESIAN_POINT('',(104.78671014876,-21.50459310648,
    -12.96592265497));
#4112 = CARTESIAN_POINT('',(105.28347430019,-21.59493124215,
    -12.96520565525));
#4113 = CARTESIAN_POINT('',(105.78042797149,-21.68620584519,
    -12.96447201374));
#4114 = CYLINDRICAL_SURFACE('',#4115,316.63444484691);
#4115 = AXIS2_PLACEMENT_3D('',#4116,#4117,#4118);
#4116 = CARTESIAN_POINT('',(48.581511431857,-333.1114065117,0.));
#4117 = DIRECTION('',(0.,0.,1.));
#4118 = DIRECTION('',(-5.85748498341E-02,0.998283019472,0.));
#4119 = ADVANCED_FACE('',(#4120),#4138,.F.);
#4120 = FACE_BOUND('',#4121,.F.);
#4121 = EDGE_LOOP('',(#4122,#4123,#4124,#4132));
#4122 = ORIENTED_EDGE('',*,*,#2387,.F.);
#4123 = ORIENTED_EDGE('',*,*,#2614,.T.);
#4124 = ORIENTED_EDGE('',*,*,#4125,.T.);
#4125 = EDGE_CURVE('',#2606,#4126,#4128,.T.);
#4126 = VERTEX_POINT('',#4127);
#4127 = CARTESIAN_POINT('',(180.0014713211,-27.,-5.460777494851));
#4128 = LINE('',#4129,#4130);
#4129 = CARTESIAN_POINT('',(180.0014713211,-27.,-11.46077749485));
#4130 = VECTOR('',#4131,1.);
#4131 = DIRECTION('',(0.,2.22044604925E-16,1.));
#4132 = ORIENTED_EDGE('',*,*,#4133,.F.);
#4133 = EDGE_CURVE('',#2371,#4126,#4134,.T.);
#4134 = LINE('',#4135,#4136);
#4135 = CARTESIAN_POINT('',(180.0014713211,-30.,-5.460777494851));
#4136 = VECTOR('',#4137,1.);
#4137 = DIRECTION('',(0.,1.,-2.22044604925E-16));
#4138 = PLANE('',#4139);
#4139 = AXIS2_PLACEMENT_3D('',#4140,#4141,#4142);
#4140 = CARTESIAN_POINT('',(180.0014713211,-30.,-11.46077749485));
#4141 = DIRECTION('',(1.,0.,0.));
#4142 = DIRECTION('',(0.,2.22044604925E-16,1.));
#4143 = ADVANCED_FACE('',(#4144),#4163,.F.);
#4144 = FACE_BOUND('',#4145,.F.);
#4145 = EDGE_LOOP('',(#4146,#4147,#4148,#4157));
#4146 = ORIENTED_EDGE('',*,*,#2370,.F.);
#4147 = ORIENTED_EDGE('',*,*,#4133,.T.);
#4148 = ORIENTED_EDGE('',*,*,#4149,.T.);
#4149 = EDGE_CURVE('',#4126,#4150,#4152,.T.);
#4150 = VERTEX_POINT('',#4151);
#4151 = CARTESIAN_POINT('',(179.5014713211,-27.,-4.960777494851));
#4152 = CIRCLE('',#4153,0.5);
#4153 = AXIS2_PLACEMENT_3D('',#4154,#4155,#4156);
#4154 = CARTESIAN_POINT('',(179.5014713211,-27.,-5.460777494851));
#4155 = DIRECTION('',(0.,-1.,2.22044604925E-16));
#4156 = DIRECTION('',(1.,0.,0.));
#4157 = ORIENTED_EDGE('',*,*,#4158,.F.);
#4158 = EDGE_CURVE('',#2362,#4150,#4159,.T.);
#4159 = LINE('',#4160,#4161);
#4160 = CARTESIAN_POINT('',(179.5014713211,-30.,-4.960777494851));
#4161 = VECTOR('',#4162,1.);
#4162 = DIRECTION('',(0.,1.,-2.22044604925E-16));
#4163 = CYLINDRICAL_SURFACE('',#4164,0.5);
#4164 = AXIS2_PLACEMENT_3D('',#4165,#4166,#4167);
#4165 = CARTESIAN_POINT('',(179.5014713211,-30.,-5.460777494851));
#4166 = DIRECTION('',(0.,-1.,2.22044604925E-16));
#4167 = DIRECTION('',(1.,0.,0.));
#4168 = ADVANCED_FACE('',(#4169),#4187,.F.);
#4169 = FACE_BOUND('',#4170,.F.);
#4170 = EDGE_LOOP('',(#4171,#4172,#4173,#4181));
#4171 = ORIENTED_EDGE('',*,*,#2361,.T.);
#4172 = ORIENTED_EDGE('',*,*,#4158,.T.);
#4173 = ORIENTED_EDGE('',*,*,#4174,.T.);
#4174 = EDGE_CURVE('',#4150,#4175,#4177,.T.);
#4175 = VERTEX_POINT('',#4176);
#4176 = CARTESIAN_POINT('',(160.5014713211,-27.,-4.960777494851));
#4177 = LINE('',#4178,#4179);
#4178 = CARTESIAN_POINT('',(179.5014713211,-27.,-4.960777494851));
#4179 = VECTOR('',#4180,1.);
#4180 = DIRECTION('',(-1.,0.,0.));
#4181 = ORIENTED_EDGE('',*,*,#4182,.F.);
#4182 = EDGE_CURVE('',#2345,#4175,#4183,.T.);
#4183 = LINE('',#4184,#4185);
#4184 = CARTESIAN_POINT('',(160.5014713211,-30.,-4.960777494851));
#4185 = VECTOR('',#4186,1.);
#4186 = DIRECTION('',(0.,1.,-2.22044604925E-16));
#4187 = PLANE('',#4188);
#4188 = AXIS2_PLACEMENT_3D('',#4189,#4190,#4191);
#4189 = CARTESIAN_POINT('',(179.5014713211,-30.,-4.960777494851));
#4190 = DIRECTION('',(0.,2.22044604925E-16,1.));
#4191 = DIRECTION('',(-1.,0.,0.));
#4192 = ADVANCED_FACE('',(#4193),#4212,.F.);
#4193 = FACE_BOUND('',#4194,.F.);
#4194 = EDGE_LOOP('',(#4195,#4196,#4197,#4206));
#4195 = ORIENTED_EDGE('',*,*,#2344,.F.);
#4196 = ORIENTED_EDGE('',*,*,#4182,.T.);
#4197 = ORIENTED_EDGE('',*,*,#4198,.T.);
#4198 = EDGE_CURVE('',#4175,#4199,#4201,.T.);
#4199 = VERTEX_POINT('',#4200);
#4200 = CARTESIAN_POINT('',(160.0014713211,-27.,-5.460777494851));
#4201 = CIRCLE('',#4202,0.5);
#4202 = AXIS2_PLACEMENT_3D('',#4203,#4204,#4205);
#4203 = CARTESIAN_POINT('',(160.5014713211,-27.,-5.460777494851));
#4204 = DIRECTION('',(0.,-1.,2.22044604925E-16));
#4205 = DIRECTION('',(1.,0.,0.));
#4206 = ORIENTED_EDGE('',*,*,#4207,.F.);
#4207 = EDGE_CURVE('',#2337,#4199,#4208,.T.);
#4208 = LINE('',#4209,#4210);
#4209 = CARTESIAN_POINT('',(160.0014713211,-30.,-5.460777494851));
#4210 = VECTOR('',#4211,1.);
#4211 = DIRECTION('',(0.,1.,-2.22044604925E-16));
#4212 = CYLINDRICAL_SURFACE('',#4213,0.5);
#4213 = AXIS2_PLACEMENT_3D('',#4214,#4215,#4216);
#4214 = CARTESIAN_POINT('',(160.5014713211,-30.,-5.460777494851));
#4215 = DIRECTION('',(0.,-1.,2.22044604925E-16));
#4216 = DIRECTION('',(1.,0.,0.));
#4217 = ADVANCED_FACE('',(#4218),#4229,.F.);
#4218 = FACE_BOUND('',#4219,.F.);
#4219 = EDGE_LOOP('',(#4220,#4221,#4222,#4228));
#4220 = ORIENTED_EDGE('',*,*,#2336,.T.);
#4221 = ORIENTED_EDGE('',*,*,#4207,.T.);
#4222 = ORIENTED_EDGE('',*,*,#4223,.T.);
#4223 = EDGE_CURVE('',#4199,#2657,#4224,.T.);
#4224 = LINE('',#4225,#4226);
#4225 = CARTESIAN_POINT('',(160.0014713211,-27.,-5.460777494851));
#4226 = VECTOR('',#4227,1.);
#4227 = DIRECTION('',(0.,-2.22044604925E-16,-1.));
#4228 = ORIENTED_EDGE('',*,*,#2656,.F.);
#4229 = PLANE('',#4230);
#4230 = AXIS2_PLACEMENT_3D('',#4231,#4232,#4233);
#4231 = CARTESIAN_POINT('',(160.0014713211,-30.,-5.460777494851));
#4232 = DIRECTION('',(-1.,0.,0.));
#4233 = DIRECTION('',(0.,-2.22044604925E-16,-1.));
#4234 = ADVANCED_FACE('',(#4235),#4305,.F.);
#4235 = FACE_BOUND('',#4236,.T.);
#4236 = EDGE_LOOP('',(#4237,#4288,#4294,#4295,#4296));
#4237 = ORIENTED_EDGE('',*,*,#4238,.F.);
#4238 = EDGE_CURVE('',#4239,#4241,#4243,.T.);
#4239 = VERTEX_POINT('',#4240);
#4240 = CARTESIAN_POINT('',(31.09563,-109.274375,-8.253053373812));
#4241 = VERTEX_POINT('',#4242);
#4242 = CARTESIAN_POINT('',(31.09562748846,-109.2776228398,
    -8.253025880118));
#4243 = B_SPLINE_CURVE_WITH_KNOTS('',8,(#4244,#4245,#4246,#4247,#4248,
    #4249,#4250,#4251,#4252,#4253,#4254,#4255,#4256,#4257,#4258,#4259,
    #4260,#4261,#4262,#4263,#4264,#4265,#4266,#4267,#4268,#4269,#4270,
    #4271,#4272,#4273,#4274,#4275,#4276,#4277,#4278,#4279,#4280,#4281,
    #4282,#4283,#4284,#4285,#4286,#4287),.UNSPECIFIED.,.F.,.F.,(9,7,7,7,
    7,7,9),(0.,9.015713426076E-02,0.357252918801,0.50162795759,
    0.565208466888,0.798886008641,1.),.UNSPECIFIED.);
#4244 = CARTESIAN_POINT('',(31.09563,-109.274375,-8.253053373812));
#4245 = CARTESIAN_POINT('',(31.09563,-109.0985171047,-8.254542274159));
#4246 = CARTESIAN_POINT('',(31.078799347951,-108.9226831301,
    -8.256058661026));
#4247 = CARTESIAN_POINT('',(31.045147363168,-108.7506323629,
    -8.257570949804));
#4248 = CARTESIAN_POINT('',(30.995937068203,-108.5852669236,
    -8.259051458629));
#4249 = CARTESIAN_POINT('',(30.932986760924,-108.4286937179,
    -8.260477078703));
#4250 = CARTESIAN_POINT('',(30.858335533579,-108.2823191261,
    -8.26182988136));
#4251 = CARTESIAN_POINT('',(30.774052532221,-108.1469497581,
    -8.26309741056));
#4252 = CARTESIAN_POINT('',(30.409169120368,-107.655286775,
    -8.267753412512));
#4253 = CARTESIAN_POINT('',(30.073426441598,-107.3933639845,
    -8.270359160049));
#4254 = CARTESIAN_POINT('',(29.704794689871,-107.2141330501,
    -8.272188670986));
#4255 = CARTESIAN_POINT('',(29.316896775763,-107.1174666971,
    -8.273187470592));
#4256 = CARTESIAN_POINT('',(28.923975981872,-107.1023979122,
    -8.273341311792));
#4257 = CARTESIAN_POINT('',(28.538721855638,-107.1634606706,
    -8.272701013325));
#4258 = CARTESIAN_POINT('',(28.167928761143,-107.3001051547,
    -8.271296733005));
#4259 = CARTESIAN_POINT('',(27.63662162726,-107.6577136572,
    -8.267758523122));
#4260 = CARTESIAN_POINT('',(27.459488784677,-107.8100645281,
    -8.266266745468));
#4261 = CARTESIAN_POINT('',(27.294273196962,-107.9912832853,
    -8.264516102089));
#4262 = CARTESIAN_POINT('',(27.147184185054,-108.2026924229,
    -8.262509904843));
#4263 = CARTESIAN_POINT('',(27.026238031639,-108.4429932345,
    -8.260280834615));
#4264 = CARTESIAN_POINT('',(26.939815046447,-108.7081059744,
    -8.257892558769));
#4265 = CARTESIAN_POINT('',(26.895949048086,-108.9891320451,
    -8.255441227796));
#4266 = CARTESIAN_POINT('',(26.89549140408,-109.3965942051,
    -8.251991712785));
#4267 = CARTESIAN_POINT('',(26.903797848865,-109.5212247292,
    -8.250950611538));
#4268 = CARTESIAN_POINT('',(26.920560583671,-109.6445734775,
    -8.249934299272));
#4269 = CARTESIAN_POINT('',(26.945478398111,-109.7654990371,-8.248951514
    ));
#4270 = CARTESIAN_POINT('',(26.978041999925,-109.8830495877,
    -8.248008786707));
#4271 = CARTESIAN_POINT('',(27.017612743698,-109.9964555202,
    -8.247110740961));
#4272 = CARTESIAN_POINT('',(27.063477035026,-110.105118136,
    -8.246260404659));
#4273 = CARTESIAN_POINT('',(27.303784610955,-110.5889009861,
    -8.242516092387));
#4274 = CARTESIAN_POINT('',(27.562601737275,-110.8906384263,
    -8.240306123768));
#4275 = CARTESIAN_POINT('',(27.863548067063,-111.1221138366,
    -8.238675244994));
#4276 = CARTESIAN_POINT('',(28.188819314332,-111.2845186919,
    -8.23755880737));
#4277 = CARTESIAN_POINT('',(28.525894880009,-111.3802651871,
    -8.236909316744));
#4278 = CARTESIAN_POINT('',(28.865344331926,-111.4148688401,
    -8.236674451173));
#4279 = CARTESIAN_POINT('',(29.201132113943,-111.3923773607,
    -8.23682567609));
#4280 = CARTESIAN_POINT('',(29.819403638232,-111.2285816329,
    -8.237963984619));
#4281 = CARTESIAN_POINT('',(30.098998884475,-111.1054240708,
    -8.23882276532));
#4282 = CARTESIAN_POINT('',(30.369130989753,-110.9314138091,
    -8.240052583554));
#4283 = CARTESIAN_POINT('',(30.621154151697,-110.7020104247,
    -8.241698599897));
#4284 = CARTESIAN_POINT('',(30.839796081617,-110.4142945989,
    -8.243819870198));
#4285 = CARTESIAN_POINT('',(31.004762353472,-110.0705446405,
    -8.246462357079));
#4286 = CARTESIAN_POINT('',(31.09500101892,-109.6826872948,
    -8.249597433746));
#4287 = CARTESIAN_POINT('',(31.09562748846,-109.2776228398,
    -8.253025880118));
#4288 = ORIENTED_EDGE('',*,*,#4289,.T.);
#4289 = EDGE_CURVE('',#4239,#2449,#4290,.T.);
#4290 = LINE('',#4291,#4292);
#4291 = CARTESIAN_POINT('',(31.09563,-109.274375,-20.));
#4292 = VECTOR('',#4293,1.);
#4293 = DIRECTION('',(0.,0.,1.));
#4294 = ORIENTED_EDGE('',*,*,#2448,.F.);
#4295 = ORIENTED_EDGE('',*,*,#4289,.F.);
#4296 = ORIENTED_EDGE('',*,*,#4297,.F.);
#4297 = EDGE_CURVE('',#4241,#4239,#4298,.T.);
#4298 = B_SPLINE_CURVE_WITH_KNOTS('',3,(#4299,#4300,#4301,#4302,#4303,
    #4304),.UNSPECIFIED.,.F.,.F.,(4,1,1,4),(0.,0.31756619483,
    0.792471727063,1.),.UNSPECIFIED.);
#4299 = CARTESIAN_POINT('',(31.09562748846,-109.2776228398,
    -8.253025880118));
#4300 = CARTESIAN_POINT('',(31.09562802018,-109.2772790387,
    -8.253028790034));
#4301 = CARTESIAN_POINT('',(31.095629136376,-109.2764210987,
    -8.253036051944));
#4302 = CARTESIAN_POINT('',(31.095629881435,-109.2753384849,
    -8.253045216664));
#4303 = CARTESIAN_POINT('',(31.09563,-109.2745996729,-8.253051471619));
#4304 = CARTESIAN_POINT('',(31.09563,-109.274375,-8.253053373812));
#4305 = CYLINDRICAL_SURFACE('',#4306,2.1);
#4306 = AXIS2_PLACEMENT_3D('',#4307,#4308,#4309);
#4307 = CARTESIAN_POINT('',(28.99563,-109.274375,-20.));
#4308 = DIRECTION('',(-0.,-0.,-1.));
#4309 = DIRECTION('',(1.,0.,0.));
#4310 = ADVANCED_FACE('',(#4311),#4394,.F.);
#4311 = FACE_BOUND('',#4312,.T.);
#4312 = EDGE_LOOP('',(#4313,#4378,#4384,#4385,#4386));
#4313 = ORIENTED_EDGE('',*,*,#4314,.F.);
#4314 = EDGE_CURVE('',#4315,#4317,#4319,.T.);
#4315 = VERTEX_POINT('',#4316);
#4316 = CARTESIAN_POINT('',(172.1,-120.,-8.202228468992));
#4317 = VERTEX_POINT('',#4318);
#4318 = CARTESIAN_POINT('',(171.71969045518,-121.2052654223,
    -8.200770151441));
#4319 = B_SPLINE_CURVE_WITH_KNOTS('',8,(#4320,#4321,#4322,#4323,#4324,
    #4325,#4326,#4327,#4328,#4329,#4330,#4331,#4332,#4333,#4334,#4335,
    #4336,#4337,#4338,#4339,#4340,#4341,#4342,#4343,#4344,#4345,#4346,
    #4347,#4348,#4349,#4350,#4351,#4352,#4353,#4354,#4355,#4356,#4357,
    #4358,#4359,#4360,#4361,#4362,#4363,#4364,#4365,#4366,#4367,#4368,
    #4369,#4370,#4371,#4372,#4373,#4374,#4375,#4376,#4377),
  .UNSPECIFIED.,.F.,.F.,(9,7,7,7,7,7,7,7,9),(0.,1.698329344782E-02,
    7.343281261572E-02,0.291849980064,0.397985267486,0.546834201327,
    0.570192297892,0.708829096109,1.),.UNSPECIFIED.);
#4320 = CARTESIAN_POINT('',(172.1,-120.,-8.202228468992));
#4321 = CARTESIAN_POINT('',(172.1,-119.9697383551,-8.202274864329));
#4322 = CARTESIAN_POINT('',(172.09950160051,-119.9394768922,
    -8.202321827512));
#4323 = CARTESIAN_POINT('',(172.09850486192,-119.9092331623,
    -8.202369332233));
#4324 = CARTESIAN_POINT('',(172.09701074553,-119.8790244768,
    -8.202417350785));
#4325 = CARTESIAN_POINT('',(172.09502111354,-119.8488679073,
    -8.202465854059));
#4326 = CARTESIAN_POINT('',(172.09253872909,-119.8187802858,
    -8.202514811544));
#4327 = CARTESIAN_POINT('',(172.08956725621,-119.7887782043,
    -8.20256419133));
#4328 = CARTESIAN_POINT('',(172.07462412799,-119.6594949782,
    -8.202779382876));
#4329 = CARTESIAN_POINT('',(172.05775965027,-119.5612480067,
    -8.202949139809));
#4330 = CARTESIAN_POINT('',(172.035737604,-119.46472519,-8.203121919353)
  );
#4331 = CARTESIAN_POINT('',(172.00881664123,-119.3704294652,
    -8.203296460571));
#4332 = CARTESIAN_POINT('',(171.97729428881,-119.2787786173,
    -8.203471553143));
#4333 = CARTESIAN_POINT('',(171.94150694835,-119.1901052799,
    -8.203646037362));
#4334 = CARTESIAN_POINT('',(171.90182989626,-119.1046569342,
    -8.203818804137));
#4335 = CARTESIAN_POINT('',(171.69170914057,-118.7050814879,
    -8.204646531695));
#4336 = CARTESIAN_POINT('',(171.47573236551,-118.4435132838,
    -8.205251050986));
#4337 = CARTESIAN_POINT('',(171.22652935356,-118.234808634,
    -8.205773361021));
#4338 = CARTESIAN_POINT('',(170.95676924104,-118.0763374516,
    -8.206191748935));
#4339 = CARTESIAN_POINT('',(170.6760079056,-117.9659222271,
    -8.20649178085));
#4340 = CARTESIAN_POINT('',(170.3906879662,-117.9018380277,
    -8.206666301864));
#4341 = CARTESIAN_POINT('',(170.10413878315,-117.882812498,
    -8.206715436061));
#4342 = CARTESIAN_POINT('',(169.67684151693,-117.920277769,
    -8.206613130492));
#4343 = CARTESIAN_POINT('',(169.53767711196,-117.9432259564,
    -8.206550870356));
#4344 = CARTESIAN_POINT('',(169.39951837936,-117.9769478692,
    -8.206459807031));
#4345 = CARTESIAN_POINT('',(169.26291052448,-118.0215936521,
    -8.206340202828));
#4346 = CARTESIAN_POINT('',(169.12850882175,-118.0773861472,
    -8.206192581433));
#4347 = CARTESIAN_POINT('',(168.99707861466,-118.1446208937,
    -8.206017727907));
#4348 = CARTESIAN_POINT('',(168.86949531583,-118.2236661281,
    -8.20581668869));
#4349 = CARTESIAN_POINT('',(168.57459297301,-118.4430013494,
    -8.205273935225));
#4350 = CARTESIAN_POINT('',(168.41119678965,-118.595747318,
    -8.204906809831));
#4351 = CARTESIAN_POINT('',(168.25985098061,-118.7746822344,
    -8.20449286564));
#4352 = CARTESIAN_POINT('',(168.12614592912,-118.980429256,
    -8.204040539471));
#4353 = CARTESIAN_POINT('',(168.01703823503,-119.2115305795,
    -8.203565211478));
#4354 = CARTESIAN_POINT('',(167.93976836377,-119.4637909346,
    -8.203090166603));
#4355 = CARTESIAN_POINT('',(167.90048460013,-119.7291862388,
    -8.202638867526));
#4356 = CARTESIAN_POINT('',(167.89992789885,-120.0381193508,
    -8.202165128741));
#4357 = CARTESIAN_POINT('',(167.9008079906,-120.0800260358,
    -8.20210195771));
#4358 = CARTESIAN_POINT('',(167.90264385752,-120.1218888024,
    -8.202039943881));
#4359 = CARTESIAN_POINT('',(167.90543214339,-120.1636617006,
    -8.201979149142));
#4360 = CARTESIAN_POINT('',(167.90916612553,-120.2052999043,
    -8.201919627117));
#4361 = CARTESIAN_POINT('',(167.91383587718,-120.2467597518,
    -8.201861423497));
#4362 = CARTESIAN_POINT('',(167.91942842996,-120.2879987862,
    -8.201804576371));
#4363 = CARTESIAN_POINT('',(167.96450431342,-120.5721857438,
    -8.201419947135));
#4364 = CARTESIAN_POINT('',(168.03485690934,-120.8044797998,
    -8.201142371002));
#4365 = CARTESIAN_POINT('',(168.13283688155,-121.0193966285,
    -8.200917538658));
#4366 = CARTESIAN_POINT('',(168.25327367252,-121.2132505953,
    -8.200740734557));
#4367 = CARTESIAN_POINT('',(168.39077186411,-121.3845140276,
    -8.200603820557));
#4368 = CARTESIAN_POINT('',(168.540508032,-121.5331994776,
    -8.200497679382));
#4369 = CARTESIAN_POINT('',(168.69902760011,-121.6602419839,
    -8.200414658078));
#4370 = CARTESIAN_POINT('',(169.21371156293,-121.9908498334,
    -8.200217338158));
#4371 = CARTESIAN_POINT('',(169.5857953645,-122.1193078871,
    -8.200169842327));
#4372 = CARTESIAN_POINT('',(169.97333218648,-122.1734115432,
    -8.200154329193));
#4373 = CARTESIAN_POINT('',(170.36609647224,-122.1503970499,
    -8.20016152749));
#4374 = CARTESIAN_POINT('',(170.75313662581,-122.044977452,
    -8.200197130047));
#4375 = CARTESIAN_POINT('',(171.12173768828,-121.856895133,
    -8.200274818162));
#4376 = CARTESIAN_POINT('',(171.45380808668,-121.5846303015,
    -8.200432269773));
#4377 = CARTESIAN_POINT('',(171.71969045518,-121.2052654223,
    -8.200770151441));
#4378 = ORIENTED_EDGE('',*,*,#4379,.T.);
#4379 = EDGE_CURVE('',#4315,#2469,#4380,.T.);
#4380 = LINE('',#4381,#4382);
#4381 = CARTESIAN_POINT('',(172.1,-120.,-20.));
#4382 = VECTOR('',#4383,1.);
#4383 = DIRECTION('',(0.,0.,1.));
#4384 = ORIENTED_EDGE('',*,*,#2468,.F.);
#4385 = ORIENTED_EDGE('',*,*,#4379,.F.);
#4386 = ORIENTED_EDGE('',*,*,#4387,.F.);
#4387 = EDGE_CURVE('',#4317,#4315,#4388,.T.);
#4388 = B_SPLINE_CURVE_WITH_KNOTS('',4,(#4389,#4390,#4391,#4392,#4393),
  .UNSPECIFIED.,.F.,.F.,(5,5),(0.,1.),.PIECEWISE_BEZIER_KNOTS.);
#4389 = CARTESIAN_POINT('',(171.71969045518,-121.2052654223,
    -8.200770151441));
#4390 = CARTESIAN_POINT('',(171.88889538255,-120.96384134,
    -8.200985176015));
#4391 = CARTESIAN_POINT('',(172.0282954403,-120.668958023,-8.20128642852
    ));
#4392 = CARTESIAN_POINT('',(172.10000000145,-120.3352181902,
    -8.201714532593));
#4393 = CARTESIAN_POINT('',(172.1,-120.,-8.202228468992));
#4394 = CYLINDRICAL_SURFACE('',#4395,2.1);
#4395 = AXIS2_PLACEMENT_3D('',#4396,#4397,#4398);
#4396 = CARTESIAN_POINT('',(170.,-120.,-20.));
#4397 = DIRECTION('',(-0.,-0.,-1.));
#4398 = DIRECTION('',(1.,0.,0.));
#4399 = ADVANCED_FACE('',(#4400),#4480,.F.);
#4400 = FACE_BOUND('',#4401,.T.);
#4401 = EDGE_LOOP('',(#4402,#4439,#4445,#4446,#4447));
#4402 = ORIENTED_EDGE('',*,*,#4403,.F.);
#4403 = EDGE_CURVE('',#4404,#4406,#4408,.T.);
#4404 = VERTEX_POINT('',#4405);
#4405 = CARTESIAN_POINT('',(317.976573,-109.274375,-8.254914433602));
#4406 = VERTEX_POINT('',#4407);
#4407 = CARTESIAN_POINT('',(313.77658453457,-109.2674147496,
    -8.254947044101));
#4408 = B_SPLINE_CURVE_WITH_KNOTS('',8,(#4409,#4410,#4411,#4412,#4413,
    #4414,#4415,#4416,#4417,#4418,#4419,#4420,#4421,#4422,#4423,#4424,
    #4425,#4426,#4427,#4428,#4429,#4430,#4431,#4432,#4433,#4434,#4435,
    #4436,#4437,#4438),.UNSPECIFIED.,.F.,.F.,(9,7,7,7,9),(0.,
    2.122891193423E-02,0.327354984879,0.773732610761,1.),.UNSPECIFIED.);
#4409 = CARTESIAN_POINT('',(317.976573,-109.274375,-8.254914433602));
#4410 = CARTESIAN_POINT('',(317.976573,-109.2535692947,-8.255094161164)
  );
#4411 = CARTESIAN_POINT('',(317.97633741796,-109.2327637182,
    -8.255274278502));
#4412 = CARTESIAN_POINT('',(317.97586626447,-109.2119639371,
    -8.255454737062));
#4413 = CARTESIAN_POINT('',(317.97515975536,-109.1911755803,
    -8.25563548803));
#4414 = CARTESIAN_POINT('',(317.97421831172,-109.1704042385,
    -8.255816482334));
#4415 = CARTESIAN_POINT('',(317.97304255993,-109.1496554647,
    -8.255997670644));
#4416 = CARTESIAN_POINT('',(317.97163333161,-109.1289347739,
    -8.256179003368));
#4417 = CARTESIAN_POINT('',(317.94631841226,-108.8099341853,
    -8.258976656333));
#4418 = CARTESIAN_POINT('',(317.8745888835,-108.522122939,
    -8.261581640661));
#4419 = CARTESIAN_POINT('',(317.75968718716,-108.2581791186,
    -8.264049474204));
#4420 = CARTESIAN_POINT('',(317.61197273399,-108.0248592412,
    -8.266291765448));
#4421 = CARTESIAN_POINT('',(317.44028937558,-107.8246314074,
    -8.268256237971));
#4422 = CARTESIAN_POINT('',(317.25296346687,-107.6574071826,
    -8.269922414732));
#4423 = CARTESIAN_POINT('',(317.05533240962,-107.5209541466,
    -8.271297322963));
#4424 = CARTESIAN_POINT('',(316.54930524354,-107.2564161862,
    -8.273983760274));
#4425 = CARTESIAN_POINT('',(316.23474901527,-107.1623324469,
    -8.274962034045));
#4426 = CARTESIAN_POINT('',(315.91137028748,-107.1227890248,
    -8.275376892973));
#4427 = CARTESIAN_POINT('',(315.58517571835,-107.1379050695,
    -8.275215799378));
#4428 = CARTESIAN_POINT('',(315.2624726775,-107.2092943388,
    -8.274463841139));
#4429 = CARTESIAN_POINT('',(314.95038372257,-107.3377337435,
    -8.273126176376));
#4430 = CARTESIAN_POINT('',(314.65801799593,-107.5254221773,
    -8.271210880619));
#4431 = CARTESIAN_POINT('',(314.26664908846,-107.9133086481,
    -8.267385345579));
#4432 = CARTESIAN_POINT('',(314.14361843953,-108.0615673044,
    -8.265939717898));
#4433 = CARTESIAN_POINT('',(314.03195937066,-108.2280682779,
    -8.264338613238));
#4434 = CARTESIAN_POINT('',(313.93549214221,-108.4123422403,
    -8.262595766326));
#4435 = CARTESIAN_POINT('',(313.85840051737,-108.6126589817,
    -8.260738748618));
#4436 = CARTESIAN_POINT('',(313.80468709442,-108.8256609703,
    -8.258808963614));
#4437 = CARTESIAN_POINT('',(313.77731781789,-109.0461746467,
    -8.256858867149));
#4438 = CARTESIAN_POINT('',(313.77658453457,-109.2674147496,
    -8.254947044101));
#4439 = ORIENTED_EDGE('',*,*,#4440,.T.);
#4440 = EDGE_CURVE('',#4404,#2489,#4441,.T.);
#4441 = LINE('',#4442,#4443);
#4442 = CARTESIAN_POINT('',(317.976573,-109.274375,-20.));
#4443 = VECTOR('',#4444,1.);
#4444 = DIRECTION('',(0.,0.,1.));
#4445 = ORIENTED_EDGE('',*,*,#2488,.F.);
#4446 = ORIENTED_EDGE('',*,*,#4440,.F.);
#4447 = ORIENTED_EDGE('',*,*,#4448,.F.);
#4448 = EDGE_CURVE('',#4406,#4404,#4449,.T.);
#4449 = B_SPLINE_CURVE_WITH_KNOTS('',8,(#4450,#4451,#4452,#4453,#4454,
    #4455,#4456,#4457,#4458,#4459,#4460,#4461,#4462,#4463,#4464,#4465,
    #4466,#4467,#4468,#4469,#4470,#4471,#4472,#4473,#4474,#4475,#4476,
    #4477,#4478,#4479),.UNSPECIFIED.,.F.,.F.,(9,7,7,7,9),(0.,
    1.754510072413E-02,0.322463934795,0.746372952827,1.),.UNSPECIFIED.);
#4450 = CARTESIAN_POINT('',(313.77658453457,-109.2674147496,
    -8.254947044101));
#4451 = CARTESIAN_POINT('',(313.77652743804,-109.2846414384,
    -8.254798181484));
#4452 = CARTESIAN_POINT('',(313.77663184319,-109.3018689979,
    -8.254649581473));
#4453 = CARTESIAN_POINT('',(313.77689777049,-109.3190942258,
    -8.254501271534));
#4454 = CARTESIAN_POINT('',(313.77732514312,-109.3363139302,
    -8.254353278769));
#4455 = CARTESIAN_POINT('',(313.77791378699,-109.3535249295,
    -8.254205629911));
#4456 = CARTESIAN_POINT('',(313.77866343074,-109.3707240529,
    -8.254058351331));
#4457 = CARTESIAN_POINT('',(313.77957370574,-109.38790814,
    -8.253911469031));
#4458 = CARTESIAN_POINT('',(313.79924748279,-109.7034027047,
    -8.251219652549));
#4459 = CARTESIAN_POINT('',(313.8660175584,-109.9928725682,
    -8.24883044318));
#4460 = CARTESIAN_POINT('',(313.97673869547,-110.259505801,
    -8.246707054008));
#4461 = CARTESIAN_POINT('',(314.12111523129,-110.4960210286,
    -8.244881278704));
#4462 = CARTESIAN_POINT('',(314.29022365203,-110.6996271644,
    -8.243347239067));
#4463 = CARTESIAN_POINT('',(314.47554938138,-110.8701869078,
    -8.242086156545));
#4464 = CARTESIAN_POINT('',(314.67152640844,-111.0098533307,
    -8.241068049725));
#4465 = CARTESIAN_POINT('',(315.15994846336,-111.2745902864,
    -8.239158477914));
#4466 = CARTESIAN_POINT('',(315.45839636694,-111.3717849443,
    -8.238477874362));
#4467 = CARTESIAN_POINT('',(315.7650748152,-111.4185970174,
    -8.238155990685));
#4468 = CARTESIAN_POINT('',(316.07532691894,-111.4158299655,
    -8.238177095295));
#4469 = CARTESIAN_POINT('',(316.38338786954,-111.3625145733,
    -8.238548188658));
#4470 = CARTESIAN_POINT('',(316.68302280357,-111.2579267446,
    -8.239282034426));
#4471 = CARTESIAN_POINT('',(316.96786177024,-111.1004365244,
    -8.240408706383));
#4472 = CARTESIAN_POINT('',(317.38348891538,-110.7510328256,
    -8.242997241948));
#4473 = CARTESIAN_POINT('',(317.52964795862,-110.5987689986,
    -8.244139740148));
#4474 = CARTESIAN_POINT('',(317.66355486771,-110.4241745238,
    -8.245470390392));
#4475 = CARTESIAN_POINT('',(317.78099969921,-110.226628842,
    -8.247004995839));
#4476 = CARTESIAN_POINT('',(317.87626103295,-110.007322193,
    -8.248748954794));
#4477 = CARTESIAN_POINT('',(317.94305667363,-109.7702364003,
    -8.25068649607));
#4478 = CARTESIAN_POINT('',(317.97657300546,-109.5225367553,
    -8.252770718354));
#4479 = CARTESIAN_POINT('',(317.976573,-109.274375,-8.254914433602));
#4480 = CYLINDRICAL_SURFACE('',#4481,2.1);
#4481 = AXIS2_PLACEMENT_3D('',#4482,#4483,#4484);
#4482 = CARTESIAN_POINT('',(315.876573,-109.274375,-20.));
#4483 = DIRECTION('',(-0.,-0.,-1.));
#4484 = DIRECTION('',(1.,0.,0.));
#4485 = ADVANCED_FACE('',(#4486),#4593,.F.);
#4486 = FACE_BOUND('',#4487,.T.);
#4487 = EDGE_LOOP('',(#4488,#4532,#4538,#4539,#4540));
#4488 = ORIENTED_EDGE('',*,*,#4489,.F.);
#4489 = EDGE_CURVE('',#4490,#4492,#4494,.T.);
#4490 = VERTEX_POINT('',#4491);
#4491 = CARTESIAN_POINT('',(31.09563,-68.936875,-10.41662302689));
#4492 = VERTEX_POINT('',#4493);
#4493 = CARTESIAN_POINT('',(27.105754767864,-68.02124865319,
    -10.62994483721));
#4494 = B_SPLINE_CURVE_WITH_KNOTS('',8,(#4495,#4496,#4497,#4498,#4499,
    #4500,#4501,#4502,#4503,#4504,#4505,#4506,#4507,#4508,#4509,#4510,
    #4511,#4512,#4513,#4514,#4515,#4516,#4517,#4518,#4519,#4520,#4521,
    #4522,#4523,#4524,#4525,#4526,#4527,#4528,#4529,#4530,#4531),
  .UNSPECIFIED.,.F.,.F.,(9,7,7,7,7,9),(0.,0.115538589805,0.296181323144,
    0.462418229623,0.797509673859,1.),.UNSPECIFIED.);
#4495 = CARTESIAN_POINT('',(31.09563,-68.93687500002,-10.41662302688));
#4496 = CARTESIAN_POINT('',(31.095630000001,-68.84056223455,
    -10.43773370273));
#4497 = CARTESIAN_POINT('',(31.090581651316,-68.74434247115,
    -10.4591535881));
#4498 = CARTESIAN_POINT('',(31.080502513028,-68.64877986819,
    -10.48076259305));
#4499 = CARTESIAN_POINT('',(31.065506360233,-68.55437468879,
    -10.50244295285));
#4500 = CARTESIAN_POINT('',(31.045777230742,-68.46156692763,
    -10.52407988612));
#4501 = CARTESIAN_POINT('',(31.021549509982,-68.37073973921,
    -10.54556272158));
#4502 = CARTESIAN_POINT('',(30.993094054088,-68.28222266765,
    -10.56678649343));
#4503 = CARTESIAN_POINT('',(30.910078950782,-68.06194764343,
    -10.62028002563));
#4504 = CARTESIAN_POINT('',(30.849852962593,-67.93395171398,
    -10.65202975568));
#4505 = CARTESIAN_POINT('',(30.781088856658,-67.81312269702,
    -10.68259197792));
#4506 = CARTESIAN_POINT('',(30.704872711334,-67.69995757381,
    -10.71171171347));
#4507 = CARTESIAN_POINT('',(30.62223002877,-67.59473146153,
    -10.73918976641));
#4508 = CARTESIAN_POINT('',(30.534083698615,-67.49755178057,
    -10.76488297476));
#4509 = CARTESIAN_POINT('',(30.44122792729,-67.40839822847,
    -10.78869963277));
#4510 = CARTESIAN_POINT('',(30.255074864399,-67.25243328271,
    -10.8307241971));
#4511 = CARTESIAN_POINT('',(30.162434688119,-67.18443318574,
    -10.84922093124));
#4512 = CARTESIAN_POINT('',(30.066865282668,-67.1231038926,
    -10.86603149342));
#4513 = CARTESIAN_POINT('',(29.968817949213,-67.06837340992,
    -10.88112483875));
#4514 = CARTESIAN_POINT('',(29.868699191582,-67.02016635157,
    -10.89448199966));
#4515 = CARTESIAN_POINT('',(29.766872176495,-66.97840508184,
    -10.90609423211));
#4516 = CARTESIAN_POINT('',(29.663655891199,-66.94301638046,
    -10.91595944473));
#4517 = CARTESIAN_POINT('',(29.34901133094,-66.8553403359,
    -10.94043966351));
#4518 = CARTESIAN_POINT('',(29.134518030442,-66.82249993593,
    -10.9496731626));
#4519 = CARTESIAN_POINT('',(28.917826684921,-66.81472950785,
    -10.95183581725));
#4520 = CARTESIAN_POINT('',(28.701019175775,-66.83205390501,
    -10.94689102683));
#4521 = CARTESIAN_POINT('',(28.486308218846,-66.87458258432,
    -10.93482906854));
#4522 = CARTESIAN_POINT('',(28.276096459107,-66.94268014598,
    -10.91562945224));
#4523 = CARTESIAN_POINT('',(28.072944093699,-67.03671026862,
    -10.88937769007));
#4524 = CARTESIAN_POINT('',(27.76309996441,-67.23104706319,
    -10.83603370385));
#4525 = CARTESIAN_POINT('',(27.65023256373,-67.31403087789,
    -10.81341637338));
#4526 = CARTESIAN_POINT('',(27.541876712402,-67.40697916856,
    -10.78830701034));
#4527 = CARTESIAN_POINT('',(27.4389414417,-67.51003903215,-10.7607710608
    ));
#4528 = CARTESIAN_POINT('',(27.342530073014,-67.62324590214,
    -10.73093313585));
#4529 = CARTESIAN_POINT('',(27.253913503219,-67.74647127506,
    -10.69899004338));
#4530 = CARTESIAN_POINT('',(27.174496808759,-67.87936339514,
    -10.6652134586));
#4531 = CARTESIAN_POINT('',(27.105754767864,-68.02124865319,
    -10.62994483721));
#4532 = ORIENTED_EDGE('',*,*,#4533,.T.);
#4533 = EDGE_CURVE('',#4490,#2509,#4534,.T.);
#4534 = LINE('',#4535,#4536);
#4535 = CARTESIAN_POINT('',(31.09563,-68.936875,-20.));
#4536 = VECTOR('',#4537,1.);
#4537 = DIRECTION('',(0.,0.,1.));
#4538 = ORIENTED_EDGE('',*,*,#2508,.F.);
#4539 = ORIENTED_EDGE('',*,*,#4533,.F.);
#4540 = ORIENTED_EDGE('',*,*,#4541,.F.);
#4541 = EDGE_CURVE('',#4492,#4490,#4542,.T.);
#4542 = B_SPLINE_CURVE_WITH_KNOTS('',7,(#4543,#4544,#4545,#4546,#4547,
    #4548,#4549,#4550,#4551,#4552,#4553,#4554,#4555,#4556,#4557,#4558,
    #4559,#4560,#4561,#4562,#4563,#4564,#4565,#4566,#4567,#4568,#4569,
    #4570,#4571,#4572,#4573,#4574,#4575,#4576,#4577,#4578,#4579,#4580,
    #4581,#4582,#4583,#4584,#4585,#4586,#4587,#4588,#4589,#4590,#4591,
    #4592),.UNSPECIFIED.,.F.,.F.,(8,6,6,6,6,6,6,6,8),(0.,0.12023562248,
    0.279612485187,0.442891301159,0.628735602902,0.768698560156,
    0.903088333533,0.954416462296,1.),.UNSPECIFIED.);
#4543 = CARTESIAN_POINT('',(27.105754767864,-68.02124865319,
    -10.62994483721));
#4544 = CARTESIAN_POINT('',(27.045841890763,-68.14491030067,
    -10.59920608475));
#4545 = CARTESIAN_POINT('',(26.994187581821,-68.27558484124,
    -10.56730061286));
#4546 = CARTESIAN_POINT('',(26.952002801618,-68.41248010213,
    -10.5345495476));
#4547 = CARTESIAN_POINT('',(26.920408818109,-68.554497824,
    -10.50133499806));
#4548 = CARTESIAN_POINT('',(26.900327514081,-68.70019999069,
    -10.46808174213));
#4549 = CARTESIAN_POINT('',(26.892361248777,-68.84776785704,
    -10.43523374518));
#4550 = CARTESIAN_POINT('',(26.901830754239,-69.19004832804,
    -10.36086262057));
#4551 = CARTESIAN_POINT('',(26.928387669439,-69.38471755841,
    -10.31994252443));
#4552 = CARTESIAN_POINT('',(26.976009788203,-69.57358086981,
    -10.28160751726));
#4553 = CARTESIAN_POINT('',(27.042525057255,-69.7528809874,
    -10.24637607562));
#4554 = CARTESIAN_POINT('',(27.125237326242,-69.92003266628,
    -10.21444527976));
#4555 = CARTESIAN_POINT('',(27.221159229877,-70.07348953014,
    -10.18582889979));
#4556 = CARTESIAN_POINT('',(27.436421116971,-70.35498126381,
    -10.13439326222));
#4557 = CARTESIAN_POINT('',(27.556513256408,-70.48261234183,
    -10.11167650704));
#4558 = CARTESIAN_POINT('',(27.685416233604,-70.59529995723,
    -10.0920461125));
#4559 = CARTESIAN_POINT('',(27.821130724633,-70.69318739146,
    -10.07528218774));
#4560 = CARTESIAN_POINT('',(27.962014239934,-70.77662758092,
    -10.06117965666));
#4561 = CARTESIAN_POINT('',(28.106812979624,-70.84606081679,
    -10.04956186874));
#4562 = CARTESIAN_POINT('',(28.423064107062,-70.96530739891,
    -10.02975561876));
#4563 = CARTESIAN_POINT('',(28.595203311157,-71.01101760231,
    -10.02227161909));
#4564 = CARTESIAN_POINT('',(28.769832676634,-71.03943491951,
    -10.01766789379));
#4565 = CARTESIAN_POINT('',(28.945695400732,-71.0508394951,
    -10.01583860606));
#4566 = CARTESIAN_POINT('',(29.121580950487,-71.04531768028,
    -10.01675101931));
#4567 = CARTESIAN_POINT('',(29.296325062738,-71.02276203283,
    -10.02044549715));
#4568 = CARTESIAN_POINT('',(29.598711311515,-70.9528288435,
    -10.03199856522));
#4569 = CARTESIAN_POINT('',(29.727263360272,-70.91297309702,
    -10.03860267393));
#4570 = CARTESIAN_POINT('',(29.853985133567,-70.86313774969,
    -10.04689778576));
#4571 = CARTESIAN_POINT('',(29.978259214033,-70.80313545444,
    -10.05695718926));
#4572 = CARTESIAN_POINT('',(30.099331523763,-70.73275784513,
    -10.06887750534));
#4573 = CARTESIAN_POINT('',(30.216311324308,-70.65177553655,
    -10.08277868719));
#4574 = CARTESIAN_POINT('',(30.435576960882,-70.47175758547,
    -10.11419124089));
#4575 = CARTESIAN_POINT('',(30.538205427327,-70.37361761028,
    -10.13153047133));
#4576 = CARTESIAN_POINT('',(30.635136518123,-70.26532995812,
    -10.15094736432));
#4577 = CARTESIAN_POINT('',(30.725122392807,-70.14685150699,
    -10.17256575093));
#4578 = CARTESIAN_POINT('',(30.806690759622,-70.01842558991,
    -10.19648260065));
#4579 = CARTESIAN_POINT('',(30.878204749726,-69.88067798748,
    -10.22274882972));
#4580 = CARTESIAN_POINT('',(30.960987682768,-69.67916497698,
    -10.26217855428));
#4581 = CARTESIAN_POINT('',(30.982168879462,-69.62230892629,
    -10.2734034152));
#4582 = CARTESIAN_POINT('',(31.001559135782,-69.56437054319,
    -10.28494940239));
#4583 = CARTESIAN_POINT('',(31.019074246609,-69.50544462929,
    -10.29680634091));
#4584 = CARTESIAN_POINT('',(31.034638652511,-69.44564060061,
    -10.30896015245));
#4585 = CARTESIAN_POINT('',(31.048185439746,-69.38508248752,
    -10.32139285534));
#4586 = CARTESIAN_POINT('',(31.069843429457,-69.26958186286,
    -10.34535205457));
#4587 = CARTESIAN_POINT('',(31.07839775623,-69.21474614853,
    -10.35682889808));
#4588 = CARTESIAN_POINT('',(31.0852777285,-69.15951973843,
    -10.36849317145));
#4589 = CARTESIAN_POINT('',(31.090453404732,-69.10401511993,
    -10.38032486351));
#4590 = CARTESIAN_POINT('',(31.093906493935,-69.04833932122,
    -10.39230387556));
#4591 = CARTESIAN_POINT('',(31.09563035566,-68.99259391131,
    -10.4044100213));
#4592 = CARTESIAN_POINT('',(31.09563,-68.936875,-10.41662302689));
#4593 = CYLINDRICAL_SURFACE('',#4594,2.1);
#4594 = AXIS2_PLACEMENT_3D('',#4595,#4596,#4597);
#4595 = CARTESIAN_POINT('',(28.99563,-68.936875,-20.));
#4596 = DIRECTION('',(-0.,-0.,-1.));
#4597 = DIRECTION('',(1.,0.,0.));
#4598 = ADVANCED_FACE('',(#4599),#4679,.F.);
#4599 = FACE_BOUND('',#4600,.T.);
#4600 = EDGE_LOOP('',(#4601,#4638,#4644,#4645,#4646));
#4601 = ORIENTED_EDGE('',*,*,#4602,.F.);
#4602 = EDGE_CURVE('',#4603,#4605,#4607,.T.);
#4603 = VERTEX_POINT('',#4604);
#4604 = CARTESIAN_POINT('',(31.09563,-23.836875,-13.95405820119));
#4605 = VERTEX_POINT('',#4606);
#4606 = CARTESIAN_POINT('',(26.994202815224,-24.4727124195,
    -13.94811383248));
#4607 = B_SPLINE_CURVE_WITH_KNOTS('',8,(#4608,#4609,#4610,#4611,#4612,
    #4613,#4614,#4615,#4616,#4617,#4618,#4619,#4620,#4621,#4622,#4623,
    #4624,#4625,#4626,#4627,#4628,#4629,#4630,#4631,#4632,#4633,#4634,
    #4635,#4636,#4637),.UNSPECIFIED.,.F.,.F.,(9,7,7,7,9),(0.,
    0.150321813404,0.537316999172,0.872264258568,1.),.UNSPECIFIED.);
#4608 = CARTESIAN_POINT('',(31.09563,-23.836875,-13.95405820119));
#4609 = CARTESIAN_POINT('',(31.09563,-23.67784026977,-13.95549547279));
#4610 = CARTESIAN_POINT('',(31.081865392081,-23.5187401097,
    -13.95690939257));
#4611 = CARTESIAN_POINT('',(31.054317965913,-23.36243554179,
    -13.95827427471));
#4612 = CARTESIAN_POINT('',(31.013844314037,-23.21115540556,
    -13.9595725747));
#4613 = CARTESIAN_POINT('',(30.961716593576,-23.06658407801,
    -13.96079311915));
#4614 = CARTESIAN_POINT('',(30.899401965339,-22.92992798618,
    -13.96192957648));
#4615 = CARTESIAN_POINT('',(30.828442963049,-22.80197104266,
    -13.96297925031));
#4616 = CARTESIAN_POINT('',(30.54912900509,-22.37717722171,
    -13.9664215381));
#4617 = CARTESIAN_POINT('',(30.302244402665,-22.13445245019,
    -13.96830377469));
#4618 = CARTESIAN_POINT('',(30.027191595992,-21.94701922848,
    -13.96971517803));
#4619 = CARTESIAN_POINT('',(29.73393013096,-21.81560039825,
    -13.97068259538));
#4620 = CARTESIAN_POINT('',(29.432440261832,-21.73516845783,
    -13.97127071491));
#4621 = CARTESIAN_POINT('',(29.128450298929,-21.70475216368,
    -13.97149180947));
#4622 = CARTESIAN_POINT('',(28.826290765229,-21.72138300956,
    -13.97137087524));
#4623 = CARTESIAN_POINT('',(28.268785677774,-21.84888615078,
    -13.97042202309));
#4624 = CARTESIAN_POINT('',(28.016722671059,-21.94583211295,
    -13.96969848118));
#4625 = CARTESIAN_POINT('',(27.771419036972,-22.08160575687,
    -13.96867705224));
#4626 = CARTESIAN_POINT('',(27.537866112509,-22.26003684104,
    -13.96731626457));
#4627 = CARTESIAN_POINT('',(27.32502040708,-22.48391759653,
    -13.96557304438));
#4628 = CARTESIAN_POINT('',(27.144602838611,-22.7534765177,
    -13.96341099879));
#4629 = CARTESIAN_POINT('',(27.011296162404,-23.06529184047,
    -13.96080979403));
#4630 = CARTESIAN_POINT('',(26.912508379104,-23.53941658983,
    -13.95668917204));
#4631 = CARTESIAN_POINT('',(26.89440278406,-23.67401003102,
    -13.95550359835));
#4632 = CARTESIAN_POINT('',(26.886253913211,-23.81069960228,
    -13.95428231009));
#4633 = CARTESIAN_POINT('',(26.888391002348,-23.94791471743,
    -13.95303827658));
#4634 = CARTESIAN_POINT('',(26.900777804575,-24.08413398283,
    -13.95178516447));
#4635 = CARTESIAN_POINT('',(26.923053011706,-24.21790165931,
    -13.95053717226));
#4636 = CARTESIAN_POINT('',(26.95453417027,-24.34784731726,
    -13.94930869944));
#4637 = CARTESIAN_POINT('',(26.994202815224,-24.4727124195,
    -13.94811383248));
#4638 = ORIENTED_EDGE('',*,*,#4639,.T.);
#4639 = EDGE_CURVE('',#4603,#2529,#4640,.T.);
#4640 = LINE('',#4641,#4642);
#4641 = CARTESIAN_POINT('',(31.09563,-23.836875,-20.));
#4642 = VECTOR('',#4643,1.);
#4643 = DIRECTION('',(0.,0.,1.));
#4644 = ORIENTED_EDGE('',*,*,#2528,.F.);
#4645 = ORIENTED_EDGE('',*,*,#4639,.F.);
#4646 = ORIENTED_EDGE('',*,*,#4647,.F.);
#4647 = EDGE_CURVE('',#4605,#4603,#4648,.T.);
#4648 = B_SPLINE_CURVE_WITH_KNOTS('',8,(#4649,#4650,#4651,#4652,#4653,
    #4654,#4655,#4656,#4657,#4658,#4659,#4660,#4661,#4662,#4663,#4664,
    #4665,#4666,#4667,#4668,#4669,#4670,#4671,#4672,#4673,#4674,#4675,
    #4676,#4677,#4678),.UNSPECIFIED.,.F.,.F.,(9,7,7,7,9),(0.,
    0.350430999431,0.865649365893,0.993781776237,1.),.UNSPECIFIED.);
#4649 = CARTESIAN_POINT('',(26.994202815224,-24.4727124195,
    -13.94811383248));
#4650 = CARTESIAN_POINT('',(27.086119723138,-24.76203952199,
    -13.94534518545));
#4651 = CARTESIAN_POINT('',(27.221290209714,-25.02186938447,
    -13.94277821151));
#4652 = CARTESIAN_POINT('',(27.389118137847,-25.24752314723,
    -13.94048525479));
#4653 = CARTESIAN_POINT('',(27.580213522616,-25.4374377541,
    -13.93851319173));
#4654 = CARTESIAN_POINT('',(27.786756501554,-25.59228582078,
    -13.93688053244));
#4655 = CARTESIAN_POINT('',(28.003001009692,-25.71392917671,
    -13.9355844748));
#4656 = CARTESIAN_POINT('',(28.225502673405,-25.80481321324,
    -13.93460991117));
#4657 = CARTESIAN_POINT('',(28.789661100148,-25.95545022479,
    -13.93298991809));
#4658 = CARTESIAN_POINT('',(29.128591585274,-25.97791368499,
    -13.93274214275));
#4659 = CARTESIAN_POINT('',(29.471155704043,-25.94301978023,
    -13.93312678825));
#4660 = CARTESIAN_POINT('',(29.810919591074,-25.84389162015,
    -13.93421064148));
#4661 = CARTESIAN_POINT('',(30.140624460549,-25.68000788608,
    -13.935994553));
#4662 = CARTESIAN_POINT('',(30.442651354331,-25.44204864143,
    -13.93852221792));
#4663 = CARTESIAN_POINT('',(30.702355800729,-25.13390537564,
    -13.94169172134));
#4664 = CARTESIAN_POINT('',(30.93498713923,-24.64949326063,
    -13.94644153742));
#4665 = CARTESIAN_POINT('',(30.976525412819,-24.54870871987,
    -13.94742076346));
#4666 = CARTESIAN_POINT('',(31.012608550363,-24.44393331651,
    -13.94842840867));
#4667 = CARTESIAN_POINT('',(31.042676599771,-24.3356293132,
    -13.94945865586));
#4668 = CARTESIAN_POINT('',(31.066271243791,-24.2244050841,
    -13.95050468445));
#4669 = CARTESIAN_POINT('',(31.083035800019,-24.1110151148,
    -13.95155867045));
#4670 = CARTESIAN_POINT('',(31.09271522089,-23.99636000239,
    -13.95261178646));
#4671 = CARTESIAN_POINT('',(31.095274548436,-23.8759116799,
    -13.95370478977));
#4672 = CARTESIAN_POINT('',(31.09537609583,-23.8703360085,
    -13.95375535649));
#4673 = CARTESIAN_POINT('',(31.095460727279,-23.86475975159,
    -13.95380589904));
#4674 = CARTESIAN_POINT('',(31.095528436416,-23.85918314032,
    -13.95385641533));
#4675 = CARTESIAN_POINT('',(31.095579219086,-23.85360632656,
    -13.95390690398));
#4676 = CARTESIAN_POINT('',(31.095613073352,-23.8480293829,
    -13.95395736434));
#4677 = CARTESIAN_POINT('',(31.095629999493,-23.84245230269,
    -13.95400779648));
#4678 = CARTESIAN_POINT('',(31.09563,-23.836875,-13.95405820119));
#4679 = CYLINDRICAL_SURFACE('',#4680,2.1);
#4680 = AXIS2_PLACEMENT_3D('',#4681,#4682,#4683);
#4681 = CARTESIAN_POINT('',(28.99563,-23.836875,-20.));
#4682 = DIRECTION('',(-0.,-0.,-1.));
#4683 = DIRECTION('',(1.,0.,0.));
#4684 = ADVANCED_FACE('',(#4685),#4793,.F.);
#4685 = FACE_BOUND('',#4686,.T.);
#4686 = EDGE_LOOP('',(#4687,#4731,#4737,#4738,#4739));
#4687 = ORIENTED_EDGE('',*,*,#4688,.F.);
#4688 = EDGE_CURVE('',#4689,#4691,#4693,.T.);
#4689 = VERTEX_POINT('',#4690);
#4690 = CARTESIAN_POINT('',(317.976573,-68.936875,-10.46506402945));
#4691 = VERTEX_POINT('',#4692);
#4692 = CARTESIAN_POINT('',(313.89599844954,-68.23878872302,
    -10.62994483721));
#4693 = B_SPLINE_CURVE_WITH_KNOTS('',8,(#4694,#4695,#4696,#4697,#4698,
    #4699,#4700,#4701,#4702,#4703,#4704,#4705,#4706,#4707,#4708,#4709,
    #4710,#4711,#4712,#4713,#4714,#4715,#4716,#4717,#4718,#4719,#4720,
    #4721,#4722,#4723,#4724,#4725,#4726,#4727,#4728,#4729,#4730),
  .UNSPECIFIED.,.F.,.F.,(9,7,7,7,7,9),(0.,0.111420644074,0.280008131202,
    0.448908331796,0.793245829212,1.),.UNSPECIFIED.);
#4694 = CARTESIAN_POINT('',(317.976573,-68.936875,-10.46506402945));
#4695 = CARTESIAN_POINT('',(317.976573,-68.84066105879,-10.48681289353)
  );
#4696 = CARTESIAN_POINT('',(317.97153500421,-68.74454646256,
    -10.5088751863));
#4697 = CARTESIAN_POINT('',(317.96147772097,-68.64908966996,
    -10.53112699304));
#4698 = CARTESIAN_POINT('',(317.94651450164,-68.55478589442,
    -10.5534466462));
#4699 = CARTESIAN_POINT('',(317.92682775893,-68.46207089966,
    -10.57571548724));
#4700 = CARTESIAN_POINT('',(317.90264941121,-68.37132454377,
    -10.59781910968));
#4701 = CARTESIAN_POINT('',(317.87424735301,-68.28287407198,
    -10.61964908341));
#4702 = CARTESIAN_POINT('',(317.79300123096,-68.06705918095,
    -10.67356975509));
#4703 = CARTESIAN_POINT('',(317.73509693407,-67.9430236719,
    -10.70517566386));
#4704 = CARTESIAN_POINT('',(317.66915388644,-67.82563923918,
    -10.73562856699));
#4705 = CARTESIAN_POINT('',(317.59615017788,-67.71537327743,
    -10.7646868585));
#4706 = CARTESIAN_POINT('',(317.51701487094,-67.61249506911,
    -10.79216172361));
#4707 = CARTESIAN_POINT('',(317.43259063507,-67.51712271875,
    -10.8179171564));
#4708 = CARTESIAN_POINT('',(317.34361024228,-67.42925766446,
    -10.84186553243));
#4709 = CARTESIAN_POINT('',(317.15753706402,-67.26825417183,
    -10.8860841435));
#4710 = CARTESIAN_POINT('',(317.06046460807,-67.19517341074,
    -10.90633925972));
#4711 = CARTESIAN_POINT('',(316.96004037016,-67.12951153983,
    -10.92466847649));
#4712 = CARTESIAN_POINT('',(316.85680215905,-67.07119093531,
    -10.94103742941));
#4713 = CARTESIAN_POINT('',(316.75123252248,-67.02012743064,
    -10.95542779291));
#4714 = CARTESIAN_POINT('',(316.64376046263,-66.97623211062,
    -10.96783424137));
#4715 = CARTESIAN_POINT('',(316.53476005876,-66.93942050544,
    -10.97825919181));
#4716 = CARTESIAN_POINT('',(316.19985215989,-66.84889350386,
    -11.00392449983));
#4717 = CARTESIAN_POINT('',(315.97065244219,-66.81748172048,
    -11.01287802711));
#4718 = CARTESIAN_POINT('',(315.73922370232,-66.81449260749,
    -11.0136927318));
#4719 = CARTESIAN_POINT('',(315.50805256598,-66.84006607508,
    -11.00631740976));
#4720 = CARTESIAN_POINT('',(315.27985397845,-66.8943876516,
    -10.99072512205));
#4721 = CARTESIAN_POINT('',(315.05767681941,-66.9779956624,
    -10.96684525801));
#4722 = CARTESIAN_POINT('',(314.84481047695,-67.09128839425,
    -10.93479024162));
#4723 = CARTESIAN_POINT('',(314.52534225113,-67.32254289403,
    -10.87052922615));
#4724 = CARTESIAN_POINT('',(314.41048534567,-67.42039344834,
    -10.84354514294));
#4725 = CARTESIAN_POINT('',(314.3015309501,-67.52953161297,
    -10.81373829432));
#4726 = CARTESIAN_POINT('',(314.19971983631,-67.65006193686,
    -10.78121973441));
#4727 = CARTESIAN_POINT('',(314.10653551917,-67.78187376536,
    -10.74620055596));
#4728 = CARTESIAN_POINT('',(314.02366124404,-67.92456582277,
    -10.70900569063));
#4729 = CARTESIAN_POINT('',(313.95290362542,-68.07734027911,
    -10.6700722902));
#4730 = CARTESIAN_POINT('',(313.89599844954,-68.23878872302,
    -10.62994483721));
#4731 = ORIENTED_EDGE('',*,*,#4732,.T.);
#4732 = EDGE_CURVE('',#4689,#2549,#4733,.T.);
#4733 = LINE('',#4734,#4735);
#4734 = CARTESIAN_POINT('',(317.976573,-68.936875,-20.));
#4735 = VECTOR('',#4736,1.);
#4736 = DIRECTION('',(0.,0.,1.));
#4737 = ORIENTED_EDGE('',*,*,#2548,.F.);
#4738 = ORIENTED_EDGE('',*,*,#4732,.F.);
#4739 = ORIENTED_EDGE('',*,*,#4740,.F.);
#4740 = EDGE_CURVE('',#4691,#4689,#4741,.T.);
#4741 = B_SPLINE_CURVE_WITH_KNOTS('',8,(#4742,#4743,#4744,#4745,#4746,
    #4747,#4748,#4749,#4750,#4751,#4752,#4753,#4754,#4755,#4756,#4757,
    #4758,#4759,#4760,#4761,#4762,#4763,#4764,#4765,#4766,#4767,#4768,
    #4769,#4770,#4771,#4772,#4773,#4774,#4775,#4776,#4777,#4778,#4779,
    #4780,#4781,#4782,#4783,#4784,#4785,#4786,#4787,#4788,#4789,#4790,
    #4791,#4792),.UNSPECIFIED.,.F.,.F.,(9,7,7,7,7,7,7,9),(0.,
    0.135037412364,0.219858845875,0.373219526755,0.679746060791,
    0.8005888722,0.8982161255,1.),.UNSPECIFIED.);
#4742 = CARTESIAN_POINT('',(313.89599844954,-68.23878872302,
    -10.62994483721));
#4743 = CARTESIAN_POINT('',(313.84909095024,-68.37187227215,
    -10.59686738083));
#4744 = CARTESIAN_POINT('',(313.81153091076,-68.51103362206,
    -10.5629329268));
#4745 = CARTESIAN_POINT('',(313.78453497237,-68.65494227722,
    -10.52858422541));
#4746 = CARTESIAN_POINT('',(313.768976059,-68.80209715017,
    -10.49427277173));
#4747 = CARTESIAN_POINT('',(313.76538720747,-68.95084443057,
    -10.46043245847));
#4748 = CARTESIAN_POINT('',(313.77393225339,-69.09938902345,
    -10.42746574939));
#4749 = CARTESIAN_POINT('',(313.79431816116,-69.24581164747,
    -10.39574002335));
#4750 = CARTESIAN_POINT('',(313.84528787869,-69.47748198591,
    -10.34665461038));
#4751 = CARTESIAN_POINT('',(313.86928455194,-69.56534017527,
    -10.32831663146));
#4752 = CARTESIAN_POINT('',(313.89742679386,-69.6512796505,
    -10.3106413144));
#4753 = CARTESIAN_POINT('',(313.92948015159,-69.73497569471,
    -10.29367031443));
#4754 = CARTESIAN_POINT('',(313.9651826405,-69.81616802713,
    -10.27742851979));
#4755 = CARTESIAN_POINT('',(314.00426047008,-69.89465267527,
    -10.261928116));
#4756 = CARTESIAN_POINT('',(314.04643958738,-69.97027516864,
    -10.24717162369));
#4757 = CARTESIAN_POINT('',(314.17283922955,-70.17427906853,
    -10.2078093003));
#4758 = CARTESIAN_POINT('',(314.26343387335,-70.29582290756,
    -10.18489767722));
#4759 = CARTESIAN_POINT('',(314.36178632916,-70.40716558017,
    -10.16433687861));
#4760 = CARTESIAN_POINT('',(314.46656329955,-70.50816742642,
    -10.1460125672));
#4761 = CARTESIAN_POINT('',(314.5765892962,-70.59886797528,
    -10.12980134061));
#4762 = CARTESIAN_POINT('',(314.69087187471,-70.67943201354,
    -10.11558094595));
#4763 = CARTESIAN_POINT('',(314.80862349125,-70.7500943473,
    -10.10323637969));
#4764 = CARTESIAN_POINT('',(315.17047522371,-70.93298503827,
    -10.07155262427));
#4765 = CARTESIAN_POINT('',(315.42210018774,-71.01565063503,
    -10.05764236895));
#4766 = CARTESIAN_POINT('',(315.68027682717,-71.06182764988,
    -10.05000627533));
#4767 = CARTESIAN_POINT('',(315.94149243314,-71.0720484059,
    -10.04835374318));
#4768 = CARTESIAN_POINT('',(316.20214424843,-71.04619931078,
    -10.05266542532));
#4769 = CARTESIAN_POINT('',(316.45854757067,-70.98411589145,
    -10.06305505962));
#4770 = CARTESIAN_POINT('',(316.70691222789,-70.88507737058,
    -10.07989896804));
#4771 = CARTESIAN_POINT('',(317.03576744873,-70.69127455785,
    -10.11387409365));
#4772 = CARTESIAN_POINT('',(317.12663562945,-70.63036481625,
    -10.12463275764));
#4773 = CARTESIAN_POINT('',(317.21505653842,-70.56323313255,
    -10.13659623943));
#4774 = CARTESIAN_POINT('',(317.30061256015,-70.48977899613,
    -10.14982220754));
#4775 = CARTESIAN_POINT('',(317.38280426278,-70.40993318763,
    -10.16437110042));
#4776 = CARTESIAN_POINT('',(317.46105897278,-70.32367763679,
    -10.18030305678));
#4777 = CARTESIAN_POINT('',(317.53474058689,-70.23106515449,
    -10.19767372619));
#4778 = CARTESIAN_POINT('',(317.65843623068,-70.05239877302,
    -10.2317618447));
#4779 = CARTESIAN_POINT('',(317.70687623038,-69.97341743203,
    -10.24702604552));
#4780 = CARTESIAN_POINT('',(317.74945953109,-69.89536909303,
    -10.26230378737));
#4781 = CARTESIAN_POINT('',(317.78692670652,-69.81820872927,
    -10.2775990337));
#4782 = CARTESIAN_POINT('',(317.8198376252,-69.74183636626,
    -10.29292717705));
#4783 = CARTESIAN_POINT('',(317.84861709092,-69.66614460446,
    -10.30830668282));
#4784 = CARTESIAN_POINT('',(317.87358849194,-69.59104950838,
    -10.32375268593));
#4785 = CARTESIAN_POINT('',(317.91731385838,-69.43878637052,
    -10.35545317512));
#4786 = CARTESIAN_POINT('',(317.93386568743,-69.36824662414,
    -10.37034437135));
#4787 = CARTESIAN_POINT('',(317.94801058116,-69.2980109381,
    -10.38531200233));
#4788 = CARTESIAN_POINT('',(317.96013262522,-69.22358445551,
    -10.40134555819));
#4789 = CARTESIAN_POINT('',(317.96967178053,-69.14519607307,
    -10.41843312284));
#4790 = CARTESIAN_POINT('',(317.97490856,-69.06541612197,-10.43611871244
    ));
#4791 = CARTESIAN_POINT('',(317.97657321119,-68.99223677145,
    -10.45254964397));
#4792 = CARTESIAN_POINT('',(317.976573,-68.936875,-10.46506402945));
#4793 = CYLINDRICAL_SURFACE('',#4794,2.1);
#4794 = AXIS2_PLACEMENT_3D('',#4795,#4796,#4797);
#4795 = CARTESIAN_POINT('',(315.876573,-68.936875,-20.));
#4796 = DIRECTION('',(-0.,-0.,-1.));
#4797 = DIRECTION('',(1.,0.,0.));
#4798 = ADVANCED_FACE('',(#4799),#4895,.F.);
#4799 = FACE_BOUND('',#4800,.T.);
#4800 = EDGE_LOOP('',(#4801,#4840,#4846,#4847,#4848));
#4801 = ORIENTED_EDGE('',*,*,#4802,.F.);
#4802 = EDGE_CURVE('',#4803,#4805,#4807,.T.);
#4803 = VERTEX_POINT('',#4804);
#4804 = CARTESIAN_POINT('',(317.976573,-23.836875,-13.95600535639));
#4805 = VERTEX_POINT('',#4806);
#4806 = CARTESIAN_POINT('',(313.77675959791,-23.80888077842,
    -13.95622487628));
#4807 = B_SPLINE_CURVE_WITH_KNOTS('',7,(#4808,#4809,#4810,#4811,#4812,
    #4813,#4814,#4815,#4816,#4817,#4818,#4819,#4820,#4821,#4822,#4823,
    #4824,#4825,#4826,#4827,#4828,#4829,#4830,#4831,#4832,#4833,#4834,
    #4835,#4836,#4837,#4838,#4839),.UNSPECIFIED.,.F.,.F.,(8,6,6,6,6,8),(
    0.,4.347760423699E-02,0.153818574905,0.358117814269,0.841775477161,
    1.),.UNSPECIFIED.);
#4808 = CARTESIAN_POINT('',(317.976573,-23.836875,-13.95600535639));
#4809 = CARTESIAN_POINT('',(317.976573,-23.78853598684,-13.95643357768)
  );
#4810 = CARTESIAN_POINT('',(317.97527484578,-23.7401968742,
    -13.95685956155));
#4811 = CARTESIAN_POINT('',(317.972678568,-23.6919350962,-13.95728262817
    ));
#4812 = CARTESIAN_POINT('',(317.96879152331,-23.643825741,
    -13.95770214018));
#4813 = CARTESIAN_POINT('',(317.96362792257,-23.5959414421,
    -13.9581175019));
#4814 = CARTESIAN_POINT('',(317.95720835917,-23.54835226952,
    -13.95852815858));
#4815 = CARTESIAN_POINT('',(317.93014703258,-23.38127002363,
    -13.9599625462));
#4816 = CARTESIAN_POINT('',(317.90277003243,-23.26377034696,
    -13.96095754624));
#4817 = CARTESIAN_POINT('',(317.86797790685,-23.14966530311,
    -13.96191110336));
#4818 = CARTESIAN_POINT('',(317.82637152528,-23.03977066784,
    -13.96281781564));
#4819 = CARTESIAN_POINT('',(317.77860305655,-22.93467928061,
    -13.96367437155));
#4820 = CARTESIAN_POINT('',(317.72537596894,-22.8347610446,
    -13.96447954996));
#4821 = CARTESIAN_POINT('',(317.56018435744,-22.56501199756,
    -13.96663151208));
#4822 = CARTESIAN_POINT('',(317.43678658753,-22.40852206262,
    -13.96785177908));
#4823 = CARTESIAN_POINT('',(317.30104197588,-22.27074480149,
    -13.96890567709));
#4824 = CARTESIAN_POINT('',(317.15605334165,-22.15148855412,
    -13.96980373999));
#4825 = CARTESIAN_POINT('',(317.00423606758,-22.05031832078,
    -13.9705563796));
#4826 = CARTESIAN_POINT('',(316.84731810008,-21.96655576209,
    -13.97117388568));
#4827 = CARTESIAN_POINT('',(316.30524055557,-21.74000878092,
    -13.9728324649));
#4828 = CARTESIAN_POINT('',(315.91002427419,-21.67728413792,
    -13.97326861903));
#4829 = CARTESIAN_POINT('',(315.50727039869,-21.69414493308,
    -13.97314377492));
#4830 = CARTESIAN_POINT('',(315.10441172816,-21.79709108051,
    -13.97241548471));
#4831 = CARTESIAN_POINT('',(314.72281143579,-21.99609524111,
    -13.97098063983));
#4832 = CARTESIAN_POINT('',(314.37954560505,-22.28712403908,
    -13.96881482408));
#4833 = CARTESIAN_POINT('',(314.03029857891,-22.8238659029,
    -13.96454806608));
#4834 = CARTESIAN_POINT('',(313.95336488764,-22.96748331986,
    -13.9633905252));
#4835 = CARTESIAN_POINT('',(313.88764548315,-23.12184188966,
    -13.9621266999));
#4836 = CARTESIAN_POINT('',(313.83539036569,-23.28571025678,
    -13.96076108201));
#4837 = CARTESIAN_POINT('',(313.79867177788,-23.45704932017,
    -13.95930512048));
#4838 = CARTESIAN_POINT('',(313.77910653,-23.63284018275,-13.95778081446
    ));
#4839 = CARTESIAN_POINT('',(313.77675959791,-23.80888077842,
    -13.95622487628));
#4840 = ORIENTED_EDGE('',*,*,#4841,.T.);
#4841 = EDGE_CURVE('',#4803,#2569,#4842,.T.);
#4842 = LINE('',#4843,#4844);
#4843 = CARTESIAN_POINT('',(317.976573,-23.836875,-20.));
#4844 = VECTOR('',#4845,1.);
#4845 = DIRECTION('',(0.,0.,1.));
#4846 = ORIENTED_EDGE('',*,*,#2568,.F.);
#4847 = ORIENTED_EDGE('',*,*,#4841,.F.);
#4848 = ORIENTED_EDGE('',*,*,#4849,.F.);
#4849 = EDGE_CURVE('',#4805,#4803,#4850,.T.);
#4850 = B_SPLINE_CURVE_WITH_KNOTS('',8,(#4851,#4852,#4853,#4854,#4855,
    #4856,#4857,#4858,#4859,#4860,#4861,#4862,#4863,#4864,#4865,#4866,
    #4867,#4868,#4869,#4870,#4871,#4872,#4873,#4874,#4875,#4876,#4877,
    #4878,#4879,#4880,#4881,#4882,#4883,#4884,#4885,#4886,#4887,#4888,
    #4889,#4890,#4891,#4892,#4893,#4894),.UNSPECIFIED.,.F.,.F.,(9,7,7,7,
    7,7,9),(0.,3.243353013219E-02,0.119073005099,0.311074869767,
    0.828213799273,0.956237731917,1.),.UNSPECIFIED.);
#4851 = CARTESIAN_POINT('',(313.77675959791,-23.80888077842,
    -13.95622487628));
#4852 = CARTESIAN_POINT('',(313.77633540574,-23.8406989313,
    -13.95594365093));
#4853 = CARTESIAN_POINT('',(313.77646217026,-23.87253000226,
    -13.95566136969));
#4854 = CARTESIAN_POINT('',(313.77714045734,-23.90435368003,
    -13.95537820924));
#4855 = CARTESIAN_POINT('',(313.77836971931,-23.93614985579,
    -13.95509434778));
#4856 = CARTESIAN_POINT('',(313.78014829493,-23.9678986231,
    -13.95480996499));
#4857 = CARTESIAN_POINT('',(313.78247340942,-23.99958027798,
    -13.95452524203));
#4858 = CARTESIAN_POINT('',(313.78534117447,-24.03117531883,
    -13.95424036156));
#4859 = CARTESIAN_POINT('',(313.79784344737,-24.14678114535,
    -13.95319457961));
#4860 = CARTESIAN_POINT('',(313.81078899865,-24.23014550601,
    -13.95243377414));
#4861 = CARTESIAN_POINT('',(313.82746509323,-24.31239162003,
    -13.95167665371));
#4862 = CARTESIAN_POINT('',(313.84772785817,-24.3931979881,
    -13.95092646728));
#4863 = CARTESIAN_POINT('',(313.87140769636,-24.47228752004,
    -13.95018615038));
#4864 = CARTESIAN_POINT('',(313.89830928648,-24.54942753477,
    -13.94945832512));
#4865 = CARTESIAN_POINT('',(313.92821158309,-24.62442976032,
    -13.94874530017));
#4866 = CARTESIAN_POINT('',(314.03323734229,-24.85830650115,
    -13.94650615588));
#4867 = CARTESIAN_POINT('',(314.11914715482,-25.00787527515,
    -13.94504886189));
#4868 = CARTESIAN_POINT('',(314.21621912948,-25.14521099491,
    -13.94369018439));
#4869 = CARTESIAN_POINT('',(314.3223811539,-25.2699309714,
    -13.94243983011));
#4870 = CARTESIAN_POINT('',(314.43586712795,-25.3819154875,
    -13.94130421693));
#4871 = CARTESIAN_POINT('',(314.55521696378,-25.48130779799,
    -13.94028647387));
#4872 = CARTESIAN_POINT('',(314.6792765858,-25.56851412961,
    -13.93938644113));
#4873 = CARTESIAN_POINT('',(315.15174201863,-25.84806635511,
    -13.93648426963));
#4874 = CARTESIAN_POINT('',(315.51644388001,-25.96254974009,
    -13.93525533918));
#4875 = CARTESIAN_POINT('',(315.89404780491,-26.00781616355,
    -13.93476791279));
#4876 = CARTESIAN_POINT('',(316.27601006012,-25.97528104649,
    -13.93511589377));
#4877 = CARTESIAN_POINT('',(316.653800064,-25.87127936346,-13.9362520493
    ));
#4878 = CARTESIAN_POINT('',(317.01060188957,-25.68187818651,
    -13.93826815473));
#4879 = CARTESIAN_POINT('',(317.3336105987,-25.41467485559,
    -13.94104142864));
#4880 = CARTESIAN_POINT('',(317.65704241381,-24.95595221448,
    -13.94557300465));
#4881 = CARTESIAN_POINT('',(317.71697669928,-24.85934377045,
    -13.9465193835));
#4882 = CARTESIAN_POINT('',(317.77193761554,-24.75719403173,
    -13.94751037844));
#4883 = CARTESIAN_POINT('',(317.82122673993,-24.64973134883,
    -13.94854188888));
#4884 = CARTESIAN_POINT('',(317.86417416824,-24.53737264026,
    -13.94960824581));
#4885 = CARTESIAN_POINT('',(317.90013851468,-24.42072339249,
    -13.95070221177));
#4886 = CARTESIAN_POINT('',(317.92850691186,-24.30057765997,
    -13.95181498093));
#4887 = CARTESIAN_POINT('',(317.95559588458,-24.13598948228,
    -13.9533194368));
#4888 = CARTESIAN_POINT('',(317.96155273572,-24.09372687204,
    -13.9537040695));
#4889 = CARTESIAN_POINT('',(317.96654335409,-24.05121188587,
    -13.95408929705));
#4890 = CARTESIAN_POINT('',(317.97055049241,-24.00851425924,
    -13.95447445801));
#4891 = CARTESIAN_POINT('',(317.97356186628,-23.9656918117,
    -13.95485900947));
#4892 = CARTESIAN_POINT('',(317.97557015413,-23.92279044686,
    -13.95524252709));
#4893 = CARTESIAN_POINT('',(317.97657299731,-23.87984415238,
    -13.95562470513));
#4894 = CARTESIAN_POINT('',(317.976573,-23.836875,-13.95600535639));
#4895 = CYLINDRICAL_SURFACE('',#4896,2.1);
#4896 = AXIS2_PLACEMENT_3D('',#4897,#4898,#4899);
#4897 = CARTESIAN_POINT('',(315.876573,-23.836875,-20.));
#4898 = DIRECTION('',(-0.,-0.,-1.));
#4899 = DIRECTION('',(1.,0.,0.));
#4900 = ADVANCED_FACE('',(#4901,#4916,#4927,#4963),#4974,.F.);
#4901 = FACE_BOUND('',#4902,.F.);
#4902 = EDGE_LOOP('',(#4903,#4904,#4905,#4906,#4907,#4913,#4914,#4915));
#4903 = ORIENTED_EDGE('',*,*,#4174,.F.);
#4904 = ORIENTED_EDGE('',*,*,#4149,.F.);
#4905 = ORIENTED_EDGE('',*,*,#4125,.F.);
#4906 = ORIENTED_EDGE('',*,*,#2605,.F.);
#4907 = ORIENTED_EDGE('',*,*,#4908,.F.);
#4908 = EDGE_CURVE('',#2665,#2598,#4909,.T.);
#4909 = LINE('',#4910,#4911);
#4910 = CARTESIAN_POINT('',(160.5014713211,-27.,-11.96077749485));
#4911 = VECTOR('',#4912,1.);
#4912 = DIRECTION('',(1.,0.,0.));
#4913 = ORIENTED_EDGE('',*,*,#2664,.F.);
#4914 = ORIENTED_EDGE('',*,*,#4223,.F.);
#4915 = ORIENTED_EDGE('',*,*,#4198,.F.);
#4916 = FACE_BOUND('',#4917,.F.);
#4917 = EDGE_LOOP('',(#4918));
#4918 = ORIENTED_EDGE('',*,*,#4919,.F.);
#4919 = EDGE_CURVE('',#4920,#4920,#4922,.T.);
#4920 = VERTEX_POINT('',#4921);
#4921 = CARTESIAN_POINT('',(163.1014713211,-27.,-8.460777494851));
#4922 = CIRCLE('',#4923,1.1);
#4923 = AXIS2_PLACEMENT_3D('',#4924,#4925,#4926);
#4924 = CARTESIAN_POINT('',(162.0014713211,-27.,-8.460777494851));
#4925 = DIRECTION('',(0.,1.,-2.22044604925E-16));
#4926 = DIRECTION('',(1.,0.,0.));
#4927 = FACE_BOUND('',#4928,.F.);
#4928 = EDGE_LOOP('',(#4929,#4940,#4948,#4957));
#4929 = ORIENTED_EDGE('',*,*,#4930,.F.);
#4930 = EDGE_CURVE('',#4931,#4933,#4935,.T.);
#4931 = VERTEX_POINT('',#4932);
#4932 = CARTESIAN_POINT('',(173.0014713211,-27.,-6.460777494851));
#4933 = VERTEX_POINT('',#4934);
#4934 = CARTESIAN_POINT('',(173.0014713211,-27.,-10.46077749485));
#4935 = CIRCLE('',#4936,2.);
#4936 = AXIS2_PLACEMENT_3D('',#4937,#4938,#4939);
#4937 = CARTESIAN_POINT('',(173.0014713211,-27.,-8.460777494851));
#4938 = DIRECTION('',(0.,1.,-2.22044604925E-16));
#4939 = DIRECTION('',(1.,0.,0.));
#4940 = ORIENTED_EDGE('',*,*,#4941,.T.);
#4941 = EDGE_CURVE('',#4931,#4942,#4944,.T.);
#4942 = VERTEX_POINT('',#4943);
#4943 = CARTESIAN_POINT('',(167.0014713211,-27.,-6.460777494851));
#4944 = LINE('',#4945,#4946);
#4945 = CARTESIAN_POINT('',(171.5014713211,-27.,-6.460777494851));
#4946 = VECTOR('',#4947,1.);
#4947 = DIRECTION('',(-1.,0.,0.));
#4948 = ORIENTED_EDGE('',*,*,#4949,.F.);
#4949 = EDGE_CURVE('',#4950,#4942,#4952,.T.);
#4950 = VERTEX_POINT('',#4951);
#4951 = CARTESIAN_POINT('',(167.0014713211,-27.,-10.46077749485));
#4952 = CIRCLE('',#4953,2.);
#4953 = AXIS2_PLACEMENT_3D('',#4954,#4955,#4956);
#4954 = CARTESIAN_POINT('',(167.0014713211,-27.,-8.460777494851));
#4955 = DIRECTION('',(0.,1.,-2.22044604925E-16));
#4956 = DIRECTION('',(1.,0.,0.));
#4957 = ORIENTED_EDGE('',*,*,#4958,.F.);
#4958 = EDGE_CURVE('',#4933,#4950,#4959,.T.);
#4959 = LINE('',#4960,#4961);
#4960 = CARTESIAN_POINT('',(171.5014713211,-27.,-10.46077749485));
#4961 = VECTOR('',#4962,1.);
#4962 = DIRECTION('',(-1.,0.,0.));
#4963 = FACE_BOUND('',#4964,.F.);
#4964 = EDGE_LOOP('',(#4965));
#4965 = ORIENTED_EDGE('',*,*,#4966,.F.);
#4966 = EDGE_CURVE('',#4967,#4967,#4969,.T.);
#4967 = VERTEX_POINT('',#4968);
#4968 = CARTESIAN_POINT('',(179.1014713211,-27.,-8.460777494851));
#4969 = CIRCLE('',#4970,1.1);
#4970 = AXIS2_PLACEMENT_3D('',#4971,#4972,#4973);
#4971 = CARTESIAN_POINT('',(178.0014713211,-27.,-8.460777494851));
#4972 = DIRECTION('',(0.,1.,-2.22044604925E-16));
#4973 = DIRECTION('',(1.,0.,0.));
#4974 = PLANE('',#4975);
#4975 = AXIS2_PLACEMENT_3D('',#4976,#4977,#4978);
#4976 = CARTESIAN_POINT('',(170.0014713211,-27.,-8.460777494851));
#4977 = DIRECTION('',(0.,1.,-5.241150756782E-16));
#4978 = DIRECTION('',(0.,5.241150756782E-16,1.));
#4979 = ADVANCED_FACE('',(#4980),#4986,.F.);
#4980 = FACE_BOUND('',#4981,.F.);
#4981 = EDGE_LOOP('',(#4982,#4983,#4984,#4985));
#4982 = ORIENTED_EDGE('',*,*,#2673,.T.);
#4983 = ORIENTED_EDGE('',*,*,#4908,.T.);
#4984 = ORIENTED_EDGE('',*,*,#2597,.F.);
#4985 = ORIENTED_EDGE('',*,*,#2632,.F.);
#4986 = PLANE('',#4987);
#4987 = AXIS2_PLACEMENT_3D('',#4988,#4989,#4990);
#4988 = CARTESIAN_POINT('',(160.5014713211,-30.,-11.96077749485));
#4989 = DIRECTION('',(0.,-2.22044604925E-16,-1.));
#4990 = DIRECTION('',(1.,0.,0.));
#4991 = ADVANCED_FACE('',(#4992),#5061,.F.);
#4992 = FACE_BOUND('',#4993,.F.);
#4993 = EDGE_LOOP('',(#4994,#5002,#5054,#5060));
#4994 = ORIENTED_EDGE('',*,*,#4995,.T.);
#4995 = EDGE_CURVE('',#2699,#4996,#4998,.T.);
#4996 = VERTEX_POINT('',#4997);
#4997 = CARTESIAN_POINT('',(239.81821374604,-115.0737675232,
    -8.216962847854));
#4998 = ( BOUNDED_CURVE() B_SPLINE_CURVE(2,(#4999,#5000,#5001),
.UNSPECIFIED.,.F.,.F.) B_SPLINE_CURVE_WITH_KNOTS((3,3),(0.,
17.748313655235),.PIECEWISE_BEZIER_KNOTS.) CURVE() 
GEOMETRIC_REPRESENTATION_ITEM() RATIONAL_B_SPLINE_CURVE((1.,
0.708684287848,1.)) REPRESENTATION_ITEM('') );
#4999 = CARTESIAN_POINT('',(239.81759501158,-116.069300491,
    -7.216972823944));
#5000 = CARTESIAN_POINT('',(239.81759449107,-116.069300491,
    -8.212515916174));
#5001 = CARTESIAN_POINT('',(239.81821374604,-115.0737675232,
    -8.216962847854));
#5002 = ORIENTED_EDGE('',*,*,#5003,.T.);
#5003 = EDGE_CURVE('',#4996,#5004,#5006,.T.);
#5004 = VERTEX_POINT('',#5005);
#5005 = CARTESIAN_POINT('',(186.09875976187,-121.5072017215,
    -8.20053318858));
#5006 = ( BOUNDED_CURVE() B_SPLINE_CURVE(10,(#5007,#5008,#5009,#5010,
    #5011,#5012,#5013,#5014,#5015,#5016,#5017,#5018,#5019,#5020,#5021,
    #5022,#5023,#5024,#5025,#5026,#5027,#5028,#5029,#5030,#5031,#5032,
    #5033,#5034,#5035,#5036,#5037,#5038,#5039,#5040,#5041,#5042,#5043,
    #5044,#5045,#5046,#5047,#5048,#5049,#5050,#5051,#5052,#5053),
.UNSPECIFIED.,.F.,.F.) B_SPLINE_CURVE_WITH_KNOTS((11,9,9,9,9,11),(
    825.36641117459,827.33300808056,834.90705573445,838.71179221037,
840.61859302261,842.82197399182),.UNSPECIFIED.) CURVE() 
GEOMETRIC_REPRESENTATION_ITEM() RATIONAL_B_SPLINE_CURVE((1.,1.,1.,1.,1.,
    1.,1.,1.,1.,1.,1.,1.,1.,1.,1.,1.,1.,1.,1.,1.,1.,1.,0.999999999999,
    1.000000000001,0.999999999999,1.,1.,1.,1.,1.,1.,1.,1.,1.,1.,1.,1.,1.
,1.,1.,1.,1.,1.,1.,1.,1.,1.)) REPRESENTATION_ITEM('') );
#5007 = CARTESIAN_POINT('',(239.81821374604,-115.0737675232,
    -8.216962847854));
#5008 = CARTESIAN_POINT('',(239.19486522439,-115.0714615096,
    -8.216971036468));
#5009 = CARTESIAN_POINT('',(238.59904860214,-115.0712151408,
    -8.216970120438));
#5010 = CARTESIAN_POINT('',(237.98452326639,-115.0726287491,
    -8.21696172036));
#5011 = CARTESIAN_POINT('',(237.3701027008,-115.0760088227,
    -8.216944533596));
#5012 = CARTESIAN_POINT('',(236.75995025389,-115.0813477967,
    -8.216918621885));
#5013 = CARTESIAN_POINT('',(236.14766535339,-115.0885149818,
    -8.216884572219));
#5014 = CARTESIAN_POINT('',(235.53350655889,-115.0975400312,
    -8.216842288817));
#5015 = CARTESIAN_POINT('',(234.92252564898,-115.1085223595,
    -8.216791391415));
#5016 = CARTESIAN_POINT('',(234.30981474235,-115.121351944,
    -8.21673241254));
#5017 = CARTESIAN_POINT('',(231.3392451191,-115.1927977774,
    -8.216406359812));
#5018 = CARTESIAN_POINT('',(228.98130606783,-115.2775286947,
    -8.216025759286));
#5019 = CARTESIAN_POINT('',(226.62387446603,-115.3902806541,
    -8.215527639927));
#5020 = CARTESIAN_POINT('',(224.26714439065,-115.5310686146,
    -8.214918385199));
#5021 = CARTESIAN_POINT('',(221.91130863242,-115.6999135441,
    -8.214206524371));
#5022 = CARTESIAN_POINT('',(219.55655869576,-115.89684242,
    -8.213402732515));
#5023 = CARTESIAN_POINT('',(217.20308479885,-116.1218882286,
    -8.212519830504));
#5024 = CARTESIAN_POINT('',(214.85107587357,-116.3750899656,
    -8.211572785017));
#5025 = CARTESIAN_POINT('',(212.50071956557,-116.6564926357,
    -8.210578708536));
#5026 = CARTESIAN_POINT('',(208.97245133173,-117.1216987191,
    -8.209043545058));
#5027 = CARTESIAN_POINT('',(207.79320909284,-117.2843712565,
    -8.208523163539));
#5028 = CARTESIAN_POINT('',(206.61441544707,-117.4541871174,
    -8.20799806033));
#5029 = CARTESIAN_POINT('',(205.43608561763,-117.6311549495,
    -8.207470725749));
#5030 = CARTESIAN_POINT('',(204.25828024658,-117.8152753479,
    -8.206943777437));
#5031 = CARTESIAN_POINT('',(203.08107552004,-118.0065464064,
    -8.206419942906));
#5032 = CARTESIAN_POINT('',(201.90453329346,-118.2049692697,
    -8.205902042092));
#5033 = CARTESIAN_POINT('',(200.72867121675,-118.4105536846,
    -8.2053929699));
#5034 = CARTESIAN_POINT('',(199.55343285957,-118.6233235522,
    -8.204895678755));
#5035 = CARTESIAN_POINT('',(197.78990169468,-118.953578245,
    -8.204171340201));
#5036 = CARTESIAN_POINT('',(197.2014214412,-119.0656110411,
    -8.203933265778));
#5037 = CARTESIAN_POINT('',(196.61210872871,-119.1796834103,
    -8.20369904126));
#5038 = CARTESIAN_POINT('',(196.02437682457,-119.2952273695,
    -8.203469663391));
#5039 = CARTESIAN_POINT('',(195.43556862003,-119.4128627226,
    -8.203244818132));
#5040 = CARTESIAN_POINT('',(194.84565136015,-119.5326168743,
    -8.203024965609));
#5041 = CARTESIAN_POINT('',(194.25800691417,-119.6537083889,
    -8.202811424216));
#5042 = CARTESIAN_POINT('',(193.67033691901,-119.7766249114,
    -8.202603805469));
#5043 = CARTESIAN_POINT('',(193.07291263928,-119.9035944411,
    -8.202399792675));
#5044 = CARTESIAN_POINT('',(191.81989244318,-120.1737326818,
    -8.201986156425));
#5045 = CARTESIAN_POINT('',(191.17027526714,-120.3163549652,
    -8.201780726535));
#5046 = CARTESIAN_POINT('',(190.54597490703,-120.4546441187,
    -8.201592434884));
#5047 = CARTESIAN_POINT('',(189.89804337374,-120.6036541471,
    -8.201404050314));
#5048 = CARTESIAN_POINT('',(189.25138726793,-120.7466144246,
    -8.201228244169));
#5049 = CARTESIAN_POINT('',(188.55441972445,-120.9163378549,
    -8.201047149852));
#5050 = CARTESIAN_POINT('',(187.88947474816,-121.0666900632,
    -8.20089107151));
#5051 = CARTESIAN_POINT('',(187.18637343177,-121.2414812876,
    -8.200738260437));
#5052 = CARTESIAN_POINT('',(186.57898399811,-121.3875931499,
    -8.200621787682));
#5053 = CARTESIAN_POINT('',(186.09875976187,-121.5072017215,
    -8.20053318858));
#5054 = ORIENTED_EDGE('',*,*,#5055,.F.);
#5055 = EDGE_CURVE('',#2690,#5004,#5056,.T.);
#5056 = ( BOUNDED_CURVE() B_SPLINE_CURVE(2,(#5057,#5058,#5059),
.UNSPECIFIED.,.F.,.F.) B_SPLINE_CURVE_WITH_KNOTS((3,3),(0.,
17.455562817232),.PIECEWISE_BEZIER_KNOTS.) CURVE() 
GEOMETRIC_REPRESENTATION_ITEM() RATIONAL_B_SPLINE_CURVE((1.,
0.707361070156,1.)) REPRESENTATION_ITEM('') );
#5057 = CARTESIAN_POINT('',(186.3171026517,-122.4823354739,
    -7.20053228202));
#5058 = CARTESIAN_POINT('',(186.31705134016,-122.4823481558,
    -8.199813172035));
#5059 = CARTESIAN_POINT('',(186.09875976187,-121.5072017215,
    -8.20053318858));
#5060 = ORIENTED_EDGE('',*,*,#2706,.F.);
#5061 = ( BOUNDED_SURFACE() B_SPLINE_SURFACE(2,10,(
    (#5062,#5063,#5064,#5065,#5066,#5067,#5068,#5069,#5070,#5071,#5072
      ,#5073,#5074,#5075,#5076,#5077,#5078,#5079,#5080,#5081,#5082,#5083
      ,#5084,#5085,#5086,#5087,#5088,#5089,#5090,#5091,#5092,#5093,#5094
      ,#5095,#5096,#5097,#5098,#5099,#5100,#5101,#5102,#5103,#5104,#5105
      ,#5106,#5107,#5108)
    ,(#5109,#5110,#5111,#5112,#5113,#5114,#5115,#5116,#5117,#5118,#5119
      ,#5120,#5121,#5122,#5123,#5124,#5125,#5126,#5127,#5128,#5129,#5130
      ,#5131,#5132,#5133,#5134,#5135,#5136,#5137,#5138,#5139,#5140,#5141
      ,#5142,#5143,#5144,#5145,#5146,#5147,#5148,#5149,#5150,#5151,#5152
      ,#5153,#5154,#5155)
    ,(#5156,#5157,#5158,#5159,#5160,#5161,#5162,#5163,#5164,#5165,#5166
      ,#5167,#5168,#5169,#5170,#5171,#5172,#5173,#5174,#5175,#5176,#5177
      ,#5178,#5179,#5180,#5181,#5182,#5183,#5184,#5185,#5186,#5187,#5188
      ,#5189,#5190,#5191,#5192,#5193,#5194,#5195,#5196,#5197,#5198,#5199
      ,#5200,#5201,#5202
)),.UNSPECIFIED.,.F.,.F.,.F.) B_SPLINE_SURFACE_WITH_KNOTS((3,3),(11,9,9,
    9,9,11),(0.,17.455562817232),(825.36641117459,827.33300808056,
    834.90705573445,838.71179221037,840.61859302261,842.82197399182),
.UNSPECIFIED.) GEOMETRIC_REPRESENTATION_ITEM() RATIONAL_B_SPLINE_SURFACE
((
    (1.,1.,1.,1.,1.,1.,1.,1.,1.,1.,1.,1.,1.,1.,1.,1.,1.,1.,1.,1.,1.,1.
      ,0.999999999999,1.000000000001,0.999999999999,1.,1.,1.,1.,1.,1.,1.
      ,1.,1.,1.,1.,1.,1.,1.,1.,1.,1.,1.,1.,1.,1.,1.)
    ,(0.708684288518,0.708684701173,0.708684664294,0.708684221467
      ,0.708683325025,0.708681978103,0.708680201639,0.708677991434
      ,0.708675332901,0.708672243748,0.708655136027,0.708635082961
      ,0.708608624488,0.708575856293,0.708536903417,0.708491920262
      ,0.708441090587,0.708384627511,0.708322773512,0.708222157259
      ,0.708187222087,0.708151024735,0.708113599155,0.708074982199
      ,0.708035212384,0.707994328667,0.707952369209,0.707909370148
      ,0.707843310212,0.707821009972,0.70779842207,0.707775652751
      ,0.707752595896,0.70772925367,0.707705771842,0.70768206272
      ,0.70765772794,0.707606220343,0.707579194471,0.707553302644
      ,0.707525006065,0.70749915817,0.707466937703,0.707439985492
      ,0.70740817866,0.707380743615,0.707361070156)
    ,(1.,1.,1.,1.,1.,1.,1.,1.,1.,1.,1.,1.,1.,1.,1.,1.,1.,1.,1.,1.,1.,1.
      ,0.999999999999,1.000000000001,0.999999999999,1.,1.,1.,1.,1.,1.,1.
      ,1.,1.,1.,1.,1.,1.,1.,1.,1.,1.,1.,1.,1.,1.,1.
))) REPRESENTATION_ITEM('') SURFACE() );
#5062 = CARTESIAN_POINT('',(239.81759501158,-116.069300491,
    -7.216972825844));
#5063 = CARTESIAN_POINT('',(239.19413843592,-116.0669932376,
    -7.216981016873));
#5064 = CARTESIAN_POINT('',(238.60089324226,-116.0667497748,
    -7.216980123445));
#5065 = CARTESIAN_POINT('',(237.98920811561,-116.0681613269,
    -7.216971689304));
#5066 = CARTESIAN_POINT('',(237.37751051504,-116.0715281503,
    -7.216954490082));
#5067 = CARTESIAN_POINT('',(236.77009633688,-116.0768454105,
    -7.216928577193));
#5068 = CARTESIAN_POINT('',(236.16061691654,-116.0839855368,
    -7.216894501658));
#5069 = CARTESIAN_POINT('',(235.54925236443,-116.0929765669,
    -7.216852180069));
#5070 = CARTESIAN_POINT('',(234.94101584912,-116.1039155671,
    -7.21680126035));
#5071 = CARTESIAN_POINT('',(234.33108906025,-116.116695785,
    -7.21674224045));
#5072 = CARTESIAN_POINT('',(231.3739776903,-116.1878649495,
    -7.216415978003));
#5073 = CARTESIAN_POINT('',(229.02672109851,-116.2722671461,
    -7.216035132559));
#5074 = CARTESIAN_POINT('',(226.67996969069,-116.3845810858,
    -7.215536693873));
#5075 = CARTESIAN_POINT('',(224.33391686512,-116.5248214245,
    -7.214927050763));
#5076 = CARTESIAN_POINT('',(221.9887546538,-116.6930087426,
    -7.214214739186));
#5077 = CARTESIAN_POINT('',(219.64467372241,-116.8891695448,
    -7.213410442242));
#5078 = CARTESIAN_POINT('',(217.30186337033,-117.1133362601,
    -7.212526990169));
#5079 = CARTESIAN_POINT('',(214.96051153064,-117.3655472422,
    -7.211579360344));
#5080 = CARTESIAN_POINT('',(212.62080477008,-117.6458467687,
    -7.210584677285));
#5081 = CARTESIAN_POINT('',(209.10852269655,-118.1092254914,
    -7.209048589198));
#5082 = CARTESIAN_POINT('',(207.93462343581,-118.2712584874,
    -7.208527896142));
#5083 = CARTESIAN_POINT('',(206.76117100808,-118.4404060606,
    -7.208002480677));
#5084 = CARTESIAN_POINT('',(205.58818058387,-118.6166767389,
    -7.207474834736));
#5085 = CARTESIAN_POINT('',(204.41571237579,-118.8000710575,
    -7.206947577559));
#5086 = CARTESIAN_POINT('',(203.24384201146,-118.9905870688,
    -7.206423438261));
#5087 = CARTESIAN_POINT('',(202.07263090632,-119.1882258522,
    -7.205905238403));
#5088 = CARTESIAN_POINT('',(200.90209663645,-119.392997024,
    -7.205395874563));
#5089 = CARTESIAN_POINT('',(199.73218331142,-119.6049242475,
    -7.204898300903));
#5090 = CARTESIAN_POINT('',(197.97664383679,-119.9338692761,
    -7.204173554703));
#5091 = CARTESIAN_POINT('',(197.3908371592,-120.0454559993,
    -7.203935348051));
#5092 = CARTESIAN_POINT('',(196.80416982492,-120.1590811756,
    -7.203700988501));
#5093 = CARTESIAN_POINT('',(196.21913132522,-120.2741594009,
    -7.203471488732));
#5094 = CARTESIAN_POINT('',(195.63299323947,-120.3913266564,
    -7.203246519131));
#5095 = CARTESIAN_POINT('',(195.04570783866,-120.510613892,
    -7.203026538429));
#5096 = CARTESIAN_POINT('',(194.46075428118,-120.6312176738,
    -7.202812886973));
#5097 = CARTESIAN_POINT('',(193.87582746094,-120.7536269172,
    -7.202605170396));
#5098 = CARTESIAN_POINT('',(193.28096013018,-120.8801232136,
    -7.202401015395));
#5099 = CARTESIAN_POINT('',(192.03377517392,-121.149150611,
    -7.201987190673));
#5100 = CARTESIAN_POINT('',(191.3871409327,-121.2910639855,
    -7.201781670566));
#5101 = CARTESIAN_POINT('',(190.7644120666,-121.4299154466,
    -7.201592903726));
#5102 = CARTESIAN_POINT('',(190.12320249592,-121.5748927052,
    -7.201405677083));
#5103 = CARTESIAN_POINT('',(189.47334936307,-121.7237299132,
    -7.201227286453));
#5104 = CARTESIAN_POINT('',(188.78497471466,-121.8847089584,
    -7.201049518982));
#5105 = CARTESIAN_POINT('',(188.12311790196,-122.0410159413,
    -7.200889946472));
#5106 = CARTESIAN_POINT('',(187.41414802518,-122.2126999208,
    -7.200739714166));
#5107 = CARTESIAN_POINT('',(186.83921229806,-122.3532931909,
    -7.200622797188));
#5108 = CARTESIAN_POINT('',(186.3171026517,-122.4823354739,
    -7.20053228202));
#5109 = CARTESIAN_POINT('',(239.81759449107,-116.0693004891,
    -8.212515916182));
#5110 = CARTESIAN_POINT('',(239.1941386924,-116.0669932401,
    -8.212522942629));
#5111 = CARTESIAN_POINT('',(238.60088314925,-116.0667497375,
    -8.212522153302));
#5112 = CARTESIAN_POINT('',(237.98918617964,-116.0681613533,
    -8.2125149688));
#5113 = CARTESIAN_POINT('',(237.37747686356,-116.0715283175,
    -8.212500299168));
#5114 = CARTESIAN_POINT('',(236.77005091257,-116.0768457861,
    -8.212478187021));
#5115 = CARTESIAN_POINT('',(236.16055986673,-116.0839861952,
    -8.212449124358));
#5116 = CARTESIAN_POINT('',(235.54918438301,-116.0929775734,
    -8.212413039652));
#5117 = CARTESIAN_POINT('',(234.94093798587,-116.1039169655,
    -8.212369622017));
#5118 = CARTESIAN_POINT('',(234.33100242935,-116.1166976092,
    -8.212319319566));
#5119 = CARTESIAN_POINT('',(231.37379932042,-116.1878702467,
    -8.212041330241));
#5120 = CARTESIAN_POINT('',(229.0264242929,-116.2722790141,
    -8.211717052481));
#5121 = CARTESIAN_POINT('',(226.67954154328,-116.3846029941,
    -8.211293253477));
#5122 = CARTESIAN_POINT('',(224.3333629456,-116.524856211,
    -8.210776061613));
#5123 = CARTESIAN_POINT('',(221.98809696828,-116.6930579857,
    -8.210173667237));
#5124 = CARTESIAN_POINT('',(219.64394917644,-116.8892328607,
    -8.20949632413));
#5125 = CARTESIAN_POINT('',(217.30112273242,-117.1134105073,
    -8.208756351242));
#5126 = CARTESIAN_POINT('',(214.9598188947,-117.3656256171,
    -8.207968134706));
#5127 = CARTESIAN_POINT('',(212.62023751472,-117.6459177753,
    -8.207148130047));
#5128 = CARTESIAN_POINT('',(209.10811386315,-118.1092813544,
    -8.205896223722));
#5129 = CARTESIAN_POINT('',(207.93416618353,-118.2713233901,
    -8.205474169742));
#5130 = CARTESIAN_POINT('',(206.76067690974,-118.4404789924,
    -8.205050967414));
#5131 = CARTESIAN_POINT('',(205.58766293537,-118.6167561995,
    -8.204629014403));
#5132 = CARTESIAN_POINT('',(204.41518606092,-118.8001550254,
    -8.204210827277));
#5133 = CARTESIAN_POINT('',(203.24332340384,-118.990672967,
    -8.203799027498));
#5134 = CARTESIAN_POINT('',(202.07213778716,-119.1883105158,
    -8.2033963274));
#5135 = CARTESIAN_POINT('',(200.90164810566,-119.3930766722,
    -8.203005516167));
#5136 = CARTESIAN_POINT('',(199.73179966854,-119.6049944648,
    -8.202629445794));
#5137 = CARTESIAN_POINT('',(197.976334922,-119.9339279952,
    -8.202091368319));
#5138 = CARTESIAN_POINT('',(197.39052071442,-120.0455170444,
    -8.201916168863));
#5139 = CARTESIAN_POINT('',(196.80385090648,-120.1591436055,
    -8.20174563319));
#5140 = CARTESIAN_POINT('',(196.2188130948,-120.2742226458,
    -8.201580473244));
#5141 = CARTESIAN_POINT('',(195.63268097636,-120.3913896434,
    -8.201420659828));
#5142 = CARTESIAN_POINT('',(195.04540710578,-120.5106754366,
    -8.201266645565));
#5143 = CARTESIAN_POINT('',(194.46046894876,-120.6312769091,
    -8.201119358313));
#5144 = CARTESIAN_POINT('',(193.87556201045,-120.753682795,
    -8.200978651548));
#5145 = CARTESIAN_POINT('',(193.28072182323,-120.8801740335,
    -8.200843278467));
#5146 = CARTESIAN_POINT('',(192.03355506416,-121.1491987661,
    -8.200575034798));
#5147 = CARTESIAN_POINT('',(191.38691623539,-121.2911138665,
    -8.200445901493));
#5148 = CARTESIAN_POINT('',(190.76418873541,-121.4299658057,
    -8.200330320883));
#5149 = CARTESIAN_POINT('',(190.12298607007,-121.5749420514,
    -8.200223081068));
#5150 = CARTESIAN_POINT('',(189.47312929956,-121.723781094,
    -8.200117758242));
#5151 = CARTESIAN_POINT('',(188.78478271948,-121.8847541307,
    -8.200031080662));
#5152 = CARTESIAN_POINT('',(188.1229403051,-122.0410586277,
    -8.199947707522));
#5153 = CARTESIAN_POINT('',(187.41401767352,-122.2127316242,
    -8.199887405285));
#5154 = CARTESIAN_POINT('',(186.83912339822,-122.3533150297,
    -8.199848060022));
#5155 = CARTESIAN_POINT('',(186.31705134016,-122.4823481558,
    -8.199813172035));
#5156 = CARTESIAN_POINT('',(239.81821374604,-115.0737675232,
    -8.216962847854));
#5157 = CARTESIAN_POINT('',(239.19486522439,-115.0714615096,
    -8.216971036468));
#5158 = CARTESIAN_POINT('',(238.59904860214,-115.0712151408,
    -8.216970120438));
#5159 = CARTESIAN_POINT('',(237.98452326639,-115.0726287491,
    -8.21696172036));
#5160 = CARTESIAN_POINT('',(237.3701027008,-115.0760088227,
    -8.216944533596));
#5161 = CARTESIAN_POINT('',(236.75995025389,-115.0813477967,
    -8.216918621885));
#5162 = CARTESIAN_POINT('',(236.14766535339,-115.0885149818,
    -8.216884572219));
#5163 = CARTESIAN_POINT('',(235.53350655889,-115.0975400312,
    -8.216842288817));
#5164 = CARTESIAN_POINT('',(234.92252564898,-115.1085223595,
    -8.216791391415));
#5165 = CARTESIAN_POINT('',(234.30981474235,-115.121351944,
    -8.21673241254));
#5166 = CARTESIAN_POINT('',(231.3392451191,-115.1927977774,
    -8.216406359812));
#5167 = CARTESIAN_POINT('',(228.98130606783,-115.2775286947,
    -8.216025759286));
#5168 = CARTESIAN_POINT('',(226.62387446603,-115.3902806541,
    -8.215527639927));
#5169 = CARTESIAN_POINT('',(224.26714439065,-115.5310686146,
    -8.214918385199));
#5170 = CARTESIAN_POINT('',(221.91130863242,-115.6999135441,
    -8.214206524371));
#5171 = CARTESIAN_POINT('',(219.55655869576,-115.89684242,
    -8.213402732515));
#5172 = CARTESIAN_POINT('',(217.20308479885,-116.1218882286,
    -8.212519830504));
#5173 = CARTESIAN_POINT('',(214.85107587357,-116.3750899656,
    -8.211572785017));
#5174 = CARTESIAN_POINT('',(212.50071956557,-116.6564926357,
    -8.210578708536));
#5175 = CARTESIAN_POINT('',(208.97245133173,-117.1216987191,
    -8.209043545058));
#5176 = CARTESIAN_POINT('',(207.79320909284,-117.2843712565,
    -8.208523163539));
#5177 = CARTESIAN_POINT('',(206.61441544707,-117.4541871174,
    -8.20799806033));
#5178 = CARTESIAN_POINT('',(205.43608561763,-117.6311549495,
    -8.207470725749));
#5179 = CARTESIAN_POINT('',(204.25828024658,-117.8152753479,
    -8.206943777437));
#5180 = CARTESIAN_POINT('',(203.08107552004,-118.0065464064,
    -8.206419942906));
#5181 = CARTESIAN_POINT('',(201.90453329346,-118.2049692697,
    -8.205902042092));
#5182 = CARTESIAN_POINT('',(200.72867121675,-118.4105536846,
    -8.2053929699));
#5183 = CARTESIAN_POINT('',(199.55343285957,-118.6233235522,
    -8.204895678755));
#5184 = CARTESIAN_POINT('',(197.78990169468,-118.953578245,
    -8.204171340201));
#5185 = CARTESIAN_POINT('',(197.2014214412,-119.0656110411,
    -8.203933265778));
#5186 = CARTESIAN_POINT('',(196.61210872871,-119.1796834103,
    -8.20369904126));
#5187 = CARTESIAN_POINT('',(196.02437682457,-119.2952273695,
    -8.203469663391));
#5188 = CARTESIAN_POINT('',(195.43556862003,-119.4128627226,
    -8.203244818132));
#5189 = CARTESIAN_POINT('',(194.84565136015,-119.5326168743,
    -8.203024965609));
#5190 = CARTESIAN_POINT('',(194.25800691417,-119.6537083889,
    -8.202811424216));
#5191 = CARTESIAN_POINT('',(193.67033691901,-119.7766249114,
    -8.202603805469));
#5192 = CARTESIAN_POINT('',(193.07291263928,-119.9035944411,
    -8.202399792675));
#5193 = CARTESIAN_POINT('',(191.81989244318,-120.1737326818,
    -8.201986156425));
#5194 = CARTESIAN_POINT('',(191.17027526714,-120.3163549652,
    -8.201780726535));
#5195 = CARTESIAN_POINT('',(190.54597490703,-120.4546441187,
    -8.201592434884));
#5196 = CARTESIAN_POINT('',(189.89804337374,-120.6036541471,
    -8.201404050314));
#5197 = CARTESIAN_POINT('',(189.25138726793,-120.7466144246,
    -8.201228244169));
#5198 = CARTESIAN_POINT('',(188.55441972445,-120.9163378549,
    -8.201047149852));
#5199 = CARTESIAN_POINT('',(187.88947474816,-121.0666900632,
    -8.20089107151));
#5200 = CARTESIAN_POINT('',(187.18637343177,-121.2414812876,
    -8.200738260437));
#5201 = CARTESIAN_POINT('',(186.57898399811,-121.3875931499,
    -8.200621787682));
#5202 = CARTESIAN_POINT('',(186.09875976187,-121.5072017215,
    -8.20053318858));
#5203 = ADVANCED_FACE('',(#5204),#5234,.F.);
#5204 = FACE_BOUND('',#5205,.F.);
#5205 = EDGE_LOOP('',(#5206,#5214,#5232,#5233));
#5206 = ORIENTED_EDGE('',*,*,#5207,.T.);
#5207 = EDGE_CURVE('',#2765,#5208,#5210,.T.);
#5208 = VERTEX_POINT('',#5209);
#5209 = CARTESIAN_POINT('',(314.6496202106,-115.0792655908,
    -8.217192679476));
#5210 = ( BOUNDED_CURVE() B_SPLINE_CURVE(2,(#5211,#5212,#5213),
.UNSPECIFIED.,.F.,.F.) B_SPLINE_CURVE_WITH_KNOTS((3,3),(0.,
9.577102371969),.PIECEWISE_BEZIER_KNOTS.) CURVE() 
GEOMETRIC_REPRESENTATION_ITEM() RATIONAL_B_SPLINE_CURVE((1.,
0.708696298617,1.)) REPRESENTATION_ITEM('') );
#5211 = CARTESIAN_POINT('',(314.67759151427,-116.0743747563,
    -7.217205889377));
#5212 = CARTESIAN_POINT('',(314.67748079031,-116.0743747803,
    -8.212715079431));
#5213 = CARTESIAN_POINT('',(314.6496202106,-115.0792655908,
    -8.217192679476));
#5214 = ORIENTED_EDGE('',*,*,#5215,.T.);
#5215 = EDGE_CURVE('',#5208,#4996,#5216,.T.);
#5216 = ( BOUNDED_CURVE() B_SPLINE_CURVE(14,(#5217,#5218,#5219,#5220,
    #5221,#5222,#5223,#5224,#5225,#5226,#5227,#5228,#5229,#5230,#5231),
.UNSPECIFIED.,.F.,.F.) B_SPLINE_CURVE_WITH_KNOTS((15,15),(
807.61809751936,825.36641117459),.PIECEWISE_BEZIER_KNOTS.) CURVE() 
GEOMETRIC_REPRESENTATION_ITEM() RATIONAL_B_SPLINE_CURVE((1.,1.,
    1.000000000002,0.999999999995,1.000000000011,0.99999999998,
    1.000000000027,0.99999999997,1.000000000028,0.999999999979,
    1.000000000013,0.999999999994,1.000000000002,1.,1.)) 
REPRESENTATION_ITEM('') );
#5217 = CARTESIAN_POINT('',(314.64962021061,-115.0792655908,
    -8.217192679476));
#5218 = CARTESIAN_POINT('',(313.4914572049,-115.0774994016,
    -8.217196673788));
#5219 = CARTESIAN_POINT('',(311.26593519456,-115.0824413993,
    -8.217166839832));
#5220 = CARTESIAN_POINT('',(307.93521508097,-115.0692143057,
    -8.217214991359));
#5221 = CARTESIAN_POINT('',(303.24994741452,-115.0958404261,
    -8.217079197045));
#5222 = CARTESIAN_POINT('',(297.89456696022,-115.050860781,
    -8.21726332519));
#5223 = CARTESIAN_POINT('',(291.37000284921,-115.1090504401,
    -8.21697925702));
#5224 = CARTESIAN_POINT('',(284.64440817285,-115.0476709684,
    -8.217232531734));
#5225 = CARTESIAN_POINT('',(277.17443889562,-115.096846389,
    -8.21698584099));
#5226 = CARTESIAN_POINT('',(269.78950103616,-115.0649705774,
    -8.217104155406));
#5227 = CARTESIAN_POINT('',(262.36566476489,-115.0794160444,
    -8.217013933065));
#5228 = CARTESIAN_POINT('',(255.3845687488,-115.0738068481,
    -8.217015469982));
#5229 = CARTESIAN_POINT('',(249.09228265215,-115.0745309621,
    -8.216990861859));
#5230 = CARTESIAN_POINT('',(243.83654395857,-115.0740412877,
    -8.216975240215));
#5231 = CARTESIAN_POINT('',(239.81821374604,-115.0737675232,
    -8.216962847854));
#5232 = ORIENTED_EDGE('',*,*,#4995,.F.);
#5233 = ORIENTED_EDGE('',*,*,#2774,.F.);
#5234 = ( BOUNDED_SURFACE() B_SPLINE_SURFACE(2,14,(
    (#5235,#5236,#5237,#5238,#5239,#5240,#5241,#5242,#5243,#5244,#5245
      ,#5246,#5247,#5248,#5249)
    ,(#5250,#5251,#5252,#5253,#5254,#5255,#5256,#5257,#5258,#5259,#5260
      ,#5261,#5262,#5263,#5264)
    ,(#5265,#5266,#5267,#5268,#5269,#5270,#5271,#5272,#5273,#5274,#5275
      ,#5276,#5277,#5278,#5279
)),.UNSPECIFIED.,.F.,.F.,.F.) B_SPLINE_SURFACE_WITH_KNOTS((3,3),(15,15),
  (0.,17.748313655235),(807.61809751936,825.36641117459),
.PIECEWISE_BEZIER_KNOTS.) GEOMETRIC_REPRESENTATION_ITEM() 
RATIONAL_B_SPLINE_SURFACE((
    (1.,1.,1.000000000002,0.999999999995,1.000000000011,0.99999999998
      ,1.000000000027,0.99999999997,1.000000000028,0.999999999979
      ,1.000000000013,0.999999999994,1.000000000002,1.,1.)
    ,(0.708696309797,0.708694588152,0.708698914494,0.708686447991
      ,0.70871049865,0.708668613208,0.708721562144,0.708664431234
      ,0.708709012474,0.708678973265,0.708691585695,0.708685770646
      ,0.708685852736,0.708684913271,0.708684287848)
    ,(1.,1.,1.000000000002,0.999999999995,1.000000000011,0.99999999998
      ,1.000000000027,0.99999999997,1.000000000028,0.999999999979
      ,1.000000000013,0.999999999994,1.000000000002,1.,1.
))) REPRESENTATION_ITEM('') SURFACE() );
#5235 = CARTESIAN_POINT('',(314.67759151427,-116.0743747563,
    -7.21720592107));
#5236 = CARTESIAN_POINT('',(313.45923392828,-116.0742921718,
    -7.217196684431));
#5237 = CARTESIAN_POINT('',(311.30081877811,-116.0741458671,
    -7.217206488262));
#5238 = CARTESIAN_POINT('',(307.87536570737,-116.0739136783,
    -7.217153648415));
#5239 = CARTESIAN_POINT('',(303.34076914445,-116.0736063079,
    -7.21722706992));
#5240 = CARTESIAN_POINT('',(297.77328203262,-116.0732289246,
    -7.21706483952));
#5241 = CARTESIAN_POINT('',(291.50227250628,-116.0728038543,
    -7.217235912578));
#5242 = CARTESIAN_POINT('',(284.52911492801,-116.0723311899,
    -7.21701629591));
#5243 = CARTESIAN_POINT('',(277.25254243259,-116.0718379591,
    -7.217155246818));
#5244 = CARTESIAN_POINT('',(269.74932828454,-116.0713293657,
    -7.217030040301));
#5245 = CARTESIAN_POINT('',(262.38041837011,-116.0708298759,
    -7.21705585761));
#5246 = CARTESIAN_POINT('',(255.38097652807,-116.0703554299,
    -7.21701754074));
#5247 = CARTESIAN_POINT('',(249.0925976139,-116.0699291822,
    -7.217001872073));
#5248 = CARTESIAN_POINT('',(243.8366217836,-116.0695729143,
    -7.216985223109));
#5249 = CARTESIAN_POINT('',(239.81759501158,-116.069300491,
    -7.216972823944));
#5250 = CARTESIAN_POINT('',(314.67748078943,-116.0743747488,
    -8.212715079573));
#5251 = CARTESIAN_POINT('',(313.45935243898,-116.0742921799,
    -8.212710727421));
#5252 = CARTESIAN_POINT('',(311.30069839202,-116.074145859,
    -8.212708245048));
#5253 = CARTESIAN_POINT('',(307.87549952852,-116.0739136873,
    -8.212690782081));
#5254 = CARTESIAN_POINT('',(303.34067603059,-116.0736063016,
    -8.212695926087));
#5255 = CARTESIAN_POINT('',(297.77311112055,-116.0732289131,
    -8.212652568022));
#5256 = CARTESIAN_POINT('',(291.50270556605,-116.0728038836,
    -8.212673337317));
#5257 = CARTESIAN_POINT('',(284.52834931769,-116.0723311381,
    -8.212615858997));
#5258 = CARTESIAN_POINT('',(277.25320705626,-116.0718380041,
    -8.212628257394));
#5259 = CARTESIAN_POINT('',(269.74879632285,-116.0713293297,
    -8.212588291391));
#5260 = CARTESIAN_POINT('',(262.38060656505,-116.0708298887,
    -8.21257829335));
#5261 = CARTESIAN_POINT('',(255.38088530713,-116.0703554238,
    -8.212556463289));
#5262 = CARTESIAN_POINT('',(249.09259345729,-116.0699291819,
    -8.212540545984));
#5263 = CARTESIAN_POINT('',(243.83661504773,-116.0695729138,
    -8.212526550284));
#5264 = CARTESIAN_POINT('',(239.81759449107,-116.069300491,
    -8.212515916174));
#5265 = CARTESIAN_POINT('',(314.64962021061,-115.0792655908,
    -8.217192679476));
#5266 = CARTESIAN_POINT('',(313.4914572049,-115.0774994016,
    -8.217196673788));
#5267 = CARTESIAN_POINT('',(311.26593519456,-115.0824413993,
    -8.217166839832));
#5268 = CARTESIAN_POINT('',(307.93521508097,-115.0692143057,
    -8.217214991359));
#5269 = CARTESIAN_POINT('',(303.24994741452,-115.0958404261,
    -8.217079197045));
#5270 = CARTESIAN_POINT('',(297.89456696022,-115.050860781,
    -8.21726332519));
#5271 = CARTESIAN_POINT('',(291.37000284921,-115.1090504401,
    -8.21697925702));
#5272 = CARTESIAN_POINT('',(284.64440817285,-115.0476709684,
    -8.217232531734));
#5273 = CARTESIAN_POINT('',(277.17443889562,-115.096846389,
    -8.21698584099));
#5274 = CARTESIAN_POINT('',(269.78950103616,-115.0649705774,
    -8.217104155406));
#5275 = CARTESIAN_POINT('',(262.36566476489,-115.0794160444,
    -8.217013933065));
#5276 = CARTESIAN_POINT('',(255.3845687488,-115.0738068481,
    -8.217015469982));
#5277 = CARTESIAN_POINT('',(249.09228265215,-115.0745309621,
    -8.216990861859));
#5278 = CARTESIAN_POINT('',(243.83654395857,-115.0740412877,
    -8.216975240215));
#5279 = CARTESIAN_POINT('',(239.81821374604,-115.0737675232,
    -8.216962847854));
#5280 = ADVANCED_FACE('',(#5281),#5332,.F.);
#5281 = FACE_BOUND('',#5282,.F.);
#5282 = EDGE_LOOP('',(#5283,#5284,#5324,#5331));
#5283 = ORIENTED_EDGE('',*,*,#5055,.T.);
#5284 = ORIENTED_EDGE('',*,*,#5285,.T.);
#5285 = EDGE_CURVE('',#5004,#5286,#5288,.T.);
#5286 = VERTEX_POINT('',#5287);
#5287 = CARTESIAN_POINT('',(175.91491436896,-122.9540253821,-8.2));
#5288 = ( BOUNDED_CURVE() B_SPLINE_CURVE(12,(#5289,#5290,#5291,#5292,
    #5293,#5294,#5295,#5296,#5297,#5298,#5299,#5300,#5301,#5302,#5303,
    #5304,#5305,#5306,#5307,#5308,#5309,#5310,#5311,#5312,#5313,#5314,
    #5315,#5316,#5317,#5318,#5319,#5320,#5321,#5322,#5323),
.UNSPECIFIED.,.F.,.F.) B_SPLINE_CURVE_WITH_KNOTS((13,11,11,13),(
    842.82197399178,843.31507977498,843.86597276428,847.16492422478),
.UNSPECIFIED.) CURVE() GEOMETRIC_REPRESENTATION_ITEM() 
RATIONAL_B_SPLINE_CURVE((1.,1.,1.,1.000000000001,0.999999999998,
    1.000000000002,0.999999999997,1.000000000002,0.999999999999,
    1.000000000001,1.,1.,1.,0.999999999999,1.000000000002,0.999999999997
    ,1.000000000004,0.999999999996,1.000000000003,0.999999999998,
    1.000000000001,1.,1.,1.,1.000000000001,0.999999999998,1.000000000003
    ,0.999999999996,1.000000000005,0.999999999996,1.000000000003,
0.999999999999,1.,1.,1.)) REPRESENTATION_ITEM('') );
#5289 = CARTESIAN_POINT('',(186.09875976196,-121.5072017215,
    -8.20053318858));
#5290 = CARTESIAN_POINT('',(186.00843117086,-121.5260741028,
    -8.200519200859));
#5291 = CARTESIAN_POINT('',(185.92232275364,-121.5439206993,
    -8.200506184461));
#5292 = CARTESIAN_POINT('',(185.8423820982,-121.5608207384,
    -8.200493957225));
#5293 = CARTESIAN_POINT('',(185.68993523137,-121.5919479395,
    -8.200471706943));
#5294 = CARTESIAN_POINT('',(185.67965592579,-121.5939447894,
    -8.200470986003));
#5295 = CARTESIAN_POINT('',(185.49755260136,-121.631373255,
    -8.200444304786));
#5296 = CARTESIAN_POINT('',(185.46535147388,-121.6372952319,
    -8.200441270822));
#5297 = CARTESIAN_POINT('',(185.33518660154,-121.6637693402,
    -8.20042305016));
#5298 = CARTESIAN_POINT('',(185.25259431079,-121.6799821166,
    -8.200412744426));
#5299 = CARTESIAN_POINT('',(185.15349707793,-121.6995963191,
    -8.20040005617));
#5300 = CARTESIAN_POINT('',(185.05808452209,-121.7182803596,
    -8.200388256575));
#5301 = CARTESIAN_POINT('',(184.85518154455,-121.7577449561,
    -8.200363722344));
#5302 = CARTESIAN_POINT('',(184.74809821735,-121.7784036453,
    -8.20035112402));
#5303 = CARTESIAN_POINT('',(184.64099868735,-121.7988965616,
    -8.200338867184));
#5304 = CARTESIAN_POINT('',(184.53388306816,-121.8192237591,
    -8.200326945528));
#5305 = CARTESIAN_POINT('',(184.42675147339,-121.839385292,
    -8.200315352737));
#5306 = CARTESIAN_POINT('',(184.31960401667,-121.8593812146,
    -8.200304082507));
#5307 = CARTESIAN_POINT('',(184.21244081159,-121.8792115809,
    -8.200293128522));
#5308 = CARTESIAN_POINT('',(184.10526197179,-121.8988764453,
    -8.200282484477));
#5309 = CARTESIAN_POINT('',(183.99806761086,-121.9183758618,
    -8.200272144058));
#5310 = CARTESIAN_POINT('',(183.89085784242,-121.9377098847,
    -8.200262100956));
#5311 = CARTESIAN_POINT('',(183.7836327801,-121.9568785681,
    -8.200252348861));
#5312 = CARTESIAN_POINT('',(183.03419820602,-122.0896813595,
    -8.200186187175));
#5313 = CARTESIAN_POINT('',(182.39118641513,-122.1976056517,
    -8.200139692274));
#5314 = CARTESIAN_POINT('',(181.74709482216,-122.2996962897,
    -8.200102122363));
#5315 = CARTESIAN_POINT('',(181.10192809283,-122.3959519839,
    -8.200072305038));
#5316 = CARTESIAN_POINT('',(180.45582067864,-122.4863511484,
    -8.200049159609));
#5317 = CARTESIAN_POINT('',(179.80893534398,-122.5708684659,
    -8.200031689327));
#5318 = CARTESIAN_POINT('',(179.16139744275,-122.6494855762,
    -8.200018976098));
#5319 = CARTESIAN_POINT('',(178.51326494471,-122.7221958902,
    -8.20001017773));
#5320 = CARTESIAN_POINT('',(177.8645342112,-122.7890035275,
    -8.200004527641));
#5321 = CARTESIAN_POINT('',(177.21518152079,-122.8499163784,
    -8.200001337111));
#5322 = CARTESIAN_POINT('',(176.56524034419,-122.904933291,-8.2));
#5323 = CARTESIAN_POINT('',(175.91491436896,-122.9540253821,-8.2));
#5324 = ORIENTED_EDGE('',*,*,#5325,.F.);
#5325 = EDGE_CURVE('',#2848,#5286,#5326,.T.);
#5326 = CIRCLE('',#5327,1.);
#5327 = AXIS2_PLACEMENT_3D('',#5328,#5329,#5330);
#5328 = CARTESIAN_POINT('',(175.91491436896,-122.9540253821,-7.2));
#5329 = DIRECTION('',(0.997160032149,7.531182034829E-02,
    -1.087536012508E-18));
#5330 = DIRECTION('',(7.531182034829E-02,-0.997160032149,
    1.42554355181E-17));
#5331 = ORIENTED_EDGE('',*,*,#2856,.F.);
#5332 = ( BOUNDED_SURFACE() B_SPLINE_SURFACE(2,12,(
    (#5333,#5334,#5335,#5336,#5337,#5338,#5339,#5340,#5341,#5342,#5343
      ,#5344,#5345,#5346,#5347,#5348,#5349,#5350,#5351,#5352,#5353,#5354
      ,#5355,#5356,#5357,#5358,#5359,#5360,#5361,#5362,#5363,#5364,#5365
      ,#5366,#5367)
    ,(#5368,#5369,#5370,#5371,#5372,#5373,#5374,#5375,#5376,#5377,#5378
      ,#5379,#5380,#5381,#5382,#5383,#5384,#5385,#5386,#5387,#5388,#5389
      ,#5390,#5391,#5392,#5393,#5394,#5395,#5396,#5397,#5398,#5399,#5400
      ,#5401,#5402)
    ,(#5403,#5404,#5405,#5406,#5407,#5408,#5409,#5410,#5411,#5412,#5413
      ,#5414,#5415,#5416,#5417,#5418,#5419,#5420,#5421,#5422,#5423,#5424
      ,#5425,#5426,#5427,#5428,#5429,#5430,#5431,#5432,#5433,#5434,#5435
      ,#5436,#5437
)),.UNSPECIFIED.,.F.,.F.,.F.) B_SPLINE_SURFACE_WITH_KNOTS((3,3),(13,11,
    11,13),(0.,4.342950232995),(842.82197399178,843.31507977498,
    843.86597276428,847.16492422478),.UNSPECIFIED.) 
GEOMETRIC_REPRESENTATION_ITEM() RATIONAL_B_SPLINE_SURFACE((
    (1.,1.,1.,1.000000000001,0.999999999998,1.000000000002
      ,0.999999999997,1.000000000002,0.999999999999,1.000000000001,1.,1.
      ,1.,0.999999999999,1.000000000002,0.999999999997,1.000000000004
      ,0.999999999996,1.000000000003,0.999999999998,1.000000000001,1.,1.
      ,1.,1.000000000001,0.999999999998,1.000000000003,0.999999999996
      ,1.000000000005,0.999999999996,1.000000000003,0.999999999999,1.,1.
      ,1.)
    ,(0.707361726367,0.707358648909,0.707355853978,0.707353280399
      ,0.707345940429,0.707348550828,0.707338808727,0.707340148245
      ,0.707334142625,0.707331801336,0.707328203525,0.707324919995
      ,0.707317949265,0.707314300484,0.707310681192,0.707307091367
      ,0.707303530998,0.707300000054,0.707296498532,0.707293026399
      ,0.707289583648,0.707286170254,0.707282786201,0.707259342097
      ,0.70724029511,0.707222281417,0.707205299645,0.707189352122
      ,0.707174442001,0.707160571276,0.70714774002,0.707135946483
      ,0.707125188384,0.707115465139,0.707106781187)
    ,(1.,1.,1.,1.000000000001,0.999999999998,1.000000000002
      ,0.999999999997,1.000000000002,0.999999999999,1.000000000001,1.,1.
      ,1.,0.999999999999,1.000000000002,0.999999999997,1.000000000004
      ,0.999999999996,1.000000000003,0.999999999998,1.000000000001,1.,1.
      ,1.,1.000000000001,0.999999999998,1.000000000003,0.999999999996
      ,1.000000000005,0.999999999996,1.000000000003,0.999999999999,1.,1.
,1.))) REPRESENTATION_ITEM('') SURFACE() );
#5333 = CARTESIAN_POINT('',(186.3171026517,-122.4823354739,
    -7.200534138733));
#5334 = CARTESIAN_POINT('',(186.2189622242,-122.5029655072,
    -7.200519730373));
#5335 = CARTESIAN_POINT('',(186.12241142017,-122.5231192302,
    -7.200506189224));
#5336 = CARTESIAN_POINT('',(186.029570739,-122.542364303,-7.200493667124
    ));
#5337 = CARTESIAN_POINT('',(185.9252532827,-122.5638880866,
    -7.200473446928));
#5338 = CARTESIAN_POINT('',(185.83525096414,-122.5822225417,
    -7.200469164924));
#5339 = CARTESIAN_POINT('',(185.73415598948,-122.6028316525,
    -7.200446398083));
#5340 = CARTESIAN_POINT('',(185.63840439989,-122.6220878071,
    -7.200440273786));
#5341 = CARTESIAN_POINT('',(185.54154742413,-122.6415111407,
    -7.20042380563));
#5342 = CARTESIAN_POINT('',(185.44419481137,-122.6608606429,
    -7.200412788019));
#5343 = CARTESIAN_POINT('',(185.34730241631,-122.6799914468,
    -7.200400276072));
#5344 = CARTESIAN_POINT('',(185.25023165156,-122.6990184766,
    -7.200388447229));
#5345 = CARTESIAN_POINT('',(185.04473525529,-122.7390079035,
    -7.200363900921));
#5346 = CARTESIAN_POINT('',(184.93628314545,-122.7599413369,
    -7.200351296399));
#5347 = CARTESIAN_POINT('',(184.82781456161,-122.7807067974,
    -7.200339033537));
#5348 = CARTESIAN_POINT('',(184.71932964429,-122.8013043357,
    -7.20032710602));
#5349 = CARTESIAN_POINT('',(184.610828534,-122.8217340024,
    -7.200315507536));
#5350 = CARTESIAN_POINT('',(184.50231137128,-122.8419958479,
    -7.20030423177));
#5351 = CARTESIAN_POINT('',(184.39377829659,-122.8620899229,
    -7.200293272411));
#5352 = CARTESIAN_POINT('',(184.2852294505,-122.8820162779,
    -7.200282623143));
#5353 = CARTESIAN_POINT('',(184.17666497349,-122.9017749635,
    -7.200272277655));
#5354 = CARTESIAN_POINT('',(184.06808500608,-122.9213660302,
    -7.200262229631));
#5355 = CARTESIAN_POINT('',(183.95948968879,-122.9407895286,
    -7.200252472759));
#5356 = CARTESIAN_POINT('',(183.20047906171,-123.0753574606,
    -7.200186278675));
#5357 = CARTESIAN_POINT('',(182.54926072241,-123.1847144308,
    -7.200139760984));
#5358 = CARTESIAN_POINT('',(181.89694760833,-123.2881603949,
    -7.200102172634));
#5359 = CARTESIAN_POINT('',(181.24354097937,-123.3856946498,
    -7.200072340655));
#5360 = CARTESIAN_POINT('',(180.58917758283,-123.4772951835,
    -7.20004918384));
#5361 = CARTESIAN_POINT('',(179.93402434619,-123.5629359385,
    -7.200031704951));
#5362 = CARTESIAN_POINT('',(179.27821007151,-123.6425979683,
    -7.20001898546));
#5363 = CARTESIAN_POINT('',(178.62179413108,-123.7162744886,
    -7.200010182752));
#5364 = CARTESIAN_POINT('',(177.96477216444,-123.7839698222,
    -7.200004529878));
#5365 = CARTESIAN_POINT('',(177.30711877689,-123.8456922382,
    -7.200001337772));
#5366 = CARTESIAN_POINT('',(176.6488672393,-123.9014406844,-7.2));
#5367 = CARTESIAN_POINT('',(175.99022618931,-123.9511854142,-7.2));
#5368 = CARTESIAN_POINT('',(186.31705093495,-122.4823463452,
    -8.199813173372));
#5369 = CARTESIAN_POINT('',(186.21891441129,-122.5029754896,
    -8.199807466453));
#5370 = CARTESIAN_POINT('',(186.12236805701,-122.52312822,-8.19980182798
    ));
#5371 = CARTESIAN_POINT('',(186.02953152902,-122.5423723914,
    -8.199796582633));
#5372 = CARTESIAN_POINT('',(185.92520240652,-122.5638985319,
    -8.199797115323));
#5373 = CARTESIAN_POINT('',(185.83522696872,-122.5822273554,
    -8.199785453882));
#5374 = CARTESIAN_POINT('',(185.73410579204,-122.6028418892,
    -8.199790231155));
#5375 = CARTESIAN_POINT('',(185.63837919803,-122.6220927943,
    -8.199780320778));
#5376 = CARTESIAN_POINT('',(185.54151116241,-122.6415184159,
    -8.199780832842));
#5377 = CARTESIAN_POINT('',(185.44416623341,-122.6608662948,
    -8.199776435697));
#5378 = CARTESIAN_POINT('',(185.34727471112,-122.6799969067,
    -8.199774096678));
#5379 = CARTESIAN_POINT('',(185.25020647035,-122.6990234064,
    -8.199771552267));
#5380 = CARTESIAN_POINT('',(185.04471403749,-122.7390119994,
    -8.199766716273));
#5381 = CARTESIAN_POINT('',(184.93626364352,-122.7599450726,
    -8.199764429021));
#5382 = CARTESIAN_POINT('',(184.82779688128,-122.7807101588,
    -8.199762400105));
#5383 = CARTESIAN_POINT('',(184.71931386779,-122.8013073128,
    -8.199760623262));
#5384 = CARTESIAN_POINT('',(184.61081472009,-122.8217365895,
    -8.19975909223));
#5385 = CARTESIAN_POINT('',(184.50229955515,-122.8419980438,
    -8.199757800743));
#5386 = CARTESIAN_POINT('',(184.39376849003,-122.8620917308,
    -8.199756742543));
#5387 = CARTESIAN_POINT('',(184.28522164167,-122.8820177053,
    -8.19975591136));
#5388 = CARTESIAN_POINT('',(184.17665912713,-122.9017760225,
    -8.199755300937));
#5389 = CARTESIAN_POINT('',(184.06808106336,-122.9213667375,
    -8.199754905006));
#5390 = CARTESIAN_POINT('',(183.95948756737,-122.9407899053,
    -8.199754717304));
#5391 = CARTESIAN_POINT('',(183.20046736931,-123.0753595301,
    -8.199754816985));
#5392 = CARTESIAN_POINT('',(182.54923065912,-123.1847194314,
    -8.199762161324));
#5393 = CARTESIAN_POINT('',(181.89690405418,-123.2881672611,
    -8.199775514686));
#5394 = CARTESIAN_POINT('',(181.24349201369,-123.3857018847,
    -8.199793707551));
#5395 = CARTESIAN_POINT('',(180.58912981618,-123.4773016769,
    -8.199815651719));
#5396 = CARTESIAN_POINT('',(179.9339813249,-123.5629412226,
    -8.199840340829));
#5397 = CARTESIAN_POINT('',(179.27817274583,-123.6426020988,
    -8.199866850421));
#5398 = CARTESIAN_POINT('',(178.62176239259,-123.7162777318,
    -8.19989433758));
#5399 = CARTESIAN_POINT('',(177.96474647125,-123.7839723313,
    -8.199922040118));
#5400 = CARTESIAN_POINT('',(177.30710089675,-123.8456938966,
    -8.199949275346));
#5401 = CARTESIAN_POINT('',(176.64885915065,-123.9014412953,
    -8.199975438374));
#5402 = CARTESIAN_POINT('',(175.99022618931,-123.9511854142,-8.2));
#5403 = CARTESIAN_POINT('',(186.09875976196,-121.5072017215,
    -8.20053318858));
#5404 = CARTESIAN_POINT('',(186.00843117086,-121.5260741028,
    -8.200519200859));
#5405 = CARTESIAN_POINT('',(185.92232275364,-121.5439206993,
    -8.200506184461));
#5406 = CARTESIAN_POINT('',(185.8423820982,-121.5608207384,
    -8.200493957225));
#5407 = CARTESIAN_POINT('',(185.68993523137,-121.5919479395,
    -8.200471706943));
#5408 = CARTESIAN_POINT('',(185.67965592579,-121.5939447894,
    -8.200470986003));
#5409 = CARTESIAN_POINT('',(185.49755260136,-121.631373255,
    -8.200444304786));
#5410 = CARTESIAN_POINT('',(185.46535147388,-121.6372952319,
    -8.200441270822));
#5411 = CARTESIAN_POINT('',(185.33518660154,-121.6637693402,
    -8.20042305016));
#5412 = CARTESIAN_POINT('',(185.25259431079,-121.6799821166,
    -8.200412744426));
#5413 = CARTESIAN_POINT('',(185.15349707793,-121.6995963191,
    -8.20040005617));
#5414 = CARTESIAN_POINT('',(185.05808452209,-121.7182803596,
    -8.200388256575));
#5415 = CARTESIAN_POINT('',(184.85518154455,-121.7577449561,
    -8.200363722344));
#5416 = CARTESIAN_POINT('',(184.74809821735,-121.7784036453,
    -8.20035112402));
#5417 = CARTESIAN_POINT('',(184.64099868735,-121.7988965616,
    -8.200338867184));
#5418 = CARTESIAN_POINT('',(184.53388306816,-121.8192237591,
    -8.200326945528));
#5419 = CARTESIAN_POINT('',(184.42675147339,-121.839385292,
    -8.200315352737));
#5420 = CARTESIAN_POINT('',(184.31960401667,-121.8593812146,
    -8.200304082507));
#5421 = CARTESIAN_POINT('',(184.21244081159,-121.8792115809,
    -8.200293128522));
#5422 = CARTESIAN_POINT('',(184.10526197179,-121.8988764453,
    -8.200282484477));
#5423 = CARTESIAN_POINT('',(183.99806761086,-121.9183758618,
    -8.200272144058));
#5424 = CARTESIAN_POINT('',(183.89085784242,-121.9377098847,
    -8.200262100956));
#5425 = CARTESIAN_POINT('',(183.7836327801,-121.9568785681,
    -8.200252348861));
#5426 = CARTESIAN_POINT('',(183.03419820602,-122.0896813595,
    -8.200186187175));
#5427 = CARTESIAN_POINT('',(182.39118641513,-122.1976056517,
    -8.200139692274));
#5428 = CARTESIAN_POINT('',(181.74709482216,-122.2996962897,
    -8.200102122363));
#5429 = CARTESIAN_POINT('',(181.10192809283,-122.3959519839,
    -8.200072305038));
#5430 = CARTESIAN_POINT('',(180.45582067864,-122.4863511484,
    -8.200049159609));
#5431 = CARTESIAN_POINT('',(179.80893534398,-122.5708684659,
    -8.200031689327));
#5432 = CARTESIAN_POINT('',(179.16139744275,-122.6494855762,
    -8.200018976098));
#5433 = CARTESIAN_POINT('',(178.51326494471,-122.7221958902,
    -8.20001017773));
#5434 = CARTESIAN_POINT('',(177.8645342112,-122.7890035275,
    -8.200004527641));
#5435 = CARTESIAN_POINT('',(177.21518152079,-122.8499163784,
    -8.200001337111));
#5436 = CARTESIAN_POINT('',(176.56524034419,-122.904933291,-8.2));
#5437 = CARTESIAN_POINT('',(175.91491436896,-122.9540253821,-8.2));
#5438 = ADVANCED_FACE('',(#5439),#5459,.T.);
#5439 = FACE_BOUND('',#5440,.T.);
#5440 = EDGE_LOOP('',(#5441,#5442,#5443,#5452));
#5441 = ORIENTED_EDGE('',*,*,#5325,.F.);
#5442 = ORIENTED_EDGE('',*,*,#2847,.T.);
#5443 = ORIENTED_EDGE('',*,*,#5444,.T.);
#5444 = EDGE_CURVE('',#2811,#5445,#5447,.T.);
#5445 = VERTEX_POINT('',#5446);
#5446 = CARTESIAN_POINT('',(164.01894089058,-122.9450018851,-8.2));
#5447 = CIRCLE('',#5448,1.);
#5448 = AXIS2_PLACEMENT_3D('',#5449,#5450,#5451);
#5449 = CARTESIAN_POINT('',(164.01894089058,-122.9450018851,-7.2));
#5450 = DIRECTION('',(0.997044631627,-7.682449182636E-02,
    1.087536012508E-18));
#5451 = DIRECTION('',(-7.682449182636E-02,-0.997044631627,
    1.42554355181E-17));
#5452 = ORIENTED_EDGE('',*,*,#5453,.F.);
#5453 = EDGE_CURVE('',#5286,#5445,#5454,.T.);
#5454 = CIRCLE('',#5455,78.192860786056);
#5455 = AXIS2_PLACEMENT_3D('',#5456,#5457,#5458);
#5456 = CARTESIAN_POINT('',(170.02606768492,-44.98322980687,-8.2));
#5457 = DIRECTION('',(-1.08446464699E-20,-1.429685485632E-17,-1.));
#5458 = DIRECTION('',(0.174571467136,-0.98464450583,1.407542641909E-17)
  );
#5459 = TOROIDAL_SURFACE('',#5460,78.192860786056,1.);
#5460 = AXIS2_PLACEMENT_3D('',#5461,#5462,#5463);
#5461 = CARTESIAN_POINT('',(170.02606768492,-44.98322980687,-7.2));
#5462 = DIRECTION('',(-1.08446464699E-20,-1.429685485632E-17,-1.));
#5463 = DIRECTION('',(0.174571467136,-0.98464450583,1.407542641909E-17)
  );
#5464 = ADVANCED_FACE('',(#5465),#5512,.F.);
#5465 = FACE_BOUND('',#5466,.F.);
#5466 = EDGE_LOOP('',(#5467,#5468,#5505,#5511));
#5467 = ORIENTED_EDGE('',*,*,#5444,.T.);
#5468 = ORIENTED_EDGE('',*,*,#5469,.T.);
#5469 = EDGE_CURVE('',#5445,#5470,#5472,.T.);
#5470 = VERTEX_POINT('',#5471);
#5471 = CARTESIAN_POINT('',(153.80306397572,-121.4755220691,
    -8.200538506027));
#5472 = ( BOUNDED_CURVE() B_SPLINE_CURVE(11,(#5473,#5474,#5475,#5476,
    #5477,#5478,#5479,#5480,#5481,#5482,#5483,#5484,#5485,#5486,#5487,
    #5488,#5489,#5490,#5491,#5492,#5493,#5494,#5495,#5496,#5497,#5498,
    #5499,#5500,#5501,#5502,#5503,#5504),.UNSPECIFIED.,.F.,.F.) 
B_SPLINE_CURVE_WITH_KNOTS((12,10,10,12),(76.51772466257,86.422867577186,
88.076930816164,89.605200856368),.UNSPECIFIED.) CURVE() 
GEOMETRIC_REPRESENTATION_ITEM() RATIONAL_B_SPLINE_CURVE((1.,1.,1.,
    0.999999999999,1.000000000001,0.999999999999,1.000000000001,
    0.999999999999,1.,1.,1.,1.,1.,0.999999999999,1.000000000001,
    0.999999999999,1.000000000001,0.999999999999,1.000000000001,1.,1.,1.
,1.,1.,1.,1.,1.,1.,1.,1.,1.,1.)) REPRESENTATION_ITEM('') );
#5473 = CARTESIAN_POINT('',(164.01894089058,-122.9450018851,-8.2));
#5474 = CARTESIAN_POINT('',(163.30957643503,-122.8903706607,-8.2));
#5475 = CARTESIAN_POINT('',(162.60071986304,-122.8286368276,
    -8.200001601513));
#5476 = CARTESIAN_POINT('',(161.89254332772,-122.759821666,
    -8.200005500792));
#5477 = CARTESIAN_POINT('',(161.18510401264,-122.6839286769,
    -8.200012518574));
#5478 = CARTESIAN_POINT('',(160.47842717336,-122.6009571786,
    -8.200023595349));
#5479 = CARTESIAN_POINT('',(159.7725594264,-122.5109110201,
    -8.200039788844));
#5480 = CARTESIAN_POINT('',(159.06759228594,-122.4138024071,
    -8.200062273718));
#5481 = CARTESIAN_POINT('',(158.36365594794,-122.3096508445,
    -8.200092343478));
#5482 = CARTESIAN_POINT('',(157.66088332193,-122.1984771923,
    -8.200131414599));
#5483 = CARTESIAN_POINT('',(156.95934431028,-122.0802928379,
    -8.200181032865));
#5484 = CARTESIAN_POINT('',(156.14199130315,-121.9341753111,
    -8.200253210121));
#5485 = CARTESIAN_POINT('',(156.02505049237,-121.9130682648,
    -8.200263879995));
#5486 = CARTESIAN_POINT('',(155.90812813917,-121.8917627868,
    -8.200274899951));
#5487 = CARTESIAN_POINT('',(155.79122447988,-121.8702588213,
    -8.200286278393));
#5488 = CARTESIAN_POINT('',(155.67433975085,-121.8485563128,
    -8.200298023727));
#5489 = CARTESIAN_POINT('',(155.55747418843,-121.8266552055,
    -8.200310144354));
#5490 = CARTESIAN_POINT('',(155.44062802895,-121.8045554439,
    -8.20032264868));
#5491 = CARTESIAN_POINT('',(155.32380150877,-121.7822569721,
    -8.200335545109));
#5492 = CARTESIAN_POINT('',(155.20699486423,-121.7597597347,
    -8.200348842045));
#5493 = CARTESIAN_POINT('',(155.09020833167,-121.7370636758,
    -8.200362547892));
#5494 = CARTESIAN_POINT('',(154.86555615078,-121.6930149872,
    -8.200389720136));
#5495 = CARTESIAN_POINT('',(154.75832240284,-121.6718825724,
    -8.200402977124));
#5496 = CARTESIAN_POINT('',(154.64579703697,-121.6490017629,
    -8.200417827831));
#5497 = CARTESIAN_POINT('',(154.55550412642,-121.6324138544,
    -8.200428027532));
#5498 = CARTESIAN_POINT('',(154.40493404088,-121.5985705007,
    -8.200451835334));
#5499 = CARTESIAN_POINT('',(154.37219174544,-121.5969167776,
    -8.20045107905));
#5500 = CARTESIAN_POINT('',(154.16444016301,-121.5487563054,
    -8.200486239378));
#5501 = CARTESIAN_POINT('',(154.15998259961,-121.5520208631,
    -8.200482534608));
#5502 = CARTESIAN_POINT('',(153.97059573787,-121.5102538869,
    -8.200513061924));
#5503 = CARTESIAN_POINT('',(153.90470876006,-121.4969671469,
    -8.200522646281));
#5504 = CARTESIAN_POINT('',(153.80306397572,-121.4755220691,
    -8.200538506027));
#5505 = ORIENTED_EDGE('',*,*,#5506,.F.);
#5506 = EDGE_CURVE('',#2803,#5470,#5507,.T.);
#5507 = ( BOUNDED_CURVE() B_SPLINE_CURVE(2,(#5508,#5509,#5510),
.UNSPECIFIED.,.F.,.F.) B_SPLINE_CURVE_WITH_KNOTS((3,3),(0.,
13.087476193799),.PIECEWISE_BEZIER_KNOTS.) CURVE() 
GEOMETRIC_REPRESENTATION_ITEM() RATIONAL_B_SPLINE_CURVE((1.,
0.707362882393,1.)) REPRESENTATION_ITEM('') );
#5508 = CARTESIAN_POINT('',(153.58003809122,-122.4495922494,
    -7.200539631453));
#5509 = CARTESIAN_POINT('',(153.58009131003,-122.4496035477,
    -8.199815397455));
#5510 = CARTESIAN_POINT('',(153.80306397572,-121.4755220691,
    -8.200538506027));
#5511 = ORIENTED_EDGE('',*,*,#2810,.F.);
#5512 = ( BOUNDED_SURFACE() B_SPLINE_SURFACE(2,11,(
    (#5513,#5514,#5515,#5516,#5517,#5518,#5519,#5520,#5521,#5522,#5523
      ,#5524,#5525,#5526,#5527,#5528,#5529,#5530,#5531,#5532,#5533,#5534
      ,#5535,#5536,#5537,#5538,#5539,#5540,#5541,#5542,#5543,#5544)
    ,(#5545,#5546,#5547,#5548,#5549,#5550,#5551,#5552,#5553,#5554,#5555
      ,#5556,#5557,#5558,#5559,#5560,#5561,#5562,#5563,#5564,#5565,#5566
      ,#5567,#5568,#5569,#5570,#5571,#5572,#5573,#5574,#5575,#5576)
    ,(#5577,#5578,#5579,#5580,#5581,#5582,#5583,#5584,#5585,#5586,#5587
      ,#5588,#5589,#5590,#5591,#5592,#5593,#5594,#5595,#5596,#5597,#5598
      ,#5599,#5600,#5601,#5602,#5603,#5604,#5605,#5606,#5607,#5608
)),.UNSPECIFIED.,.F.,.F.,.F.) B_SPLINE_SURFACE_WITH_KNOTS((3,3),(12,10,
    10,12),(0.,13.087476193799),(76.51772466257,86.422867577186,
    88.076930816164,89.605200856368),.UNSPECIFIED.) 
GEOMETRIC_REPRESENTATION_ITEM() RATIONAL_B_SPLINE_SURFACE((
    (1.,1.,1.,0.999999999999,1.000000000001,0.999999999999
      ,1.000000000001,0.999999999999,1.,1.,1.,1.,1.,0.999999999999
      ,1.000000000001,0.999999999999,1.000000000001,0.999999999999
      ,1.000000000001,1.,1.,1.,1.,1.,1.,1.,1.,1.,1.,1.,1.,1.)
    ,(0.707106781187,0.707116254589,0.707126973981,0.707138936605
      ,0.707152142909,0.707166594208,0.707182291209,0.707199233343
      ,0.707217418971,0.707236846393,0.707257515735,0.70728309138
      ,0.707286786345,0.707290516543,0.707294281994,0.707298082704
      ,0.707301918698,0.70730578998,0.707309696574,0.707313638486
      ,0.707317615736,0.707325335775,0.70732900994,0.707333242028
      ,0.707335338054,0.707343214635,0.707340171972,0.707352937598
      ,0.707348035784,0.707358676907,0.707359359622,0.707362882393)
    ,(1.,1.,1.,0.999999999999,1.000000000001,0.999999999999
      ,1.000000000001,0.999999999999,1.,1.,1.,1.,1.,0.999999999999
      ,1.000000000001,0.999999999999,1.000000000001,0.999999999999
      ,1.000000000001,1.,1.,1.,1.,1.,1.,1.,1.,1.,1.,1.,1.,1.
))) REPRESENTATION_ITEM('') SURFACE() );
#5513 = CARTESIAN_POINT('',(163.94211639875,-123.9420465167,-7.2));
#5514 = CARTESIAN_POINT('',(163.22368204312,-123.8866895623,-7.2));
#5515 = CARTESIAN_POINT('',(162.50575993593,-123.8241351489,
    -7.200001602306));
#5516 = CARTESIAN_POINT('',(161.78853216858,-123.7544061346,
    -7.200005503509));
#5517 = CARTESIAN_POINT('',(161.07205454331,-123.6775057095,
    -7.200012524752));
#5518 = CARTESIAN_POINT('',(160.35634812795,-123.5934324293,
    -7.200023606987));
#5519 = CARTESIAN_POINT('',(159.64145788993,-123.5021898274,
    -7.20003980846));
#5520 = CARTESIAN_POINT('',(158.92747840968,-123.403790605,
    -7.200062304403));
#5521 = CARTESIAN_POINT('',(158.21454667331,-123.2982554002,
    -7.200092388947));
#5522 = CARTESIAN_POINT('',(157.50280194455,-123.1856061348,
    -7.20013147925));
#5523 = CARTESIAN_POINT('',(156.79231271608,-123.06585394,
    -7.200181121843));
#5524 = CARTESIAN_POINT('',(155.96451747836,-122.9177952147,
    -7.20025333444));
#5525 = CARTESIAN_POINT('',(155.84608285332,-122.8964077888,
    -7.20026400953));
#5526 = CARTESIAN_POINT('',(155.72766700389,-122.8748193057,
    -7.200275034869));
#5527 = CARTESIAN_POINT('',(155.60927006898,-122.8530296885,
    -7.200286418869));
#5528 = CARTESIAN_POINT('',(155.49089218752,-122.8310388602,
    -7.200298169943));
#5529 = CARTESIAN_POINT('',(155.37253349841,-122.8088467435,
    -7.2003102965));
#5530 = CARTESIAN_POINT('',(155.25419414056,-122.7864532616,
    -7.200322806955));
#5531 = CARTESIAN_POINT('',(155.13587425289,-122.7638583375,
    -7.200335709718));
#5532 = CARTESIAN_POINT('',(155.01757397431,-122.7410618939,
    -7.200349013202));
#5533 = CARTESIAN_POINT('',(154.89929344373,-122.718063854,
    -7.200362725818));
#5534 = CARTESIAN_POINT('',(154.67176599916,-122.6734287893,
    -7.200389911526));
#5535 = CARTESIAN_POINT('',(154.56252013681,-122.6518219759,
    -7.200403239946));
#5536 = CARTESIAN_POINT('',(154.45332941728,-122.6300509655,
    -7.2004176287));
#5537 = CARTESIAN_POINT('',(154.34404740771,-122.6080844065,
    -7.2004295165));
#5538 = CARTESIAN_POINT('',(154.2350183445,-122.5859968256,
    -7.200449440835));
#5539 = CARTESIAN_POINT('',(154.12553377924,-122.5636347296,
    -7.200455097607));
#5540 = CARTESIAN_POINT('',(154.01671452302,-122.5412389246,
    -7.200482393042));
#5541 = CARTESIAN_POINT('',(153.90727875915,-122.5185353792,
    -7.200486081391));
#5542 = CARTESIAN_POINT('',(153.79828000399,-122.495748129,
    -7.200511397243));
#5543 = CARTESIAN_POINT('',(153.6891366904,-122.4727537705,
    -7.200523346839));
#5544 = CARTESIAN_POINT('',(153.58003809122,-122.4495922494,
    -7.200539631453));
#5545 = CARTESIAN_POINT('',(163.94211639875,-123.9420465167,-8.2));
#5546 = CARTESIAN_POINT('',(163.22369166815,-123.8866903039,
    -8.199973205529));
#5547 = CARTESIAN_POINT('',(162.50578162582,-123.8241372142,
    -8.199944489647));
#5548 = CARTESIAN_POINT('',(161.78856273056,-123.7544092015,
    -8.199914556856));
#5549 = CARTESIAN_POINT('',(161.07209146207,-123.6775096317,
    -8.199884227157));
#5550 = CARTESIAN_POINT('',(160.3563909867,-123.5934374474,
    -8.199854437917));
#5551 = CARTESIAN_POINT('',(159.64150677115,-123.5021962442,
    -8.199826245575));
#5552 = CARTESIAN_POINT('',(158.92753115251,-123.4037982586,
    -8.199800827205));
#5553 = CARTESIAN_POINT('',(158.21459687377,-123.2982632692,
    -8.199779481921));
#5554 = CARTESIAN_POINT('',(157.50283959609,-123.1856124131,
    -8.199763632129));
#5555 = CARTESIAN_POINT('',(156.79232940011,-123.0658569189,
    -8.199754824628));
#5556 = CARTESIAN_POINT('',(155.96451961785,-122.9177955982,
    -8.199754716019));
#5557 = CARTESIAN_POINT('',(155.84608700216,-122.8964085441,
    -8.199754942767));
#5558 = CARTESIAN_POINT('',(155.72767347315,-122.8748204984,
    -8.199755420181));
#5559 = CARTESIAN_POINT('',(155.60927906066,-122.8530313631,
    -8.199756156634));
#5560 = CARTESIAN_POINT('',(155.49090379456,-122.8310410401,
    -8.199757160505));
#5561 = CARTESIAN_POINT('',(155.37254770471,-122.8088494315,
    -8.199758440166));
#5562 = CARTESIAN_POINT('',(155.25421082097,-122.7864564394,
    -8.199760003994));
#5563 = CARTESIAN_POINT('',(155.1358931732,-122.7638619661,
    -8.199761860363));
#5564 = CARTESIAN_POINT('',(155.01759479128,-122.7410659137,
    -8.199764017646));
#5565 = CARTESIAN_POINT('',(154.89931570508,-122.7180681845,
    -8.199766484219));
#5566 = CARTESIAN_POINT('',(154.67179115203,-122.6734337574,
    -8.199771840918));
#5567 = CARTESIAN_POINT('',(154.56254710807,-122.6518273432,
    -8.199774780383));
#5568 = CARTESIAN_POINT('',(154.45335763192,-122.6300566059,
    -8.199777202805));
#5569 = CARTESIAN_POINT('',(154.34408294493,-122.6080915953,
    -8.199783163563));
#5570 = CARTESIAN_POINT('',(154.23505198551,-122.5860035915,
    -8.199780817515));
#5571 = CARTESIAN_POINT('',(154.12557797472,-122.563643895,
    -8.199795076013));
#5572 = CARTESIAN_POINT('',(154.01674476055,-122.5412450391,
    -8.199786278696));
#5573 = CARTESIAN_POINT('',(153.90733227094,-122.5185465687,
    -8.199803824854));
#5574 = CARTESIAN_POINT('',(153.79831804085,-122.495756063,
    -8.19979905469));
#5575 = CARTESIAN_POINT('',(153.68918565792,-122.472764088,
    -8.199809073371));
#5576 = CARTESIAN_POINT('',(153.58009131003,-122.4496035477,
    -8.199815397455));
#5577 = CARTESIAN_POINT('',(164.01894089058,-122.9450018851,-8.2));
#5578 = CARTESIAN_POINT('',(163.30957643503,-122.8903706607,-8.2));
#5579 = CARTESIAN_POINT('',(162.60071986304,-122.8286368276,
    -8.200001601513));
#5580 = CARTESIAN_POINT('',(161.89254332772,-122.759821666,
    -8.200005500792));
#5581 = CARTESIAN_POINT('',(161.18510401264,-122.6839286769,
    -8.200012518574));
#5582 = CARTESIAN_POINT('',(160.47842717336,-122.6009571786,
    -8.200023595349));
#5583 = CARTESIAN_POINT('',(159.7725594264,-122.5109110201,
    -8.200039788844));
#5584 = CARTESIAN_POINT('',(159.06759228594,-122.4138024071,
    -8.200062273718));
#5585 = CARTESIAN_POINT('',(158.36365594794,-122.3096508445,
    -8.200092343478));
#5586 = CARTESIAN_POINT('',(157.66088332193,-122.1984771923,
    -8.200131414599));
#5587 = CARTESIAN_POINT('',(156.95934431028,-122.0802928379,
    -8.200181032865));
#5588 = CARTESIAN_POINT('',(156.14199130315,-121.9341753111,
    -8.200253210121));
#5589 = CARTESIAN_POINT('',(156.02505049237,-121.9130682648,
    -8.200263879995));
#5590 = CARTESIAN_POINT('',(155.90812813917,-121.8917627868,
    -8.200274899951));
#5591 = CARTESIAN_POINT('',(155.79122447988,-121.8702588213,
    -8.200286278393));
#5592 = CARTESIAN_POINT('',(155.67433975085,-121.8485563128,
    -8.200298023727));
#5593 = CARTESIAN_POINT('',(155.55747418843,-121.8266552055,
    -8.200310144354));
#5594 = CARTESIAN_POINT('',(155.44062802895,-121.8045554439,
    -8.20032264868));
#5595 = CARTESIAN_POINT('',(155.32380150877,-121.7822569721,
    -8.200335545109));
#5596 = CARTESIAN_POINT('',(155.20699486423,-121.7597597347,
    -8.200348842045));
#5597 = CARTESIAN_POINT('',(155.09020833167,-121.7370636758,
    -8.200362547892));
#5598 = CARTESIAN_POINT('',(154.86555615078,-121.6930149872,
    -8.200389720136));
#5599 = CARTESIAN_POINT('',(154.75832240284,-121.6718825724,
    -8.200402977124));
#5600 = CARTESIAN_POINT('',(154.64579703697,-121.6490017629,
    -8.200417827831));
#5601 = CARTESIAN_POINT('',(154.55550412642,-121.6324138544,
    -8.200428027532));
#5602 = CARTESIAN_POINT('',(154.40493404088,-121.5985705007,
    -8.200451835334));
#5603 = CARTESIAN_POINT('',(154.37219174544,-121.5969167776,
    -8.20045107905));
#5604 = CARTESIAN_POINT('',(154.16444016301,-121.5487563054,
    -8.200486239378));
#5605 = CARTESIAN_POINT('',(154.15998259961,-121.5520208631,
    -8.200482534608));
#5606 = CARTESIAN_POINT('',(153.97059573787,-121.5102538869,
    -8.200513061924));
#5607 = CARTESIAN_POINT('',(153.90470876006,-121.4969671469,
    -8.200522646281));
#5608 = CARTESIAN_POINT('',(153.80306397572,-121.4755220691,
    -8.200538506027));
#5609 = ADVANCED_FACE('',(#5610),#5649,.F.);
#5610 = FACE_BOUND('',#5611,.F.);
#5611 = EDGE_LOOP('',(#5612,#5620,#5647,#5648));
#5612 = ORIENTED_EDGE('',*,*,#5613,.T.);
#5613 = EDGE_CURVE('',#2903,#5614,#5616,.T.);
#5614 = VERTEX_POINT('',#5615);
#5615 = CARTESIAN_POINT('',(319.17685185981,-110.5583032438,
    -8.244473389238));
#5616 = ( BOUNDED_CURVE() B_SPLINE_CURVE(2,(#5617,#5618,#5619),
.UNSPECIFIED.,.F.,.F.) B_SPLINE_CURVE_WITH_KNOTS((3,3),(0.,
80.813929317243),.PIECEWISE_BEZIER_KNOTS.) CURVE() 
GEOMETRIC_REPRESENTATION_ITEM() RATIONAL_B_SPLINE_CURVE((1.,
0.707105889791,1.)) REPRESENTATION_ITEM('') );
#5617 = CARTESIAN_POINT('',(320.17657287649,-110.5745210833,
    -7.24432344398));
#5618 = CARTESIAN_POINT('',(320.17657004703,-110.5821476877,
    -8.244296882328));
#5619 = CARTESIAN_POINT('',(319.17685185981,-110.5583032438,
    -8.244473389238));
#5620 = ORIENTED_EDGE('',*,*,#5621,.T.);
#5621 = EDGE_CURVE('',#5614,#5208,#5622,.T.);
#5622 = ( BOUNDED_CURVE() B_SPLINE_CURVE(12,(#5623,#5624,#5625,#5626,
    #5627,#5628,#5629,#5630,#5631,#5632,#5633,#5634,#5635,#5636,#5637,
    #5638,#5639,#5640,#5641,#5642,#5643,#5644,#5645,#5646),
.UNSPECIFIED.,.F.,.F.) B_SPLINE_CURVE_WITH_KNOTS((13,11,13),(
798.04099514739,800.8928420847,807.61809751936),.UNSPECIFIED.) CURVE() 
GEOMETRIC_REPRESENTATION_ITEM() RATIONAL_B_SPLINE_CURVE((1.,1.,
    0.999999999999,1.000000000003,0.999999999994,1.000000000009,
    0.999999999991,1.000000000008,0.999999999995,1.000000000003,
    0.999999999999,1.,1.,1.000000000001,0.999999999999,1.000000000002,
    0.999999999997,1.000000000003,0.999999999997,1.000000000002,
0.999999999999,1.,1.,1.)) REPRESENTATION_ITEM('') );
#5623 = CARTESIAN_POINT('',(319.17685185982,-110.5583032613,
    -8.244473389104));
#5624 = CARTESIAN_POINT('',(319.17706759031,-110.808959431,
    -8.24255697745));
#5625 = CARTESIAN_POINT('',(319.16462057548,-111.0136501029,
    -8.241042429588));
#5626 = CARTESIAN_POINT('',(319.14276436824,-111.2188031714,
    -8.239549569818));
#5627 = CARTESIAN_POINT('',(319.11077128364,-111.4270984835,
    -8.23806544244));
#5628 = CARTESIAN_POINT('',(319.068024966,-111.6328084056,
    -8.236638024882));
#5629 = CARTESIAN_POINT('',(319.01495536975,-111.8332094491,
    -8.235283333011));
#5630 = CARTESIAN_POINT('',(318.95256956137,-112.0284557692,
    -8.23399263152));
#5631 = CARTESIAN_POINT('',(318.88177764659,-112.2185177653,
    -8.232761845999));
#5632 = CARTESIAN_POINT('',(318.80315902411,-112.402001429,
    -8.231600656511));
#5633 = CARTESIAN_POINT('',(318.71726006415,-112.5778765,-8.230514136259
    ));
#5634 = CARTESIAN_POINT('',(318.62496020735,-112.7473539058,
    -8.229485182157));
#5635 = CARTESIAN_POINT('',(318.29561771165,-113.2914225376,
    -8.2262484907));
#5636 = CARTESIAN_POINT('',(318.03251704252,-113.6332940551,
    -8.22432503933));
#5637 = CARTESIAN_POINT('',(317.7432189009,-113.9311207138,
    -8.222730351203));
#5638 = CARTESIAN_POINT('',(317.44735184046,-114.201348159,
    -8.221346398974));
#5639 = CARTESIAN_POINT('',(317.09489064618,-114.4118299178,
    -8.220299775535));
#5640 = CARTESIAN_POINT('',(316.8247156199,-114.6292720598,
    -8.219267673387));
#5641 = CARTESIAN_POINT('',(316.38431374904,-114.7524343334,
    -8.218679364518));
#5642 = CARTESIAN_POINT('',(316.16083220904,-114.9081274611,
    -8.217973029407));
#5643 = CARTESIAN_POINT('',(315.67681154353,-114.9871313079,
    -8.217611385789));
#5644 = CARTESIAN_POINT('',(315.42399248974,-115.0255313812,
    -8.217437034378));
#5645 = CARTESIAN_POINT('',(315.1616138033,-115.0798930677,
    -8.217191603541));
#5646 = CARTESIAN_POINT('',(314.6496202106,-115.0792655908,
    -8.217192679476));
#5647 = ORIENTED_EDGE('',*,*,#5207,.F.);
#5648 = ORIENTED_EDGE('',*,*,#2912,.F.);
#5649 = ( BOUNDED_SURFACE() B_SPLINE_SURFACE(2,12,(
    (#5650,#5651,#5652,#5653,#5654,#5655,#5656,#5657,#5658,#5659,#5660
      ,#5661,#5662,#5663,#5664,#5665,#5666,#5667,#5668,#5669,#5670,#5671
      ,#5672,#5673)
    ,(#5674,#5675,#5676,#5677,#5678,#5679,#5680,#5681,#5682,#5683,#5684
      ,#5685,#5686,#5687,#5688,#5689,#5690,#5691,#5692,#5693,#5694,#5695
      ,#5696,#5697)
    ,(#5698,#5699,#5700,#5701,#5702,#5703,#5704,#5705,#5706,#5707,#5708
      ,#5709,#5710,#5711,#5712,#5713,#5714,#5715,#5716,#5717,#5718,#5719
      ,#5720,#5721
)),.UNSPECIFIED.,.F.,.F.,.F.) B_SPLINE_SURFACE_WITH_KNOTS((3,3),(13,11,
    13),(0.,9.577102371969),(798.04099514739,800.8928420847,
807.61809751936),.UNSPECIFIED.) GEOMETRIC_REPRESENTATION_ITEM() 
RATIONAL_B_SPLINE_SURFACE((
    (1.,1.,0.999999999999,1.000000000003,0.999999999994,1.000000000009
      ,0.999999999991,1.000000000008,0.999999999995,1.000000000003
      ,0.999999999999,1.,1.,1.000000000001,0.999999999999,1.000000000002
      ,0.999999999997,1.000000000003,0.999999999997,1.000000000002
      ,0.999999999999,1.,1.,1.)
    ,(0.707105046749,0.707233025758,0.707354000235,0.707469364133
      ,0.707577947866,0.707678935062,0.707772371414,0.70785869203
      ,0.707938212662,0.70801105157,0.708077467408,0.708138119795
      ,0.708323353895,0.708423148784,0.70849776055,0.708557455361
      ,0.708594051795,0.708638878532,0.708644465367,0.708682594202
      ,0.708672133715,0.708699379114,0.708693240433,0.708696298617)
    ,(1.,1.,0.999999999999,1.000000000003,0.999999999994,1.000000000009
      ,0.999999999991,1.000000000008,0.999999999995,1.000000000003
      ,0.999999999999,1.,1.,1.000000000001,0.999999999999,1.000000000002
      ,0.999999999997,1.000000000003,0.999999999997,1.000000000002
,0.999999999999,1.,1.,1.))) REPRESENTATION_ITEM('') SURFACE() );
#5650 = CARTESIAN_POINT('',(320.17657287649,-110.5745210833,
    -7.244321059432));
#5651 = CARTESIAN_POINT('',(320.1765576536,-110.8350381445,
    -7.242695615122));
#5652 = CARTESIAN_POINT('',(320.1630702343,-111.0956784766,
    -7.241104669761));
#5653 = CARTESIAN_POINT('',(320.1361403435,-111.3543028761,
    -7.239565275317));
#5654 = CARTESIAN_POINT('',(320.09605782735,-111.6097057038,
    -7.238081745091));
#5655 = CARTESIAN_POINT('',(320.04330205677,-111.8607879685,
    -7.236657320652));
#5656 = CARTESIAN_POINT('',(319.97849584117,-112.1064203804,
    -7.235296236715));
#5657 = CARTESIAN_POINT('',(319.90237281236,-112.345575944,
    -7.234002031355));
#5658 = CARTESIAN_POINT('',(319.81574976231,-112.5774576685,
    -7.232775920158));
#5659 = CARTESIAN_POINT('',(319.71949794249,-112.8014929837,
    -7.231617024183));
#5660 = CARTESIAN_POINT('',(319.61450985589,-113.0172124578,
    -7.230524212782));
#5661 = CARTESIAN_POINT('',(319.50166059704,-113.2241764264,
    -7.229497293616));
#5662 = CARTESIAN_POINT('',(319.09902701265,-113.8893798969,
    -7.226259843581));
#5663 = CARTESIAN_POINT('',(318.77694146194,-114.3070278344,
    -7.224337525843));
#5664 = CARTESIAN_POINT('',(318.42695655442,-114.6741394964,
    -7.22272816826));
#5665 = CARTESIAN_POINT('',(318.04948670111,-114.9933755083,
    -7.221398197186));
#5666 = CARTESIAN_POINT('',(317.66439283248,-115.2758449801,
    -7.220225372617));
#5667 = CARTESIAN_POINT('',(317.24303175914,-115.4991798289,
    -7.219409351966));
#5668 = CARTESIAN_POINT('',(316.8431078105,-115.7039928675,
    -7.218539347294));
#5669 = CARTESIAN_POINT('',(316.40356340811,-115.8428862905,
    -7.218110790191));
#5670 = CARTESIAN_POINT('',(315.98033495929,-115.9652537901,
    -7.217573829394));
#5671 = CARTESIAN_POINT('',(315.56758506007,-116.0169050434,
    -7.217441420378));
#5672 = CARTESIAN_POINT('',(315.21619577911,-116.0742578511,
    -7.217199737836));
#5673 = CARTESIAN_POINT('',(314.67759151427,-116.0743747563,
    -7.217205889377));
#5674 = CARTESIAN_POINT('',(320.17657243083,-110.5821477627,
    -8.244296881769));
#5675 = CARTESIAN_POINT('',(320.17619604917,-110.8424035217,
    -8.242311439589));
#5676 = CARTESIAN_POINT('',(320.16237333923,-111.1028012613,
    -8.240380030412));
#5677 = CARTESIAN_POINT('',(320.13513479037,-111.3611386792,
    -8.238516256461));
#5678 = CARTESIAN_POINT('',(320.0947741043,-111.616234221,
    -8.236727551458));
#5679 = CARTESIAN_POINT('',(320.04177171982,-111.867009561,
    -8.235019315582));
#5680 = CARTESIAN_POINT('',(319.97674913144,-112.1123356004,
    -8.233395670236));
#5681 = CARTESIAN_POINT('',(319.90043847971,-112.3511787511,
    -8.231858991503));
#5682 = CARTESIAN_POINT('',(319.81365607059,-112.5827433671,
    -8.230409604433));
#5683 = CARTESIAN_POINT('',(319.71727296627,-112.806466643,
    -8.229046230937));
#5684 = CARTESIAN_POINT('',(319.61218014909,-113.02188416,
    -8.227766983968));
#5685 = CARTESIAN_POINT('',(319.49924961814,-113.2285474237,
    -8.226569891884));
#5686 = CARTESIAN_POINT('',(319.0964935924,-113.8926512965,
    -8.222813517152));
#5687 = CARTESIAN_POINT('',(318.77445479484,-114.309617132,
    -8.220611652333));
#5688 = CARTESIAN_POINT('',(318.42458521522,-114.6761504804,
    -8.218793314445));
#5689 = CARTESIAN_POINT('',(318.04732192133,-114.9949259095,
    -8.217295908065));
#5690 = CARTESIAN_POINT('',(317.66233938194,-115.276942971,
    -8.21602107116));
#5691 = CARTESIAN_POINT('',(317.2414416737,-115.5000131034,
    -8.215078698363));
#5692 = CARTESIAN_POINT('',(316.84143949471,-115.7044745258,
    -8.214194182146));
#5693 = CARTESIAN_POINT('',(316.40259863573,-115.843227528,
    -8.213657750925));
#5694 = CARTESIAN_POINT('',(315.97920761392,-115.9654320749,
    -8.213150974825));
#5695 = CARTESIAN_POINT('',(315.56702095201,-116.0169432332,
    -8.212941858968));
#5696 = CARTESIAN_POINT('',(315.21598503484,-116.0742687395,
    -8.212717547055));
#5697 = CARTESIAN_POINT('',(314.67748079031,-116.0743747803,
    -8.212715079431));
#5698 = CARTESIAN_POINT('',(319.17685185982,-110.5583032613,
    -8.244473389104));
#5699 = CARTESIAN_POINT('',(319.17706759031,-110.808959431,
    -8.24255697745));
#5700 = CARTESIAN_POINT('',(319.16462057548,-111.0136501029,
    -8.241042429588));
#5701 = CARTESIAN_POINT('',(319.14276436824,-111.2188031714,
    -8.239549569818));
#5702 = CARTESIAN_POINT('',(319.11077128364,-111.4270984835,
    -8.23806544244));
#5703 = CARTESIAN_POINT('',(319.068024966,-111.6328084056,
    -8.236638024882));
#5704 = CARTESIAN_POINT('',(319.01495536975,-111.8332094491,
    -8.235283333011));
#5705 = CARTESIAN_POINT('',(318.95256956137,-112.0284557692,
    -8.23399263152));
#5706 = CARTESIAN_POINT('',(318.88177764659,-112.2185177653,
    -8.232761845999));
#5707 = CARTESIAN_POINT('',(318.80315902411,-112.402001429,
    -8.231600656511));
#5708 = CARTESIAN_POINT('',(318.71726006415,-112.5778765,-8.230514136259
    ));
#5709 = CARTESIAN_POINT('',(318.62496020735,-112.7473539058,
    -8.229485182157));
#5710 = CARTESIAN_POINT('',(318.29561771165,-113.2914225376,
    -8.2262484907));
#5711 = CARTESIAN_POINT('',(318.03251704252,-113.6332940551,
    -8.22432503933));
#5712 = CARTESIAN_POINT('',(317.7432189009,-113.9311207138,
    -8.222730351203));
#5713 = CARTESIAN_POINT('',(317.44735184046,-114.201348159,
    -8.221346398974));
#5714 = CARTESIAN_POINT('',(317.09489064618,-114.4118299178,
    -8.220299775535));
#5715 = CARTESIAN_POINT('',(316.8247156199,-114.6292720598,
    -8.219267673387));
#5716 = CARTESIAN_POINT('',(316.38431374904,-114.7524343334,
    -8.218679364518));
#5717 = CARTESIAN_POINT('',(316.16083220904,-114.9081274611,
    -8.217973029407));
#5718 = CARTESIAN_POINT('',(315.67681154353,-114.9871313079,
    -8.217611385789));
#5719 = CARTESIAN_POINT('',(315.42399248974,-115.0255313812,
    -8.217437034378));
#5720 = CARTESIAN_POINT('',(315.1616138033,-115.0798930677,
    -8.217191603541));
#5721 = CARTESIAN_POINT('',(314.6496202106,-115.0792655908,
    -8.217192679476));
#5722 = ADVANCED_FACE('',(#5723),#5800,.F.);
#5723 = FACE_BOUND('',#5724,.F.);
#5724 = EDGE_LOOP('',(#5725,#5726,#5793,#5799));
#5725 = ORIENTED_EDGE('',*,*,#5506,.T.);
#5726 = ORIENTED_EDGE('',*,*,#5727,.T.);
#5727 = EDGE_CURVE('',#5470,#5728,#5730,.T.);
#5728 = VERTEX_POINT('',#5729);
#5729 = CARTESIAN_POINT('',(100.15016474767,-115.0680525735,
    -8.216518350246));
#5730 = ( BOUNDED_CURVE() B_SPLINE_CURVE(11,(#5731,#5732,#5733,#5734,
    #5735,#5736,#5737,#5738,#5739,#5740,#5741,#5742,#5743,#5744,#5745,
    #5746,#5747,#5748,#5749,#5750,#5751,#5752,#5753,#5754,#5755,#5756,
    #5757,#5758,#5759,#5760,#5761,#5762,#5763,#5764,#5765,#5766,#5767,
    #5768,#5769,#5770,#5771,#5772,#5773,#5774,#5775,#5776,#5777,#5778,
    #5779,#5780,#5781,#5782,#5783,#5784,#5785,#5786,#5787,#5788,#5789,
#5790,#5791,#5792),.UNSPECIFIED.,.F.,.F.) B_SPLINE_CURVE_WITH_KNOTS((12,
    10,10,10,10,10,12),(89.605200856248,89.605267878617,94.620761665585,
    113.22061327505,136.83595867148,149.18674209666,157.46760564679),
.UNSPECIFIED.) CURVE() GEOMETRIC_REPRESENTATION_ITEM() 
RATIONAL_B_SPLINE_CURVE((1.,1.,1.,1.,0.999999999999,1.000000000001,
    0.999999999999,1.,1.,1.,1.,1.,1.,1.000000000001,0.999999999999,
    1.000000000002,0.999999999998,1.000000000001,0.999999999999,1.,1.,1.
    ,1.,1.,1.,1.,1.,1.,1.,1.,1.,1.,1.,1.000000000001,0.999999999999,
    1.000000000001,0.999999999999,1.000000000001,0.999999999999,1.,1.,1.
    ,0.999999999999,1.000000000001,0.999999999998,1.000000000003,
    0.999999999997,1.000000000002,0.999999999999,1.,1.,1.,1.,1.,
    1.000000000001,0.999999999999,1.000000000001,0.999999999999,
1.000000000001,1.,1.,1.)) REPRESENTATION_ITEM('') );
#5731 = CARTESIAN_POINT('',(153.80306397581,-121.4755220691,
    -8.200538506027));
#5732 = CARTESIAN_POINT('',(153.80305955365,-121.4755209736,
    -8.200538506837));
#5733 = CARTESIAN_POINT('',(153.80305513142,-121.4755198782,
    -8.200538507648));
#5734 = CARTESIAN_POINT('',(153.80305070911,-121.4755187827,
    -8.200538508459));
#5735 = CARTESIAN_POINT('',(153.80304628677,-121.4755176871,
    -8.200538509269));
#5736 = CARTESIAN_POINT('',(153.8030418643,-121.4755165916,
    -8.20053851008));
#5737 = CARTESIAN_POINT('',(153.80303744183,-121.4755154961,
    -8.200538510891));
#5738 = CARTESIAN_POINT('',(153.80303301922,-121.4755144005,
    -8.200538511701));
#5739 = CARTESIAN_POINT('',(153.8030285966,-121.4755133049,
    -8.200538512512));
#5740 = CARTESIAN_POINT('',(153.80302417387,-121.4755122093,
    -8.200538513323));
#5741 = CARTESIAN_POINT('',(153.80301975109,-121.4755111137,
    -8.200538514133));
#5742 = CARTESIAN_POINT('',(153.47203923137,-121.3935207669,
    -8.2005991832));
#5743 = CARTESIAN_POINT('',(153.10769341145,-121.3050087473,
    -8.200668494915));
#5744 = CARTESIAN_POINT('',(152.74764959098,-121.2173639135,
    -8.200741989103));
#5745 = CARTESIAN_POINT('',(152.3910741982,-121.1314124007,
    -8.200818442062));
#5746 = CARTESIAN_POINT('',(152.03380767009,-121.0463672928,
    -8.200898122751));
#5747 = CARTESIAN_POINT('',(151.67590091443,-120.9617656932,
    -8.200981450097));
#5748 = CARTESIAN_POINT('',(151.31861412187,-120.8777126213,
    -8.201068383684));
#5749 = CARTESIAN_POINT('',(150.96147117268,-120.7944486214,
    -8.20115854694));
#5750 = CARTESIAN_POINT('',(150.6034509402,-120.7119543471,
    -8.20125174968));
#5751 = CARTESIAN_POINT('',(150.24588484649,-120.6300017486,
    -8.201348244539));
#5752 = CARTESIAN_POINT('',(148.56134767849,-120.247466656,
    -8.201816620493));
#5753 = CARTESIAN_POINT('',(147.23353049809,-119.9553916493,
    -8.202226437413));
#5754 = CARTESIAN_POINT('',(145.90470351646,-119.6725200276,
    -8.202672819893));
#5755 = CARTESIAN_POINT('',(144.57490370867,-119.3988389739,
    -8.203151417514));
#5756 = CARTESIAN_POINT('',(143.24416804971,-119.1343356713,
    -8.203657879862));
#5757 = CARTESIAN_POINT('',(141.91253351468,-118.8789973028,
    -8.204187856519));
#5758 = CARTESIAN_POINT('',(140.58003707857,-118.6328110514,
    -8.204736997069));
#5759 = CARTESIAN_POINT('',(139.24671571647,-118.3957641002,
    -8.205300951094));
#5760 = CARTESIAN_POINT('',(137.91260640337,-118.1678436322,
    -8.20587536818));
#5761 = CARTESIAN_POINT('',(136.57774611435,-117.9490368304,
    -8.206455897909));
#5762 = CARTESIAN_POINT('',(133.54645678212,-117.4730772216,
    -8.207777498217));
#5763 = CARTESIAN_POINT('',(131.84958517721,-117.221499377,
    -8.208521014085));
#5764 = CARTESIAN_POINT('',(130.15163071,-116.9845758611,-8.209260817761
    ));
#5765 = CARTESIAN_POINT('',(128.45266637875,-116.7622866485,
    -8.209989479329));
#5766 = CARTESIAN_POINT('',(126.75276447959,-116.5546131716,
    -8.210700058672));
#5767 = CARTESIAN_POINT('',(125.05199660659,-116.3615383208,
    -8.211386105465));
#5768 = CARTESIAN_POINT('',(123.35043365172,-116.1830464441,
    -8.212041659179));
#5769 = CARTESIAN_POINT('',(121.64814580485,-116.0191233475,
    -8.212661249081));
#5770 = CARTESIAN_POINT('',(119.94520255378,-115.8697562948,
    -8.213239894232));
#5771 = CARTESIAN_POINT('',(118.24167268422,-115.7349340074,
    -8.213773103489));
#5772 = CARTESIAN_POINT('',(115.6464100106,-115.5517365998,
    -8.214509887401));
#5773 = CARTESIAN_POINT('',(114.75505188923,-115.4928015176,
    -8.214749141955));
#5774 = CARTESIAN_POINT('',(113.86356039311,-115.4378404991,
    -8.214974256047));
#5775 = CARTESIAN_POINT('',(112.97194599969,-115.3868526253,
    -8.21518484656));
#5776 = CARTESIAN_POINT('',(112.08021918643,-115.339836977,
    -8.215380530375));
#5777 = CARTESIAN_POINT('',(111.18839043071,-115.296792635,
    -8.215560924376));
#5778 = CARTESIAN_POINT('',(110.29647021007,-115.2577186803,
    -8.215725645443));
#5779 = CARTESIAN_POINT('',(109.40446900184,-115.2226141937,
    -8.215874310462));
#5780 = CARTESIAN_POINT('',(108.51239728356,-115.191478256,
    -8.216006536311));
#5781 = CARTESIAN_POINT('',(107.62026553261,-115.1643099482,
    -8.216121939876));
#5782 = CARTESIAN_POINT('',(106.12990098545,-115.1255523128,
    -8.216285977227));
#5783 = CARTESIAN_POINT('',(105.53222807606,-115.1117782252,
    -8.216344209246));
#5784 = CARTESIAN_POINT('',(104.93036007258,-115.0998012265,
    -8.216394688995));
#5785 = CARTESIAN_POINT('',(104.34472741982,-115.0895561285,
    -8.216437718279));
#5786 = CARTESIAN_POINT('',(103.71926853718,-115.0812185692,
    -8.216472292005));
#5787 = CARTESIAN_POINT('',(103.16218346168,-115.0744557974,
    -8.216500202007));
#5788 = CARTESIAN_POINT('',(102.51973026197,-115.0697237448,
    -8.216518901005));
#5789 = CARTESIAN_POINT('',(101.95541327362,-115.066559251,
    -8.216530958566));
#5790 = CARTESIAN_POINT('',(101.34002809071,-115.0653046772,
    -8.216534427895));
#5791 = CARTESIAN_POINT('',(100.74544752603,-115.0657915304,
    -8.216530293446));
#5792 = CARTESIAN_POINT('',(100.15016474767,-115.0680525735,
    -8.216518350246));
#5793 = ORIENTED_EDGE('',*,*,#5794,.F.);
#5794 = EDGE_CURVE('',#2948,#5728,#5795,.T.);
#5795 = ( BOUNDED_CURVE() B_SPLINE_CURVE(2,(#5796,#5797,#5798),
.UNSPECIFIED.,.F.,.F.) B_SPLINE_CURVE_WITH_KNOTS((3,3),(0.,
67.862404790549),.PIECEWISE_BEZIER_KNOTS.) CURVE() 
GEOMETRIC_REPRESENTATION_ITEM() RATIONAL_B_SPLINE_CURVE((1.,
0.708661700652,1.)) REPRESENTATION_ITEM('') );
#5796 = CARTESIAN_POINT('',(100.15173717539,-116.0636485003,
    -7.216528023166));
#5797 = CARTESIAN_POINT('',(100.15172841152,-116.0636485336,
    -8.212134861029));
#5798 = CARTESIAN_POINT('',(100.15016474767,-115.0680525735,
    -8.216518350246));
#5799 = ORIENTED_EDGE('',*,*,#2957,.F.);
#5800 = ( BOUNDED_SURFACE() B_SPLINE_SURFACE(2,11,(
    (#5801,#5802,#5803,#5804,#5805,#5806,#5807,#5808,#5809,#5810,#5811
      ,#5812,#5813,#5814,#5815,#5816,#5817,#5818,#5819,#5820,#5821,#5822
      ,#5823,#5824,#5825,#5826,#5827,#5828,#5829,#5830,#5831,#5832,#5833
      ,#5834,#5835,#5836,#5837,#5838,#5839,#5840,#5841,#5842,#5843,#5844
      ,#5845,#5846,#5847,#5848,#5849,#5850,#5851,#5852,#5853,#5854,#5855
      ,#5856,#5857,#5858,#5859,#5860,#5861,#5862)
    ,(#5863,#5864,#5865,#5866,#5867,#5868,#5869,#5870,#5871,#5872,#5873
      ,#5874,#5875,#5876,#5877,#5878,#5879,#5880,#5881,#5882,#5883,#5884
      ,#5885,#5886,#5887,#5888,#5889,#5890,#5891,#5892,#5893,#5894,#5895
      ,#5896,#5897,#5898,#5899,#5900,#5901,#5902,#5903,#5904,#5905,#5906
      ,#5907,#5908,#5909,#5910,#5911,#5912,#5913,#5914,#5915,#5916,#5917
      ,#5918,#5919,#5920,#5921,#5922,#5923,#5924)
    ,(#5925,#5926,#5927,#5928,#5929,#5930,#5931,#5932,#5933,#5934,#5935
      ,#5936,#5937,#5938,#5939,#5940,#5941,#5942,#5943,#5944,#5945,#5946
      ,#5947,#5948,#5949,#5950,#5951,#5952,#5953,#5954,#5955,#5956,#5957
      ,#5958,#5959,#5960,#5961,#5962,#5963,#5964,#5965,#5966,#5967,#5968
      ,#5969,#5970,#5971,#5972,#5973,#5974,#5975,#5976,#5977,#5978,#5979
      ,#5980,#5981,#5982,#5983,#5984,#5985,#5986
)),.UNSPECIFIED.,.F.,.F.,.F.) B_SPLINE_SURFACE_WITH_KNOTS((3,3),(12,10,
    10,10,10,10,12),(0.,67.862404790549),(89.605200856248,
    89.605267878617,94.620761665585,113.22061327505,136.83595867148,
    149.18674209666,157.46760564679),.UNSPECIFIED.) 
GEOMETRIC_REPRESENTATION_ITEM() RATIONAL_B_SPLINE_SURFACE((
    (1.,1.,1.,1.,0.999999999999,1.000000000001,0.999999999999,1.,1.,1.
      ,1.,1.,1.,1.000000000001,0.999999999999,1.000000000002
      ,0.999999999998,1.000000000001,0.999999999999,1.,1.,1.,1.,1.,1.,1.
      ,1.,1.,1.,1.,1.,1.,1.,1.000000000001,0.999999999999,1.000000000001
      ,0.999999999999,1.000000000001,0.999999999999,1.,1.,1.
      ,0.999999999999,1.000000000001,0.999999999998,1.000000000003
      ,0.999999999997,1.000000000002,0.999999999999,1.,1.,1.,1.,1.
      ,1.000000000001,0.999999999999,1.000000000001,0.999999999999
      ,1.000000000001,1.,1.,1.)
    ,(0.707362256553,0.707362256735,0.707362256916,0.707362257097
      ,0.707362257279,0.70736225746,0.707362257641,0.707362257823
      ,0.707362258004,0.707362258186,0.707362258367,0.707375834087
      ,0.707391987341,0.707407911695,0.707423432469,0.707438849622
      ,0.707454269393,0.707469631156,0.707484891285,0.7075000817
      ,0.707515216224,0.707586114194,0.707640963383,0.707694765243
      ,0.70774746371,0.707799002724,0.707849326223,0.707898378145
      ,0.707946102429,0.707992443014,0.708037343837,0.7081358581
      ,0.708188568727,0.708238772502,0.70828636733,0.708331257247
      ,0.708373352399,0.708412569075,0.708448829668,0.708482062712
      ,0.708512202854,0.708553305553,0.708566554929,0.70857893338
      ,0.708590435281,0.708601055024,0.708610786976,0.708619625533
      ,0.708627565064,0.708634599957,0.70864072459,0.708649425675
      ,0.70865250965,0.708655169464,0.708657467022,0.708659235554
      ,0.70866078049,0.708661694991,0.708662371119,0.708662544631
      ,0.708662318259,0.708661700652)
    ,(1.,1.,1.,1.,0.999999999999,1.000000000001,0.999999999999,1.,1.,1.
      ,1.,1.,1.,1.000000000001,0.999999999999,1.000000000002
      ,0.999999999998,1.000000000001,0.999999999999,1.,1.,1.,1.,1.,1.,1.
      ,1.,1.,1.,1.,1.,1.,1.,1.000000000001,0.999999999999,1.000000000001
      ,0.999999999999,1.000000000001,0.999999999999,1.,1.,1.
      ,0.999999999999,1.000000000001,0.999999999998,1.000000000003
      ,0.999999999997,1.000000000002,0.999999999999,1.,1.,1.,1.,1.
      ,1.000000000001,0.999999999999,1.000000000001,0.999999999999
,1.000000000001,1.,1.,1.))) REPRESENTATION_ITEM('') SURFACE() );
#5801 = CARTESIAN_POINT('',(153.58003809122,-122.4495922494,
    -7.200537860672));
#5802 = CARTESIAN_POINT('',(153.58003334219,-122.4495910786,
    -7.200537861498));
#5803 = CARTESIAN_POINT('',(153.58002859316,-122.4495899077,
    -7.200537862325));
#5804 = CARTESIAN_POINT('',(153.58002384414,-122.4495887369,
    -7.200537863152));
#5805 = CARTESIAN_POINT('',(153.58001909511,-122.4495875661,
    -7.200537863979));
#5806 = CARTESIAN_POINT('',(153.58001434608,-122.4495863953,
    -7.200537864806));
#5807 = CARTESIAN_POINT('',(153.58000959705,-122.4495852245,
    -7.200537865633));
#5808 = CARTESIAN_POINT('',(153.58000484803,-122.4495840536,
    -7.20053786646));
#5809 = CARTESIAN_POINT('',(153.580000099,-122.4495828828,
    -7.200537867286));
#5810 = CARTESIAN_POINT('',(153.57999534997,-122.449581712,
    -7.200537868113));
#5811 = CARTESIAN_POINT('',(153.57999060095,-122.4495805412,
    -7.20053786894));
#5812 = CARTESIAN_POINT('',(153.22460130173,-122.3619632075,
    -7.200599751609));
#5813 = CARTESIAN_POINT('',(152.8693273404,-122.2750648418,
    -7.200669333228));
#5814 = CARTESIAN_POINT('',(152.51364649358,-122.1887567041,
    -7.200742403136));
#5815 = CARTESIAN_POINT('',(152.15798857417,-122.1031438873,
    -7.200818699496));
#5816 = CARTESIAN_POINT('',(151.80240969144,-122.0182396104,
    -7.200898571871));
#5817 = CARTESIAN_POINT('',(151.44669894346,-121.9339915238,
    -7.200982040219));
#5818 = CARTESIAN_POINT('',(151.0907836813,-121.8503813215,
    -7.201068907826));
#5819 = CARTESIAN_POINT('',(150.73482497983,-121.7674481535,
    -7.201159045134));
#5820 = CARTESIAN_POINT('',(150.37891569679,-121.6852143491,
    -7.201252421556));
#5821 = CARTESIAN_POINT('',(150.02281424807,-121.6036199858,
    -7.201348922622));
#5822 = CARTESIAN_POINT('',(148.34590712231,-121.2226140077,
    -7.201817545053));
#5823 = CARTESIAN_POINT('',(147.02410415723,-120.9317048956,
    -7.202227581007));
#5824 = CARTESIAN_POINT('',(145.70129588574,-120.6499608893,
    -7.202674205143));
#5825 = CARTESIAN_POINT('',(144.37751911468,-120.377369355,
    -7.203153064763));
#5826 = CARTESIAN_POINT('',(143.0528106509,-120.1139176588,
    -7.203659807169));
#5827 = CARTESIAN_POINT('',(141.72720730124,-119.8595931669,
    -7.204190079664));
#5828 = CARTESIAN_POINT('',(140.40074587253,-119.6143832454,
    -7.204739529549));
#5829 = CARTESIAN_POINT('',(139.07346317164,-119.3782752606,
    -7.205303804128));
#5830 = CARTESIAN_POINT('',(137.74539600539,-119.1512565784,
    -7.205878550702));
#5831 = CARTESIAN_POINT('',(136.41658118062,-118.9333145652,
    -7.206459416573));
#5832 = CARTESIAN_POINT('',(133.39902009824,-118.4592341701,
    -7.207781789735));
#5833 = CARTESIAN_POINT('',(131.70983317771,-118.2086481633,
    -7.208525745048));
#5834 = CARTESIAN_POINT('',(130.01956814309,-117.9726574286,
    -7.209265990259));
#5835 = CARTESIAN_POINT('',(128.32829769011,-117.7512422651,
    -7.209995090666));
#5836 = CARTESIAN_POINT('',(126.6360938097,-117.5443844082,
    -7.210706101588));
#5837 = CARTESIAN_POINT('',(124.943027788,-117.3520670301,
    -7.211392568368));
#5838 = CARTESIAN_POINT('',(123.24917020639,-117.1742747397,
    -7.212048526368));
#5839 = CARTESIAN_POINT('',(121.55459094143,-117.0109935824,
    -7.212668500974));
#5840 = CARTESIAN_POINT('',(119.85935916493,-116.8622110403,
    -7.213247507593));
#5841 = CARTESIAN_POINT('',(118.16354334389,-116.7279160321,
    -7.213781051655));
#5842 = CARTESIAN_POINT('',(115.58003258302,-116.5454347745,
    -7.214518299992));
#5843 = CARTESIAN_POINT('',(114.69271071196,-116.4867300237,
    -7.214757705722));
#5844 = CARTESIAN_POINT('',(113.80525605676,-116.4319837587,
    -7.214982962382));
#5845 = CARTESIAN_POINT('',(112.91767904683,-116.3811950773,
    -7.215193686556));
#5846 = CARTESIAN_POINT('',(112.0299901116,-116.3343630771,
    -7.215389494828));
#5847 = CARTESIAN_POINT('',(111.14219968042,-116.2914868558,
    -7.215570003779));
#5848 = CARTESIAN_POINT('',(110.25431818279,-116.2525655113,
    -7.215734829995));
#5849 = CARTESIAN_POINT('',(109.36635604802,-116.2175981412,
    -7.215883590058));
#5850 = CARTESIAN_POINT('',(108.4783237056,-116.1865838431,
    -7.216015900551));
#5851 = CARTESIAN_POINT('',(107.59023158488,-116.1595217149,
    -7.216131378058));
#5852 = CARTESIAN_POINT('',(106.10661547457,-116.1209156523,
    -7.216295520554));
#5853 = CARTESIAN_POINT('',(105.51112573494,-116.1071971509,
    -7.21635378413));
#5854 = CARTESIAN_POINT('',(104.9156432316,-116.0952553519,
    -7.216404337016));
#5855 = CARTESIAN_POINT('',(104.32013053493,-116.0850898628,
    -7.216447253583));
#5856 = CARTESIAN_POINT('',(103.72471411039,-116.0767011445,
    -7.216482156202));
#5857 = CARTESIAN_POINT('',(103.12921491919,-116.0700874796,
    -7.216509619455));
#5858 = CARTESIAN_POINT('',(102.53374898965,-116.0652480306,
    -7.216528834772));
#5859 = CARTESIAN_POINT('',(101.93820077995,-116.062185656,
    -7.216540510138));
#5860 = CARTESIAN_POINT('',(101.34274227255,-116.0608977367,
    -7.216544182654));
#5861 = CARTESIAN_POINT('',(100.74724086345,-116.0613853814,
    -7.216539997917));
#5862 = CARTESIAN_POINT('',(100.15173717539,-116.0636485003,
    -7.216528023166));
#5863 = CARTESIAN_POINT('',(153.58009091529,-122.4496052726,
    -8.199815396174));
#5864 = CARTESIAN_POINT('',(153.58008616647,-122.4496041018,
    -8.199815396489));
#5865 = CARTESIAN_POINT('',(153.58008141765,-122.4496029311,
    -8.199815396803));
#5866 = CARTESIAN_POINT('',(153.58007666884,-122.4496017603,
    -8.199815397117));
#5867 = CARTESIAN_POINT('',(153.58007192001,-122.4496005895,
    -8.199815397431));
#5868 = CARTESIAN_POINT('',(153.5800671712,-122.4495994187,
    -8.199815397745));
#5869 = CARTESIAN_POINT('',(153.58006242237,-122.449598248,
    -8.199815398059));
#5870 = CARTESIAN_POINT('',(153.58005767356,-122.4495970772,
    -8.199815398373));
#5871 = CARTESIAN_POINT('',(153.58005292474,-122.4495959064,
    -8.199815398687));
#5872 = CARTESIAN_POINT('',(153.58004817592,-122.4495947357,
    -8.199815399001));
#5873 = CARTESIAN_POINT('',(153.5800434271,-122.4495935649,
    -8.199815399315));
#5874 = CARTESIAN_POINT('',(153.22467659067,-122.3619816758,
    -8.19983889658));
#5875 = CARTESIAN_POINT('',(152.86941860918,-122.2750870671,
    -8.199862805942));
#5876 = CARTESIAN_POINT('',(152.51375100664,-122.1887819725,
    -8.199890852106));
#5877 = CARTESIAN_POINT('',(152.15810489701,-122.1031718025,
    -8.199923266785));
#5878 = CARTESIAN_POINT('',(151.80253658358,-122.0182698276,
    -8.199959551389));
#5879 = CARTESIAN_POINT('',(151.44683477873,-121.9340236176,
    -8.199999425653));
#5880 = CARTESIAN_POINT('',(151.09092650744,-121.850414802,
    -8.200042864436));
#5881 = CARTESIAN_POINT('',(150.73497300175,-121.7674825791,
    -8.200089861465));
#5882 = CARTESIAN_POINT('',(150.37906743414,-121.6852493627,
    -8.200140295873));
#5883 = CARTESIAN_POINT('',(150.02296793499,-121.6036551739,
    -8.200194014258));
#5884 = CARTESIAN_POINT('',(148.34619469953,-121.2226783491,
    -8.200462205376));
#5885 = CARTESIAN_POINT('',(147.02449461113,-120.9317907529,
    -8.200717199954));
#5886 = CARTESIAN_POINT('',(145.70176185535,-120.650061187,
    -8.201011760839));
#5887 = CARTESIAN_POINT('',(144.37803612116,-120.3774777678,
    -8.201341688923));
#5888 = CARTESIAN_POINT('',(143.05335665708,-120.1140286129,
    -8.201702786791));
#5889 = CARTESIAN_POINT('',(141.72776227121,-119.8597018485,
    -8.202090858678));
#5890 = CARTESIAN_POINT('',(140.40129133126,-119.6144856159,
    -8.202501710424));
#5891 = CARTESIAN_POINT('',(139.07398176473,-119.3783680791,
    -8.202931149417));
#5892 = CARTESIAN_POINT('',(137.74587105903,-119.1513374313,
    -8.203374984533));
#5893 = CARTESIAN_POINT('',(136.41699626173,-118.933381902,
    -8.203829026068));
#5894 = CARTESIAN_POINT('',(133.39949616293,-118.4593062662,
    -8.20487312015));
#5895 = CARTESIAN_POINT('',(131.71040522676,-118.2087301671,
    -8.205468173506));
#5896 = CARTESIAN_POINT('',(130.0201983291,-117.9727422762,
    -8.20606662168));
#5897 = CARTESIAN_POINT('',(128.32895198594,-117.7513245876,
    -8.206661314534));
#5898 = CARTESIAN_POINT('',(126.6367421469,-117.5444603105,
    -8.207245575382));
#5899 = CARTESIAN_POINT('',(124.94364427006,-117.3521338971,
    -8.20781320055));
#5900 = CARTESIAN_POINT('',(123.24973339699,-117.1743310692,
    -8.208358458942));
#5901 = CARTESIAN_POINT('',(121.55508422804,-117.0110388428,
    -8.208876091625));
#5902 = CARTESIAN_POINT('',(119.85977119789,-116.8622455506,
    -8.209361311431));
#5903 = CARTESIAN_POINT('',(118.16386855125,-116.727940863,
    -8.209809802577));
#5904 = CARTESIAN_POINT('',(115.58027823553,-116.5454511527,
    -8.210431048201));
#5905 = CARTESIAN_POINT('',(114.69295639115,-116.4867456605,
    -8.210633054877));
#5906 = CARTESIAN_POINT('',(113.80549621202,-116.4319983948,
    -8.210823372665));
#5907 = CARTESIAN_POINT('',(112.91790899452,-116.3812084469,
    -8.211001633823));
#5908 = CARTESIAN_POINT('',(112.03020600509,-116.3343749361,
    -8.211167470555));
#5909 = CARTESIAN_POINT('',(111.14239848053,-116.2914970097,
    -8.211320514994));
#5910 = CARTESIAN_POINT('',(110.25449762799,-116.2525738432,
    -8.211460399209));
#5911 = CARTESIAN_POINT('',(109.36651462522,-116.2176046409,
    -8.211586755189));
#5912 = CARTESIAN_POINT('',(108.47846062061,-116.1865886362,
    -8.211699214844));
#5913 = CARTESIAN_POINT('',(107.59034673338,-116.1595250914,
    -8.211797409996));
#5914 = CARTESIAN_POINT('',(106.10670250389,-116.1209176621,
    -8.211936997983));
#5915 = CARTESIAN_POINT('',(105.51120646266,-116.1071987243,
    -8.21198655844));
#5916 = CARTESIAN_POINT('',(104.91570079044,-116.0952565827,
    -8.212029605128));
#5917 = CARTESIAN_POINT('',(104.3202250335,-116.0850905372,
    -8.212066038781));
#5918 = CARTESIAN_POINT('',(103.72469509915,-116.0767019224,
    -8.212095949255));
#5919 = CARTESIAN_POINT('',(103.12933908534,-116.0700874302,
    -8.212119055007));
#5920 = CARTESIAN_POINT('',(102.53369519966,-116.0652483859,
    -8.212135687435));
#5921 = CARTESIAN_POINT('',(101.93826334306,-116.0621855196,
    -8.21214545645));
#5922 = CARTESIAN_POINT('',(101.34272891428,-116.060897705,
    -8.212148638583));
#5923 = CARTESIAN_POINT('',(100.74723074836,-116.0613853961,
    -8.212145092724));
#5924 = CARTESIAN_POINT('',(100.15172841152,-116.0636485336,
    -8.212134861029));
#5925 = CARTESIAN_POINT('',(153.80306397581,-121.4755220691,
    -8.200538506027));
#5926 = CARTESIAN_POINT('',(153.80305955365,-121.4755209736,
    -8.200538506837));
#5927 = CARTESIAN_POINT('',(153.80305513142,-121.4755198782,
    -8.200538507648));
#5928 = CARTESIAN_POINT('',(153.80305070911,-121.4755187827,
    -8.200538508459));
#5929 = CARTESIAN_POINT('',(153.80304628677,-121.4755176871,
    -8.200538509269));
#5930 = CARTESIAN_POINT('',(153.8030418643,-121.4755165916,
    -8.20053851008));
#5931 = CARTESIAN_POINT('',(153.80303744183,-121.4755154961,
    -8.200538510891));
#5932 = CARTESIAN_POINT('',(153.80303301922,-121.4755144005,
    -8.200538511701));
#5933 = CARTESIAN_POINT('',(153.8030285966,-121.4755133049,
    -8.200538512512));
#5934 = CARTESIAN_POINT('',(153.80302417387,-121.4755122093,
    -8.200538513323));
#5935 = CARTESIAN_POINT('',(153.80301975109,-121.4755111137,
    -8.200538514133));
#5936 = CARTESIAN_POINT('',(153.47203923137,-121.3935207669,
    -8.2005991832));
#5937 = CARTESIAN_POINT('',(153.10769341145,-121.3050087473,
    -8.200668494915));
#5938 = CARTESIAN_POINT('',(152.74764959098,-121.2173639135,
    -8.200741989103));
#5939 = CARTESIAN_POINT('',(152.3910741982,-121.1314124007,
    -8.200818442062));
#5940 = CARTESIAN_POINT('',(152.03380767009,-121.0463672928,
    -8.200898122751));
#5941 = CARTESIAN_POINT('',(151.67590091443,-120.9617656932,
    -8.200981450097));
#5942 = CARTESIAN_POINT('',(151.31861412187,-120.8777126213,
    -8.201068383684));
#5943 = CARTESIAN_POINT('',(150.96147117268,-120.7944486214,
    -8.20115854694));
#5944 = CARTESIAN_POINT('',(150.6034509402,-120.7119543471,
    -8.20125174968));
#5945 = CARTESIAN_POINT('',(150.24588484649,-120.6300017486,
    -8.201348244539));
#5946 = CARTESIAN_POINT('',(148.56134767849,-120.247466656,
    -8.201816620493));
#5947 = CARTESIAN_POINT('',(147.23353049809,-119.9553916493,
    -8.202226437413));
#5948 = CARTESIAN_POINT('',(145.90470351646,-119.6725200276,
    -8.202672819893));
#5949 = CARTESIAN_POINT('',(144.57490370867,-119.3988389739,
    -8.203151417514));
#5950 = CARTESIAN_POINT('',(143.24416804971,-119.1343356713,
    -8.203657879862));
#5951 = CARTESIAN_POINT('',(141.91253351468,-118.8789973028,
    -8.204187856519));
#5952 = CARTESIAN_POINT('',(140.58003707857,-118.6328110514,
    -8.204736997069));
#5953 = CARTESIAN_POINT('',(139.24671571647,-118.3957641002,
    -8.205300951094));
#5954 = CARTESIAN_POINT('',(137.91260640337,-118.1678436322,
    -8.20587536818));
#5955 = CARTESIAN_POINT('',(136.57774611435,-117.9490368304,
    -8.206455897909));
#5956 = CARTESIAN_POINT('',(133.54645678212,-117.4730772216,
    -8.207777498217));
#5957 = CARTESIAN_POINT('',(131.84958517721,-117.221499377,
    -8.208521014085));
#5958 = CARTESIAN_POINT('',(130.15163071,-116.9845758611,-8.209260817761
    ));
#5959 = CARTESIAN_POINT('',(128.45266637875,-116.7622866485,
    -8.209989479329));
#5960 = CARTESIAN_POINT('',(126.75276447959,-116.5546131716,
    -8.210700058672));
#5961 = CARTESIAN_POINT('',(125.05199660659,-116.3615383208,
    -8.211386105465));
#5962 = CARTESIAN_POINT('',(123.35043365172,-116.1830464441,
    -8.212041659179));
#5963 = CARTESIAN_POINT('',(121.64814580485,-116.0191233475,
    -8.212661249081));
#5964 = CARTESIAN_POINT('',(119.94520255378,-115.8697562948,
    -8.213239894232));
#5965 = CARTESIAN_POINT('',(118.24167268422,-115.7349340074,
    -8.213773103489));
#5966 = CARTESIAN_POINT('',(115.6464100106,-115.5517365998,
    -8.214509887401));
#5967 = CARTESIAN_POINT('',(114.75505188923,-115.4928015176,
    -8.214749141955));
#5968 = CARTESIAN_POINT('',(113.86356039311,-115.4378404991,
    -8.214974256047));
#5969 = CARTESIAN_POINT('',(112.97194599969,-115.3868526253,
    -8.21518484656));
#5970 = CARTESIAN_POINT('',(112.08021918643,-115.339836977,
    -8.215380530375));
#5971 = CARTESIAN_POINT('',(111.18839043071,-115.296792635,
    -8.215560924376));
#5972 = CARTESIAN_POINT('',(110.29647021007,-115.2577186803,
    -8.215725645443));
#5973 = CARTESIAN_POINT('',(109.40446900184,-115.2226141937,
    -8.215874310462));
#5974 = CARTESIAN_POINT('',(108.51239728356,-115.191478256,
    -8.216006536311));
#5975 = CARTESIAN_POINT('',(107.62026553261,-115.1643099482,
    -8.216121939876));
#5976 = CARTESIAN_POINT('',(106.12990098545,-115.1255523128,
    -8.216285977227));
#5977 = CARTESIAN_POINT('',(105.53222807606,-115.1117782252,
    -8.216344209246));
#5978 = CARTESIAN_POINT('',(104.93036007258,-115.0998012265,
    -8.216394688995));
#5979 = CARTESIAN_POINT('',(104.34472741982,-115.0895561285,
    -8.216437718279));
#5980 = CARTESIAN_POINT('',(103.71926853718,-115.0812185692,
    -8.216472292005));
#5981 = CARTESIAN_POINT('',(103.16218346168,-115.0744557974,
    -8.216500202007));
#5982 = CARTESIAN_POINT('',(102.51973026197,-115.0697237448,
    -8.216518901005));
#5983 = CARTESIAN_POINT('',(101.95541327362,-115.066559251,
    -8.216530958566));
#5984 = CARTESIAN_POINT('',(101.34002809071,-115.0653046772,
    -8.216534427895));
#5985 = CARTESIAN_POINT('',(100.74544752603,-115.0657915304,
    -8.216530293446));
#5986 = CARTESIAN_POINT('',(100.15016474767,-115.0680525735,
    -8.216518350246));
#5987 = ADVANCED_FACE('',(#5988),#6122,.F.);
#5988 = FACE_BOUND('',#5989,.F.);
#5989 = EDGE_LOOP('',(#5990,#5998,#6120,#6121));
#5990 = ORIENTED_EDGE('',*,*,#5991,.T.);
#5991 = EDGE_CURVE('',#3031,#5992,#5994,.T.);
#5992 = VERTEX_POINT('',#5993);
#5993 = CARTESIAN_POINT('',(319.20923181872,-22.53685080422,
    -13.96684993819));
#5994 = ( BOUNDED_CURVE() B_SPLINE_CURVE(2,(#5995,#5996,#5997),
.UNSPECIFIED.,.F.,.F.) B_SPLINE_CURVE_WITH_KNOTS((3,3),(0.,
9.420671795397),.PIECEWISE_BEZIER_KNOTS.) CURVE() 
GEOMETRIC_REPRESENTATION_ITEM() RATIONAL_B_SPLINE_CURVE((1.,
0.707105728577,1.)) REPRESENTATION_ITEM('') );
#5995 = CARTESIAN_POINT('',(320.20923771317,-22.52873578108,
    -12.96688578288));
#5996 = CARTESIAN_POINT('',(320.20923477618,-22.53665211666,
    -13.96685742552));
#5997 = CARTESIAN_POINT('',(319.20923181872,-22.53685080422,
    -13.96684993819));
#5998 = ORIENTED_EDGE('',*,*,#5999,.T.);
#5999 = EDGE_CURVE('',#5992,#5614,#6000,.T.);
#6000 = ( BOUNDED_CURVE() B_SPLINE_CURVE(14,(#6001,#6002,#6003,#6004,
    #6005,#6006,#6007,#6008,#6009,#6010,#6011,#6012,#6013,#6014,#6015,
    #6016,#6017,#6018,#6019,#6020,#6021,#6022,#6023,#6024,#6025,#6026,
    #6027,#6028,#6029,#6030,#6031,#6032,#6033,#6034,#6035,#6036,#6037,
    #6038,#6039,#6040,#6041,#6042,#6043,#6044,#6045,#6046,#6047,#6048,
    #6049,#6050,#6051,#6052,#6053,#6054,#6055,#6056,#6057,#6058,#6059,
    #6060,#6061,#6062,#6063,#6064,#6065,#6066,#6067,#6068,#6069,#6070,
    #6071,#6072,#6073,#6074,#6075,#6076,#6077,#6078,#6079,#6080,#6081,
    #6082,#6083,#6084,#6085,#6086,#6087,#6088,#6089,#6090,#6091,#6092,
    #6093,#6094,#6095,#6096,#6097,#6098,#6099,#6100,#6101,#6102,#6103,
    #6104,#6105,#6106,#6107,#6108,#6109,#6110,#6111,#6112,#6113,#6114,
    #6115,#6116,#6117,#6118,#6119),.UNSPECIFIED.,.F.,.F.) 
B_SPLINE_CURVE_WITH_KNOTS((15,13,13,13,13,13,13,13,13,15),(
    717.22706581356,731.10506871279,744.97665720917,751.80115974405,
    755.21341101148,758.62566227892,771.75813348219,784.89575776355,
798.03403063482,798.0409951308),.UNSPECIFIED.) CURVE() 
GEOMETRIC_REPRESENTATION_ITEM() RATIONAL_B_SPLINE_CURVE((1.,
    0.999999999999,1.000000000003,0.999999999991,1.000000000019,
    0.99999999997,1.000000000039,0.999999999958,1.000000000037,
    0.999999999973,1.000000000016,0.999999999993,1.000000000002,1.,1.,1.
    ,1.000000000001,0.999999999999,1.000000000002,0.999999999998,
    1.000000000002,0.999999999998,1.000000000001,0.999999999999,1.,1.,1.
    ,1.,1.000000000001,0.999999999998,1.000000000005,0.99999999999,
    1.000000000014,0.999999999985,1.000000000014,0.99999999999,
    1.000000000006,0.999999999997,1.000000000001,1.,1.,0.999999999999,
    1.000000000003,0.999999999993,1.000000000011,0.999999999986,
    1.000000000014,0.999999999989,1.000000000008,0.999999999996,
    1.000000000002,0.999999999999,1.,1.,1.,1.,1.000000000001,
    0.999999999997,1.000000000005,0.999999999994,1.000000000005,
    0.999999999996,1.000000000003,0.999999999999,1.,1.,1.,1.000000000001
    ,0.999999999997,1.000000000006,0.999999999992,1.00000000001,
    0.999999999991,1.000000000007,0.999999999996,1.000000000002,1.,1.,1.
    ,1.,1.000000000001,0.999999999998,1.000000000005,0.999999999992,
    1.000000000011,0.999999999989,1.00000000001,0.999999999993,
    1.000000000004,0.999999999998,1.000000000001,1.,1.,0.999999999998,
    1.000000000006,0.999999999988,1.000000000019,0.999999999975,
    1.000000000025,0.999999999979,1.000000000014,0.999999999992,
    1.000000000003,0.999999999999,1.,1.,1.,1.,1.,1.,1.,1.000000000001,
    0.999999999999,1.000000000001,0.999999999999,1.000000000001,1.,1.,1.
)) REPRESENTATION_ITEM('') );
#6001 = CARTESIAN_POINT('',(319.20923181872,-22.53685080422,
    -13.96684993819));
#6002 = CARTESIAN_POINT('',(319.20882593877,-23.62784929081,
    -13.95831622646));
#6003 = CARTESIAN_POINT('',(319.20843138867,-24.693581207,
    -13.94897445632));
#6004 = CARTESIAN_POINT('',(319.208024493,-25.78790616735,-13.9384783737
    ));
#6005 = CARTESIAN_POINT('',(319.20761661591,-26.88510012215,
    -13.92673772812));
#6006 = CARTESIAN_POINT('',(319.207215233,-27.96673310452,
    -13.91395034084));
#6007 = CARTESIAN_POINT('',(319.20681742533,-29.03889450667,
    -13.90016479318));
#6008 = CARTESIAN_POINT('',(319.2064166377,-30.11776957541,
    -13.88512792342));
#6009 = CARTESIAN_POINT('',(319.2060103942,-31.21060559458,
    -13.86851561613));
#6010 = CARTESIAN_POINT('',(319.20560266451,-32.30814506021,
    -13.85026814831));
#6011 = CARTESIAN_POINT('',(319.20519973018,-33.39364606734,
    -13.83065263099));
#6012 = CARTESIAN_POINT('',(319.20480270418,-34.46265710839,
    -13.80985484154));
#6013 = CARTESIAN_POINT('',(319.2044033165,-35.53676452885,
    -13.78736099354));
#6014 = CARTESIAN_POINT('',(319.20399218729,-36.64358600874,
    -13.76212672596));
#6015 = CARTESIAN_POINT('',(319.20318914154,-38.804599709,
    -13.70897720071));
#6016 = CARTESIAN_POINT('',(319.20279734692,-39.85881848923,
    -13.68110567651));
#6017 = CARTESIAN_POINT('',(319.20237954635,-40.98287750078,
    -13.64941707323));
#6018 = CARTESIAN_POINT('',(319.20196677432,-42.0932807372,
    -13.61556790903));
#6019 = CARTESIAN_POINT('',(319.20157331492,-43.15152723372,
    -13.58040852478));
#6020 = CARTESIAN_POINT('',(319.20118639697,-44.1920044676,
    -13.54354942368));
#6021 = CARTESIAN_POINT('',(319.20078655204,-45.26712192105,
    -13.50347263106));
#6022 = CARTESIAN_POINT('',(319.20036899014,-46.38966841948,
    -13.45847175046));
#6023 = CARTESIAN_POINT('',(319.19994915391,-47.51794957004,
    -13.40850369402));
#6024 = CARTESIAN_POINT('',(319.19954842642,-48.5944621687,
    -13.35610610256));
#6025 = CARTESIAN_POINT('',(319.19916881143,-49.61401371654,
    -13.30363144977));
#6026 = CARTESIAN_POINT('',(319.19877829206,-50.66261950404,
    -13.2469260593));
#6027 = CARTESIAN_POINT('',(319.19834152606,-51.83452997653,
    -13.17499395829));
#6028 = CARTESIAN_POINT('',(319.19774778188,-53.4266927903,
    -13.06890244053));
#6029 = CARTESIAN_POINT('',(319.19756138865,-53.92635144573,
    -13.03412600681));
#6030 = CARTESIAN_POINT('',(319.19736805266,-54.44447108795,
    -12.99677773823));
#6031 = CARTESIAN_POINT('',(319.19716586022,-54.98612798973,
    -12.95608901961));
#6032 = CARTESIAN_POINT('',(319.19695879519,-55.54058166269,
    -12.91237701122));
#6033 = CARTESIAN_POINT('',(319.19675174546,-56.09468867808,
    -12.86635235542));
#6034 = CARTESIAN_POINT('',(319.19654807124,-56.63942241096,
    -12.81864867467));
#6035 = CARTESIAN_POINT('',(319.19634890358,-57.17173938123,
    -12.76955454513));
#6036 = CARTESIAN_POINT('',(319.19615348074,-57.69365899583,
    -12.71891974841));
#6037 = CARTESIAN_POINT('',(319.19595996743,-58.21004966579,
    -12.66619871977));
#6038 = CARTESIAN_POINT('',(319.19576634114,-58.7262403991,
    -12.61058522955));
#6039 = CARTESIAN_POINT('',(319.19557106721,-59.24620313742,
    -12.55118345069));
#6040 = CARTESIAN_POINT('',(319.19537342351,-59.77167723932,
    -12.48715168296));
#6041 = CARTESIAN_POINT('',(319.19507349789,-60.56751188531,
    -12.38304334078));
#6042 = CARTESIAN_POINT('',(319.1949729419,-60.8340663477,
    -12.34702419353));
#6043 = CARTESIAN_POINT('',(319.1948718223,-61.10177944208,
    -12.30929750605));
#6044 = CARTESIAN_POINT('',(319.19477037011,-61.37079868242,
    -12.2713601874));
#6045 = CARTESIAN_POINT('',(319.19466718625,-61.63963815656,
    -12.22766038085));
#6046 = CARTESIAN_POINT('',(319.19456877049,-61.91072215042,
    -12.19168043993));
#6047 = CARTESIAN_POINT('',(319.19445764148,-62.17819469523,
    -12.13804011858));
#6048 = CARTESIAN_POINT('',(319.19436945072,-62.44909511144,
    -12.10308713509));
#6049 = CARTESIAN_POINT('',(319.19425094526,-62.71444601932,
    -12.0461538695));
#6050 = CARTESIAN_POINT('',(319.19416329918,-62.98081922181,
    -12.00171331116));
#6051 = CARTESIAN_POINT('',(319.19405463259,-63.24352070673,
    -11.94808635036));
#6052 = CARTESIAN_POINT('',(319.19395619005,-63.50400357328,
    -11.89380412855));
#6053 = CARTESIAN_POINT('',(319.19385643955,-63.76193217315,
    -11.83688246426));
#6054 = CARTESIAN_POINT('',(319.19365928084,-64.27329113869,
    -11.71839042907));
#6055 = CARTESIAN_POINT('',(319.19356162569,-64.52672241299,
    -11.65680654805));
#6056 = CARTESIAN_POINT('',(319.19346489368,-64.77815533969,
    -11.59292659418));
#6057 = CARTESIAN_POINT('',(319.19336899675,-65.02808506205,
    -11.52682040937));
#6058 = CARTESIAN_POINT('',(319.19327377677,-65.27723465562,
    -11.4585649974));
#6059 = CARTESIAN_POINT('',(319.19317901123,-65.5265306373,
    -11.38824904239));
#6060 = CARTESIAN_POINT('',(319.19308441841,-65.77705333886,
    -11.31599699316));
#6061 = CARTESIAN_POINT('',(319.19298967327,-66.02994415065,
    -11.24200687128));
#6062 = CARTESIAN_POINT('',(319.19289444473,-66.2862516406,
    -11.1665959609));
#6063 = CARTESIAN_POINT('',(319.19279846561,-66.54669855435,
    -11.09024853814));
#6064 = CARTESIAN_POINT('',(319.19270164594,-66.81135170167,
    -11.01365979803));
#6065 = CARTESIAN_POINT('',(319.19260424084,-67.07917673477,
    -10.9377701369));
#6066 = CARTESIAN_POINT('',(319.19250708378,-67.34745982398,
    -10.86378394814));
#6067 = CARTESIAN_POINT('',(319.19204555512,-68.62564631292,
    -10.52138937026));
#6068 = CARTESIAN_POINT('',(319.19170833431,-69.57117007054,
    -10.29971024043));
#6069 = CARTESIAN_POINT('',(319.19134840294,-70.57039209134,
    -10.10053691361));
#6070 = CARTESIAN_POINT('',(319.19097183088,-71.60925328886,
    -9.9260128869));
#6071 = CARTESIAN_POINT('',(319.1905930238,-72.64752395869,
    -9.780733243111));
#6072 = CARTESIAN_POINT('',(319.19022036388,-73.66619268054,
    -9.654186079296));
#6073 = CARTESIAN_POINT('',(319.18985188619,-74.67186367814,
    -9.540635248101));
#6074 = CARTESIAN_POINT('',(319.18948121436,-75.68087480851,
    -9.439594208341));
#6075 = CARTESIAN_POINT('',(319.18910516431,-76.70297297057,
    -9.347274569423));
#6076 = CARTESIAN_POINT('',(319.1887252055,-77.7352183882,
    -9.261268383634));
#6077 = CARTESIAN_POINT('',(319.18834479178,-78.76690417752,
    -9.184557809246));
#6078 = CARTESIAN_POINT('',(319.18796712736,-79.79082291393,
    -9.113638072974));
#6079 = CARTESIAN_POINT('',(319.18758982658,-80.81297375779,
    -9.048675877285));
#6080 = CARTESIAN_POINT('',(319.18683459357,-82.85794920432,
    -8.928471631077));
#6081 = CARTESIAN_POINT('',(319.18645664511,-83.88079767552,
    -8.873272481935));
#6082 = CARTESIAN_POINT('',(319.18607779048,-84.90566287903,
    -8.822285750877));
#6083 = CARTESIAN_POINT('',(319.18569867384,-85.93087696175,
    -8.775098383603));
#6084 = CARTESIAN_POINT('',(319.18531866723,-86.95819171463,
    -8.731266871758));
#6085 = CARTESIAN_POINT('',(319.18493776203,-87.98767294227,
    -8.690487943147));
#6086 = CARTESIAN_POINT('',(319.18455703997,-89.0164327502,
    -8.652599004032));
#6087 = CARTESIAN_POINT('',(319.18417745929,-90.04191291391,
    -8.617424350006));
#6088 = CARTESIAN_POINT('',(319.18379869602,-91.06501558529,
    -8.584680182666));
#6089 = CARTESIAN_POINT('',(319.18341940458,-92.0893961493,
    -8.554053846665));
#6090 = CARTESIAN_POINT('',(319.18303873449,-93.11736491993,
    -8.525365479006));
#6091 = CARTESIAN_POINT('',(319.18265748742,-94.14676751591,
    -8.498588473586));
#6092 = CARTESIAN_POINT('',(319.18227715034,-95.17360603161,
    -8.473633853022));
#6093 = CARTESIAN_POINT('',(319.18151767555,-97.22384950757,
    -8.427120681298));
#6094 = CARTESIAN_POINT('',(319.18110958317,-98.24718493982,
    -8.405560068623));
#6095 = CARTESIAN_POINT('',(319.18087217187,-99.27020275409,
    -8.385548392155));
#6096 = CARTESIAN_POINT('',(319.18021230328,-100.2972628587,
    -8.366866992359));
#6097 = CARTESIAN_POINT('',(319.18004195731,-101.3287478283,
    -8.349505867454));
#6098 = CARTESIAN_POINT('',(319.17977768908,-102.3593443542,
    -8.333470526248));
#6099 = CARTESIAN_POINT('',(319.17909443535,-103.3865802358,
    -8.318690949981));
#6100 = CARTESIAN_POINT('',(319.17871662688,-104.4128742907,
    -8.305066283441));
#6101 = CARTESIAN_POINT('',(319.17872734678,-105.4399521448,
    -8.292520936218));
#6102 = CARTESIAN_POINT('',(319.17811896783,-106.4669149039,
    -8.280998631157));
#6103 = CARTESIAN_POINT('',(319.17726911266,-107.4960611846,
    -8.270432941021));
#6104 = CARTESIAN_POINT('',(319.17797161188,-108.5314662268,
    -8.260785300826));
#6105 = CARTESIAN_POINT('',(319.17644599116,-109.5561968572,
    -8.252140626552));
#6106 = CARTESIAN_POINT('',(319.17684861256,-110.5514667564,
    -8.244525675697));
#6107 = CARTESIAN_POINT('',(319.17684883107,-110.5519938569,
    -8.244521643002));
#6108 = CARTESIAN_POINT('',(319.17684905478,-110.5525207527,
    -8.244517612106));
#6109 = CARTESIAN_POINT('',(319.17684928371,-110.5530474451,
    -8.244513582967));
#6110 = CARTESIAN_POINT('',(319.17684951783,-110.5535739329,
    -8.244509555673));
#6111 = CARTESIAN_POINT('',(319.17684975718,-110.5541002193,
    -8.244505530053));
#6112 = CARTESIAN_POINT('',(319.17685000171,-110.5546263008,
    -8.244501506353));
#6113 = CARTESIAN_POINT('',(319.1768502515,-110.5551521827,
    -8.244497484259));
#6114 = CARTESIAN_POINT('',(319.17685050647,-110.5556778603,
    -8.24449346409));
#6115 = CARTESIAN_POINT('',(319.1768507667,-110.5562033386,
    -8.24448944556));
#6116 = CARTESIAN_POINT('',(319.17685103212,-110.5567286147,
    -8.244485428873));
#6117 = CARTESIAN_POINT('',(319.17685130279,-110.5572536911,
    -8.244481413899));
#6118 = CARTESIAN_POINT('',(319.17685157868,-110.5577785672,
    -8.244477400696));
#6119 = CARTESIAN_POINT('',(319.17685185981,-110.5583032438,
    -8.244473389238));
#6120 = ORIENTED_EDGE('',*,*,#5613,.F.);
#6121 = ORIENTED_EDGE('',*,*,#3040,.F.);
#6122 = ( BOUNDED_SURFACE() B_SPLINE_SURFACE(2,14,(
    (#6123,#6124,#6125,#6126,#6127,#6128,#6129,#6130,#6131,#6132,#6133
      ,#6134,#6135,#6136,#6137,#6138,#6139,#6140,#6141,#6142,#6143,#6144
      ,#6145,#6146,#6147,#6148,#6149,#6150,#6151,#6152,#6153,#6154,#6155
      ,#6156,#6157,#6158,#6159,#6160,#6161,#6162,#6163,#6164,#6165,#6166
      ,#6167,#6168,#6169,#6170,#6171,#6172,#6173,#6174,#6175,#6176,#6177
      ,#6178,#6179,#6180,#6181,#6182,#6183,#6184,#6185,#6186,#6187,#6188
      ,#6189,#6190,#6191,#6192,#6193,#6194,#6195,#6196,#6197,#6198,#6199
      ,#6200,#6201,#6202,#6203,#6204,#6205,#6206,#6207,#6208,#6209,#6210
      ,#6211,#6212,#6213,#6214,#6215,#6216,#6217,#6218,#6219,#6220,#6221
      ,#6222,#6223,#6224,#6225,#6226,#6227,#6228,#6229,#6230,#6231,#6232
      ,#6233,#6234,#6235,#6236,#6237,#6238,#6239,#6240,#6241)
    ,(#6242,#6243,#6244,#6245,#6246,#6247,#6248,#6249,#6250,#6251,#6252
      ,#6253,#6254,#6255,#6256,#6257,#6258,#6259,#6260,#6261,#6262,#6263
      ,#6264,#6265,#6266,#6267,#6268,#6269,#6270,#6271,#6272,#6273,#6274
      ,#6275,#6276,#6277,#6278,#6279,#6280,#6281,#6282,#6283,#6284,#6285
      ,#6286,#6287,#6288,#6289,#6290,#6291,#6292,#6293,#6294,#6295,#6296
      ,#6297,#6298,#6299,#6300,#6301,#6302,#6303,#6304,#6305,#6306,#6307
      ,#6308,#6309,#6310,#6311,#6312,#6313,#6314,#6315,#6316,#6317,#6318
      ,#6319,#6320,#6321,#6322,#6323,#6324,#6325,#6326,#6327,#6328,#6329
      ,#6330,#6331,#6332,#6333,#6334,#6335,#6336,#6337,#6338,#6339,#6340
      ,#6341,#6342,#6343,#6344,#6345,#6346,#6347,#6348,#6349,#6350,#6351
      ,#6352,#6353,#6354,#6355,#6356,#6357,#6358,#6359,#6360)
    ,(#6361,#6362,#6363,#6364,#6365,#6366,#6367,#6368,#6369,#6370,#6371
      ,#6372,#6373,#6374,#6375,#6376,#6377,#6378,#6379,#6380,#6381,#6382
      ,#6383,#6384,#6385,#6386,#6387,#6388,#6389,#6390,#6391,#6392,#6393
      ,#6394,#6395,#6396,#6397,#6398,#6399,#6400,#6401,#6402,#6403,#6404
      ,#6405,#6406,#6407,#6408,#6409,#6410,#6411,#6412,#6413,#6414,#6415
      ,#6416,#6417,#6418,#6419,#6420,#6421,#6422,#6423,#6424,#6425,#6426
      ,#6427,#6428,#6429,#6430,#6431,#6432,#6433,#6434,#6435,#6436,#6437
      ,#6438,#6439,#6440,#6441,#6442,#6443,#6444,#6445,#6446,#6447,#6448
      ,#6449,#6450,#6451,#6452,#6453,#6454,#6455,#6456,#6457,#6458,#6459
      ,#6460,#6461,#6462,#6463,#6464,#6465,#6466,#6467,#6468,#6469,#6470
      ,#6471,#6472,#6473,#6474,#6475,#6476,#6477,#6478,#6479
)),.UNSPECIFIED.,.F.,.F.,.F.) B_SPLINE_SURFACE_WITH_KNOTS((3,3),(15,13,
    13,13,13,13,13,13,13,15),(0.,80.813929317243),(717.22706581356,
    731.10506871279,744.97665720917,751.80115974405,755.21341101148,
    758.62566227892,771.75813348219,784.89575776355,798.03403063482,
798.0409951308),.UNSPECIFIED.) GEOMETRIC_REPRESENTATION_ITEM() 
RATIONAL_B_SPLINE_SURFACE((
    (1.,0.999999999999,1.000000000003,0.999999999991,1.000000000019
      ,0.99999999997,1.000000000039,0.999999999958,1.000000000037
      ,0.999999999973,1.000000000016,0.999999999993,1.000000000002,1.,1.
      ,1.,1.000000000001,0.999999999999,1.000000000002,0.999999999998
      ,1.000000000002,0.999999999998,1.000000000001,0.999999999999,1.,1.
      ,1.,1.,1.000000000001,0.999999999998,1.000000000005,0.99999999999
      ,1.000000000014,0.999999999985,1.000000000014,0.99999999999
      ,1.000000000006,0.999999999997,1.000000000001,1.,1.,0.999999999999
      ,1.000000000003,0.999999999993,1.000000000011,0.999999999986
      ,1.000000000014,0.999999999989,1.000000000008,0.999999999996
      ,1.000000000002,0.999999999999,1.,1.,1.,1.,1.000000000001
      ,0.999999999997,1.000000000005,0.999999999994,1.000000000005
      ,0.999999999996,1.000000000003,0.999999999999,1.,1.,1.
      ,1.000000000001,0.999999999997,1.000000000006,0.999999999992
      ,1.00000000001,0.999999999991,1.000000000007,0.999999999996
      ,1.000000000002,1.,1.,1.,1.,1.000000000001,0.999999999998
      ,1.000000000005,0.999999999992,1.000000000011,0.999999999989
      ,1.00000000001,0.999999999993,1.000000000004,0.999999999998
      ,1.000000000001,1.,1.,0.999999999998,1.000000000006,0.999999999988
      ,1.000000000019,0.999999999975,1.000000000025,0.999999999979
      ,1.000000000014,0.999999999992,1.000000000003,0.999999999999,1.,1.
      ,1.,1.,1.,1.,1.,1.000000000001,0.999999999999,1.000000000001
      ,0.999999999999,1.000000000001,1.,1.,1.)
    ,(0.707105728562,0.707105493968,0.707105596933,0.707105347387
      ,0.707105128985,0.707105059375,0.707104992075,0.707104813948
      ,0.707104576247,0.70710439385,0.707104278568,0.707104111908
      ,0.707103838162,0.707103644588,0.707103180252,0.707102939393
      ,0.707102664827,0.707102376924,0.707102075777,0.707101756644
      ,0.707101410789,0.707101022223,0.707100581737,0.707100106866
      ,0.707099624932,0.707099098697,0.707098395396,0.70709731546
      ,0.707096954578,0.707096560539,0.707096122613,0.707095640462
      ,0.707095118291,0.707094560015,0.707093966429,0.707093332984
      ,0.707092649483,0.70709189978,0.707091062327,0.707090109937
      ,0.707088457981,0.70708786939,0.707087233512,0.707086651362
      ,0.707085433385,0.707086195654,0.707081989225,0.707086342643
      ,0.707079249832,0.707083201989,0.707079240345,0.707078602567
      ,0.707077167281,0.70707453482,0.707073250449,0.707072030342
      ,0.707070908309,0.707069923292,0.707069118153,0.707068534997
      ,0.707068208623,0.707068159512,0.707068388005,0.707068871055
      ,0.707069563187,0.7070704031,0.707074885089,0.707079681937
      ,0.707083492764,0.707086619577,0.707088878662,0.707090740008
      ,0.707092375013,0.707093672478,0.707094784961,0.707095846539
      ,0.707096673839,0.707097454389,0.707098131607,0.707099351173
      ,0.707099890906,0.707100374787,0.707100811804,0.707101209692
      ,0.707101574079,0.70710190855,0.707102216418,0.707102501395
      ,0.707102767283,0.707103016383,0.707103249572,0.70710346816
      ,0.707103879011,0.707104001569,0.707104519035,0.707104041538
      ,0.707104663229,0.707105136647,0.707104608084,0.707104643881
      ,0.707105663261,0.707105505931,0.707104473697,0.70710644336
      ,0.707105142672,0.707105884451,0.707105884847,0.707105885245
      ,0.707105885645,0.70710588605,0.707105886453,0.707105886864
      ,0.707105887271,0.707105887687,0.707105888101,0.707105888521
      ,0.707105888941,0.707105889365,0.707105889791)
    ,(1.,0.999999999999,1.000000000003,0.999999999991,1.000000000019
      ,0.99999999997,1.000000000039,0.999999999958,1.000000000037
      ,0.999999999973,1.000000000016,0.999999999993,1.000000000002,1.,1.
      ,1.,1.000000000001,0.999999999999,1.000000000002,0.999999999998
      ,1.000000000002,0.999999999998,1.000000000001,0.999999999999,1.,1.
      ,1.,1.,1.000000000001,0.999999999998,1.000000000005,0.99999999999
      ,1.000000000014,0.999999999985,1.000000000014,0.99999999999
      ,1.000000000006,0.999999999997,1.000000000001,1.,1.,0.999999999999
      ,1.000000000003,0.999999999993,1.000000000011,0.999999999986
      ,1.000000000014,0.999999999989,1.000000000008,0.999999999996
      ,1.000000000002,0.999999999999,1.,1.,1.,1.,1.000000000001
      ,0.999999999997,1.000000000005,0.999999999994,1.000000000005
      ,0.999999999996,1.000000000003,0.999999999999,1.,1.,1.
      ,1.000000000001,0.999999999997,1.000000000006,0.999999999992
      ,1.00000000001,0.999999999991,1.000000000007,0.999999999996
      ,1.000000000002,1.,1.,1.,1.,1.000000000001,0.999999999998
      ,1.000000000005,0.999999999992,1.000000000011,0.999999999989
      ,1.00000000001,0.999999999993,1.000000000004,0.999999999998
      ,1.000000000001,1.,1.,0.999999999998,1.000000000006,0.999999999988
      ,1.000000000019,0.999999999975,1.000000000025,0.999999999979
      ,1.000000000014,0.999999999992,1.000000000003,0.999999999999,1.,1.
      ,1.,1.,1.,1.,1.,1.000000000001,0.999999999999,1.000000000001
,0.999999999999,1.000000000001,1.,1.,1.
))) REPRESENTATION_ITEM('') SURFACE() );
#6123 = CARTESIAN_POINT('',(320.20923771317,-22.52873578108,
    -12.96688578284));
#6124 = CARTESIAN_POINT('',(320.20883280195,-23.6201456882,
    -12.95834903751));
#6125 = CARTESIAN_POINT('',(320.20843794343,-24.68445925333,
    -12.9490179861));
#6126 = CARTESIAN_POINT('',(320.20803237337,-25.77764499541,
    -12.93853371932));
#6127 = CARTESIAN_POINT('',(320.20762559955,-26.87407541448,
    -12.92680174068));
#6128 = CARTESIAN_POINT('',(320.20722462477,-27.95487491495,
    -12.91402340595));
#6129 = CARTESIAN_POINT('',(320.20682728098,-29.02588735394,
    -12.90025155721));
#6130 = CARTESIAN_POINT('',(320.20642752342,-30.10340593795,
    -12.88523335237));
#6131 = CARTESIAN_POINT('',(320.2060225662,-31.19493982916,
    -12.86864141761));
#6132 = CARTESIAN_POINT('',(320.20561579596,-32.29136057821,
    -12.85041309432));
#6133 = CARTESIAN_POINT('',(320.20521347914,-33.3757774779,
    -12.83081674301));
#6134 = CARTESIAN_POINT('',(320.20481738037,-34.44343402974,
    -12.81004376953));
#6135 = CARTESIAN_POINT('',(320.20441953516,-35.51579801572,
    -12.78758529013));
#6136 = CARTESIAN_POINT('',(320.20400956827,-36.6208351167,
    -12.76239311823));
#6137 = CARTESIAN_POINT('',(320.20320886039,-38.77908728248,
    -12.70931127916));
#6138 = CARTESIAN_POINT('',(320.20281884041,-39.83035889437,
    -12.68151625873));
#6139 = CARTESIAN_POINT('',(320.20240233949,-40.95300801373,
    -12.64986647225));
#6140 = CARTESIAN_POINT('',(320.20199086653,-42.06210462875,
    -12.61606881272));
#6141 = CARTESIAN_POINT('',(320.20159907883,-43.11814099151,
    -12.58097229187));
#6142 = CARTESIAN_POINT('',(320.20121419805,-44.15556027563,
    -12.54420179363));
#6143 = CARTESIAN_POINT('',(320.20081650896,-45.22750341609,
    -12.50425055195));
#6144 = CARTESIAN_POINT('',(320.20040100417,-46.34746756846,
    -12.45937774733));
#6145 = CARTESIAN_POINT('',(320.19998319813,-47.47363454148,
    -12.4095000589));
#6146 = CARTESIAN_POINT('',(320.1995848807,-48.5472713696,
    -12.35720316208));
#6147 = CARTESIAN_POINT('',(320.19920841381,-49.56201155175,
    -12.30496401411));
#6148 = CARTESIAN_POINT('',(320.19882140106,-50.60517739175,
    -12.2486003187));
#6149 = CARTESIAN_POINT('',(320.19838747863,-51.77478498286,
    -12.17678279522));
#6150 = CARTESIAN_POINT('',(320.19780025835,-53.35759620967,
    -12.07131344509));
#6151 = CARTESIAN_POINT('',(320.1976159217,-53.85446279591,
    -12.03673249126));
#6152 = CARTESIAN_POINT('',(320.19742467146,-54.36996444686,
    -11.99957672697));
#6153 = CARTESIAN_POINT('',(320.19722473858,-54.90886956314,
    -11.95909542482));
#6154 = CARTESIAN_POINT('',(320.19702021183,-55.46015711842,
    -11.91562754425));
#6155 = CARTESIAN_POINT('',(320.19681602198,-56.01053660538,
    -11.86990185083));
#6156 = CARTESIAN_POINT('',(320.19661551551,-56.55098778012,
    -11.8225611518));
#6157 = CARTESIAN_POINT('',(320.19641977749,-57.07858593191,
    -11.77389297927));
#6158 = CARTESIAN_POINT('',(320.1962280017,-57.59550417895,
    -11.72373917586));
#6159 = CARTESIAN_POINT('',(320.19603834518,-58.10671007192,
    -11.67154696291));
#6160 = CARTESIAN_POINT('',(320.19584884315,-58.61749956376,
    -11.61651419393));
#6161 = CARTESIAN_POINT('',(320.19565809897,-59.13163718152,
    -11.55777162166));
#6162 = CARTESIAN_POINT('',(320.19546560285,-59.65049701587,-11.49453513
    ));
#6163 = CARTESIAN_POINT('',(320.19517470611,-60.43458887162,
    -11.39195894558));
#6164 = CARTESIAN_POINT('',(320.19507737891,-60.69692753234,
    -11.35650678438));
#6165 = CARTESIAN_POINT('',(320.19497975255,-60.960072558,
    -11.31941423633));
#6166 = CARTESIAN_POINT('',(320.19488179222,-61.22411776884,
    -11.2821909233));
#6167 = CARTESIAN_POINT('',(320.19478406938,-61.48752293878,
    -11.23929958156));
#6168 = CARTESIAN_POINT('',(320.19468570387,-61.75266015017,
    -11.20423901923));
#6169 = CARTESIAN_POINT('',(320.19458888567,-62.01362702656,
    -11.15164720609));
#6170 = CARTESIAN_POINT('',(320.19449101632,-62.27742685973,
    -11.11789128736));
#6171 = CARTESIAN_POINT('',(320.1943954332,-62.53506458659,
    -11.06232334188));
#6172 = CARTESIAN_POINT('',(320.19429969381,-62.79312336349,
    -11.01943342904));
#6173 = CARTESIAN_POINT('',(320.19420551869,-63.04696584866,
    -10.96755284523));
#6174 = CARTESIAN_POINT('',(320.19411232327,-63.29816757889,
    -10.91520635358));
#6175 = CARTESIAN_POINT('',(320.19402015901,-63.54658991392,
    -10.86037735576));
#6176 = CARTESIAN_POINT('',(320.19383747211,-64.03900969243,
    -10.74626252507));
#6177 = CARTESIAN_POINT('',(320.19374694284,-64.28302501783,
    -10.68695528094));
#6178 = CARTESIAN_POINT('',(320.19365705542,-64.52531028121,
    -10.62539963986));
#6179 = CARTESIAN_POINT('',(320.19356749759,-64.76670715372,
    -10.5615703182));
#6180 = CARTESIAN_POINT('',(320.1934778476,-65.00835242081,
    -10.49540776375));
#6181 = CARTESIAN_POINT('',(320.19338760813,-65.25158661228,
    -10.4268458285));
#6182 = CARTESIAN_POINT('',(320.19329624812,-65.49784113845,
    -10.35586389327));
#6183 = CARTESIAN_POINT('',(320.19320325717,-65.74849175376,
    -10.28255266976));
#6184 = CARTESIAN_POINT('',(320.1931082169,-66.00466616852,
    -10.2071829061));
#6185 = CARTESIAN_POINT('',(320.19301089386,-66.26699363006,
    -10.1302662215));
#6186 = CARTESIAN_POINT('',(320.19291135847,-66.53528429457,
    -10.05259729592));
#6187 = CARTESIAN_POINT('',(320.19281013459,-66.80812621006,
    -9.975266640591));
#6188 = CARTESIAN_POINT('',(320.19270838403,-67.08238773236,
    -9.899633175071));
#6189 = CARTESIAN_POINT('',(320.19222229405,-68.3926093203,
    -9.548654209007));
#6190 = CARTESIAN_POINT('',(320.19185806606,-69.37436041313,
    -9.317999690416));
#6191 = CARTESIAN_POINT('',(320.19147635053,-70.40324795171,
    -9.113765192232));
#6192 = CARTESIAN_POINT('',(320.19108483001,-71.45856418719,
    -8.937248461422));
#6193 = CARTESIAN_POINT('',(320.19069211532,-72.51709915975,
    -8.788669855787));
#6194 = CARTESIAN_POINT('',(320.19030823241,-73.55182876285,
    -8.660280505374));
#6195 = CARTESIAN_POINT('',(320.18993162875,-74.56693759432,
    -8.546312373098));
#6196 = CARTESIAN_POINT('',(320.18955382472,-75.58528199852,
    -8.44410693513));
#6197 = CARTESIAN_POINT('',(320.189171475,-76.61587892599,
    -8.350764199566));
#6198 = CARTESIAN_POINT('',(320.18878636371,-77.65391952358,
    -8.26475652249));
#6199 = CARTESIAN_POINT('',(320.18840041941,-78.6942054155,
    -8.187068818942));
#6200 = CARTESIAN_POINT('',(320.18801833904,-79.72407636102,
    -8.115900085247));
#6201 = CARTESIAN_POINT('',(320.18763758798,-80.75036424783,
    -8.050653916272));
#6202 = CARTESIAN_POINT('',(320.18687609609,-82.80291243265,
    -7.930000614993));
#6203 = CARTESIAN_POINT('',(320.18649532434,-83.82925608541,
    -7.874609079916));
#6204 = CARTESIAN_POINT('',(320.18611317522,-84.85931233906,
    -7.823343403323));
#6205 = CARTESIAN_POINT('',(320.18573116349,-85.8889982559,
    -7.775963939945));
#6206 = CARTESIAN_POINT('',(320.18534893863,-86.91925868365,
    -7.732033074679));
#6207 = CARTESIAN_POINT('',(320.18496624937,-87.95077085156,
    -7.691181542537));
#6208 = CARTESIAN_POINT('',(320.18458388846,-88.98139794556,
    -7.653216655517));
#6209 = CARTESIAN_POINT('',(320.18420269727,-90.00887219235,
    -7.617971175063));
#6210 = CARTESIAN_POINT('',(320.18382236222,-91.0340387459,
    -7.585166583786));
#6211 = CARTESIAN_POINT('',(320.18344156794,-92.06044312015,
    -7.554480548956));
#6212 = CARTESIAN_POINT('',(320.18305948223,-93.09032844289,
    -7.525734031514));
#6213 = CARTESIAN_POINT('',(320.18267693591,-94.12145534361,
    -7.49891735026));
#6214 = CARTESIAN_POINT('',(320.18229542244,-95.14979823995,
    -7.473925160245));
#6215 = CARTESIAN_POINT('',(320.18153371453,-97.20292869278,
    -7.427346335119));
#6216 = CARTESIAN_POINT('',(320.1811535415,-98.22765854491,
    -7.405756284311));
#6217 = CARTESIAN_POINT('',(320.18077347664,-99.25209683033,
    -7.385716360499));
#6218 = CARTESIAN_POINT('',(320.18039189904,-100.280612593,
    -7.367009067879));
#6219 = CARTESIAN_POINT('',(320.18000881222,-101.3131963609,
    -7.349630620107));
#6220 = CARTESIAN_POINT('',(320.17962608753,-102.3448040026,
    -7.333580149749));
#6221 = CARTESIAN_POINT('',(320.17924456665,-103.3731668973,
    -7.318783707701));
#6222 = CARTESIAN_POINT('',(320.17886343899,-104.400469853,
    -7.305145603392));
#6223 = CARTESIAN_POINT('',(320.17848213386,-105.4282512137,
    -7.292594223016));
#6224 = CARTESIAN_POINT('',(320.17810106158,-106.4554049145,
    -7.28107373206));
#6225 = CARTESIAN_POINT('',(320.17771983747,-107.4829678792,
    -7.27052674497));
#6226 = CARTESIAN_POINT('',(320.17733740306,-108.5137931222,
    -7.260914982972));
#6227 = CARTESIAN_POINT('',(320.17695734854,-109.5382035206,
    -7.252233042593));
#6228 = CARTESIAN_POINT('',(320.17657550648,-110.567432117,
    -7.244377527744));
#6229 = CARTESIAN_POINT('',(320.17657530418,-110.5679774152,
    -7.244373366039));
#6230 = CARTESIAN_POINT('',(320.17657510187,-110.5685227146,
    -7.244369204568));
#6231 = CARTESIAN_POINT('',(320.17657489956,-110.5690680148,
    -7.244365043339));
#6232 = CARTESIAN_POINT('',(320.17657469726,-110.5696133169,
    -7.244360882332));
#6233 = CARTESIAN_POINT('',(320.17657449495,-110.5701586191,
    -7.244356721585));
#6234 = CARTESIAN_POINT('',(320.17657429264,-110.5707039238,
    -7.244352561041));
#6235 = CARTESIAN_POINT('',(320.17657409034,-110.5712492282,
    -7.244348400771));
#6236 = CARTESIAN_POINT('',(320.17657388803,-110.5717945351,
    -7.2443442407));
#6237 = CARTESIAN_POINT('',(320.17657368572,-110.5723398421,
    -7.244340080895));
#6238 = CARTESIAN_POINT('',(320.17657348341,-110.5728851509,
    -7.244335921305));
#6239 = CARTESIAN_POINT('',(320.1765732811,-110.5734304605,
    -7.244331761963));
#6240 = CARTESIAN_POINT('',(320.1765730788,-110.5739757713,
    -7.244327602853));
#6241 = CARTESIAN_POINT('',(320.17657287649,-110.5745210833,
    -7.24432344398));
#6242 = CARTESIAN_POINT('',(320.20923477622,-22.53665211666,
    -13.96685742552));
#6243 = CARTESIAN_POINT('',(320.20882971938,-23.6284545485,
    -13.95831823634));
#6244 = CARTESIAN_POINT('',(320.20843433531,-24.69418467453,
    -13.94897584357));
#6245 = CARTESIAN_POINT('',(320.20802839586,-25.78836610629,
    -13.93848116101));
#6246 = CARTESIAN_POINT('',(320.20762136709,-26.88548370462,
    -13.9267418244));
#6247 = CARTESIAN_POINT('',(320.2072200869,-27.96710643927,
    -13.91395512166));
#6248 = CARTESIAN_POINT('',(320.20682231459,-29.03927391715,
    -13.90016995724));
#6249 = CARTESIAN_POINT('',(320.20642205511,-30.11814539717,
    -13.88513352667));
#6250 = CARTESIAN_POINT('',(320.20601661786,-31.21097315321,
    -13.86852176268));
#6251 = CARTESIAN_POINT('',(320.20560943269,-32.3085123444,
    -13.85027480862));
#6252 = CARTESIAN_POINT('',(320.20520671102,-33.39402046125,
    -13.83065973273));
#6253 = CARTESIAN_POINT('',(320.20481010911,-34.46303322355,
    -13.80986244639));
#6254 = CARTESIAN_POINT('',(320.20441161975,-35.53713344588,
    -13.78736924951));
#6255 = CARTESIAN_POINT('',(320.20400098988,-36.64395756946,
    -13.76213558659));
#6256 = CARTESIAN_POINT('',(320.20319925745,-38.80497132838,
    -13.70898737367));
#6257 = CARTESIAN_POINT('',(320.20280814393,-39.85919049638,
    -13.68111651813));
#6258 = CARTESIAN_POINT('',(320.2023911198,-40.98324989681,
    -13.64942868671));
#6259 = CARTESIAN_POINT('',(320.20197916191,-42.09365361106,
    -13.61558031068));
#6260 = CARTESIAN_POINT('',(320.20158655419,-43.15190028454,
    -13.58042176859));
#6261 = CARTESIAN_POINT('',(320.20120053886,-44.19237765889,
    -13.54356357087));
#6262 = CARTESIAN_POINT('',(320.20080167192,-45.26749561026,
    -13.50348773404));
#6263 = CARTESIAN_POINT('',(320.20038520887,-46.3900427054,
    -13.45848791287));
#6264 = CARTESIAN_POINT('',(320.19996661844,-47.51832392572,
    -13.40852108898));
#6265 = CARTESIAN_POINT('',(320.19956723426,-48.59483609648,
    -13.3561248609));
#6266 = CARTESIAN_POINT('',(320.19918898239,-49.6143875989,
    -13.30365156874));
#6267 = CARTESIAN_POINT('',(320.19879995123,-50.66299389728,
    -13.24694762447));
#6268 = CARTESIAN_POINT('',(320.19836517477,-51.83490348907,
    -13.17501756294));
#6269 = CARTESIAN_POINT('',(320.19777448521,-53.42706591971,
    -13.06892913223));
#6270 = CARTESIAN_POINT('',(320.19758911257,-53.92672492482,
    -13.03415369664));
#6271 = CARTESIAN_POINT('',(320.1973968909,-54.44484500232,
    -12.99680651277));
#6272 = CARTESIAN_POINT('',(320.19719593693,-54.98650239616,
    -12.95611899689));
#6273 = CARTESIAN_POINT('',(320.19699023538,-55.54095655408,
    -12.91240831404));
#6274 = CARTESIAN_POINT('',(320.19678466245,-56.0950640064,
    -12.86638509802));
#6275 = CARTESIAN_POINT('',(320.19658256703,-56.63979812351,
    -12.81868296125));
#6276 = CARTESIAN_POINT('',(320.1963850782,-57.17211544482,
    -12.76959047744));
#6277 = CARTESIAN_POINT('',(320.19619144679,-57.6940354037,
    -12.71895743918));
#6278 = CARTESIAN_POINT('',(320.19599986659,-58.2104264227,
    -12.6662383096));
#6279 = CARTESIAN_POINT('',(320.19580836058,-58.72661749537,
    -12.61062690574));
#6280 = CARTESIAN_POINT('',(320.19561545519,-59.24658051953,
    -12.55122746764));
#6281 = CARTESIAN_POINT('',(320.19542050513,-59.77205478881,
    -12.48719838495));
#6282 = CARTESIAN_POINT('',(320.19512525161,-60.56789001165,
    -12.38309468034));
#6283 = CARTESIAN_POINT('',(320.19502636012,-60.83444513237,
    -12.347077122));
#6284 = CARTESIAN_POINT('',(320.1949270388,-61.10215877047,
    -12.30935218592));
#6285 = CARTESIAN_POINT('',(320.19482723259,-61.37117954244,
    -12.2714162481));
#6286 = CARTESIAN_POINT('',(320.1947274942,-61.64001719304,
    -12.22772035934));
#6287 = CARTESIAN_POINT('',(320.1946269201,-61.91110792176,
    -12.19173684873));
#6288 = CARTESIAN_POINT('',(320.1945276913,-62.17857199943,
    -12.13811039442));
#6289 = CARTESIAN_POINT('',(320.19442718342,-62.44948404368,
    -12.10314248117));
#6290 = CARTESIAN_POINT('',(320.1943287414,-62.71482767473,
    -12.04623118429));
#6291 = CARTESIAN_POINT('',(320.19422991548,-62.9812059544,
    -12.00177818858));
#6292 = CARTESIAN_POINT('',(320.19413245348,-63.24390801848,
    -11.94816253858));
#6293 = CARTESIAN_POINT('',(320.19403581441,-63.50439187453,
    -11.89388194458));
#6294 = CARTESIAN_POINT('',(320.19394012288,-63.76232171263,
    -11.83696416009));
#6295 = CARTESIAN_POINT('',(320.19375040833,-64.27368401478,
    -11.71847899737));
#6296 = CARTESIAN_POINT('',(320.19365638499,-64.52711737012,
    -11.65689834737));
#6297 = CARTESIAN_POINT('',(320.19356310307,-64.77855227466,
    -11.59302144082));
#6298 = CARTESIAN_POINT('',(320.19347037891,-65.02848377854,
    -11.52691805186));
#6299 = CARTESIAN_POINT('',(320.19337794428,-65.27763485113,
    -11.4586651086));
#6300 = CARTESIAN_POINT('',(320.1932854555,-65.52693191442,
    -11.38835120404));
#6301 = CARTESIAN_POINT('',(320.19319251177,-65.77745523352,
    -11.31610068738));
#6302 = CARTESIAN_POINT('',(320.19309868966,-66.03034617371,
    -11.24211148725));
#6303 = CARTESIAN_POINT('',(320.19300360014,-66.28665333003,
    -11.16670081936));
#6304 = CARTESIAN_POINT('',(320.19290697504,-66.54709953227,
    -11.09035293228));
#6305 = CARTESIAN_POINT('',(320.19280878953,-66.81175172545,
    -11.0137630461));
#6306 = CARTESIAN_POINT('',(320.19270942728,-67.07957572156,
    -10.93787164136));
#6307 = CARTESIAN_POINT('',(320.19260989508,-67.3478578128,
    -10.86388325688));
#6308 = CARTESIAN_POINT('',(320.19213569424,-68.62603304252,
    -10.52147856825));
#6309 = CARTESIAN_POINT('',(320.19178491159,-69.5715431863,
    -10.29978859088));
#6310 = CARTESIAN_POINT('',(320.1914142038,-70.57076014129,
    -10.10060439695));
#6311 = CARTESIAN_POINT('',(320.19102878881,-71.60961929654,
    -9.926071283699));
#6312 = CARTESIAN_POINT('',(320.1906435919,-72.64789069206,
    -9.780784861184));
#6313 = CARTESIAN_POINT('',(320.1902656673,-73.66656004178,
    -9.654232154142));
#6314 = CARTESIAN_POINT('',(320.18989256518,-74.67223072126,
    -9.540676645462));
#6315 = CARTESIAN_POINT('',(320.18951822342,-75.68124277195,
    -9.439631731884));
#6316 = CARTESIAN_POINT('',(320.18913902632,-76.70334210413,
    -9.347308740589));
#6317 = CARTESIAN_POINT('',(320.18875606509,-77.73558732233,
    -9.261299595231));
#6318 = CARTESIAN_POINT('',(320.18837331086,-78.76727462062,
    -9.184586488257));
#6319 = CARTESIAN_POINT('',(320.18799343858,-79.79119379594,
    -9.113664519286));
#6320 = CARTESIAN_POINT('',(320.18761422207,-80.81334541803,
    -9.048700346242));
#6321 = CARTESIAN_POINT('',(320.18685553979,-82.8583204862,
    -8.928492666764));
#6322 = CARTESIAN_POINT('',(320.18647606501,-83.88116825559,
    -8.873292021257));
#6323 = CARTESIAN_POINT('',(320.18609584194,-84.9060329688,
    -8.822303937532));
#6324 = CARTESIAN_POINT('',(320.18571548937,-85.9312467599,
    -8.775115338745));
#6325 = CARTESIAN_POINT('',(320.1853343574,-86.95856138779,
    -8.731282698355));
#6326 = CARTESIAN_POINT('',(320.1849524216,-87.98804260532,
    -8.690502732603));
#6327 = CARTESIAN_POINT('',(320.18457075345,-89.01680248107,
    -8.652612839331));
#6328 = CARTESIAN_POINT('',(320.18419030199,-90.04228276956,
    -8.617437305753));
#6329 = CARTESIAN_POINT('',(320.18381073259,-91.06538560398,
    -8.584692323188));
#6330 = CARTESIAN_POINT('',(320.18343068907,-92.08976635257,
    -8.55406522683));
#6331 = CARTESIAN_POINT('',(320.18304931433,-93.1177353351,
    -8.525376146751));
#6332 = CARTESIAN_POINT('',(320.18266740762,-94.14713818537,
    -8.498598473603));
#6333 = CARTESIAN_POINT('',(320.18228645218,-95.1739769613,
    -8.473643227788));
#6334 = CARTESIAN_POINT('',(320.18152581535,-97.22422038502,
    -8.427128894864));
#6335 = CARTESIAN_POINT('',(320.18114615564,-98.24756661715,
    -8.405567705922));
#6336 = CARTESIAN_POINT('',(320.18076663753,-99.27053117625,
    -8.385555697625));
#6337 = CARTESIAN_POINT('',(320.1803855624,-100.2976925434,
    -8.366873483225));
#6338 = CARTESIAN_POINT('',(320.18000290893,-101.329108265,
    -8.349512081803));
#6339 = CARTESIAN_POINT('',(320.17962057931,-102.3596510272,
    -8.333476573409));
#6340 = CARTESIAN_POINT('',(320.17923943779,-103.3869913906,
    -8.318696207807));
#6341 = CARTESIAN_POINT('',(320.17885867616,-104.4133077498,
    -8.30507095406));
#6342 = CARTESIAN_POINT('',(320.17847772727,-105.4401288716,
    -8.292528404506));
#6343 = CARTESIAN_POINT('',(320.17809700609,-106.4663362097,
    -8.281018921113));
#6344 = CARTESIAN_POINT('',(320.17771611684,-107.4929965851,
    -8.270483833239));
#6345 = CARTESIAN_POINT('',(320.17733398664,-108.5230018204,
    -8.260874093085));
#6346 = CARTESIAN_POINT('',(320.17695421954,-109.5466375154,
    -8.252202431583));
#6347 = CARTESIAN_POINT('',(320.17657267497,-110.5750642461,
    -8.244350939045));
#6348 = CARTESIAN_POINT('',(320.17657247283,-110.5756091189,
    -8.244346779465));
#6349 = CARTESIAN_POINT('',(320.17657227068,-110.5761539928,
    -8.244342620124));
#6350 = CARTESIAN_POINT('',(320.17657206853,-110.5766988685,
    -8.244338460981));
#6351 = CARTESIAN_POINT('',(320.17657186638,-110.5772437441,
    -8.244334302129));
#6352 = CARTESIAN_POINT('',(320.17657166424,-110.5777886232,
    -8.244330143401));
#6353 = CARTESIAN_POINT('',(320.17657146208,-110.5783335005,
    -8.244325985041));
#6354 = CARTESIAN_POINT('',(320.17657125994,-110.5788783823,
    -8.244321826754));
#6355 = CARTESIAN_POINT('',(320.17657105778,-110.5794232622,
    -8.244317668838));
#6356 = CARTESIAN_POINT('',(320.17657085564,-110.5799681458,
    -8.244313511041));
#6357 = CARTESIAN_POINT('',(320.17657065348,-110.580513029,
    -8.244309353541));
#6358 = CARTESIAN_POINT('',(320.17657045133,-110.5810579142,
    -8.244305196234));
#6359 = CARTESIAN_POINT('',(320.17657024918,-110.5816028003,
    -8.244301039169));
#6360 = CARTESIAN_POINT('',(320.17657004703,-110.5821476877,
    -8.244296882328));
#6361 = CARTESIAN_POINT('',(319.20923181872,-22.53685080422,
    -13.96684993819));
#6362 = CARTESIAN_POINT('',(319.20882593877,-23.62784929081,
    -13.95831622646));
#6363 = CARTESIAN_POINT('',(319.20843138867,-24.693581207,
    -13.94897445632));
#6364 = CARTESIAN_POINT('',(319.208024493,-25.78790616735,-13.9384783737
    ));
#6365 = CARTESIAN_POINT('',(319.20761661591,-26.88510012215,
    -13.92673772812));
#6366 = CARTESIAN_POINT('',(319.207215233,-27.96673310452,
    -13.91395034084));
#6367 = CARTESIAN_POINT('',(319.20681742533,-29.03889450667,
    -13.90016479318));
#6368 = CARTESIAN_POINT('',(319.2064166377,-30.11776957541,
    -13.88512792342));
#6369 = CARTESIAN_POINT('',(319.2060103942,-31.21060559458,
    -13.86851561613));
#6370 = CARTESIAN_POINT('',(319.20560266451,-32.30814506021,
    -13.85026814831));
#6371 = CARTESIAN_POINT('',(319.20519973018,-33.39364606734,
    -13.83065263099));
#6372 = CARTESIAN_POINT('',(319.20480270418,-34.46265710839,
    -13.80985484154));
#6373 = CARTESIAN_POINT('',(319.2044033165,-35.53676452885,
    -13.78736099354));
#6374 = CARTESIAN_POINT('',(319.20399218729,-36.64358600874,
    -13.76212672596));
#6375 = CARTESIAN_POINT('',(319.20318914154,-38.804599709,
    -13.70897720071));
#6376 = CARTESIAN_POINT('',(319.20279734692,-39.85881848923,
    -13.68110567651));
#6377 = CARTESIAN_POINT('',(319.20237954635,-40.98287750078,
    -13.64941707323));
#6378 = CARTESIAN_POINT('',(319.20196677432,-42.0932807372,
    -13.61556790903));
#6379 = CARTESIAN_POINT('',(319.20157331492,-43.15152723372,
    -13.58040852478));
#6380 = CARTESIAN_POINT('',(319.20118639697,-44.1920044676,
    -13.54354942368));
#6381 = CARTESIAN_POINT('',(319.20078655204,-45.26712192105,
    -13.50347263106));
#6382 = CARTESIAN_POINT('',(319.20036899014,-46.38966841948,
    -13.45847175046));
#6383 = CARTESIAN_POINT('',(319.19994915391,-47.51794957004,
    -13.40850369402));
#6384 = CARTESIAN_POINT('',(319.19954842642,-48.5944621687,
    -13.35610610256));
#6385 = CARTESIAN_POINT('',(319.19916881143,-49.61401371654,
    -13.30363144977));
#6386 = CARTESIAN_POINT('',(319.19877829206,-50.66261950404,
    -13.2469260593));
#6387 = CARTESIAN_POINT('',(319.19834152606,-51.83452997653,
    -13.17499395829));
#6388 = CARTESIAN_POINT('',(319.19774778188,-53.4266927903,
    -13.06890244053));
#6389 = CARTESIAN_POINT('',(319.19756138865,-53.92635144573,
    -13.03412600681));
#6390 = CARTESIAN_POINT('',(319.19736805266,-54.44447108795,
    -12.99677773823));
#6391 = CARTESIAN_POINT('',(319.19716586022,-54.98612798973,
    -12.95608901961));
#6392 = CARTESIAN_POINT('',(319.19695879519,-55.54058166269,
    -12.91237701122));
#6393 = CARTESIAN_POINT('',(319.19675174546,-56.09468867808,
    -12.86635235542));
#6394 = CARTESIAN_POINT('',(319.19654807124,-56.63942241096,
    -12.81864867467));
#6395 = CARTESIAN_POINT('',(319.19634890358,-57.17173938123,
    -12.76955454513));
#6396 = CARTESIAN_POINT('',(319.19615348074,-57.69365899583,
    -12.71891974841));
#6397 = CARTESIAN_POINT('',(319.19595996743,-58.21004966579,
    -12.66619871977));
#6398 = CARTESIAN_POINT('',(319.19576634114,-58.7262403991,
    -12.61058522955));
#6399 = CARTESIAN_POINT('',(319.19557106721,-59.24620313742,
    -12.55118345069));
#6400 = CARTESIAN_POINT('',(319.19537342351,-59.77167723932,
    -12.48715168296));
#6401 = CARTESIAN_POINT('',(319.19507349789,-60.56751188531,
    -12.38304334078));
#6402 = CARTESIAN_POINT('',(319.1949729419,-60.8340663477,
    -12.34702419353));
#6403 = CARTESIAN_POINT('',(319.1948718223,-61.10177944208,
    -12.30929750605));
#6404 = CARTESIAN_POINT('',(319.19477037011,-61.37079868242,
    -12.2713601874));
#6405 = CARTESIAN_POINT('',(319.19466718625,-61.63963815656,
    -12.22766038085));
#6406 = CARTESIAN_POINT('',(319.19456877049,-61.91072215042,
    -12.19168043993));
#6407 = CARTESIAN_POINT('',(319.19445764148,-62.17819469523,
    -12.13804011858));
#6408 = CARTESIAN_POINT('',(319.19436945072,-62.44909511144,
    -12.10308713509));
#6409 = CARTESIAN_POINT('',(319.19425094526,-62.71444601932,
    -12.0461538695));
#6410 = CARTESIAN_POINT('',(319.19416329918,-62.98081922181,
    -12.00171331116));
#6411 = CARTESIAN_POINT('',(319.19405463259,-63.24352070673,
    -11.94808635036));
#6412 = CARTESIAN_POINT('',(319.19395619005,-63.50400357328,
    -11.89380412855));
#6413 = CARTESIAN_POINT('',(319.19385643955,-63.76193217315,
    -11.83688246426));
#6414 = CARTESIAN_POINT('',(319.19365928084,-64.27329113869,
    -11.71839042907));
#6415 = CARTESIAN_POINT('',(319.19356162569,-64.52672241299,
    -11.65680654805));
#6416 = CARTESIAN_POINT('',(319.19346489368,-64.77815533969,
    -11.59292659418));
#6417 = CARTESIAN_POINT('',(319.19336899675,-65.02808506205,
    -11.52682040937));
#6418 = CARTESIAN_POINT('',(319.19327377677,-65.27723465562,
    -11.4585649974));
#6419 = CARTESIAN_POINT('',(319.19317901123,-65.5265306373,
    -11.38824904239));
#6420 = CARTESIAN_POINT('',(319.19308441841,-65.77705333886,
    -11.31599699316));
#6421 = CARTESIAN_POINT('',(319.19298967327,-66.02994415065,
    -11.24200687128));
#6422 = CARTESIAN_POINT('',(319.19289444473,-66.2862516406,
    -11.1665959609));
#6423 = CARTESIAN_POINT('',(319.19279846561,-66.54669855435,
    -11.09024853814));
#6424 = CARTESIAN_POINT('',(319.19270164594,-66.81135170167,
    -11.01365979803));
#6425 = CARTESIAN_POINT('',(319.19260424084,-67.07917673477,
    -10.9377701369));
#6426 = CARTESIAN_POINT('',(319.19250708378,-67.34745982398,
    -10.86378394814));
#6427 = CARTESIAN_POINT('',(319.19204555512,-68.62564631292,
    -10.52138937026));
#6428 = CARTESIAN_POINT('',(319.19170833431,-69.57117007054,
    -10.29971024043));
#6429 = CARTESIAN_POINT('',(319.19134840294,-70.57039209134,
    -10.10053691361));
#6430 = CARTESIAN_POINT('',(319.19097183088,-71.60925328886,
    -9.9260128869));
#6431 = CARTESIAN_POINT('',(319.1905930238,-72.64752395869,
    -9.780733243111));
#6432 = CARTESIAN_POINT('',(319.19022036388,-73.66619268054,
    -9.654186079296));
#6433 = CARTESIAN_POINT('',(319.18985188619,-74.67186367814,
    -9.540635248101));
#6434 = CARTESIAN_POINT('',(319.18948121436,-75.68087480851,
    -9.439594208341));
#6435 = CARTESIAN_POINT('',(319.18910516431,-76.70297297057,
    -9.347274569423));
#6436 = CARTESIAN_POINT('',(319.1887252055,-77.7352183882,
    -9.261268383634));
#6437 = CARTESIAN_POINT('',(319.18834479178,-78.76690417752,
    -9.184557809246));
#6438 = CARTESIAN_POINT('',(319.18796712736,-79.79082291393,
    -9.113638072974));
#6439 = CARTESIAN_POINT('',(319.18758982658,-80.81297375779,
    -9.048675877285));
#6440 = CARTESIAN_POINT('',(319.18683459357,-82.85794920432,
    -8.928471631077));
#6441 = CARTESIAN_POINT('',(319.18645664511,-83.88079767552,
    -8.873272481935));
#6442 = CARTESIAN_POINT('',(319.18607779048,-84.90566287903,
    -8.822285750877));
#6443 = CARTESIAN_POINT('',(319.18569867384,-85.93087696175,
    -8.775098383603));
#6444 = CARTESIAN_POINT('',(319.18531866723,-86.95819171463,
    -8.731266871758));
#6445 = CARTESIAN_POINT('',(319.18493776203,-87.98767294227,
    -8.690487943147));
#6446 = CARTESIAN_POINT('',(319.18455703997,-89.0164327502,
    -8.652599004032));
#6447 = CARTESIAN_POINT('',(319.18417745929,-90.04191291391,
    -8.617424350006));
#6448 = CARTESIAN_POINT('',(319.18379869602,-91.06501558529,
    -8.584680182666));
#6449 = CARTESIAN_POINT('',(319.18341940458,-92.0893961493,
    -8.554053846665));
#6450 = CARTESIAN_POINT('',(319.18303873449,-93.11736491993,
    -8.525365479006));
#6451 = CARTESIAN_POINT('',(319.18265748742,-94.14676751591,
    -8.498588473586));
#6452 = CARTESIAN_POINT('',(319.18227715034,-95.17360603161,
    -8.473633853022));
#6453 = CARTESIAN_POINT('',(319.18151767555,-97.22384950757,
    -8.427120681298));
#6454 = CARTESIAN_POINT('',(319.18110958317,-98.24718493982,
    -8.405560068623));
#6455 = CARTESIAN_POINT('',(319.18087217187,-99.27020275409,
    -8.385548392155));
#6456 = CARTESIAN_POINT('',(319.18021230328,-100.2972628587,
    -8.366866992359));
#6457 = CARTESIAN_POINT('',(319.18004195731,-101.3287478283,
    -8.349505867454));
#6458 = CARTESIAN_POINT('',(319.17977768908,-102.3593443542,
    -8.333470526248));
#6459 = CARTESIAN_POINT('',(319.17909443535,-103.3865802358,
    -8.318690949981));
#6460 = CARTESIAN_POINT('',(319.17871662688,-104.4128742907,
    -8.305066283441));
#6461 = CARTESIAN_POINT('',(319.17872734678,-105.4399521448,
    -8.292520936218));
#6462 = CARTESIAN_POINT('',(319.17811896783,-106.4669149039,
    -8.280998631157));
#6463 = CARTESIAN_POINT('',(319.17726911266,-107.4960611846,
    -8.270432941021));
#6464 = CARTESIAN_POINT('',(319.17797161188,-108.5314662268,
    -8.260785300826));
#6465 = CARTESIAN_POINT('',(319.17644599116,-109.5561968572,
    -8.252140626552));
#6466 = CARTESIAN_POINT('',(319.17684861256,-110.5514667564,
    -8.244525675697));
#6467 = CARTESIAN_POINT('',(319.17684883107,-110.5519938569,
    -8.244521643002));
#6468 = CARTESIAN_POINT('',(319.17684905478,-110.5525207527,
    -8.244517612106));
#6469 = CARTESIAN_POINT('',(319.17684928371,-110.5530474451,
    -8.244513582967));
#6470 = CARTESIAN_POINT('',(319.17684951783,-110.5535739329,
    -8.244509555673));
#6471 = CARTESIAN_POINT('',(319.17684975718,-110.5541002193,
    -8.244505530053));
#6472 = CARTESIAN_POINT('',(319.17685000171,-110.5546263008,
    -8.244501506353));
#6473 = CARTESIAN_POINT('',(319.1768502515,-110.5551521827,
    -8.244497484259));
#6474 = CARTESIAN_POINT('',(319.17685050647,-110.5556778603,
    -8.24449346409));
#6475 = CARTESIAN_POINT('',(319.1768507667,-110.5562033386,
    -8.24448944556));
#6476 = CARTESIAN_POINT('',(319.17685103212,-110.5567286147,
    -8.244485428873));
#6477 = CARTESIAN_POINT('',(319.17685130279,-110.5572536911,
    -8.244481413899));
#6478 = CARTESIAN_POINT('',(319.17685157868,-110.5577785672,
    -8.244477400696));
#6479 = CARTESIAN_POINT('',(319.17685185981,-110.5583032438,
    -8.244473389238));
#6480 = ADVANCED_FACE('',(#6481),#6510,.F.);
#6481 = FACE_BOUND('',#6482,.F.);
#6482 = EDGE_LOOP('',(#6483,#6484,#6503,#6509));
#6483 = ORIENTED_EDGE('',*,*,#5794,.T.);
#6484 = ORIENTED_EDGE('',*,*,#6485,.T.);
#6485 = EDGE_CURVE('',#5728,#6486,#6488,.T.);
#6486 = VERTEX_POINT('',#6487);
#6487 = CARTESIAN_POINT('',(30.238874232177,-115.0840944428,
    -8.216215753801));
#6488 = ( BOUNDED_CURVE() B_SPLINE_CURVE(13,(#6489,#6490,#6491,#6492,
    #6493,#6494,#6495,#6496,#6497,#6498,#6499,#6500,#6501,#6502),
.UNSPECIFIED.,.F.,.F.) B_SPLINE_CURVE_WITH_KNOTS((14,14),(
157.46760564679,245.88738735626),.PIECEWISE_BEZIER_KNOTS.) CURVE() 
GEOMETRIC_REPRESENTATION_ITEM() RATIONAL_B_SPLINE_CURVE((1.,1.,1.,
    1.000000000001,0.999999999998,1.000000000003,0.999999999996,
    1.000000000004,0.999999999997,1.000000000002,0.999999999999,1.,1.,1.
)) REPRESENTATION_ITEM('') );
#6489 = CARTESIAN_POINT('',(100.15016474767,-115.0680525735,
    -8.216518350246));
#6490 = CARTESIAN_POINT('',(94.771816729705,-115.069244943,
    -8.216495138114));
#6491 = CARTESIAN_POINT('',(89.391469234628,-115.070434125,
    -8.216471951744));
#6492 = CARTESIAN_POINT('',(84.009198925217,-115.0717165964,
    -8.216448374956));
#6493 = CARTESIAN_POINT('',(78.635491660028,-115.0725178682,
    -8.216426929462));
#6494 = CARTESIAN_POINT('',(73.236408345828,-115.0748459775,
    -8.216398804017));
#6495 = CARTESIAN_POINT('',(67.893995747833,-115.0736880612,
    -8.216385994507));
#6496 = CARTESIAN_POINT('',(62.454809665076,-115.0786451946,
    -8.216346369715));
#6497 = CARTESIAN_POINT('',(57.146852251879,-115.0750178149,
    -8.216344437849));
#6498 = CARTESIAN_POINT('',(51.693451373757,-115.0813673572,
    -8.216298737018));
#6499 = CARTESIAN_POINT('',(46.371073299362,-115.077785509,
    -8.216296633306));
#6500 = CARTESIAN_POINT('',(40.939666428677,-115.0829343762,
    -8.216256222041));
#6501 = CARTESIAN_POINT('',(35.573247350658,-115.0813442489,
    -8.216245379106));
#6502 = CARTESIAN_POINT('',(30.238874232177,-115.0840944428,
    -8.216215753801));
#6503 = ORIENTED_EDGE('',*,*,#6504,.F.);
#6504 = EDGE_CURVE('',#3171,#6486,#6505,.T.);
#6505 = ( BOUNDED_CURVE() B_SPLINE_CURVE(2,(#6506,#6507,#6508),
.UNSPECIFIED.,.F.,.F.) B_SPLINE_CURVE_WITH_KNOTS((3,3),(0.,
88.41978170947),.PIECEWISE_BEZIER_KNOTS.) CURVE() 
GEOMETRIC_REPRESENTATION_ITEM() RATIONAL_B_SPLINE_CURVE((1.,
0.708646781659,1.)) REPRESENTATION_ITEM('') );
#6506 = CARTESIAN_POINT('',(30.2072,-116.0792337164,-7.216228991681));
#6507 = CARTESIAN_POINT('',(30.207316671782,-116.0792336904,
    -8.21187792829));
#6508 = CARTESIAN_POINT('',(30.238874232177,-115.0840944428,
    -8.216215753801));
#6509 = ORIENTED_EDGE('',*,*,#3180,.F.);
#6510 = ( BOUNDED_SURFACE() B_SPLINE_SURFACE(2,13,(
    (#6511,#6512,#6513,#6514,#6515,#6516,#6517,#6518,#6519,#6520,#6521
      ,#6522,#6523,#6524)
    ,(#6525,#6526,#6527,#6528,#6529,#6530,#6531,#6532,#6533,#6534,#6535
      ,#6536,#6537,#6538)
    ,(#6539,#6540,#6541,#6542,#6543,#6544,#6545,#6546,#6547,#6548,#6549
      ,#6550,#6551,#6552
)),.UNSPECIFIED.,.F.,.F.,.F.) B_SPLINE_SURFACE_WITH_KNOTS((3,3),(14,14),
  (0.,88.41978170947),(157.46760564679,245.88738735626),
.PIECEWISE_BEZIER_KNOTS.) GEOMETRIC_REPRESENTATION_ITEM() 
RATIONAL_B_SPLINE_SURFACE((
    (1.,1.,1.,1.000000000001,0.999999999998,1.000000000003
      ,0.999999999996,1.000000000004,0.999999999997,1.000000000002
      ,0.999999999999,1.,1.,1.)
    ,(0.708661711761,0.708660523709,0.708659330992,0.708658227631
      ,0.708656667963,0.708656552451,0.708653151575,0.708655492344
      ,0.708649810512,0.708653401292,0.708647818294,0.708650244792
      ,0.708646517791,0.708646781659)
    ,(1.,1.,1.,1.000000000001,0.999999999998,1.000000000003
      ,0.999999999996,1.000000000004,0.999999999997,1.000000000002
,0.999999999999,1.,1.,1.))) REPRESENTATION_ITEM('') SURFACE() );
#6511 = CARTESIAN_POINT('',(100.15173717539,-116.0636485003,
    -7.216528054658));
#6512 = CARTESIAN_POINT('',(94.771393242074,-116.0648473619,
    -7.216504799996));
#6513 = CARTESIAN_POINT('',(89.391260086594,-116.0660461766,
    -7.216481550651));
#6514 = CARTESIAN_POINT('',(84.009345825404,-116.0672453882,
    -7.216458624929));
#6515 = CARTESIAN_POINT('',(78.635524034829,-116.0684427965,
    -7.216434152703));
#6516 = CARTESIAN_POINT('',(73.237056524142,-116.0696456965,
    -7.216414659117));
#6517 = CARTESIAN_POINT('',(67.893498627714,-116.0708363614,
    -7.2163838857));
#6518 = CARTESIAN_POINT('',(62.455950040156,-116.0720479695,
    -7.21637290248));
#6519 = CARTESIAN_POINT('',(57.14620543489,-116.0732311001,
    -7.216334265754));
#6520 = CARTESIAN_POINT('',(51.694751240942,-116.0744458067,
    -7.21632769874));
#6521 = CARTESIAN_POINT('',(46.37420291526,-116.0756313445,
    -7.216289357383));
#6522 = CARTESIAN_POINT('',(40.951063119702,-116.0768397421,
    -7.216278887832));
#6523 = CARTESIAN_POINT('',(35.590635812394,-116.0780341658,
    -7.216246951773));
#6524 = CARTESIAN_POINT('',(30.2072,-116.0792337164,-7.216228991681));
#6525 = CARTESIAN_POINT('',(100.15172841147,-116.0636485022,
    -8.212134861167));
#6526 = CARTESIAN_POINT('',(94.771382977103,-116.0648473642,
    -8.212114959517));
#6527 = CARTESIAN_POINT('',(89.39124286865,-116.0660461804,
    -8.212095076392));
#6528 = CARTESIAN_POINT('',(84.009310795257,-116.067245396,
    -8.212075263289));
#6529 = CARTESIAN_POINT('',(78.635526620534,-116.0684427959,
    -8.212055198808));
#6530 = CARTESIAN_POINT('',(73.236944803047,-116.0696457214,
    -8.212036014145));
#6531 = CARTESIAN_POINT('',(67.893595762845,-116.0708363398,
    -8.212014874233));
#6532 = CARTESIAN_POINT('',(62.455745529378,-116.0720480151,
    -8.211997228581));
#6533 = CARTESIAN_POINT('',(57.146341151088,-116.0732310698,
    -8.211974699099));
#6534 = CARTESIAN_POINT('',(51.694584638048,-116.0744458438,
    -8.211957922042));
#6535 = CARTESIAN_POINT('',(46.374249223385,-116.0756313342,
    -8.211935407237));
#6536 = CARTESIAN_POINT('',(40.950962164374,-116.0768397645,
    -8.211918032122));
#6537 = CARTESIAN_POINT('',(35.590569238854,-116.0780341807,
    -8.211896654813));
#6538 = CARTESIAN_POINT('',(30.207316671782,-116.0792336904,
    -8.21187792829));
#6539 = CARTESIAN_POINT('',(100.15016474767,-115.0680525735,
    -8.216518350246));
#6540 = CARTESIAN_POINT('',(94.771816729705,-115.069244943,
    -8.216495138114));
#6541 = CARTESIAN_POINT('',(89.391469234628,-115.070434125,
    -8.216471951744));
#6542 = CARTESIAN_POINT('',(84.009198925217,-115.0717165964,
    -8.216448374956));
#6543 = CARTESIAN_POINT('',(78.635491660028,-115.0725178682,
    -8.216426929462));
#6544 = CARTESIAN_POINT('',(73.236408345828,-115.0748459775,
    -8.216398804017));
#6545 = CARTESIAN_POINT('',(67.893995747833,-115.0736880612,
    -8.216385994507));
#6546 = CARTESIAN_POINT('',(62.454809665076,-115.0786451946,
    -8.216346369715));
#6547 = CARTESIAN_POINT('',(57.146852251879,-115.0750178149,
    -8.216344437849));
#6548 = CARTESIAN_POINT('',(51.693451373757,-115.0813673572,
    -8.216298737018));
#6549 = CARTESIAN_POINT('',(46.371073299362,-115.077785509,
    -8.216296633306));
#6550 = CARTESIAN_POINT('',(40.939666428677,-115.0829343762,
    -8.216256222041));
#6551 = CARTESIAN_POINT('',(35.573247350658,-115.0813442489,
    -8.216245379106));
#6552 = CARTESIAN_POINT('',(30.238874232177,-115.0840944428,
    -8.216215753801));
#6553 = ADVANCED_FACE('',(#6554),#6648,.F.);
#6554 = FACE_BOUND('',#6555,.F.);
#6555 = EDGE_LOOP('',(#6556,#6564,#6646,#6647));
#6556 = ORIENTED_EDGE('',*,*,#6557,.T.);
#6557 = EDGE_CURVE('',#3206,#6558,#6560,.T.);
#6558 = VERTEX_POINT('',#6559);
#6559 = CARTESIAN_POINT('',(314.7144985439,-18.02797808908,
    -13.99464906147));
#6560 = ( BOUNDED_CURVE() B_SPLINE_CURVE(2,(#6561,#6562,#6563),
.UNSPECIFIED.,.F.,.F.) B_SPLINE_CURVE_WITH_KNOTS((3,3),(0.,
88.704386666199),.PIECEWISE_BEZIER_KNOTS.) CURVE() 
GEOMETRIC_REPRESENTATION_ITEM() RATIONAL_B_SPLINE_CURVE((1.,
0.705477768332,1.)) REPRESENTATION_ITEM('') );
#6561 = CARTESIAN_POINT('',(314.77360167753,-17.02511607495,
    -12.99465952463));
#6562 = CARTESIAN_POINT('',(314.77383356662,-17.02512964058,
    -13.99927237376));
#6563 = CARTESIAN_POINT('',(314.7144985439,-18.02797808908,
    -13.99464906147));
#6564 = ORIENTED_EDGE('',*,*,#6565,.T.);
#6565 = EDGE_CURVE('',#6558,#5992,#6566,.T.);
#6566 = ( BOUNDED_CURVE() B_SPLINE_CURVE(12,(#6567,#6568,#6569,#6570,
    #6571,#6572,#6573,#6574,#6575,#6576,#6577,#6578,#6579,#6580,#6581,
    #6582,#6583,#6584,#6585,#6586,#6587,#6588,#6589,#6590,#6591,#6592,
    #6593,#6594,#6595,#6596,#6597,#6598,#6599,#6600,#6601,#6602,#6603,
    #6604,#6605,#6606,#6607,#6608,#6609,#6610,#6611,#6612,#6613,#6614,
    #6615,#6616,#6617,#6618,#6619,#6620,#6621,#6622,#6623,#6624,#6625,
    #6626,#6627,#6628,#6629,#6630,#6631,#6632,#6633,#6634,#6635,#6636,
    #6637,#6638,#6639,#6640,#6641,#6642,#6643,#6644,#6645),
.UNSPECIFIED.,.F.,.F.) B_SPLINE_CURVE_WITH_KNOTS((13,11,11,11,11,11,11,
    13),(707.80639401816,713.04914053955,715.32493538988,716.27240713055
    ,716.74614300088,716.98301093605,717.21987887121,717.22706581356),
.UNSPECIFIED.) CURVE() GEOMETRIC_REPRESENTATION_ITEM() 
RATIONAL_B_SPLINE_CURVE((1.,1.,1.,1.000000000001,0.999999999999,
    1.000000000001,0.999999999999,1.000000000001,1.,1.,1.,1.,1.,
    0.999999999999,1.000000000002,0.999999999997,1.000000000004,
    0.999999999996,1.000000000004,0.999999999998,1.000000000001,1.,1.,1.
    ,1.,1.,1.,1.,1.,1.,1.,1.,1.,1.,1.,1.,0.999999999999,1.000000000001,
    0.999999999999,1.000000000001,0.999999999999,1.000000000001,
    0.999999999999,1.,1.,1.,1.,1.000000000001,0.999999999997,
    1.000000000004,0.999999999996,1.000000000003,0.999999999998,
    1.000000000001,1.,1.,1.,1.,1.000000000001,0.999999999999,
    1.000000000002,0.999999999998,1.000000000002,0.999999999999,1.,1.,1.
,1.,1.,1.,1.,1.,1.,1.,1.,1.,1.,1.,1.)) REPRESENTATION_ITEM('') );
#6567 = CARTESIAN_POINT('',(314.71449854625,-18.02797808916,
    -13.99464906147));
#6568 = CARTESIAN_POINT('',(315.040852831,-18.03111932745,
    -13.99463572165));
#6569 = CARTESIAN_POINT('',(315.34582945583,-18.05571527795,
    -13.99452346995));
#6570 = CARTESIAN_POINT('',(315.60460966943,-18.10215060921,
    -13.99430984764));
#6571 = CARTESIAN_POINT('',(315.87091792035,-18.15611841392,
    -13.99406047521));
#6572 = CARTESIAN_POINT('',(316.15464155409,-18.23579375731,
    -13.99368912229));
#6573 = CARTESIAN_POINT('',(316.4319127592,-18.3398638667,
    -13.99319821031));
#6574 = CARTESIAN_POINT('',(316.69403574011,-18.45858455567,
    -13.99262815741));
#6575 = CARTESIAN_POINT('',(316.95507132324,-18.59729122233,
    -13.99194843528));
#6576 = CARTESIAN_POINT('',(317.21767487811,-18.76318022464,
    -13.99111798013));
#6577 = CARTESIAN_POINT('',(317.46291093798,-18.94685230149,
    -13.99017027162));
#6578 = CARTESIAN_POINT('',(317.7022286176,-19.15523365932,
    -13.98906154883));
#6579 = CARTESIAN_POINT('',(318.02681443888,-19.48792462911,
    -13.98722636458));
#6580 = CARTESIAN_POINT('',(318.12272542136,-19.59309901591,
    -13.98663855268));
#6581 = CARTESIAN_POINT('',(318.21611391901,-19.70280271615,
    -13.98601699953));
#6582 = CARTESIAN_POINT('',(318.30676681445,-19.81708435551,
    -13.9853601943));
#6583 = CARTESIAN_POINT('',(318.39444476167,-19.93597834689,
    -13.98466659031));
#6584 = CARTESIAN_POINT('',(318.47888481604,-20.05949954298,
    -13.98393465683));
#6585 = CARTESIAN_POINT('',(318.55980306448,-20.18763788874,
    -13.98316293093));
#6586 = CARTESIAN_POINT('',(318.63689725548,-20.32035307389,
    -13.98235006933));
#6587 = CARTESIAN_POINT('',(318.70984942926,-20.45756918547,
    -13.98149490019));
#6588 = CARTESIAN_POINT('',(318.77832854783,-20.5991693603,
    -13.98059647499));
#6589 = CARTESIAN_POINT('',(318.84199312508,-20.74499043753,
    -13.97965412035));
#6590 = CARTESIAN_POINT('',(318.92484921133,-20.95719450461,
    -13.97825673028));
#6591 = CARTESIAN_POINT('',(318.94831471304,-21.02027454378,
    -13.97783824949));
#6592 = CARTESIAN_POINT('',(318.97086250344,-21.084037339,
    -13.97741205148));
#6593 = CARTESIAN_POINT('',(318.99246566874,-21.14846076534,
    -13.97697815764));
#6594 = CARTESIAN_POINT('',(319.01309823992,-21.21352096253,
    -13.97653660677));
#6595 = CARTESIAN_POINT('',(319.03273519275,-21.27919233498,
    -13.97608745508));
#6596 = CARTESIAN_POINT('',(319.05135244778,-21.34544755179,
    -13.97563077617));
#6597 = CARTESIAN_POINT('',(319.06892687034,-21.41225754672,
    -13.97516666109));
#6598 = CARTESIAN_POINT('',(319.08543627054,-21.47959151822,
    -13.97469521825));
#6599 = CARTESIAN_POINT('',(319.10085940326,-21.54741692941,
    -13.97421657349));
#6600 = CARTESIAN_POINT('',(319.11517596818,-21.6156995081,
    -13.97373087006));
#6601 = CARTESIAN_POINT('',(319.13496193054,-21.71875511609,
    -13.97299196789));
#6602 = CARTESIAN_POINT('',(319.14127549452,-21.75321466438,
    -13.97274392223));
#6603 = CARTESIAN_POINT('',(319.14730543688,-21.78777698682,
    -13.97249415801));
#6604 = CARTESIAN_POINT('',(319.15304989281,-21.8224371786,
    -13.97224270161));
#6605 = CARTESIAN_POINT('',(319.15850699749,-21.8571903349,
    -13.97198957942));
#6606 = CARTESIAN_POINT('',(319.16367488612,-21.89203155092,
    -13.97173481781));
#6607 = CARTESIAN_POINT('',(319.16855169386,-21.92695592185,
    -13.97147844317));
#6608 = CARTESIAN_POINT('',(319.17313555594,-21.96195854287,
    -13.97122048189));
#6609 = CARTESIAN_POINT('',(319.17742460751,-21.99703450919,
    -13.97096096033));
#6610 = CARTESIAN_POINT('',(319.18141698377,-22.03217891598,
    -13.97069990488));
#6611 = CARTESIAN_POINT('',(319.18511081991,-22.06738685845,
    -13.97043734192));
#6612 = CARTESIAN_POINT('',(319.19020096673,-22.12028671843,
    -13.9700412758));
#6613 = CARTESIAN_POINT('',(319.19182270371,-22.13793429091,
    -13.96990888708));
#6614 = CARTESIAN_POINT('',(319.19336933637,-22.15559541777,
    -13.96977613648));
#6615 = CARTESIAN_POINT('',(319.19484073902,-22.17326936754,
    -13.96964302879));
#6616 = CARTESIAN_POINT('',(319.19623678593,-22.19095540876,
    -13.96950956882));
#6617 = CARTESIAN_POINT('',(319.19755735143,-22.20865280999,
    -13.96937576134));
#6618 = CARTESIAN_POINT('',(319.19880230979,-22.22636083975,
    -13.96924161117));
#6619 = CARTESIAN_POINT('',(319.19997153534,-22.24407876661,
    -13.96910712309));
#6620 = CARTESIAN_POINT('',(319.20106490235,-22.2618058591,
    -13.96897230191));
#6621 = CARTESIAN_POINT('',(319.20208228513,-22.27954138576,
    -13.96883715241));
#6622 = CARTESIAN_POINT('',(319.20302355799,-22.29728461513,
    -13.9687016794));
#6623 = CARTESIAN_POINT('',(319.20475363244,-22.33278501641,
    -13.96843009593));
#6624 = CARTESIAN_POINT('',(319.20554146324,-22.35110946232,
    -13.96828954508));
#6625 = CARTESIAN_POINT('',(319.20626194507,-22.36453538728,
    -13.96818707576));
#6626 = CARTESIAN_POINT('',(319.20686927095,-22.39875920086,
    -13.96792153981));
#6627 = CARTESIAN_POINT('',(319.20749773197,-22.3763343932,
    -13.96809915205));
#6628 = CARTESIAN_POINT('',(319.20786808466,-22.46359487338,
    -13.96741799045));
#6629 = CARTESIAN_POINT('',(319.20841092793,-22.39262677071,
    -13.96797493142));
#6630 = CARTESIAN_POINT('',(319.20862210477,-22.49592531217,
    -13.9671678384));
#6631 = CARTESIAN_POINT('',(319.20895193797,-22.45116193115,
    -13.96751903516));
#6632 = CARTESIAN_POINT('',(319.2090964032,-22.50350386195,
    -13.96711025347));
#6633 = CARTESIAN_POINT('',(319.2092058906,-22.50721238694,
    -13.9670816098));
#6634 = CARTESIAN_POINT('',(319.20922977396,-22.52959957432,
    -13.96690663652));
#6635 = CARTESIAN_POINT('',(319.20923039103,-22.53025882407,
    -13.9669014836));
#6636 = CARTESIAN_POINT('',(319.20923092185,-22.53091806438,
    -13.96689633039));
#6637 = CARTESIAN_POINT('',(319.20923136642,-22.53157729525,
    -13.96689117688));
#6638 = CARTESIAN_POINT('',(319.20923172475,-22.53223651671,
    -13.96688602308));
#6639 = CARTESIAN_POINT('',(319.20923199685,-22.53289572876,
    -13.96688086898));
#6640 = CARTESIAN_POINT('',(319.20923218271,-22.53355493142,
    -13.96687571459));
#6641 = CARTESIAN_POINT('',(319.20923228235,-22.53421412469,
    -13.9668705599));
#6642 = CARTESIAN_POINT('',(319.20923229576,-22.5348733086,
    -13.96686540491));
#6643 = CARTESIAN_POINT('',(319.20923222296,-22.53553248315,
    -13.96686024964));
#6644 = CARTESIAN_POINT('',(319.20923206394,-22.53619164835,
    -13.96685509406));
#6645 = CARTESIAN_POINT('',(319.20923181872,-22.53685080422,
    -13.96684993819));
#6646 = ORIENTED_EDGE('',*,*,#5991,.F.);
#6647 = ORIENTED_EDGE('',*,*,#3215,.F.);
#6648 = ( BOUNDED_SURFACE() B_SPLINE_SURFACE(2,12,(
    (#6649,#6650,#6651,#6652,#6653,#6654,#6655,#6656,#6657,#6658,#6659
      ,#6660,#6661,#6662,#6663,#6664,#6665,#6666,#6667,#6668,#6669,#6670
      ,#6671,#6672,#6673,#6674,#6675,#6676,#6677,#6678,#6679,#6680,#6681
      ,#6682,#6683,#6684,#6685,#6686,#6687,#6688,#6689,#6690,#6691,#6692
      ,#6693,#6694,#6695,#6696,#6697,#6698,#6699,#6700,#6701,#6702,#6703
      ,#6704,#6705,#6706,#6707,#6708,#6709,#6710,#6711,#6712,#6713,#6714
      ,#6715,#6716,#6717,#6718,#6719,#6720,#6721,#6722,#6723,#6724,#6725
      ,#6726,#6727)
    ,(#6728,#6729,#6730,#6731,#6732,#6733,#6734,#6735,#6736,#6737,#6738
      ,#6739,#6740,#6741,#6742,#6743,#6744,#6745,#6746,#6747,#6748,#6749
      ,#6750,#6751,#6752,#6753,#6754,#6755,#6756,#6757,#6758,#6759,#6760
      ,#6761,#6762,#6763,#6764,#6765,#6766,#6767,#6768,#6769,#6770,#6771
      ,#6772,#6773,#6774,#6775,#6776,#6777,#6778,#6779,#6780,#6781,#6782
      ,#6783,#6784,#6785,#6786,#6787,#6788,#6789,#6790,#6791,#6792,#6793
      ,#6794,#6795,#6796,#6797,#6798,#6799,#6800,#6801,#6802,#6803,#6804
      ,#6805,#6806)
    ,(#6807,#6808,#6809,#6810,#6811,#6812,#6813,#6814,#6815,#6816,#6817
      ,#6818,#6819,#6820,#6821,#6822,#6823,#6824,#6825,#6826,#6827,#6828
      ,#6829,#6830,#6831,#6832,#6833,#6834,#6835,#6836,#6837,#6838,#6839
      ,#6840,#6841,#6842,#6843,#6844,#6845,#6846,#6847,#6848,#6849,#6850
      ,#6851,#6852,#6853,#6854,#6855,#6856,#6857,#6858,#6859,#6860,#6861
      ,#6862,#6863,#6864,#6865,#6866,#6867,#6868,#6869,#6870,#6871,#6872
      ,#6873,#6874,#6875,#6876,#6877,#6878,#6879,#6880,#6881,#6882,#6883
      ,#6884,#6885
)),.UNSPECIFIED.,.F.,.F.,.F.) B_SPLINE_SURFACE_WITH_KNOTS((3,3),(13,11,
    11,11,11,11,11,13),(0.,9.420671795397),(707.80639401816,
    713.04914053955,715.32493538988,716.27240713055,716.74614300088,
    716.98301093605,717.21987887121,717.22706581356),.UNSPECIFIED.) 
GEOMETRIC_REPRESENTATION_ITEM() RATIONAL_B_SPLINE_SURFACE((
    (1.,1.,1.,1.000000000001,0.999999999999,1.000000000001
      ,0.999999999999,1.000000000001,1.,1.,1.,1.,1.,0.999999999999
      ,1.000000000002,0.999999999997,1.000000000004,0.999999999996
      ,1.000000000004,0.999999999998,1.000000000001,1.,1.,1.,1.,1.,1.,1.
      ,1.,1.,1.,1.,1.,1.,1.,1.,0.999999999999,1.000000000001
      ,0.999999999999,1.000000000001,0.999999999999,1.000000000001
      ,0.999999999999,1.,1.,1.,1.,1.000000000001,0.999999999997
      ,1.000000000004,0.999999999996,1.000000000003,0.999999999998
      ,1.000000000001,1.,1.,1.,1.,1.000000000001,0.999999999999
      ,1.000000000002,0.999999999998,1.000000000002,0.999999999999,1.,1.
      ,1.,1.,1.,1.,1.,1.,1.,1.,1.,1.,1.,1.,1.)
    ,(0.705473965626,0.705477511283,0.705477443518,0.705480853125
      ,0.705492982177,0.705504034827,0.705516486737,0.705536717257
      ,0.705562437937,0.705591418409,0.705631435666,0.705680214746
      ,0.705767970292,0.705796845539,0.705828207144,0.70586225088
      ,0.705899189238,0.705939246208,0.705982652203,0.706029638795
      ,0.706080433652,0.706135255303,0.706194308019,0.706284200243
      ,0.70631138791,0.706339352265,0.706368104192,0.706397652812
      ,0.706428005513,0.706459167906,0.706491143878,0.706523935539
      ,0.706557543266,0.706591965672,0.7066448166,0.706662637789
      ,0.706680662176,0.706698888749,0.706717316489,0.706735944387
      ,0.706754771423,0.706773796589,0.706793018865,0.706812437241
      ,0.706832050699,0.706861761991,0.706871714004,0.70688171399
      ,0.706891761663,0.706901856754,0.706911998969,0.706922188047
      ,0.70693242369,0.706942705633,0.706953033589,0.706963407281
      ,0.706984245576,0.706994791476,0.707004680907,0.70701757825
      ,0.707022486537,0.70704288312,0.707041270042,0.707063607809
      ,0.707066200209,0.707081206929,0.70709066122,0.707102041197
      ,0.707102376332,0.707102711482,0.707103046648,0.707103381832
      ,0.707103717031,0.707104052248,0.70710438748,0.707104722729
      ,0.707105057995,0.707105393278,0.707105728577)
    ,(1.,1.,1.,1.000000000001,0.999999999999,1.000000000001
      ,0.999999999999,1.000000000001,1.,1.,1.,1.,1.,0.999999999999
      ,1.000000000002,0.999999999997,1.000000000004,0.999999999996
      ,1.000000000004,0.999999999998,1.000000000001,1.,1.,1.,1.,1.,1.,1.
      ,1.,1.,1.,1.,1.,1.,1.,1.,0.999999999999,1.000000000001
      ,0.999999999999,1.000000000001,0.999999999999,1.000000000001
      ,0.999999999999,1.,1.,1.,1.,1.000000000001,0.999999999997
      ,1.000000000004,0.999999999996,1.000000000003,0.999999999998
      ,1.000000000001,1.,1.,1.,1.,1.000000000001,0.999999999999
      ,1.000000000002,0.999999999998,1.000000000002,0.999999999999,1.,1.
,1.,1.,1.,1.,1.,1.,1.,1.,1.,1.,1.,1.,1.
))) REPRESENTATION_ITEM('') SURFACE() );
#6649 = CARTESIAN_POINT('',(314.77360167753,-17.02511607495,
    -12.99464879365));
#6650 = CARTESIAN_POINT('',(315.11684178832,-17.02925511319,
    -12.99464280883));
#6651 = CARTESIAN_POINT('',(315.4592239437,-17.05669801807,
    -12.99453322831));
#6652 = CARTESIAN_POINT('',(315.8017017276,-17.10770639594,
    -12.99433879416));
#6653 = CARTESIAN_POINT('',(316.13974102063,-17.18156223062,
    -12.99406678633));
#6654 = CARTESIAN_POINT('',(316.47668843892,-17.2796262455,
    -12.99369182295));
#6655 = CARTESIAN_POINT('',(316.81046392899,-17.40203075058,
    -12.9932146932));
#6656 = CARTESIAN_POINT('',(317.13741941721,-17.54870573257,
    -12.99264101387));
#6657 = CARTESIAN_POINT('',(317.45826475461,-17.72091830029,
    -12.99195343018));
#6658 = CARTESIAN_POINT('',(317.77313673366,-17.92004086017,
    -12.99113292051));
#6659 = CARTESIAN_POINT('',(318.07653933985,-18.14614836623,
    -12.9901810949));
#6660 = CARTESIAN_POINT('',(318.36837629146,-18.40057547082,
    -12.9890727823));
#6661 = CARTESIAN_POINT('',(318.76506797772,-18.80708209611,
    -12.98723784518));
#6662 = CARTESIAN_POINT('',(318.88228725915,-18.93560030542,
    -12.98665006801));
#6663 = CARTESIAN_POINT('',(318.99641697747,-19.06964710209,
    -12.98602857314));
#6664 = CARTESIAN_POINT('',(319.10719243833,-19.20927415214,
    -12.98537188623));
#6665 = CARTESIAN_POINT('',(319.21432036006,-19.3545208092,
    -12.98467847473));
#6666 = CARTESIAN_POINT('',(319.31748114161,-19.50540641342,
    -12.9839468046));
#6667 = CARTESIAN_POINT('',(319.41633113056,-19.66192259043,
    -12.983175397));
#6668 = CARTESIAN_POINT('',(319.51050489112,-19.82402555026,
    -12.98236288495));
#6669 = CARTESIAN_POINT('',(319.59961747206,-19.99162838629,
    -12.98150807007));
#6670 = CARTESIAN_POINT('',(319.68326667474,-20.16459337415,
    -12.98060997922));
#6671 = CARTESIAN_POINT('',(319.76103532106,-20.34272427068,
    -12.97966792122));
#6672 = CARTESIAN_POINT('',(319.86224340227,-20.60196050194,
    -12.97827088923));
#6673 = CARTESIAN_POINT('',(319.89090345332,-20.67901621544,
    -12.97785254194));
#6674 = CARTESIAN_POINT('',(319.91844028924,-20.75690258712,
    -12.97742649663));
#6675 = CARTESIAN_POINT('',(319.94482156195,-20.83559401744,
    -12.97699276726));
#6676 = CARTESIAN_POINT('',(319.97001596066,-20.91506247356,
    -12.97655138686));
#6677 = CARTESIAN_POINT('',(319.9939932119,-20.99527748936,
    -12.97610240749));
#6678 = CARTESIAN_POINT('',(320.01672407949,-21.07620616538,
    -12.97564590026));
#6679 = CARTESIAN_POINT('',(320.03818036458,-21.1578131689,
    -12.97518195531));
#6680 = CARTESIAN_POINT('',(320.05833490559,-21.24006073388,
    -12.97471068185));
#6681 = CARTESIAN_POINT('',(320.07716157827,-21.32290866097,
    -12.9742322081));
#6682 = CARTESIAN_POINT('',(320.09463529565,-21.40631431753,
    -12.97374668133));
#6683 = CARTESIAN_POINT('',(320.1187803643,-21.53219179768,
    -12.97300806115));
#6684 = CARTESIAN_POINT('',(320.12648405863,-21.57428126816,
    -12.972760117));
#6685 = CARTESIAN_POINT('',(320.13384084356,-21.61649512239,
    -12.97251046148));
#6686 = CARTESIAN_POINT('',(320.14084847159,-21.65882743366,
    -12.97225912067));
#6687 = CARTESIAN_POINT('',(320.14750469523,-21.70127227527,
    -12.97200612065));
#6688 = CARTESIAN_POINT('',(320.15380726697,-21.74382372054,
    -12.97175148749));
#6689 = CARTESIAN_POINT('',(320.15975393929,-21.78647584277,
    -12.97149524725));
#6690 = CARTESIAN_POINT('',(320.16534246472,-21.82922271526,
    -12.97123742601));
#6691 = CARTESIAN_POINT('',(320.17057059574,-21.87205841131,
    -12.97097804984));
#6692 = CARTESIAN_POINT('',(320.17543608484,-21.91497700423,
    -12.97071714482));
#6693 = CARTESIAN_POINT('',(320.17993668453,-21.95797256732,
    -12.97045473701));
#6694 = CARTESIAN_POINT('',(320.1861368787,-22.02257247717,
    -12.97005891022));
#6695 = CARTESIAN_POINT('',(320.18811198612,-22.0441232155,
    -12.96992660159));
#6696 = CARTESIAN_POINT('',(320.18999531578,-22.06569051721,
    -12.96979393126));
#6697 = CARTESIAN_POINT('',(320.19178671389,-22.08727351066,
    -12.96966090389));
#6698 = CARTESIAN_POINT('',(320.19348602664,-22.10887132417,
    -12.96952752411));
#6699 = CARTESIAN_POINT('',(320.19509310025,-22.1304830861,
    -12.9693937966));
#6700 = CARTESIAN_POINT('',(320.1966077809,-22.15210792477,-12.969259726
    ));
#6701 = CARTESIAN_POINT('',(320.19802991481,-22.17374496855,
    -12.96912531697));
#6702 = CARTESIAN_POINT('',(320.19935934818,-22.19539334576,
    -12.96899057416));
#6703 = CARTESIAN_POINT('',(320.20059592722,-22.21705218476,
    -12.96885550224));
#6704 = CARTESIAN_POINT('',(320.20173949813,-22.23872061387,
    -12.96872010585));
#6705 = CARTESIAN_POINT('',(320.20384031607,-22.28207490903,
    -12.96844867344));
#6706 = CARTESIAN_POINT('',(320.2047975889,-22.30381617226,
    -12.96831242673));
#6707 = CARTESIAN_POINT('',(320.20566217656,-22.32508738384,
    -12.96817768602));
#6708 = CARTESIAN_POINT('',(320.20643161006,-22.34838546394,
    -12.96803494117));
#6709 = CARTESIAN_POINT('',(320.20711218933,-22.36620960468,
    -12.96791276341));
#6710 = CARTESIAN_POINT('',(320.20769225031,-22.39458298089,
    -12.96775013824));
#6711 = CARTESIAN_POINT('',(320.20818621222,-22.4078935663,
    -12.96764455048));
#6712 = CARTESIAN_POINT('',(320.20858261831,-22.43754737996,
    -12.96747658998));
#6713 = CARTESIAN_POINT('',(320.20888444873,-22.45369630688,
    -12.96735947507));
#6714 = CARTESIAN_POINT('',(320.20909709714,-22.47823906771,
    -12.96721063175));
#6715 = CARTESIAN_POINT('',(320.20921175814,-22.49908556594,
    -12.9670749056));
#6716 = CARTESIAN_POINT('',(320.20923566192,-22.52148169775,
    -12.9669320681));
#6717 = CARTESIAN_POINT('',(320.20923627958,-22.52214121023,
    -12.96692786157));
#6718 = CARTESIAN_POINT('',(320.209236811,-22.5228007126,-12.9669236548)
  );
#6719 = CARTESIAN_POINT('',(320.20923725616,-22.52346020488,
    -12.96691944778));
#6720 = CARTESIAN_POINT('',(320.20923761509,-22.52411968706,
    -12.96691524052));
#6721 = CARTESIAN_POINT('',(320.20923788778,-22.52477915918,
    -12.96691103301));
#6722 = CARTESIAN_POINT('',(320.20923807424,-22.52543862124,
    -12.96690682526));
#6723 = CARTESIAN_POINT('',(320.20923817446,-22.52609807325,
    -12.96690261727));
#6724 = CARTESIAN_POINT('',(320.20923818847,-22.52675751523,
    -12.96689840904));
#6725 = CARTESIAN_POINT('',(320.20923811625,-22.52741694718,
    -12.96689420056));
#6726 = CARTESIAN_POINT('',(320.20923795781,-22.52807636913,
    -12.96688999184));
#6727 = CARTESIAN_POINT('',(320.20923771317,-22.52873578108,
    -12.96688578288));
#6728 = CARTESIAN_POINT('',(314.77383420583,-17.02511887895,
    -13.99927242337));
#6729 = CARTESIAN_POINT('',(315.1171400357,-17.02927321901,
    -13.99925637103));
#6730 = CARTESIAN_POINT('',(315.45967346445,-17.05674167744,
    -13.99914693662));
#6731 = CARTESIAN_POINT('',(315.80247513512,-17.10780402606,
    -13.99894277166));
#6732 = CARTESIAN_POINT('',(316.14079056883,-17.18179545416,
    -13.99863606097));
#6733 = CARTESIAN_POINT('',(316.47793929492,-17.27999960873,
    -13.99822947996));
#6734 = CARTESIAN_POINT('',(316.81193123419,-17.40256569444,
    -13.99771674161));
#6735 = CARTESIAN_POINT('',(317.13912867102,-17.54946765805,
    -13.99708520887));
#6736 = CARTESIAN_POINT('',(317.46018242394,-17.7219485482,
    -13.99632409498));
#6737 = CARTESIAN_POINT('',(317.77522756202,-17.92136212321,
    -13.99542075917));
#6738 = CARTESIAN_POINT('',(318.07881547718,-18.14783710839,
    -13.99435454808));
#6739 = CARTESIAN_POINT('',(318.3707971825,-18.4026826906,
    -13.99310679691));
#6740 = CARTESIAN_POINT('',(318.76763200608,-18.80987170391,
    -13.99102104028));
#6741 = CARTESIAN_POINT('',(318.88487552205,-18.93859465305,
    -13.9903508028));
#6742 = CARTESIAN_POINT('',(318.99901996021,-19.07285496557,
    -13.98963975884));
#6743 = CARTESIAN_POINT('',(319.10979975935,-19.21270426494,
    -13.98888587691));
#6744 = CARTESIAN_POINT('',(319.21692072305,-19.3581818642,
    -13.98808701956));
#6745 = CARTESIAN_POINT('',(319.32006227766,-19.50930701802,
    -13.98724101493));
#6746 = CARTESIAN_POINT('',(319.41887973853,-19.66607118306,
    -13.98634572826));
#6747 = CARTESIAN_POINT('',(319.51300658463,-19.8284302885,
    -13.98539913333));
#6748 = CARTESIAN_POINT('',(319.60205674047,-19.99629701853,
    -13.98439938386));
#6749 = CARTESIAN_POINT('',(319.68562686519,-20.1695331091,
    -13.98334488487));
#6750 = CARTESIAN_POINT('',(319.7632986473,-20.34794166097,
    -13.98223436386));
#6751 = CARTESIAN_POINT('',(319.86433901814,-20.60756966184,
    -13.98058097621));
#6752 = CARTESIAN_POINT('',(319.89294386583,-20.6847338572,
    -13.98008514699));
#6753 = CARTESIAN_POINT('',(319.92042221595,-20.7627288173,
    -13.97957941357));
#6754 = CARTESIAN_POINT('',(319.94674167785,-20.84152885461,
    -13.97906375927));
#6755 = CARTESIAN_POINT('',(319.97187090252,-20.92110583571,
    -13.97853819151));
#6756 = CARTESIAN_POINT('',(319.99577958316,-21.00142918307,
    -13.97800274179));
#6757 = CARTESIAN_POINT('',(320.01843845585,-21.08246587671,
    -13.97745746569));
#6758 = CARTESIAN_POINT('',(320.0398192999,-21.16418045613,
    -13.97690244286));
#6759 = CARTESIAN_POINT('',(320.05989493846,-21.24653502215,
    -13.976337777));
#6760 = CARTESIAN_POINT('',(320.07863923876,-21.32948923894,
    -13.97576359582));
#6761 = CARTESIAN_POINT('',(320.09602711252,-21.41300033604,
    -13.97518005109));
#6762 = CARTESIAN_POINT('',(320.12003761935,-21.53903135561,
    -13.97429097449));
#6763 = CARTESIAN_POINT('',(320.12769523279,-21.58116957507,
    -13.9739923148));
#6764 = CARTESIAN_POINT('',(320.1350051111,-21.62343182149,
    -13.97369136856));
#6765 = CARTESIAN_POINT('',(320.14196500982,-21.66581214813,
    -13.97338816481));
#6766 = CARTESIAN_POINT('',(320.14857268533,-21.70830460891,
    -13.97308273261));
#6767 = CARTESIAN_POINT('',(320.15482589491,-21.75090325841,
    -13.97277510098));
#6768 = CARTESIAN_POINT('',(320.16072239669,-21.7936021519,
    -13.97246529899));
#6769 = CARTESIAN_POINT('',(320.16625994969,-21.83639534535,
    -13.97215335566));
#6770 = CARTESIAN_POINT('',(320.17143631381,-21.87927689547,
    -13.97183930004));
#6771 = CARTESIAN_POINT('',(320.1762492498,-21.9222408597,
    -13.97152316118));
#6772 = CARTESIAN_POINT('',(320.18069651934,-21.96528129623,
    -13.9712049681));
#6773 = CARTESIAN_POINT('',(320.18681548199,-22.02994684191,
    -13.97072464745));
#6774 = CARTESIAN_POINT('',(320.18876326998,-22.05151871583,
    -13.97056404245));
#6775 = CARTESIAN_POINT('',(320.19061909635,-22.07310701162,
    -13.9704029403));
#6776 = CARTESIAN_POINT('',(320.19238280863,-22.09471085519,
    -13.97024134646));
#6777 = CARTESIAN_POINT('',(320.19405425436,-22.11632937251,
    -13.9700792664));
#6778 = CARTESIAN_POINT('',(320.19563328118,-22.13796168964,
    -13.96991670558));
#6779 = CARTESIAN_POINT('',(320.19711973673,-22.15960693271,
    -13.96975366946));
#6780 = CARTESIAN_POINT('',(320.19851346872,-22.18126422794,
    -13.9695901635));
#6781 = CARTESIAN_POINT('',(320.19981432491,-22.20293270161,
    -13.96942619315));
#6782 = CARTESIAN_POINT('',(320.2010221531,-22.22461148012,
    -13.96926176389));
#6783 = CARTESIAN_POINT('',(320.20213680113,-22.2462996899,
    -13.96909688116));
#6784 = CARTESIAN_POINT('',(320.2041794026,-22.28969258559,
    -13.96876622458));
#6785 = CARTESIAN_POINT('',(320.20510736456,-22.3113962037,
    -13.96860045903));
#6786 = CARTESIAN_POINT('',(320.20594270696,-22.33311662814,
    -13.96843418562));
#6787 = CARTESIAN_POINT('',(320.20668157417,-22.35480602553,
    -13.96826775128));
#6788 = CARTESIAN_POINT('',(320.20733521241,-22.37660201209,
    -13.96810015506));
#6789 = CARTESIAN_POINT('',(320.20787935431,-22.39821572152,
    -13.96793349902));
#6790 = CARTESIAN_POINT('',(320.20835262834,-22.42008987553,
    -13.96776455651));
#6791 = CARTESIAN_POINT('',(320.20870759354,-22.44170887781,
    -13.96759709013));
#6792 = CARTESIAN_POINT('',(320.20898915566,-22.4635225509,
    -13.96742781082));
#6793 = CARTESIAN_POINT('',(320.20916446876,-22.48523980344,
    -13.96725885201));
#6794 = CARTESIAN_POINT('',(320.20925146091,-22.50699139865,
    -13.96708924956));
#6795 = CARTESIAN_POINT('',(320.20924315988,-22.52939552775,
    -13.96691416041));
#6796 = CARTESIAN_POINT('',(320.20924282913,-22.53005526586,
    -13.96690900416));
#6797 = CARTESIAN_POINT('',(320.2092424121,-22.53071499429,
    -13.96690384762));
#6798 = CARTESIAN_POINT('',(320.20924190876,-22.53137471306,
    -13.96689869078));
#6799 = CARTESIAN_POINT('',(320.20924131916,-22.53203442217,
    -13.96689353366));
#6800 = CARTESIAN_POINT('',(320.20924064325,-22.53269412164,
    -13.96688837623));
#6801 = CARTESIAN_POINT('',(320.20923988108,-22.53335381147,
    -13.96688321852));
#6802 = CARTESIAN_POINT('',(320.20923903263,-22.5340134917,
    -13.96687806051));
#6803 = CARTESIAN_POINT('',(320.20923809791,-22.53467316231,
    -13.9668729022));
#6804 = CARTESIAN_POINT('',(320.20923707693,-22.53533282334,
    -13.9668677436));
#6805 = CARTESIAN_POINT('',(320.20923596968,-22.53599247479,
    -13.96686258471));
#6806 = CARTESIAN_POINT('',(320.20923477618,-22.53665211666,
    -13.96685742552));
#6807 = CARTESIAN_POINT('',(314.71449854625,-18.02797808916,
    -13.99464906147));
#6808 = CARTESIAN_POINT('',(315.040852831,-18.03111932745,
    -13.99463572165));
#6809 = CARTESIAN_POINT('',(315.34582945583,-18.05571527795,
    -13.99452346995));
#6810 = CARTESIAN_POINT('',(315.60460966943,-18.10215060921,
    -13.99430984764));
#6811 = CARTESIAN_POINT('',(315.87091792035,-18.15611841392,
    -13.99406047521));
#6812 = CARTESIAN_POINT('',(316.15464155409,-18.23579375731,
    -13.99368912229));
#6813 = CARTESIAN_POINT('',(316.4319127592,-18.3398638667,
    -13.99319821031));
#6814 = CARTESIAN_POINT('',(316.69403574011,-18.45858455567,
    -13.99262815741));
#6815 = CARTESIAN_POINT('',(316.95507132324,-18.59729122233,
    -13.99194843528));
#6816 = CARTESIAN_POINT('',(317.21767487811,-18.76318022464,
    -13.99111798013));
#6817 = CARTESIAN_POINT('',(317.46291093798,-18.94685230149,
    -13.99017027162));
#6818 = CARTESIAN_POINT('',(317.7022286176,-19.15523365932,
    -13.98906154883));
#6819 = CARTESIAN_POINT('',(318.02681443888,-19.48792462911,
    -13.98722636458));
#6820 = CARTESIAN_POINT('',(318.12272542136,-19.59309901591,
    -13.98663855268));
#6821 = CARTESIAN_POINT('',(318.21611391901,-19.70280271615,
    -13.98601699953));
#6822 = CARTESIAN_POINT('',(318.30676681445,-19.81708435551,
    -13.9853601943));
#6823 = CARTESIAN_POINT('',(318.39444476167,-19.93597834689,
    -13.98466659031));
#6824 = CARTESIAN_POINT('',(318.47888481604,-20.05949954298,
    -13.98393465683));
#6825 = CARTESIAN_POINT('',(318.55980306448,-20.18763788874,
    -13.98316293093));
#6826 = CARTESIAN_POINT('',(318.63689725548,-20.32035307389,
    -13.98235006933));
#6827 = CARTESIAN_POINT('',(318.70984942926,-20.45756918547,
    -13.98149490019));
#6828 = CARTESIAN_POINT('',(318.77832854783,-20.5991693603,
    -13.98059647499));
#6829 = CARTESIAN_POINT('',(318.84199312508,-20.74499043753,
    -13.97965412035));
#6830 = CARTESIAN_POINT('',(318.92484921133,-20.95719450461,
    -13.97825673028));
#6831 = CARTESIAN_POINT('',(318.94831471304,-21.02027454378,
    -13.97783824949));
#6832 = CARTESIAN_POINT('',(318.97086250344,-21.084037339,
    -13.97741205148));
#6833 = CARTESIAN_POINT('',(318.99246566874,-21.14846076534,
    -13.97697815764));
#6834 = CARTESIAN_POINT('',(319.01309823992,-21.21352096253,
    -13.97653660677));
#6835 = CARTESIAN_POINT('',(319.03273519275,-21.27919233498,
    -13.97608745508));
#6836 = CARTESIAN_POINT('',(319.05135244778,-21.34544755179,
    -13.97563077617));
#6837 = CARTESIAN_POINT('',(319.06892687034,-21.41225754672,
    -13.97516666109));
#6838 = CARTESIAN_POINT('',(319.08543627054,-21.47959151822,
    -13.97469521825));
#6839 = CARTESIAN_POINT('',(319.10085940326,-21.54741692941,
    -13.97421657349));
#6840 = CARTESIAN_POINT('',(319.11517596818,-21.6156995081,
    -13.97373087006));
#6841 = CARTESIAN_POINT('',(319.13496193054,-21.71875511609,
    -13.97299196789));
#6842 = CARTESIAN_POINT('',(319.14127549452,-21.75321466438,
    -13.97274392223));
#6843 = CARTESIAN_POINT('',(319.14730543688,-21.78777698682,
    -13.97249415801));
#6844 = CARTESIAN_POINT('',(319.15304989281,-21.8224371786,
    -13.97224270161));
#6845 = CARTESIAN_POINT('',(319.15850699749,-21.8571903349,
    -13.97198957942));
#6846 = CARTESIAN_POINT('',(319.16367488612,-21.89203155092,
    -13.97173481781));
#6847 = CARTESIAN_POINT('',(319.16855169386,-21.92695592185,
    -13.97147844317));
#6848 = CARTESIAN_POINT('',(319.17313555594,-21.96195854287,
    -13.97122048189));
#6849 = CARTESIAN_POINT('',(319.17742460751,-21.99703450919,
    -13.97096096033));
#6850 = CARTESIAN_POINT('',(319.18141698377,-22.03217891598,
    -13.97069990488));
#6851 = CARTESIAN_POINT('',(319.18511081991,-22.06738685845,
    -13.97043734192));
#6852 = CARTESIAN_POINT('',(319.19020096673,-22.12028671843,
    -13.9700412758));
#6853 = CARTESIAN_POINT('',(319.19182270371,-22.13793429091,
    -13.96990888708));
#6854 = CARTESIAN_POINT('',(319.19336933637,-22.15559541777,
    -13.96977613648));
#6855 = CARTESIAN_POINT('',(319.19484073902,-22.17326936754,
    -13.96964302879));
#6856 = CARTESIAN_POINT('',(319.19623678593,-22.19095540876,
    -13.96950956882));
#6857 = CARTESIAN_POINT('',(319.19755735143,-22.20865280999,
    -13.96937576134));
#6858 = CARTESIAN_POINT('',(319.19880230979,-22.22636083975,
    -13.96924161117));
#6859 = CARTESIAN_POINT('',(319.19997153534,-22.24407876661,
    -13.96910712309));
#6860 = CARTESIAN_POINT('',(319.20106490235,-22.2618058591,
    -13.96897230191));
#6861 = CARTESIAN_POINT('',(319.20208228513,-22.27954138576,
    -13.96883715241));
#6862 = CARTESIAN_POINT('',(319.20302355799,-22.29728461513,
    -13.9687016794));
#6863 = CARTESIAN_POINT('',(319.20475363244,-22.33278501641,
    -13.96843009593));
#6864 = CARTESIAN_POINT('',(319.20554146324,-22.35110946232,
    -13.96828954508));
#6865 = CARTESIAN_POINT('',(319.20626194507,-22.36453538728,
    -13.96818707576));
#6866 = CARTESIAN_POINT('',(319.20686927095,-22.39875920086,
    -13.96792153981));
#6867 = CARTESIAN_POINT('',(319.20749773197,-22.3763343932,
    -13.96809915205));
#6868 = CARTESIAN_POINT('',(319.20786808466,-22.46359487338,
    -13.96741799045));
#6869 = CARTESIAN_POINT('',(319.20841092793,-22.39262677071,
    -13.96797493142));
#6870 = CARTESIAN_POINT('',(319.20862210477,-22.49592531217,
    -13.9671678384));
#6871 = CARTESIAN_POINT('',(319.20895193797,-22.45116193115,
    -13.96751903516));
#6872 = CARTESIAN_POINT('',(319.2090964032,-22.50350386195,
    -13.96711025347));
#6873 = CARTESIAN_POINT('',(319.2092058906,-22.50721238694,
    -13.9670816098));
#6874 = CARTESIAN_POINT('',(319.20922977396,-22.52959957432,
    -13.96690663652));
#6875 = CARTESIAN_POINT('',(319.20923039103,-22.53025882407,
    -13.9669014836));
#6876 = CARTESIAN_POINT('',(319.20923092185,-22.53091806438,
    -13.96689633039));
#6877 = CARTESIAN_POINT('',(319.20923136642,-22.53157729525,
    -13.96689117688));
#6878 = CARTESIAN_POINT('',(319.20923172475,-22.53223651671,
    -13.96688602308));
#6879 = CARTESIAN_POINT('',(319.20923199685,-22.53289572876,
    -13.96688086898));
#6880 = CARTESIAN_POINT('',(319.20923218271,-22.53355493142,
    -13.96687571459));
#6881 = CARTESIAN_POINT('',(319.20923228235,-22.53421412469,
    -13.9668705599));
#6882 = CARTESIAN_POINT('',(319.20923229576,-22.5348733086,
    -13.96686540491));
#6883 = CARTESIAN_POINT('',(319.20923222296,-22.53553248315,
    -13.96686024964));
#6884 = CARTESIAN_POINT('',(319.20923206394,-22.53619164835,
    -13.96685509406));
#6885 = CARTESIAN_POINT('',(319.20923181872,-22.53685080422,
    -13.96684993819));
#6886 = ADVANCED_FACE('',(#6887),#6954,.F.);
#6887 = FACE_BOUND('',#6888,.F.);
#6888 = EDGE_LOOP('',(#6889,#6890,#6947,#6953));
#6889 = ORIENTED_EDGE('',*,*,#6504,.T.);
#6890 = ORIENTED_EDGE('',*,*,#6891,.T.);
#6891 = EDGE_CURVE('',#6486,#6892,#6894,.T.);
#6892 = VERTEX_POINT('',#6893);
#6893 = CARTESIAN_POINT('',(25.694799700517,-110.5778276583,
    -8.242644145869));
#6894 = ( BOUNDED_CURVE() B_SPLINE_CURVE(11,(#6895,#6896,#6897,#6898,
    #6899,#6900,#6901,#6902,#6903,#6904,#6905,#6906,#6907,#6908,#6909,
    #6910,#6911,#6912,#6913,#6914,#6915,#6916,#6917,#6918,#6919,#6920,
    #6921,#6922,#6923,#6924,#6925,#6926,#6927,#6928,#6929,#6930,#6931,
    #6932,#6933,#6934,#6935,#6936,#6937,#6938,#6939,#6940,#6941,#6942,
    #6943,#6944,#6945,#6946),.UNSPECIFIED.,.F.,.F.) 
B_SPLINE_CURVE_WITH_KNOTS((12,10,10,10,10,12),(245.88738735627,
    250.58485426427,252.83761296255,254.07792732473,254.69808450582,
255.3182416869),.UNSPECIFIED.) CURVE() GEOMETRIC_REPRESENTATION_ITEM() 
RATIONAL_B_SPLINE_CURVE((1.,1.,1.,1.,1.,1.,1.,1.,1.,1.,1.,1.,1.,1.,
    1.000000000001,0.999999999999,1.,1.,1.,1.,1.,1.,1.,1.,1.,1.,1.,1.,1.
    ,1.,1.,1.,1.,1.,1.,1.,1.,1.,1.,1.,1.,1.,1.,1.,1.,1.,1.,1.,1.,1.,1.,
1.)) REPRESENTATION_ITEM('') );
#6895 = CARTESIAN_POINT('',(30.238874232174,-115.0840944428,
    -8.216215753801));
#6896 = CARTESIAN_POINT('',(29.903946264901,-115.0843416783,
    -8.216213568725));
#6897 = CARTESIAN_POINT('',(29.647115538699,-115.0634678508,
    -8.216303679478));
#6898 = CARTESIAN_POINT('',(29.378304049257,-115.026073482,
    -8.216465892255));
#6899 = CARTESIAN_POINT('',(29.10365431253,-114.9725170912,
    -8.216699463445));
#6900 = CARTESIAN_POINT('',(28.830867420603,-114.8981089949,
    -8.217026761972));
#6901 = CARTESIAN_POINT('',(28.561004346449,-114.8023726922,
    -8.21745318043));
#6902 = CARTESIAN_POINT('',(28.295323060909,-114.6880942554,
    -8.217971027884));
#6903 = CARTESIAN_POINT('',(28.03537681423,-114.5548161302,
    -8.218587730806));
#6904 = CARTESIAN_POINT('',(27.781041146683,-114.3988510818,
    -8.219326432228));
#6905 = CARTESIAN_POINT('',(27.534368828154,-114.2217947146,
    -8.220190012836));
#6906 = CARTESIAN_POINT('',(27.18345084417,-113.9260382586,
    -8.221680898212));
#6907 = CARTESIAN_POINT('',(27.071924759274,-113.8249734646,
    -8.222197073749));
#6908 = CARTESIAN_POINT('',(26.962852643061,-113.7186690333,
    -8.222747555071));
#6909 = CARTESIAN_POINT('',(26.856479113869,-113.6070597724,
    -8.223334015129));
#6910 = CARTESIAN_POINT('',(26.753061888472,-113.4900679086,
    -8.223958340853));
#6911 = CARTESIAN_POINT('',(26.65287817474,-113.3676180776,
    -8.224622541269));
#6912 = CARTESIAN_POINT('',(26.556231064337,-113.2396523143,
    -8.225328655604));
#6913 = CARTESIAN_POINT('',(26.463455925382,-113.1061450434,
    -8.226078661398));
#6914 = CARTESIAN_POINT('',(26.374926795138,-112.9671180692,
    -8.226874382616));
#6915 = CARTESIAN_POINT('',(26.291062772684,-112.8226555664,
    -8.227717397755));
#6916 = CARTESIAN_POINT('',(26.168988483313,-112.5904777828,
    -8.229099813902));
#6917 = CARTESIAN_POINT('',(26.127172635598,-112.5064053257,
    -8.229605550113));
#6918 = CARTESIAN_POINT('',(26.086968915218,-112.420725445,
    -8.230126407008));
#6919 = CARTESIAN_POINT('',(26.048458351105,-112.3334713311,
    -8.230662563875));
#6920 = CARTESIAN_POINT('',(26.011720954335,-112.2446856182,
    -8.231214128878));
#6921 = CARTESIAN_POINT('',(25.976835718157,-112.1544203841,
    -8.231781139049));
#6922 = CARTESIAN_POINT('',(25.94388061796,-112.0627371507,
    -8.232363560297));
#6923 = CARTESIAN_POINT('',(25.912932611304,-111.9697068836,
    -8.232961287399));
#6924 = CARTESIAN_POINT('',(25.884067637894,-111.8754099925,
    -8.23357414401));
#6925 = CARTESIAN_POINT('',(25.857360619599,-111.7799363305,
    -8.234201882652));
#6926 = CARTESIAN_POINT('',(25.820647880864,-111.6351096273,
    -8.235165335761));
#6927 = CARTESIAN_POINT('',(25.808967614591,-111.5865557258,
    -8.235490194162));
#6928 = CARTESIAN_POINT('',(25.797851589828,-111.5377367441,
    -8.235818702358));
#6929 = CARTESIAN_POINT('',(25.787306734783,-111.4886659358,
    -8.236150802779));
#6930 = CARTESIAN_POINT('',(25.777339977656,-111.4393565543,
    -8.236486437856));
#6931 = CARTESIAN_POINT('',(25.767958246658,-111.3898218533,
    -8.23682555002));
#6932 = CARTESIAN_POINT('',(25.75916846999,-111.3400750862,
    -8.237168081702));
#6933 = CARTESIAN_POINT('',(25.75097757586,-111.2901295067,
    -8.23751397533));
#6934 = CARTESIAN_POINT('',(25.743392492471,-111.2399983682,
    -8.237863173338));
#6935 = CARTESIAN_POINT('',(25.736420148029,-111.1896949243,
    -8.238215618153));
#6936 = CARTESIAN_POINT('',(25.723714793451,-111.088769933,
    -8.238926886264));
#6937 = CARTESIAN_POINT('',(25.717969887687,-111.0390362026,
    -8.239279022733));
#6938 = CARTESIAN_POINT('',(25.712922936115,-110.9819928427,
    -8.23968811965));
#6939 = CARTESIAN_POINT('',(25.708217540138,-110.9531495284,
    -8.239887340482));
#6940 = CARTESIAN_POINT('',(25.704824525305,-110.8527531199,
    -8.240626178202));
#6941 = CARTESIAN_POINT('',(25.700943245818,-110.8795800744,
    -8.240411740381));
#6942 = CARTESIAN_POINT('',(25.699024228177,-110.7382719905,
    -8.241461343368));
#6943 = CARTESIAN_POINT('',(25.696627662039,-110.765218181,
    -8.241251145762));
#6944 = CARTESIAN_POINT('',(25.695513880767,-110.6631788,-8.242009630023
    ));
#6945 = CARTESIAN_POINT('',(25.694830234914,-110.6359784843,
    -8.242210129237));
#6946 = CARTESIAN_POINT('',(25.694799700517,-110.5778276583,
    -8.242644145869));
#6947 = ORIENTED_EDGE('',*,*,#6948,.F.);
#6948 = EDGE_CURVE('',#3308,#6892,#6949,.T.);
#6949 = ( BOUNDED_CURVE() B_SPLINE_CURVE(2,(#6950,#6951,#6952),
.UNSPECIFIED.,.F.,.F.) B_SPLINE_CURVE_WITH_KNOTS((3,3),(0.,
9.430854330637),.PIECEWISE_BEZIER_KNOTS.) CURVE() 
GEOMETRIC_REPRESENTATION_ITEM() RATIONAL_B_SPLINE_CURVE((1.,
0.707110594799,1.)) REPRESENTATION_ITEM('') );
#6950 = CARTESIAN_POINT('',(24.694808836132,-110.5730006741,
    -7.242657446827));
#6951 = CARTESIAN_POINT('',(24.694813835146,-110.580415236,
    -8.24261917178));
#6952 = CARTESIAN_POINT('',(25.694799700517,-110.5778276583,
    -8.242644145869));
#6953 = ORIENTED_EDGE('',*,*,#3315,.F.);
#6954 = ( BOUNDED_SURFACE() B_SPLINE_SURFACE(2,11,(
    (#6955,#6956,#6957,#6958,#6959,#6960,#6961,#6962,#6963,#6964,#6965
      ,#6966,#6967,#6968,#6969,#6970,#6971,#6972,#6973,#6974,#6975,#6976
      ,#6977,#6978,#6979,#6980,#6981,#6982,#6983,#6984,#6985,#6986,#6987
      ,#6988,#6989,#6990,#6991,#6992,#6993,#6994,#6995,#6996,#6997,#6998
      ,#6999,#7000,#7001,#7002,#7003,#7004,#7005,#7006)
    ,(#7007,#7008,#7009,#7010,#7011,#7012,#7013,#7014,#7015,#7016,#7017
      ,#7018,#7019,#7020,#7021,#7022,#7023,#7024,#7025,#7026,#7027,#7028
      ,#7029,#7030,#7031,#7032,#7033,#7034,#7035,#7036,#7037,#7038,#7039
      ,#7040,#7041,#7042,#7043,#7044,#7045,#7046,#7047,#7048,#7049,#7050
      ,#7051,#7052,#7053,#7054,#7055,#7056,#7057,#7058)
    ,(#7059,#7060,#7061,#7062,#7063,#7064,#7065,#7066,#7067,#7068,#7069
      ,#7070,#7071,#7072,#7073,#7074,#7075,#7076,#7077,#7078,#7079,#7080
      ,#7081,#7082,#7083,#7084,#7085,#7086,#7087,#7088,#7089,#7090,#7091
      ,#7092,#7093,#7094,#7095,#7096,#7097,#7098,#7099,#7100,#7101,#7102
      ,#7103,#7104,#7105,#7106,#7107,#7108,#7109,#7110
)),.UNSPECIFIED.,.F.,.F.,.F.) B_SPLINE_SURFACE_WITH_KNOTS((3,3),(12,10,
    10,10,10,12),(0.,9.430854330637),(245.88738735627,250.58485426427,
    252.83761296255,254.07792732473,254.69808450582,255.3182416869),
.UNSPECIFIED.) GEOMETRIC_REPRESENTATION_ITEM() RATIONAL_B_SPLINE_SURFACE
((
    (1.,1.,1.,1.,1.,1.,1.,1.,1.,1.,1.,1.,1.,1.,1.000000000001
      ,0.999999999999,1.,1.,1.,1.,1.,1.,1.,1.,1.,1.,1.,1.,1.,1.,1.,1.,1.
      ,1.,1.,1.,1.,1.,1.,1.,1.,1.,1.,1.,1.,1.,1.,1.,1.,1.,1.,1.)
    ,(0.708646790788,0.70864425424,0.708647763449,0.7086387036
      ,0.708632724782,0.708625182912,0.708611348682,0.708594525206
      ,0.708575200127,0.708547294839,0.708513462506,0.708449493261
      ,0.708426648191,0.708401488102,0.708373795321,0.708343337989
      ,0.70830986944,0.708273127542,0.708232834084,0.708188694119
      ,0.70814039534,0.708058543695,0.708028127726,0.707996307899
      ,0.707963037553,0.707928274991,0.707891983482,0.707854131263
      ,0.707814691532,0.707773642457,0.707730967171,0.707664497073
      ,0.707641927403,0.707618945705,0.70759555292,0.707571749993
      ,0.707547537864,0.707522917477,0.707497889774,0.707472455697
      ,0.707446616188,0.707394128192,0.707367468669,0.707340533737
      ,0.707312740339,0.707285700557,0.707256330621,0.70722902638
      ,0.707199075103,0.707170377112,0.707140445076,0.707110594799)
    ,(1.,1.,1.,1.,1.,1.,1.,1.,1.,1.,1.,1.,1.,1.,1.000000000001
      ,0.999999999999,1.,1.,1.,1.,1.,1.,1.,1.,1.,1.,1.,1.,1.,1.,1.,1.,1.
      ,1.,1.,1.,1.,1.,1.,1.,1.,1.,1.,1.,1.,1.,1.,1.,1.,1.,1.,1.
))) REPRESENTATION_ITEM('') SURFACE() );
#6955 = CARTESIAN_POINT('',(30.2072,-116.0792337164,-7.216229017559));
#6956 = CARTESIAN_POINT('',(29.869191564888,-116.0793836402,
    -7.216220374986));
#6957 = CARTESIAN_POINT('',(29.531067463083,-116.0567326575,
    -7.216314790819));
#6958 = CARTESIAN_POINT('',(29.194235043586,-116.0111847646,
    -7.21646289274));
#6959 = CARTESIAN_POINT('',(28.859691844465,-115.9430328329,
    -7.216709409453));
#6960 = CARTESIAN_POINT('',(28.526992566514,-115.8515791336,
    -7.217043962246));
#6961 = CARTESIAN_POINT('',(28.197285441651,-115.7362252679,
    -7.217459884941));
#6962 = CARTESIAN_POINT('',(27.872897112531,-115.5967285267,
    -7.217975540555));
#6963 = CARTESIAN_POINT('',(27.555069473873,-115.432567616,
    -7.218602199067));
#6964 = CARTESIAN_POINT('',(27.244160545405,-115.2426700577,
    -7.219335156779));
#6965 = CARTESIAN_POINT('',(26.942914351435,-115.0261264249,
    -7.220200413671));
#6966 = CARTESIAN_POINT('',(26.514383312278,-114.6648548483,
    -7.221691031061));
#6967 = CARTESIAN_POINT('',(26.378169966389,-114.5413999279,
    -7.222207099447));
#6968 = CARTESIAN_POINT('',(26.244913064944,-114.4114987747,
    -7.222757650348));
#6969 = CARTESIAN_POINT('',(26.114914101672,-114.2750658069,
    -7.223344389031));
#6970 = CARTESIAN_POINT('',(25.988504786316,-114.1320249166,
    -7.22396912501));
#6971 = CARTESIAN_POINT('',(25.866046896875,-113.9823151884,
    -7.224633735123));
#6972 = CARTESIAN_POINT('',(25.747932131855,-113.8258966177,
    -7.225340126615));
#6973 = CARTESIAN_POINT('',(25.634581962514,-113.6627558299,
    -7.226090200209));
#6974 = CARTESIAN_POINT('',(25.526447485112,-113.4929117987,
    -7.226885813194));
#6975 = CARTESIAN_POINT('',(25.424009273158,-113.3164215649,
    -7.227728742494));
#6976 = CARTESIAN_POINT('',(25.274794197898,-113.0326109825,
    -7.229111709184));
#6977 = CARTESIAN_POINT('',(25.223681436418,-112.9298432035,
    -7.229617642315));
#6978 = CARTESIAN_POINT('',(25.17453907105,-112.8251130413,
    -7.230138689086));
#6979 = CARTESIAN_POINT('',(25.127465878096,-112.7184617352,
    -7.230675024345));
#6980 = CARTESIAN_POINT('',(25.082559284331,-112.6099413401,
    -7.231226755848));
#6981 = CARTESIAN_POINT('',(25.039915366997,-112.4996147264,
    -7.231793924265));
#6982 = CARTESIAN_POINT('',(24.999628853808,-112.3875555803,
    -7.232376503173));
#6983 = CARTESIAN_POINT('',(24.961793122945,-112.2738484034,
    -7.232974399063));
#6984 = CARTESIAN_POINT('',(24.926500203064,-112.1585885134,
    -7.233587451332));
#6985 = CARTESIAN_POINT('',(24.893840773288,-112.0418820432,
    -7.234215432292));
#6986 = CARTESIAN_POINT('',(24.848935858169,-111.8648278907,
    -7.235179354594));
#6987 = CARTESIAN_POINT('',(24.83464848666,-111.8054698883,
    -7.235504369449));
#6988 = CARTESIAN_POINT('',(24.821050491439,-111.7457880787,
    -7.235833034427));
#6989 = CARTESIAN_POINT('',(24.80815031527,-111.6857986062,
    -7.236165292231));
#6990 = CARTESIAN_POINT('',(24.795956400906,-111.625517615,
    -7.236501085565));
#6991 = CARTESIAN_POINT('',(24.784477191119,-111.5649612496,
    -7.236840357131));
#6992 = CARTESIAN_POINT('',(24.773721128653,-111.5041456542,
    -7.237183049632));
#6993 = CARTESIAN_POINT('',(24.763696656284,-111.4430869732,
    -7.237529105771));
#6994 = CARTESIAN_POINT('',(24.75441221676,-111.3818013507,
    -7.237878468251));
#6995 = CARTESIAN_POINT('',(24.745876252847,-111.3203049313,
    -7.238231079775));
#6996 = CARTESIAN_POINT('',(24.73031816176,-111.1969227869,
    -7.238942686317));
#6997 = CARTESIAN_POINT('',(24.72329302555,-111.1350520002,
    -7.239301514783));
#6998 = CARTESIAN_POINT('',(24.717029504907,-111.0729300788,
    -7.239664403587));
#6999 = CARTESIAN_POINT('',(24.71152764273,-111.0109786534,
    -7.240026355969));
#7000 = CARTESIAN_POINT('',(24.706807374293,-110.9480860334,
    -7.240400919268));
#7001 = CARTESIAN_POINT('',(24.702845543771,-110.8865371568,
    -7.240761149435));
#7002 = CARTESIAN_POINT('',(24.699681442778,-110.822980386,
    -7.241146132733));
#7003 = CARTESIAN_POINT('',(24.697283819226,-110.7612764439,
    -7.241512185759));
#7004 = CARTESIAN_POINT('',(24.695675829439,-110.6980906697,
    -7.241896321234));
#7005 = CARTESIAN_POINT('',(24.694851072667,-110.6356461134,
    -7.242274463203));
#7006 = CARTESIAN_POINT('',(24.694808836132,-110.5730006741,
    -7.242657446827));
#7007 = CARTESIAN_POINT('',(30.207316672596,-116.0792336647,
    -8.211877928403));
#7008 = CARTESIAN_POINT('',(29.86931843283,-116.0793907412,
    -8.211876443408));
#7009 = CARTESIAN_POINT('',(29.531501579866,-116.0567486493,
    -8.211960930661));
#7010 = CARTESIAN_POINT('',(29.194908943965,-116.0112746192,
    -8.212134492199));
#7011 = CARTESIAN_POINT('',(28.860583166096,-115.9432169721,
    -8.212397684708));
#7012 = CARTESIAN_POINT('',(28.52810308523,-115.8518820454,
    -8.212753285549));
#7013 = CARTESIAN_POINT('',(28.198604003234,-115.736684631,
    -8.213207971021));
#7014 = CARTESIAN_POINT('',(27.874420592296,-115.5973821734,
    -8.213770721701));
#7015 = CARTESIAN_POINT('',(27.556800786908,-115.433454876,
    -8.214451403277));
#7016 = CARTESIAN_POINT('',(27.246074694814,-115.2438371416,
    -8.215262497387));
#7017 = CARTESIAN_POINT('',(26.94499832909,-115.0276210133,
    -8.216222441135));
#7018 = CARTESIAN_POINT('',(26.51667119796,-114.6669094453,
    -8.217892130294));
#7019 = CARTESIAN_POINT('',(26.380508453666,-114.5436391277,
    -8.218472194569));
#7020 = CARTESIAN_POINT('',(26.247294518773,-114.4139334231,
    -8.219093233106));
#7021 = CARTESIAN_POINT('',(26.117330003479,-114.2777070535,
    -8.219757561795));
#7022 = CARTESIAN_POINT('',(25.990945517127,-114.1348839877,
    -8.220467641583));
#7023 = CARTESIAN_POINT('',(25.868501574125,-113.9854032496,
    -8.22122604272));
#7024 = CARTESIAN_POINT('',(25.75038850439,-113.8292247262,
    -8.22203540904));
#7025 = CARTESIAN_POINT('',(25.637026368983,-113.6663349745,
    -8.222898422274));
#7026 = CARTESIAN_POINT('',(25.528864881723,-113.4967530295,
    -8.223817766401));
#7027 = CARTESIAN_POINT('',(25.426383337586,-113.3205362125,
    -8.224796092026));
#7028 = CARTESIAN_POINT('',(25.277067943465,-113.0371564397,
    -8.226408584547));
#7029 = CARTESIAN_POINT('',(25.225910027482,-112.9345359822,
    -8.226999863024));
#7030 = CARTESIAN_POINT('',(25.176716732276,-112.8299548972,
    -8.227610203528));
#7031 = CARTESIAN_POINT('',(25.129586637125,-112.7234542788,
    -8.22823991247));
#7032 = CARTESIAN_POINT('',(25.084616973895,-112.615085994,
    -8.228889215357));
#7033 = CARTESIAN_POINT('',(25.041903631651,-112.5049126885,
    -8.229558256761));
#7034 = CARTESIAN_POINT('',(25.001541161076,-112.3930077938,
    -8.230247100297));
#7035 = CARTESIAN_POINT('',(24.96362277874,-112.2794555344,
    -8.230955728579));
#7036 = CARTESIAN_POINT('',(24.928240371116,-112.1643509361,
    -8.231684043194));
#7037 = CARTESIAN_POINT('',(24.895484498397,-112.0477998344,
    -8.232431864644));
#7038 = CARTESIAN_POINT('',(24.85042293702,-111.8709728727,
    -8.23358250217));
#7039 = CARTESIAN_POINT('',(24.836080717968,-111.8116865607,
    -8.233970944736));
#7040 = CARTESIAN_POINT('',(24.822426175148,-111.7520760415,
    -8.234364200222));
#7041 = CARTESIAN_POINT('',(24.8094677464,-111.6921574096,
    -8.234762208842));
#7042 = CARTESIAN_POINT('',(24.797213873175,-111.6319467608,
    -8.235164910822));
#7043 = CARTESIAN_POINT('',(24.785673000557,-111.5714601926,
    -8.23557224639));
#7044 = CARTESIAN_POINT('',(24.774853577327,-111.5107138037,
    -8.235984155784));
#7045 = CARTESIAN_POINT('',(24.764764055976,-111.4497236948,
    -8.236400579242));
#7046 = CARTESIAN_POINT('',(24.755412892771,-111.388505968,
    -8.236821457012));
#7047 = CARTESIAN_POINT('',(24.746808547772,-111.3270767276,
    -8.237246729345));
#7048 = CARTESIAN_POINT('',(24.731109839609,-111.2038228591,
    -8.23810597552));
#7049 = CARTESIAN_POINT('',(24.724012711058,-111.1420037611,
    -8.238539884362));
#7050 = CARTESIAN_POINT('',(24.717674463504,-111.0800078706,
    -8.238978072799));
#7051 = CARTESIAN_POINT('',(24.712100936118,-111.0178832173,
    -8.239419973727));
#7052 = CARTESIAN_POINT('',(24.707296758531,-110.9555715009,
    -8.239866735364));
#7053 = CARTESIAN_POINT('',(24.703267070412,-110.8932524041,
    -8.240315801449));
#7054 = CARTESIAN_POINT('',(24.700013586096,-110.8307097712,
    -8.240770497097));
#7055 = CARTESIAN_POINT('',(24.697541264462,-110.7682376916,
    -8.24122699707));
#7056 = CARTESIAN_POINT('',(24.695849161673,-110.7056161038,
    -8.241688125254));
#7057 = CARTESIAN_POINT('',(24.694940345876,-110.6430276413,
    -8.242152001602));
#7058 = CARTESIAN_POINT('',(24.694813835146,-110.580415236,
    -8.24261917178));
#7059 = CARTESIAN_POINT('',(30.238874232174,-115.0840944428,
    -8.216215753801));
#7060 = CARTESIAN_POINT('',(29.903946264901,-115.0843416783,
    -8.216213568725));
#7061 = CARTESIAN_POINT('',(29.647115538699,-115.0634678508,
    -8.216303679478));
#7062 = CARTESIAN_POINT('',(29.378304049257,-115.026073482,
    -8.216465892255));
#7063 = CARTESIAN_POINT('',(29.10365431253,-114.9725170912,
    -8.216699463445));
#7064 = CARTESIAN_POINT('',(28.830867420603,-114.8981089949,
    -8.217026761972));
#7065 = CARTESIAN_POINT('',(28.561004346449,-114.8023726922,
    -8.21745318043));
#7066 = CARTESIAN_POINT('',(28.295323060909,-114.6880942554,
    -8.217971027884));
#7067 = CARTESIAN_POINT('',(28.03537681423,-114.5548161302,
    -8.218587730806));
#7068 = CARTESIAN_POINT('',(27.781041146683,-114.3988510818,
    -8.219326432228));
#7069 = CARTESIAN_POINT('',(27.534368828154,-114.2217947146,
    -8.220190012836));
#7070 = CARTESIAN_POINT('',(27.18345084417,-113.9260382586,
    -8.221680898212));
#7071 = CARTESIAN_POINT('',(27.071924759274,-113.8249734646,
    -8.222197073749));
#7072 = CARTESIAN_POINT('',(26.962852643061,-113.7186690333,
    -8.222747555071));
#7073 = CARTESIAN_POINT('',(26.856479113869,-113.6070597724,
    -8.223334015129));
#7074 = CARTESIAN_POINT('',(26.753061888472,-113.4900679086,
    -8.223958340853));
#7075 = CARTESIAN_POINT('',(26.65287817474,-113.3676180776,
    -8.224622541269));
#7076 = CARTESIAN_POINT('',(26.556231064337,-113.2396523143,
    -8.225328655604));
#7077 = CARTESIAN_POINT('',(26.463455925382,-113.1061450434,
    -8.226078661398));
#7078 = CARTESIAN_POINT('',(26.374926795138,-112.9671180692,
    -8.226874382616));
#7079 = CARTESIAN_POINT('',(26.291062772684,-112.8226555664,
    -8.227717397755));
#7080 = CARTESIAN_POINT('',(26.168988483313,-112.5904777828,
    -8.229099813902));
#7081 = CARTESIAN_POINT('',(26.127172635598,-112.5064053257,
    -8.229605550113));
#7082 = CARTESIAN_POINT('',(26.086968915218,-112.420725445,
    -8.230126407008));
#7083 = CARTESIAN_POINT('',(26.048458351105,-112.3334713311,
    -8.230662563875));
#7084 = CARTESIAN_POINT('',(26.011720954335,-112.2446856182,
    -8.231214128878));
#7085 = CARTESIAN_POINT('',(25.976835718157,-112.1544203841,
    -8.231781139049));
#7086 = CARTESIAN_POINT('',(25.94388061796,-112.0627371507,
    -8.232363560297));
#7087 = CARTESIAN_POINT('',(25.912932611304,-111.9697068836,
    -8.232961287399));
#7088 = CARTESIAN_POINT('',(25.884067637894,-111.8754099925,
    -8.23357414401));
#7089 = CARTESIAN_POINT('',(25.857360619599,-111.7799363305,
    -8.234201882652));
#7090 = CARTESIAN_POINT('',(25.820647880864,-111.6351096273,
    -8.235165335761));
#7091 = CARTESIAN_POINT('',(25.808967614591,-111.5865557258,
    -8.235490194162));
#7092 = CARTESIAN_POINT('',(25.797851589828,-111.5377367441,
    -8.235818702358));
#7093 = CARTESIAN_POINT('',(25.787306734783,-111.4886659358,
    -8.236150802779));
#7094 = CARTESIAN_POINT('',(25.777339977656,-111.4393565543,
    -8.236486437856));
#7095 = CARTESIAN_POINT('',(25.767958246658,-111.3898218533,
    -8.23682555002));
#7096 = CARTESIAN_POINT('',(25.75916846999,-111.3400750862,
    -8.237168081702));
#7097 = CARTESIAN_POINT('',(25.75097757586,-111.2901295067,
    -8.23751397533));
#7098 = CARTESIAN_POINT('',(25.743392492471,-111.2399983682,
    -8.237863173338));
#7099 = CARTESIAN_POINT('',(25.736420148029,-111.1896949243,
    -8.238215618153));
#7100 = CARTESIAN_POINT('',(25.723714793451,-111.088769933,
    -8.238926886264));
#7101 = CARTESIAN_POINT('',(25.717969887687,-111.0390362026,
    -8.239279022733));
#7102 = CARTESIAN_POINT('',(25.712922936115,-110.9819928427,
    -8.23968811965));
#7103 = CARTESIAN_POINT('',(25.708217540138,-110.9531495284,
    -8.239887340482));
#7104 = CARTESIAN_POINT('',(25.704824525305,-110.8527531199,
    -8.240626178202));
#7105 = CARTESIAN_POINT('',(25.700943245818,-110.8795800744,
    -8.240411740381));
#7106 = CARTESIAN_POINT('',(25.699024228177,-110.7382719905,
    -8.241461343368));
#7107 = CARTESIAN_POINT('',(25.696627662039,-110.765218181,
    -8.241251145762));
#7108 = CARTESIAN_POINT('',(25.695513880767,-110.6631788,-8.242009630023
    ));
#7109 = CARTESIAN_POINT('',(25.694830234914,-110.6359784843,
    -8.242210129237));
#7110 = CARTESIAN_POINT('',(25.694799700517,-110.5778276583,
    -8.242644145869));
#7111 = ADVANCED_FACE('',(#7112),#7169,.F.);
#7112 = FACE_BOUND('',#7113,.F.);
#7113 = EDGE_LOOP('',(#7114,#7122,#7167,#7168));
#7114 = ORIENTED_EDGE('',*,*,#7115,.T.);
#7115 = EDGE_CURVE('',#3379,#7116,#7118,.T.);
#7116 = VERTEX_POINT('',#7117);
#7117 = CARTESIAN_POINT('',(245.44179276102,-21.61276246396,
    -13.97335109718));
#7118 = ( BOUNDED_CURVE() B_SPLINE_CURVE(2,(#7119,#7120,#7121),
.UNSPECIFIED.,.F.,.F.) B_SPLINE_CURVE_WITH_KNOTS((3,3),(0.,
14.071060091526),.PIECEWISE_BEZIER_KNOTS.) CURVE() 
GEOMETRIC_REPRESENTATION_ITEM() RATIONAL_B_SPLINE_CURVE((1.,
0.70458320956,1.)) REPRESENTATION_ITEM('') );
#7119 = CARTESIAN_POINT('',(245.31370816609,-20.61384094006,
    -12.97335103276));
#7120 = CARTESIAN_POINT('',(245.31288135714,-20.61392164166,
    -13.9805012564));
#7121 = CARTESIAN_POINT('',(245.44179276102,-21.61276246396,
    -13.97335109718));
#7122 = ORIENTED_EDGE('',*,*,#7123,.T.);
#7123 = EDGE_CURVE('',#7116,#6558,#7124,.T.);
#7124 = ( BOUNDED_CURVE() B_SPLINE_CURVE(9,(#7125,#7126,#7127,#7128,
    #7129,#7130,#7131,#7132,#7133,#7134,#7135,#7136,#7137,#7138,#7139,
    #7140,#7141,#7142,#7143,#7144,#7145,#7146,#7147,#7148,#7149,#7150,
    #7151,#7152,#7153,#7154,#7155,#7156,#7157,#7158,#7159,#7160,#7161,
    #7162,#7163,#7164,#7165,#7166),.UNSPECIFIED.,.F.,.F.) 
B_SPLINE_CURVE_WITH_KNOTS((10,8,8,8,8,10),(619.1020073488,
    624.27506912924,643.71472250567,668.32743766255,700.73658481189,
707.806394015),.UNSPECIFIED.) CURVE() GEOMETRIC_REPRESENTATION_ITEM() 
RATIONAL_B_SPLINE_CURVE((1.,1.,1.,1.,1.,1.,1.,1.,1.,1.,1.,1.,1.,1.,1.,1.
    ,1.,1.,1.,1.,1.,1.,1.,1.,1.,1.,1.,1.,1.,1.,1.,1.,1.,1.,1.,1.,1.,1.,
1.,1.,1.,1.)) REPRESENTATION_ITEM('') );
#7125 = CARTESIAN_POINT('',(245.44179280568,-21.61276245814,
    -13.97335109722));
#7126 = CARTESIAN_POINT('',(245.90301233023,-21.53792574563,
    -13.97388936971));
#7127 = CARTESIAN_POINT('',(246.3675111894,-21.46330900979,
    -13.97442135541));
#7128 = CARTESIAN_POINT('',(246.83230110981,-21.38827770764,
    -13.97495126973));
#7129 = CARTESIAN_POINT('',(247.25266091482,-21.3223681736,
    -13.97541205364));
#7130 = CARTESIAN_POINT('',(247.71149088051,-21.25022940855,
    -13.97591427754));
#7131 = CARTESIAN_POINT('',(248.15319638843,-21.18183735496,
    -13.97638468144));
#7132 = CARTESIAN_POINT('',(248.60143594994,-21.11313345876,
    -13.97685423608));
#7133 = CARTESIAN_POINT('',(249.04803527629,-21.04540226706,
    -13.97731308798));
#7134 = CARTESIAN_POINT('',(251.17421974998,-20.72647423501,
    -13.97945640099));
#7135 = CARTESIAN_POINT('',(252.85433136008,-20.48485950993,
    -13.98102775047));
#7136 = CARTESIAN_POINT('',(254.53518907019,-20.25351879432,
    -13.98248556791));
#7137 = CARTESIAN_POINT('',(256.2167393472,-20.03244430765,
    -13.98383727027));
#7138 = CARTESIAN_POINT('',(257.89893427161,-19.82162799392,
    -13.98508973824));
#7139 = CARTESIAN_POINT('',(259.58173153757,-19.62106152168,
    -13.98624931618));
#7140 = CARTESIAN_POINT('',(261.26509445284,-19.43073628403,
    -13.98732181211));
#7141 = CARTESIAN_POINT('',(262.94899193879,-19.2506433986,
    -13.98831249776));
#7142 = CARTESIAN_POINT('',(266.76604044777,-18.8657002061,
    -13.9903828391));
#7143 = CARTESIAN_POINT('',(268.89952596414,-18.6670141984,
    -13.99141620936));
#7144 = CARTESIAN_POINT('',(271.03375514788,-18.48470181845,
    -13.9923358202));
#7145 = CARTESIAN_POINT('',(273.16864136578,-18.31875028198,
    -13.99315024208));
#7146 = CARTESIAN_POINT('',(275.30411128306,-18.16914788646,
    -13.99386701502));
#7147 = CARTESIAN_POINT('',(277.44010486345,-18.0358840111,
    -13.99449264859));
#7148 = CARTESIAN_POINT('',(279.57657536909,-17.91894911687,
    -13.99503262192));
#7149 = CARTESIAN_POINT('',(281.71348936061,-17.81833474651,
    -13.99549138369));
#7150 = CARTESIAN_POINT('',(286.66519641632,-17.62302867627,
    -13.99637399778));
#7151 = CARTESIAN_POINT('',(289.48030476479,-17.54030206079,
    -13.99674096101));
#7152 = CARTESIAN_POINT('',(292.29630303005,-17.48585814869,
    -13.99698119659));
#7153 = CARTESIAN_POINT('',(295.11299029768,-17.45970178357,
    -13.99709999841));
#7154 = CARTESIAN_POINT('',(297.92994629645,-17.46183678519,
    -13.99710000613));
#7155 = CARTESIAN_POINT('',(300.74666424337,-17.49226455266,
    -13.99698121187));
#7156 = CARTESIAN_POINT('',(303.56268368888,-17.55098266767,
    -13.99674096679));
#7157 = CARTESIAN_POINT('',(306.3777233619,-17.6379834977,-13.9963739878
    ));
#7158 = CARTESIAN_POINT('',(309.80568650921,-17.7783979215,
    -13.99576293878));
#7159 = CARTESIAN_POINT('',(310.41882855058,-17.80475989208,
    -13.99564770156));
#7160 = CARTESIAN_POINT('',(311.03584102301,-17.83313879899,
    -13.99552285102));
#7161 = CARTESIAN_POINT('',(311.64312476692,-17.86141194186,
    -13.99539816024));
#7162 = CARTESIAN_POINT('',(312.26313399043,-17.89249701259,
    -13.99525998764));
#7163 = CARTESIAN_POINT('',(312.87766794482,-17.92492798505,
    -13.99511499759));
#7164 = CARTESIAN_POINT('',(313.47391474783,-17.95634347006,
    -13.99497409605));
#7165 = CARTESIAN_POINT('',(314.12940743806,-17.99374918595,
    -13.99480480985));
#7166 = CARTESIAN_POINT('',(314.7144985439,-18.02797808908,
    -13.99464906147));
#7167 = ORIENTED_EDGE('',*,*,#6557,.F.);
#7168 = ORIENTED_EDGE('',*,*,#3388,.F.);
#7169 = ( BOUNDED_SURFACE() B_SPLINE_SURFACE(2,9,(
    (#7170,#7171,#7172,#7173,#7174,#7175,#7176,#7177,#7178,#7179,#7180
      ,#7181,#7182,#7183,#7184,#7185,#7186,#7187,#7188,#7189,#7190,#7191
      ,#7192,#7193,#7194,#7195,#7196,#7197,#7198,#7199,#7200,#7201,#7202
      ,#7203,#7204,#7205,#7206,#7207,#7208,#7209,#7210,#7211)
    ,(#7212,#7213,#7214,#7215,#7216,#7217,#7218,#7219,#7220,#7221,#7222
      ,#7223,#7224,#7225,#7226,#7227,#7228,#7229,#7230,#7231,#7232,#7233
      ,#7234,#7235,#7236,#7237,#7238,#7239,#7240,#7241,#7242,#7243,#7244
      ,#7245,#7246,#7247,#7248,#7249,#7250,#7251,#7252,#7253)
    ,(#7254,#7255,#7256,#7257,#7258,#7259,#7260,#7261,#7262,#7263,#7264
      ,#7265,#7266,#7267,#7268,#7269,#7270,#7271,#7272,#7273,#7274,#7275
      ,#7276,#7277,#7278,#7279,#7280,#7281,#7282,#7283,#7284,#7285,#7286
      ,#7287,#7288,#7289,#7290,#7291,#7292,#7293,#7294,#7295
)),.UNSPECIFIED.,.F.,.F.,.F.) B_SPLINE_SURFACE_WITH_KNOTS((3,3),(10,8,8,
    8,8,10),(0.,88.704386666199),(619.1020073488,624.27506912924,
    643.71472250567,668.32743766255,700.73658481189,707.806394015),
.UNSPECIFIED.) GEOMETRIC_REPRESENTATION_ITEM() RATIONAL_B_SPLINE_SURFACE
((
    (1.,1.,1.,1.,1.,1.,1.,1.,1.,1.,1.,1.,1.,1.,1.,1.,1.,1.,1.,1.,1.,1.
      ,1.,1.,1.,1.,1.,1.,1.,1.,1.,1.,1.,1.,1.,1.,1.,1.,1.,1.,1.,1.)
    ,(0.704602047325,0.704622859497,0.704643617424,0.704661990693
      ,0.704678491268,0.704697131633,0.704714032708,0.704731507844
      ,0.704748488339,0.704828412263,0.704888375567,0.70494527068
      ,0.704999185085,0.705050199601,0.705098388382,0.705143818918
      ,0.705186552035,0.705277400019,0.70532392406,0.705366323252
      ,0.705404694927,0.705439124512,0.705469685528,0.705496439593
      ,0.705519436422,0.705564097621,0.705583036523,0.705595615741
      ,0.705601891629,0.705601892007,0.705595616487,0.705583036805
      ,0.705564097141,0.705533177405,0.705527281535,0.705521319598
      ,0.705514637836,0.705507806038,0.70550109032,0.705493652704
      ,0.705485051711,0.705477768332)
    ,(1.,1.,1.,1.,1.,1.,1.,1.,1.,1.,1.,1.,1.,1.,1.,1.,1.,1.,1.,1.,1.,1.
      ,1.,1.,1.,1.,1.,1.,1.,1.,1.,1.,1.,1.,1.,1.,1.,1.,1.,1.,1.,1.
))) REPRESENTATION_ITEM('') SURFACE() );
#7170 = CARTESIAN_POINT('',(245.31370816609,-20.61384094006,
    -12.97340412591));
#7171 = CARTESIAN_POINT('',(245.76185719807,-20.54074875552,
    -12.97393253787));
#7172 = CARTESIAN_POINT('',(246.20973325907,-20.46844366099,
    -12.9744509489));
#7173 = CARTESIAN_POINT('',(246.65709800874,-20.39695942952,
    -12.97495231011));
#7174 = CARTESIAN_POINT('',(247.1062775199,-20.32592496501,
    -12.97544784628));
#7175 = CARTESIAN_POINT('',(247.55332805052,-20.25597398734,
    -12.97593313312));
#7176 = CARTESIAN_POINT('',(248.002013177,-20.18649763649,
    -12.97640921276));
#7177 = CARTESIAN_POINT('',(248.45001145472,-20.11787287639,
    -12.97687697309));
#7178 = CARTESIAN_POINT('',(248.89828093043,-20.04994302619,
    -12.97733566612));
#7179 = CARTESIAN_POINT('',(251.0312075508,-19.73023834817,
    -12.97947742393));
#7180 = CARTESIAN_POINT('',(252.71664628181,-19.48803333091,
    -12.98104764604));
#7181 = CARTESIAN_POINT('',(254.40283332773,-19.25612568663,
    -12.98250442873));
#7182 = CARTESIAN_POINT('',(256.08971524782,-19.03450787057,
    -12.98385518132));
#7183 = CARTESIAN_POINT('',(257.77724412041,-18.82317205431,
    -12.98510677745));
#7184 = CARTESIAN_POINT('',(259.46537754289,-18.6221101258,
    -12.98626555511));
#7185 = CARTESIAN_POINT('',(261.15407863173,-18.43131368934,
    -12.98733731661));
#7186 = CARTESIAN_POINT('',(262.84331602246,-18.2507740656,
    -12.98832732859));
#7187 = CARTESIAN_POINT('',(266.67246839745,-17.86487438718,
    -12.99039627096));
#7188 = CARTESIAN_POINT('',(268.81272063004,-17.66569337087,
    -12.99142895004));
#7189 = CARTESIAN_POINT('',(270.95371806006,-17.48292586166,
    -12.99234795086));
#7190 = CARTESIAN_POINT('',(273.09537205426,-17.3165594615,
    -12.99316183588));
#7191 = CARTESIAN_POINT('',(275.23760785366,-17.16658275519,
    -12.99387813842));
#7192 = CARTESIAN_POINT('',(277.38036457347,-17.03298531049,
    -12.99450336264));
#7193 = CARTESIAN_POINT('',(279.52359520314,-16.91575767802,
    -12.99504298358));
#7194 = CARTESIAN_POINT('',(281.66726660632,-16.81489139134,
    -12.99550144714));
#7195 = CARTESIAN_POINT('',(286.63462474486,-16.61909601487,
    -12.99638349242));
#7196 = CARTESIAN_POINT('',(289.45864710112,-16.53616149881,
    -12.99675022203));
#7197 = CARTESIAN_POINT('',(292.28358305085,-16.48157963836,
    -12.99699030901));
#7198 = CARTESIAN_POINT('',(295.10923490296,-16.45535644096,
    -12.99710904079));
#7199 = CARTESIAN_POINT('',(297.93518005304,-16.45749734942,
    -12.99710905115));
#7200 = CARTESIAN_POINT('',(300.7609002223,-16.48800488958,
    -12.99699032922));
#7201 = CARTESIAN_POINT('',(303.5859106966,-16.5468763179,
    -12.99675022859));
#7202 = CARTESIAN_POINT('',(306.40988956534,-16.63410126911,
    -12.99638347627));
#7203 = CARTESIAN_POINT('',(309.84860494148,-16.77486753292,
    -12.9957728282));
#7204 = CARTESIAN_POINT('',(310.46433265369,-16.80142288315,
    -12.995656846));
#7205 = CARTESIAN_POINT('',(311.08017847508,-16.82933727217,
    -12.99553544778));
#7206 = CARTESIAN_POINT('',(311.69563098066,-16.85857892721,
    -12.99540546614));
#7207 = CARTESIAN_POINT('',(312.31149415582,-16.88919656712,
    -12.99527008972));
#7208 = CARTESIAN_POINT('',(312.92735876531,-16.92116781452,
    -12.99512912124));
#7209 = CARTESIAN_POINT('',(313.54237391119,-16.95444189408,
    -12.9949787837));
#7210 = CARTESIAN_POINT('',(314.15814890559,-16.98911177017,
    -12.99482183941));
#7211 = CARTESIAN_POINT('',(314.77360167753,-17.02511607495,
    -12.99465952463));
#7212 = CARTESIAN_POINT('',(245.31288824484,-20.61397466753,
    -13.98050087682));
#7213 = CARTESIAN_POINT('',(245.76094635975,-20.54089610431,
    -13.98097013368));
#7214 = CARTESIAN_POINT('',(246.20871381232,-20.46860725448,
    -13.98142952851));
#7215 = CARTESIAN_POINT('',(246.65597477996,-20.3971378015,
    -13.9818786089));
#7216 = CARTESIAN_POINT('',(247.10534308448,-20.32607118832,
    -13.98232752971));
#7217 = CARTESIAN_POINT('',(247.55232417314,-20.25613073243,
    -13.98275982596));
#7218 = CARTESIAN_POINT('',(248.00106552559,-20.18664358385,
    -13.98318799925));
#7219 = CARTESIAN_POINT('',(248.44907415238,-20.11801609318,
    -13.98360617344));
#7220 = CARTESIAN_POINT('',(248.89736925064,-20.05008097448,
    -13.98401670045));
#7221 = CARTESIAN_POINT('',(251.03022861755,-19.73038020921,
    -13.98593158373));
#7222 = CARTESIAN_POINT('',(252.71562320112,-19.48817588539,
    -13.98733162976));
#7223 = CARTESIAN_POINT('',(254.40180875803,-19.25626241567,
    -13.98862700154));
#7224 = CARTESIAN_POINT('',(256.08872552266,-19.03463398861,
    -13.98982484338));
#7225 = CARTESIAN_POINT('',(257.77631946225,-18.82328432206,
    -13.99093178483));
#7226 = CARTESIAN_POINT('',(259.46454235135,-18.62220664079,
    -13.99195394126));
#7227 = CARTESIAN_POINT('',(261.15335184685,-18.43139365563,
    -13.99289691453));
#7228 = CARTESIAN_POINT('',(262.84271156345,-18.25083754404,
    -13.99376579342));
#7229 = CARTESIAN_POINT('',(266.67188687136,-17.86492975042,
    -13.99557710145));
#7230 = CARTESIAN_POINT('',(268.81208847344,-17.66574901136,
    -13.99647783669));
#7231 = CARTESIAN_POINT('',(270.95308539308,-17.48297661095,
    -13.9972766271));
#7232 = CARTESIAN_POINT('',(273.09478030164,-17.31660217297,
    -13.99798174515));
#7233 = CARTESIAN_POINT('',(275.23708927461,-17.16661601002,
    -13.99860046958));
#7234 = CARTESIAN_POINT('',(277.37994196307,-17.0330090889,
    -13.99913908625));
#7235 = CARTESIAN_POINT('',(279.52328176669,-16.91577300023,
    -13.99960288885));
#7236 = CARTESIAN_POINT('',(281.66706600793,-16.81489993225,
    -13.99999617955));
#7237 = CARTESIAN_POINT('',(286.63449375155,-16.61910034332,
    -14.00075162585));
#7238 = CARTESIAN_POINT('',(289.45853616011,-16.53616332963,
    -14.00106467685));
#7239 = CARTESIAN_POINT('',(292.28352396003,-16.48157950576,
    -14.00126911526));
#7240 = CARTESIAN_POINT('',(295.10923448436,-16.45535602729,
    -14.00137006101));
#7241 = CARTESIAN_POINT('',(297.93522507709,-16.45749787396,
    -14.00137006763));
#7242 = CARTESIAN_POINT('',(300.76096635038,-16.4880064335,
    -14.00126912836));
#7243 = CARTESIAN_POINT('',(303.58597541919,-16.54687810189,
    -14.00106468182));
#7244 = CARTESIAN_POINT('',(306.40994913738,-16.63410289978,
    -14.00075161731));
#7245 = CARTESIAN_POINT('',(309.84872905334,-16.77487278978,
    -14.00022861885));
#7246 = CARTESIAN_POINT('',(310.46449434399,-16.8014301021,
    -14.00012934365));
#7247 = CARTESIAN_POINT('',(311.08036247865,-16.82934543254,
    -14.00002484914));
#7248 = CARTESIAN_POINT('',(311.6958654988,-16.85859066911,
    -13.99991378855));
#7249 = CARTESIAN_POINT('',(312.311704434,-16.88920716452,
    -13.99979778748));
#7250 = CARTESIAN_POINT('',(312.92755990767,-16.9211779947,
    -13.99967586794));
#7251 = CARTESIAN_POINT('',(313.54265510729,-16.95445785527,
    -13.99954658387));
#7252 = CARTESIAN_POINT('',(314.15826502527,-16.98911811018,
    -13.99941406707));
#7253 = CARTESIAN_POINT('',(314.77383356662,-17.02512964058,
    -13.99927237376));
#7254 = CARTESIAN_POINT('',(245.44179280568,-21.61276245814,
    -13.97335109722));
#7255 = CARTESIAN_POINT('',(245.90301233023,-21.53792574563,
    -13.97388936971));
#7256 = CARTESIAN_POINT('',(246.3675111894,-21.46330900979,
    -13.97442135541));
#7257 = CARTESIAN_POINT('',(246.83230110981,-21.38827770764,
    -13.97495126973));
#7258 = CARTESIAN_POINT('',(247.25266091482,-21.3223681736,
    -13.97541205364));
#7259 = CARTESIAN_POINT('',(247.71149088051,-21.25022940855,
    -13.97591427754));
#7260 = CARTESIAN_POINT('',(248.15319638843,-21.18183735496,
    -13.97638468144));
#7261 = CARTESIAN_POINT('',(248.60143594994,-21.11313345876,
    -13.97685423608));
#7262 = CARTESIAN_POINT('',(249.04803527629,-21.04540226706,
    -13.97731308798));
#7263 = CARTESIAN_POINT('',(251.17421974998,-20.72647423501,
    -13.97945640099));
#7264 = CARTESIAN_POINT('',(252.85433136008,-20.48485950993,
    -13.98102775047));
#7265 = CARTESIAN_POINT('',(254.53518907019,-20.25351879432,
    -13.98248556791));
#7266 = CARTESIAN_POINT('',(256.2167393472,-20.03244430765,
    -13.98383727027));
#7267 = CARTESIAN_POINT('',(257.89893427161,-19.82162799392,
    -13.98508973824));
#7268 = CARTESIAN_POINT('',(259.58173153757,-19.62106152168,
    -13.98624931618));
#7269 = CARTESIAN_POINT('',(261.26509445284,-19.43073628403,
    -13.98732181211));
#7270 = CARTESIAN_POINT('',(262.94899193879,-19.2506433986,
    -13.98831249776));
#7271 = CARTESIAN_POINT('',(266.76604044777,-18.8657002061,
    -13.9903828391));
#7272 = CARTESIAN_POINT('',(268.89952596414,-18.6670141984,
    -13.99141620936));
#7273 = CARTESIAN_POINT('',(271.03375514788,-18.48470181845,
    -13.9923358202));
#7274 = CARTESIAN_POINT('',(273.16864136578,-18.31875028198,
    -13.99315024208));
#7275 = CARTESIAN_POINT('',(275.30411128306,-18.16914788646,
    -13.99386701502));
#7276 = CARTESIAN_POINT('',(277.44010486345,-18.0358840111,
    -13.99449264859));
#7277 = CARTESIAN_POINT('',(279.57657536909,-17.91894911687,
    -13.99503262192));
#7278 = CARTESIAN_POINT('',(281.71348936061,-17.81833474651,
    -13.99549138369));
#7279 = CARTESIAN_POINT('',(286.66519641632,-17.62302867627,
    -13.99637399778));
#7280 = CARTESIAN_POINT('',(289.48030476479,-17.54030206079,
    -13.99674096101));
#7281 = CARTESIAN_POINT('',(292.29630303005,-17.48585814869,
    -13.99698119659));
#7282 = CARTESIAN_POINT('',(295.11299029768,-17.45970178357,
    -13.99709999841));
#7283 = CARTESIAN_POINT('',(297.92994629645,-17.46183678519,
    -13.99710000613));
#7284 = CARTESIAN_POINT('',(300.74666424337,-17.49226455266,
    -13.99698121187));
#7285 = CARTESIAN_POINT('',(303.56268368888,-17.55098266767,
    -13.99674096679));
#7286 = CARTESIAN_POINT('',(306.3777233619,-17.6379834977,-13.9963739878
    ));
#7287 = CARTESIAN_POINT('',(309.80568650921,-17.7783979215,
    -13.99576293878));
#7288 = CARTESIAN_POINT('',(310.41882855058,-17.80475989208,
    -13.99564770156));
#7289 = CARTESIAN_POINT('',(311.03584102301,-17.83313879899,
    -13.99552285102));
#7290 = CARTESIAN_POINT('',(311.64312476692,-17.86141194186,
    -13.99539816024));
#7291 = CARTESIAN_POINT('',(312.26313399043,-17.89249701259,
    -13.99525998764));
#7292 = CARTESIAN_POINT('',(312.87766794482,-17.92492798505,
    -13.99511499759));
#7293 = CARTESIAN_POINT('',(313.47391474783,-17.95634347006,
    -13.99497409605));
#7294 = CARTESIAN_POINT('',(314.12940743806,-17.99374918595,
    -13.99480480985));
#7295 = CARTESIAN_POINT('',(314.7144985439,-18.02797808908,
    -13.99464906147));
#7296 = ADVANCED_FACE('',(#7297),#7424,.F.);
#7297 = FACE_BOUND('',#7298,.F.);
#7298 = EDGE_LOOP('',(#7299,#7300,#7417,#7423));
#7299 = ORIENTED_EDGE('',*,*,#6948,.T.);
#7300 = ORIENTED_EDGE('',*,*,#7301,.T.);
#7301 = EDGE_CURVE('',#6892,#7302,#7304,.T.);
#7302 = VERTEX_POINT('',#7303);
#7303 = CARTESIAN_POINT('',(25.694800726209,-22.541245287,
    -13.96505401393));
#7304 = ( BOUNDED_CURVE() B_SPLINE_CURVE(12,(#7305,#7306,#7307,#7308,
    #7309,#7310,#7311,#7312,#7313,#7314,#7315,#7316,#7317,#7318,#7319,
    #7320,#7321,#7322,#7323,#7324,#7325,#7326,#7327,#7328,#7329,#7330,
    #7331,#7332,#7333,#7334,#7335,#7336,#7337,#7338,#7339,#7340,#7341,
    #7342,#7343,#7344,#7345,#7346,#7347,#7348,#7349,#7350,#7351,#7352,
    #7353,#7354,#7355,#7356,#7357,#7358,#7359,#7360,#7361,#7362,#7363,
    #7364,#7365,#7366,#7367,#7368,#7369,#7370,#7371,#7372,#7373,#7374,
    #7375,#7376,#7377,#7378,#7379,#7380,#7381,#7382,#7383,#7384,#7385,
    #7386,#7387,#7388,#7389,#7390,#7391,#7392,#7393,#7394,#7395,#7396,
    #7397,#7398,#7399,#7400,#7401,#7402,#7403,#7404,#7405,#7406,#7407,
    #7408,#7409,#7410,#7411,#7412,#7413,#7414,#7415,#7416),
.UNSPECIFIED.,.F.,.F.) B_SPLINE_CURVE_WITH_KNOTS((13,11,11,11,11,11,11,
    11,11,11,13),(255.31824165354,255.32491746163,268.1654416352,
    281.07339892286,293.97656607555,297.32566836803,299.00021951427,
    300.67477066051,307.37297524547,321.0020041023,334.66936617107),
.UNSPECIFIED.) CURVE() GEOMETRIC_REPRESENTATION_ITEM() 
RATIONAL_B_SPLINE_CURVE((1.,1.,0.999999999999,1.000000000001,
    0.999999999997,1.000000000004,0.999999999996,1.000000000003,
    0.999999999998,1.000000000001,1.,1.,1.,1.,0.999999999999,
    1.000000000001,0.999999999999,1.000000000002,0.999999999999,
    1.000000000001,1.,1.,1.,1.,1.,1.,0.999999999999,1.000000000001,
    0.999999999999,1.000000000001,1.,1.,1.,1.,1.,1.,1.,1.,1.000000000001
    ,0.999999999999,1.000000000001,1.,1.,1.,1.,1.,0.999999999999,
    1.000000000002,0.999999999996,1.000000000005,0.999999999995,
    1.000000000004,0.999999999997,1.000000000001,0.999999999999,1.,1.,1.
    ,0.999999999999,1.000000000002,0.999999999997,1.000000000003,
    0.999999999997,1.000000000002,0.999999999999,1.,1.,1.,1.,
    0.999999999999,1.000000000002,0.999999999997,1.000000000004,
    0.999999999996,1.000000000002,0.999999999999,1.,1.,1.,1.,1.,
    0.999999999999,1.000000000001,0.999999999999,1.000000000001,1.,1.,1.
    ,1.,1.,0.999999999999,1.000000000001,0.999999999998,1.000000000003,
    0.999999999997,1.000000000002,0.999999999999,1.000000000001,1.,1.,1.
    ,0.999999999999,1.000000000002,0.999999999996,1.000000000006,
    0.999999999994,1.000000000005,0.999999999997,1.000000000002,
0.999999999999,1.,1.)) REPRESENTATION_ITEM('') );
#7305 = CARTESIAN_POINT('',(25.694799700523,-110.5778276927,
    -8.242644145612));
#7306 = CARTESIAN_POINT('',(25.694799815992,-110.5772538801,
    -8.242648428343));
#7307 = CARTESIAN_POINT('',(25.6947999214,-110.5766769218,
    -8.242652734819));
#7308 = CARTESIAN_POINT('',(25.694800016744,-110.5760966815,
    -8.242657066062));
#7309 = CARTESIAN_POINT('',(25.694800102018,-110.5755130233,
    -8.242661423094));
#7310 = CARTESIAN_POINT('',(25.694800177219,-110.5749258109,
    -8.242665806939));
#7311 = CARTESIAN_POINT('',(25.694800242341,-110.5743349086,
    -8.242670218617));
#7312 = CARTESIAN_POINT('',(25.694800297382,-110.5737401796,
    -8.242674659151));
#7313 = CARTESIAN_POINT('',(25.694800342336,-110.5731414885,
    -8.242679129564));
#7314 = CARTESIAN_POINT('',(25.694800377198,-110.5725386988,
    -8.242683630878));
#7315 = CARTESIAN_POINT('',(25.694800401965,-110.5719316745,
    -8.242688164116));
#7316 = CARTESIAN_POINT('',(25.694800416633,-110.5713202795,
    -8.242692730299));
#7317 = CARTESIAN_POINT('',(25.69480919805,-109.3860534302,
    -8.251545450722));
#7318 = CARTESIAN_POINT('',(25.69479583969,-108.18356192,-8.261667596654
    ));
#7319 = CARTESIAN_POINT('',(25.694799368169,-106.9932654131,
    -8.272979755288));
#7320 = CARTESIAN_POINT('',(25.694804167185,-105.8076605946,
    -8.285491713369));
#7321 = CARTESIAN_POINT('',(25.69480133396,-104.6162881293,
    -8.299383943546));
#7322 = CARTESIAN_POINT('',(25.694796042531,-103.4182892357,
    -8.314834493108));
#7323 = CARTESIAN_POINT('',(25.694795305629,-102.2207961928,
    -8.331886177056));
#7324 = CARTESIAN_POINT('',(25.694798135162,-101.0306077929,
    -8.350489210103));
#7325 = CARTESIAN_POINT('',(25.694797714421,-99.84619155052,
    -8.370699244759));
#7326 = CARTESIAN_POINT('',(25.694792807895,-98.65664527617,
    -8.392855615422));
#7327 = CARTESIAN_POINT('',(25.694793247686,-97.45384141822,
    -8.417409421034));
#7328 = CARTESIAN_POINT('',(25.694790642172,-95.06704450759,
    -8.470561603161));
#7329 = CARTESIAN_POINT('',(25.694789255907,-93.883206499,-8.49916349088
    ));
#7330 = CARTESIAN_POINT('',(25.694787728168,-92.67070701616,
    -8.530806060013));
#7331 = CARTESIAN_POINT('',(25.694786078965,-91.45624285637,
    -8.565244304867));
#7332 = CARTESIAN_POINT('',(25.694784302455,-90.2622965378,
    -8.602230349449));
#7333 = CARTESIAN_POINT('',(25.694782386387,-89.08421404602,
    -8.641805044748));
#7334 = CARTESIAN_POINT('',(25.694780299401,-87.89931710335,
    -8.684646962427));
#7335 = CARTESIAN_POINT('',(25.694777965457,-86.69052293152,
    -8.732065729978));
#7336 = CARTESIAN_POINT('',(25.694775300107,-85.46685264021,
    -8.785013241377));
#7337 = CARTESIAN_POINT('',(25.694772315809,-84.26325111603,
    -8.842564930672));
#7338 = CARTESIAN_POINT('',(25.694769113373,-83.10231658816,
    -8.902694012856));
#7339 = CARTESIAN_POINT('',(25.694761415171,-80.69982312829,
    -9.040929088518));
#7340 = CARTESIAN_POINT('',(25.694756899982,-79.45828145297,
    -9.119023518986));
#7341 = CARTESIAN_POINT('',(25.694752060462,-78.28624406085,
    -9.20174037854));
#7342 = CARTESIAN_POINT('',(25.694745989103,-77.14115816158,
    -9.289715694499));
#7343 = CARTESIAN_POINT('',(25.694740512034,-75.96667301824,
    -9.390906933413));
#7344 = CARTESIAN_POINT('',(25.694730786275,-74.7404311917,
    -9.503119596159));
#7345 = CARTESIAN_POINT('',(25.694722396497,-73.50122925779,
    -9.642334058683));
#7346 = CARTESIAN_POINT('',(25.694709149079,-72.28315768364,
    -9.790189316426));
#7347 = CARTESIAN_POINT('',(25.694692048738,-71.1295487414,
    -9.971948142276));
#7348 = CARTESIAN_POINT('',(25.694675388772,-70.00412671393,
    -10.16056406064));
#7349 = CARTESIAN_POINT('',(25.694643304678,-68.86034136854,
    -10.40918788624));
#7350 = CARTESIAN_POINT('',(25.694611223572,-67.33398003937,
    -10.8063276138));
#7351 = CARTESIAN_POINT('',(25.694605072254,-67.01484429815,
    -10.89263988857));
#7352 = CARTESIAN_POINT('',(25.694599820945,-66.6974008644,
    -10.98176102751));
#7353 = CARTESIAN_POINT('',(25.694596093765,-66.38512622832,
    -11.07202733986));
#7354 = CARTESIAN_POINT('',(25.694594380184,-66.07942452316,
    -11.16193777272));
#7355 = CARTESIAN_POINT('',(25.694594890108,-65.78026019545,
    -11.25026299527));
#7356 = CARTESIAN_POINT('',(25.694597539014,-65.48668354976,
    -11.33610419166));
#7357 = CARTESIAN_POINT('',(25.694602019767,-65.19725156437,
    -11.41890361884));
#7358 = CARTESIAN_POINT('',(25.694607917672,-64.91034637447,
    -11.49840898505));
#7359 = CARTESIAN_POINT('',(25.694614825396,-64.62439381909,
    -11.57459370542));
#7360 = CARTESIAN_POINT('',(25.694622414321,-64.3379844485,
    -11.64753509038));
#7361 = CARTESIAN_POINT('',(25.694634421266,-63.90585685814,
    -11.75211123947));
#7362 = CARTESIAN_POINT('',(25.694638591849,-63.76139910471,
    -11.78617626003));
#7363 = CARTESIAN_POINT('',(25.69464265367,-63.61636989359,
    -11.81941510128));
#7364 = CARTESIAN_POINT('',(25.694646801047,-63.47064909804,
    -11.85190707867));
#7365 = CARTESIAN_POINT('',(25.694651125638,-63.32411882627,
    -11.88365069492));
#7366 = CARTESIAN_POINT('',(25.694655502146,-63.1766735746,
    -11.91460000349));
#7367 = CARTESIAN_POINT('',(25.694659703573,-63.02823916706,
    -11.94475312724));
#7368 = CARTESIAN_POINT('',(25.694663570725,-62.87877984395,
    -11.97418817788));
#7369 = CARTESIAN_POINT('',(25.694667115759,-62.72828746313,
    -12.00301388665));
#7370 = CARTESIAN_POINT('',(25.694670494363,-62.57676137959,
    -12.03127432201));
#7371 = CARTESIAN_POINT('',(25.69467383628,-62.42420217031,
    -12.05891913501));
#7372 = CARTESIAN_POINT('',(25.694680121146,-62.11711177584,
    -12.11312654154));
#7373 = CARTESIAN_POINT('',(25.694683115981,-61.96257904193,
    -12.13967849039));
#7374 = CARTESIAN_POINT('',(25.694685974841,-61.80709267971,
    -12.16570087207));
#7375 = CARTESIAN_POINT('',(25.694688707837,-61.65070690265,
    -12.19121115948));
#7376 = CARTESIAN_POINT('',(25.694691323743,-61.49349365578,
    -12.21622280361));
#7377 = CARTESIAN_POINT('',(25.694693830176,-61.33554004207,
    -12.24074592615));
#7378 = CARTESIAN_POINT('',(25.69469623377,-61.17694574892,
    -12.26478801189));
#7379 = CARTESIAN_POINT('',(25.694698540353,-61.01782047455,
    -12.2883546013));
#7380 = CARTESIAN_POINT('',(25.694700755125,-60.85828135444,
    -12.31144998303));
#7381 = CARTESIAN_POINT('',(25.694702882834,-60.69845038779,
    -12.33407788639));
#7382 = CARTESIAN_POINT('',(25.694704927953,-60.5384518639,
    -12.35624217387));
#7383 = CARTESIAN_POINT('',(25.694714762471,-59.73824148769,
    -12.46476897282));
#7384 = CARTESIAN_POINT('',(25.694721377012,-59.09736448917,
    -12.54424539156));
#7385 = CARTESIAN_POINT('',(25.694727000248,-58.46364236511,
    -12.61661758375));
#7386 = CARTESIAN_POINT('',(25.69473182179,-57.8445814204,-12.6822373174
    ));
#7387 = CARTESIAN_POINT('',(25.694736005215,-57.24428883522,
    -12.74180844217));
#7388 = CARTESIAN_POINT('',(25.694739707829,-56.66049473962,
    -12.79651559614));
#7389 = CARTESIAN_POINT('',(25.694743080799,-56.08301116029,
    -12.84795682469));
#7390 = CARTESIAN_POINT('',(25.694746255117,-55.4949230583,
    -12.8978459265));
#7391 = CARTESIAN_POINT('',(25.694749318378,-54.87776504523,
    -12.94750044918));
#7392 = CARTESIAN_POINT('',(25.694752287768,-54.22193180606,
    -12.99718197193));
#7393 = CARTESIAN_POINT('',(25.694755085841,-53.54360078961,
    -13.04540663332));
#7394 = CARTESIAN_POINT('',(25.69476249638,-51.61931437751,
    -13.17586705896));
#7395 = CARTESIAN_POINT('',(25.694765992454,-50.5122939185,
    -13.24166922435));
#7396 = CARTESIAN_POINT('',(25.694769941817,-49.22582699219,
    -13.31600251096));
#7397 = CARTESIAN_POINT('',(25.694773352779,-47.8518062395,
    -13.38474737042));
#7398 = CARTESIAN_POINT('',(25.694776155157,-46.53892609213,
    -13.44257275041));
#7399 = CARTESIAN_POINT('',(25.694778581861,-45.32736175995,
    -13.49224870938));
#7400 = CARTESIAN_POINT('',(25.694780776291,-44.14633118381,
    -13.5380369569));
#7401 = CARTESIAN_POINT('',(25.694782877334,-42.90020696353,
    -13.58264648007));
#7402 = CARTESIAN_POINT('',(25.694784934377,-41.56811084122,
    -13.62574305633));
#7403 = CARTESIAN_POINT('',(25.694786757492,-40.24305388557,
    -13.66421616296));
#7404 = CARTESIAN_POINT('',(25.694788332994,-39.0374583415,
    -13.69715958732));
#7405 = CARTESIAN_POINT('',(25.694791375521,-36.51918406044,
    -13.76020480798));
#7406 = CARTESIAN_POINT('',(25.694791108454,-35.20616725872,
    -13.79027694574));
#7407 = CARTESIAN_POINT('',(25.694796314981,-33.94845958492,
    -13.81619078041));
#7408 = CARTESIAN_POINT('',(25.694796929834,-32.71153836293,
    -13.83954170657));
#7409 = CARTESIAN_POINT('',(25.694794129318,-31.45074458891,
    -13.86145694911));
#7410 = CARTESIAN_POINT('',(25.694794889332,-30.16039187169,
    -13.88179585933));
#7411 = CARTESIAN_POINT('',(25.694800372812,-28.86826966004,
    -13.89998223271));
#7412 = CARTESIAN_POINT('',(25.69480354306,-27.60309470061,
    -13.91591460069));
#7413 = CARTESIAN_POINT('',(25.694798953776,-26.36192637446,
    -13.9301418011));
#7414 = CARTESIAN_POINT('',(25.694795220709,-25.10402326619,
    -13.94323248532));
#7415 = CARTESIAN_POINT('',(25.694808234226,-23.79708002572,
    -13.95500857239));
#7416 = CARTESIAN_POINT('',(25.694800726209,-22.541245287,
    -13.96505401393));
#7417 = ORIENTED_EDGE('',*,*,#7418,.F.);
#7418 = EDGE_CURVE('',#3444,#7302,#7419,.T.);
#7419 = ( BOUNDED_CURVE() B_SPLINE_CURVE(2,(#7420,#7421,#7422),
.UNSPECIFIED.,.F.,.F.) B_SPLINE_CURVE_WITH_KNOTS((3,3),(0.,
79.351124517529),.PIECEWISE_BEZIER_KNOTS.) CURVE() 
GEOMETRIC_REPRESENTATION_ITEM() RATIONAL_B_SPLINE_CURVE((1.,
0.707109044034,1.)) REPRESENTATION_ITEM('') );
#7420 = CARTESIAN_POINT('',(24.694808836132,-22.5352756543,
    -12.96507012274));
#7421 = CARTESIAN_POINT('',(24.694808836132,-22.54309428935,
    -13.96503315626));
#7422 = CARTESIAN_POINT('',(25.694800726209,-22.541245287,
    -13.96505401393));
#7423 = ORIENTED_EDGE('',*,*,#3451,.F.);
#7424 = ( BOUNDED_SURFACE() B_SPLINE_SURFACE(2,12,(
    (#7425,#7426,#7427,#7428,#7429,#7430,#7431,#7432,#7433,#7434,#7435
      ,#7436,#7437,#7438,#7439,#7440,#7441,#7442,#7443,#7444,#7445,#7446
      ,#7447,#7448,#7449,#7450,#7451,#7452,#7453,#7454,#7455,#7456,#7457
      ,#7458,#7459,#7460,#7461,#7462,#7463,#7464,#7465,#7466,#7467,#7468
      ,#7469,#7470,#7471,#7472,#7473,#7474,#7475,#7476,#7477,#7478,#7479
      ,#7480,#7481,#7482,#7483,#7484,#7485,#7486,#7487,#7488,#7489,#7490
      ,#7491,#7492,#7493,#7494,#7495,#7496,#7497,#7498,#7499,#7500,#7501
      ,#7502,#7503,#7504,#7505,#7506,#7507,#7508,#7509,#7510,#7511,#7512
      ,#7513,#7514,#7515,#7516,#7517,#7518,#7519,#7520,#7521,#7522,#7523
      ,#7524,#7525,#7526,#7527,#7528,#7529,#7530,#7531,#7532,#7533,#7534
      ,#7535,#7536)
    ,(#7537,#7538,#7539,#7540,#7541,#7542,#7543,#7544,#7545,#7546,#7547
      ,#7548,#7549,#7550,#7551,#7552,#7553,#7554,#7555,#7556,#7557,#7558
      ,#7559,#7560,#7561,#7562,#7563,#7564,#7565,#7566,#7567,#7568,#7569
      ,#7570,#7571,#7572,#7573,#7574,#7575,#7576,#7577,#7578,#7579,#7580
      ,#7581,#7582,#7583,#7584,#7585,#7586,#7587,#7588,#7589,#7590,#7591
      ,#7592,#7593,#7594,#7595,#7596,#7597,#7598,#7599,#7600,#7601,#7602
      ,#7603,#7604,#7605,#7606,#7607,#7608,#7609,#7610,#7611,#7612,#7613
      ,#7614,#7615,#7616,#7617,#7618,#7619,#7620,#7621,#7622,#7623,#7624
      ,#7625,#7626,#7627,#7628,#7629,#7630,#7631,#7632,#7633,#7634,#7635
      ,#7636,#7637,#7638,#7639,#7640,#7641,#7642,#7643,#7644,#7645,#7646
      ,#7647,#7648)
    ,(#7649,#7650,#7651,#7652,#7653,#7654,#7655,#7656,#7657,#7658,#7659
      ,#7660,#7661,#7662,#7663,#7664,#7665,#7666,#7667,#7668,#7669,#7670
      ,#7671,#7672,#7673,#7674,#7675,#7676,#7677,#7678,#7679,#7680,#7681
      ,#7682,#7683,#7684,#7685,#7686,#7687,#7688,#7689,#7690,#7691,#7692
      ,#7693,#7694,#7695,#7696,#7697,#7698,#7699,#7700,#7701,#7702,#7703
      ,#7704,#7705,#7706,#7707,#7708,#7709,#7710,#7711,#7712,#7713,#7714
      ,#7715,#7716,#7717,#7718,#7719,#7720,#7721,#7722,#7723,#7724,#7725
      ,#7726,#7727,#7728,#7729,#7730,#7731,#7732,#7733,#7734,#7735,#7736
      ,#7737,#7738,#7739,#7740,#7741,#7742,#7743,#7744,#7745,#7746,#7747
      ,#7748,#7749,#7750,#7751,#7752,#7753,#7754,#7755,#7756,#7757,#7758
      ,#7759,#7760
)),.UNSPECIFIED.,.F.,.F.,.F.) B_SPLINE_SURFACE_WITH_KNOTS((3,3),(13,11,
    11,11,11,11,11,11,11,11,13),(0.,79.351124517529),(255.31824165354,
    255.32491746163,268.1654416352,281.07339892286,293.97656607555,
    297.32566836803,299.00021951427,300.67477066051,307.37297524547,
    321.0020041023,334.66936617107),.UNSPECIFIED.) 
GEOMETRIC_REPRESENTATION_ITEM() RATIONAL_B_SPLINE_SURFACE((
    (1.,1.,0.999999999999,1.000000000001,0.999999999997,1.000000000004
      ,0.999999999996,1.000000000003,0.999999999998,1.000000000001,1.,1.
      ,1.,1.,0.999999999999,1.000000000001,0.999999999999,1.000000000002
      ,0.999999999999,1.000000000001,1.,1.,1.,1.,1.,1.,0.999999999999
      ,1.000000000001,0.999999999999,1.000000000001,1.,1.,1.,1.,1.,1.,1.
      ,1.,1.000000000001,0.999999999999,1.000000000001,1.,1.,1.,1.,1.
      ,0.999999999999,1.000000000002,0.999999999996,1.000000000005
      ,0.999999999995,1.000000000004,0.999999999997,1.000000000001
      ,0.999999999999,1.,1.,1.,0.999999999999,1.000000000002
      ,0.999999999997,1.000000000003,0.999999999997,1.000000000002
      ,0.999999999999,1.,1.,1.,1.,0.999999999999,1.000000000002
      ,0.999999999997,1.000000000004,0.999999999996,1.000000000002
      ,0.999999999999,1.,1.,1.,1.,1.,0.999999999999,1.000000000001
      ,0.999999999999,1.000000000001,1.,1.,1.,1.,1.,0.999999999999
      ,1.000000000001,0.999999999998,1.000000000003,0.999999999997
      ,1.000000000002,0.999999999999,1.000000000001,1.,1.,1.
      ,0.999999999999,1.000000000002,0.999999999996,1.000000000006
      ,0.999999999994,1.000000000005,0.999999999997,1.000000000002
      ,0.999999999999,1.,1.)
    ,(0.707108827363,0.707108826845,0.707108826363,0.707108825921
      ,0.707108825516,0.70710882516,0.707108824843,0.707108824581
      ,0.707108824363,0.7071088242,0.707108824091,0.707108824039
      ,0.707108837084,0.707109471259,0.70710957453,0.707109677301
      ,0.707110051603,0.707110510569,0.707110824636,0.707111039897
      ,0.707111392406,0.707111921371,0.707112292513,0.707113213694
      ,0.707113703808,0.70711424394,0.707114827015,0.7071154551
      ,0.707116132522,0.707116870375,0.707117695536,0.707118637865
      ,0.707119692954,0.707120825165,0.707123546831,0.707125143153
      ,0.707126854139,0.707129000626,0.707130936998,0.707134375481
      ,0.707137341542,0.707142025122,0.707148070554,0.707153960548
      ,0.707165303029,0.70717664433,0.707178818933,0.70718067536
      ,0.707181992969,0.707182598753,0.707182418477,0.70718148206
      ,0.707179898037,0.707177813033,0.707175371022,0.707172688184
      ,0.707168443467,0.707166969071,0.707165533122,0.707164066927
      ,0.707162538071,0.707160990868,0.707159505545,0.707158138404
      ,0.707156885132,0.707155690699,0.707154509232,0.707152287343
      ,0.707151228577,0.707150217879,0.707149251681,0.707148326869
      ,0.707147440769,0.707146591011,0.707145775562,0.707144992561
      ,0.707144240343,0.707143517322,0.707140040472,0.707137701985
      ,0.707135713956,0.707134009349,0.70713253034,0.707131221313
      ,0.707130028829,0.707128906573,0.707127823579,0.707126773771
      ,0.707125784529,0.707123164576,0.707121928553,0.707120532275
      ,0.707119326336,0.707118335566,0.707117477605,0.707116701773
      ,0.707115958948,0.707115231684,0.707114587122,0.707114030104
      ,0.707112954418,0.707112688416,0.707111671427,0.707111317264
      ,0.707111477074,0.707111167619,0.707110190579,0.707109503976
      ,0.707109906877,0.707110296707,0.707108458517,0.707109044034)
    ,(1.,1.,0.999999999999,1.000000000001,0.999999999997,1.000000000004
      ,0.999999999996,1.000000000003,0.999999999998,1.000000000001,1.,1.
      ,1.,1.,0.999999999999,1.000000000001,0.999999999999,1.000000000002
      ,0.999999999999,1.000000000001,1.,1.,1.,1.,1.,1.,0.999999999999
      ,1.000000000001,0.999999999999,1.000000000001,1.,1.,1.,1.,1.,1.,1.
      ,1.,1.000000000001,0.999999999999,1.000000000001,1.,1.,1.,1.,1.
      ,0.999999999999,1.000000000002,0.999999999996,1.000000000005
      ,0.999999999995,1.000000000004,0.999999999997,1.000000000001
      ,0.999999999999,1.,1.,1.,0.999999999999,1.000000000002
      ,0.999999999997,1.000000000003,0.999999999997,1.000000000002
      ,0.999999999999,1.,1.,1.,1.,0.999999999999,1.000000000002
      ,0.999999999997,1.000000000004,0.999999999996,1.000000000002
      ,0.999999999999,1.,1.,1.,1.,1.,0.999999999999,1.000000000001
      ,0.999999999999,1.000000000001,1.,1.,1.,1.,1.,0.999999999999
      ,1.000000000001,0.999999999998,1.000000000003,0.999999999997
      ,1.000000000002,0.999999999999,1.000000000001,1.,1.,1.
      ,0.999999999999,1.000000000002,0.999999999996,1.000000000006
      ,0.999999999994,1.000000000005,0.999999999997,1.000000000002
,0.999999999999,1.,1.))) REPRESENTATION_ITEM('') SURFACE() );
#7425 = CARTESIAN_POINT('',(24.694808836132,-110.5730006741,
    -7.242652447603));
#7426 = CARTESIAN_POINT('',(24.694808836132,-110.5723825163,
    -7.242657058394));
#7427 = CARTESIAN_POINT('',(24.694808836132,-110.5717643375,
    -7.242661669746));
#7428 = CARTESIAN_POINT('',(24.694808836132,-110.5711461367,
    -7.242666281672));
#7429 = CARTESIAN_POINT('',(24.694808836132,-110.5705279123,
    -7.242670894194));
#7430 = CARTESIAN_POINT('',(24.694808836133,-110.5699096632,
    -7.242675507318));
#7431 = CARTESIAN_POINT('',(24.694808836132,-110.5692913879,
    -7.242680121075));
#7432 = CARTESIAN_POINT('',(24.694808836133,-110.5686730853,
    -7.242684735463));
#7433 = CARTESIAN_POINT('',(24.694808836132,-110.568054754,
    -7.242689350516));
#7434 = CARTESIAN_POINT('',(24.694808836132,-110.5674363927,
    -7.242693966235));
#7435 = CARTESIAN_POINT('',(24.694808836132,-110.5668180001,
    -7.242698582646));
#7436 = CARTESIAN_POINT('',(24.694808836132,-110.566199575,
    -7.24270319976));
#7437 = CARTESIAN_POINT('',(24.694808836132,-109.3760114692,
    -7.251589951667));
#7438 = CARTESIAN_POINT('',(24.694808836132,-108.1736595657,
    -7.261718282469));
#7439 = CARTESIAN_POINT('',(24.694808836132,-106.9830466289,
    -7.273032852206));
#7440 = CARTESIAN_POINT('',(24.694808836133,-105.7963470471,
    -7.285553101687));
#7441 = CARTESIAN_POINT('',(24.694808836132,-104.6037570688,
    -7.299459249524));
#7442 = CARTESIAN_POINT('',(24.694808836133,-103.4046683964,
    -7.314925748785));
#7443 = CARTESIAN_POINT('',(24.694808836132,-102.2060658003,
    -7.331993557109));
#7444 = CARTESIAN_POINT('',(24.694808836133,-101.0145912357,
    -7.350614505999));
#7445 = CARTESIAN_POINT('',(24.694808836132,-99.82874031008,
    -7.370847604666));
#7446 = CARTESIAN_POINT('',(24.694808836132,-98.63768030801,
    -7.39303366342));
#7447 = CARTESIAN_POINT('',(24.694808836132,-97.43320234612,
    -7.417621171361));
#7448 = CARTESIAN_POINT('',(24.694808836132,-95.04322568561,
    -7.470844040243));
#7449 = CARTESIAN_POINT('',(24.694808836132,-93.85714300806,
    -7.499499137367));
#7450 = CARTESIAN_POINT('',(24.694808836132,-92.64271451953,
    -7.53119200154));
#7451 = CARTESIAN_POINT('',(24.694808836132,-91.42638557686,
    -7.565686365321));
#7452 = CARTESIAN_POINT('',(24.694808836132,-90.23023521343,
    -7.602736806718));
#7453 = CARTESIAN_POINT('',(24.694808836132,-89.04942752486,
    -7.642394539326));
#7454 = CARTESIAN_POINT('',(24.694808836132,-87.86143197184,
    -7.685347721715));
#7455 = CARTESIAN_POINT('',(24.694808836132,-86.64950623804,
    -7.732895873312));
#7456 = CARTESIAN_POINT('',(24.694808836132,-85.4227810138,
    -7.785972378643));
#7457 = CARTESIAN_POINT('',(24.694808836132,-84.21560874562,
    -7.843677904056));
#7458 = CARTESIAN_POINT('',(24.694808836132,-83.04963796799,
    -7.904070839932));
#7459 = CARTESIAN_POINT('',(24.694808836132,-80.63751237014,
    -8.042860638962));
#7460 = CARTESIAN_POINT('',(24.694808836132,-79.38995184726,
    -8.121324711879));
#7461 = CARTESIAN_POINT('',(24.694808836132,-78.21114447814,
    -8.204522062683));
#7462 = CARTESIAN_POINT('',(24.694808836133,-77.05847874763,
    -8.292994917092));
#7463 = CARTESIAN_POINT('',(24.694808836132,-75.87523865373,
    -8.395090015812));
#7464 = CARTESIAN_POINT('',(24.694808836133,-74.63977360809,
    -8.507845796267));
#7465 = CARTESIAN_POINT('',(24.694808836132,-73.38554314465,
    -8.648833881923));
#7466 = CARTESIAN_POINT('',(24.694808836133,-72.1535241701,
    -8.798161351578));
#7467 = CARTESIAN_POINT('',(24.694808836132,-70.97611062785,
    -8.982741031157));
#7468 = CARTESIAN_POINT('',(24.694808836132,-69.82264261863,
    -9.176374270839));
#7469 = CARTESIAN_POINT('',(24.694808836132,-68.64785653379,
    -9.431132991795));
#7470 = CARTESIAN_POINT('',(24.694808836132,-67.07064464895,
    -9.841562493319));
#7471 = CARTESIAN_POINT('',(24.694808836132,-66.74383160007,
    -9.930007532592));
#7472 = CARTESIAN_POINT('',(24.694808836132,-66.42087541679,
    -10.02072939731));
#7473 = CARTESIAN_POINT('',(24.694808836132,-66.105143469,
    -10.11202596877));
#7474 = CARTESIAN_POINT('',(24.694808836132,-65.79815468194,
    -10.20232329463));
#7475 = CARTESIAN_POINT('',(24.694808836133,-65.50000351386,
    -10.29034093515));
#7476 = CARTESIAN_POINT('',(24.694808836132,-65.20975937212,
    -10.37518588659));
#7477 = CARTESIAN_POINT('',(24.694808836133,-64.92583125392,
    -10.45637751813));
#7478 = CARTESIAN_POINT('',(24.694808836132,-64.64628739821,
    -10.53380595933));
#7479 = CARTESIAN_POINT('',(24.694808836132,-64.36911973487,
    -10.60762637462));
#7480 = CARTESIAN_POINT('',(24.694808836132,-64.09244291766,
    -10.67809156157));
#7481 = CARTESIAN_POINT('',(24.694808836132,-63.67570513185,
    -10.77894218381));
#7482 = CARTESIAN_POINT('',(24.694808836132,-63.53650901733,
    -10.81176474928));
#7483 = CARTESIAN_POINT('',(24.694808836132,-63.39681996905,
    -10.84377589672));
#7484 = CARTESIAN_POINT('',(24.694808836133,-63.25646690802,
    -10.87506826767));
#7485 = CARTESIAN_POINT('',(24.694808836132,-63.11528518424,
    -10.9056511113));
#7486 = CARTESIAN_POINT('',(24.694808836133,-62.9731281145,
    -10.93548651672));
#7487 = CARTESIAN_POINT('',(24.694808836132,-62.82988670405,
    -10.96457808089));
#7488 = CARTESIAN_POINT('',(24.694808836133,-62.68549694872,
    -10.99300715201));
#7489 = CARTESIAN_POINT('',(24.694808836132,-62.53992877073,
    -11.02088386847));
#7490 = CARTESIAN_POINT('',(24.694808836132,-62.39316529828,
    -11.0482522934));
#7491 = CARTESIAN_POINT('',(24.694808836132,-62.24519585569,
    -11.07506102482));
#7492 = CARTESIAN_POINT('',(24.694808836132,-61.94692552016,
    -11.12770445853));
#7493 = CARTESIAN_POINT('',(24.694808836132,-61.79662280081,
    -11.15352866663));
#7494 = CARTESIAN_POINT('',(24.694808836132,-61.64518003124,
    -11.17887543054));
#7495 = CARTESIAN_POINT('',(24.694808836133,-61.49264886437,
    -11.20375964337));
#7496 = CARTESIAN_POINT('',(24.694808836132,-61.33910201141,
    -11.22819182612));
#7497 = CARTESIAN_POINT('',(24.694808836133,-61.1846301486,
    -11.25217892718));
#7498 = CARTESIAN_POINT('',(24.694808836132,-61.02933882399,
    -11.27572512173));
#7499 = CARTESIAN_POINT('',(24.694808836133,-60.87334536412,
    -11.29883261117));
#7500 = CARTESIAN_POINT('',(24.694808836132,-60.71677578085,
    -11.32150242255));
#7501 = CARTESIAN_POINT('',(24.694808836132,-60.55976167805,
    -11.34373520801));
#7502 = CARTESIAN_POINT('',(24.694808836132,-60.40243715837,
    -11.36553204418));
#7503 = CARTESIAN_POINT('',(24.694808836132,-59.6149300164,
    -11.47234798163));
#7504 = CARTESIAN_POINT('',(24.694808836132,-58.98204201559,
    -11.55086160216));
#7505 = CARTESIAN_POINT('',(24.694808836132,-58.3550280259,
    -11.62248964248));
#7506 = CARTESIAN_POINT('',(24.694808836132,-57.74155035029,
    -11.68751380225));
#7507 = CARTESIAN_POINT('',(24.694808836133,-57.1466852907,
    -11.74653029382));
#7508 = CARTESIAN_POINT('',(24.694808836132,-56.56873602738,
    -11.80067853431));
#7509 = CARTESIAN_POINT('',(24.694808836132,-55.99710431372,
    -11.85160562188));
#7510 = CARTESIAN_POINT('',(24.694808836132,-55.41406975276,
    -11.90109227708));
#7511 = CARTESIAN_POINT('',(24.694808836132,-54.80081326194,
    -11.95045861521));
#7512 = CARTESIAN_POINT('',(24.694808836132,-54.14790218426,
    -11.99992126093));
#7513 = CARTESIAN_POINT('',(24.694808836132,-53.47172836013,
    -12.04798691983));
#7514 = CARTESIAN_POINT('',(24.694808836132,-51.55781294121,
    -12.17773572952));
#7515 = CARTESIAN_POINT('',(24.694808836132,-50.45885596094,
    -12.24304174654));
#7516 = CARTESIAN_POINT('',(24.694808836132,-49.17414289282,
    -12.31736757602));
#7517 = CARTESIAN_POINT('',(24.694808836132,-47.80297979234,
    -12.38591882101));
#7518 = CARTESIAN_POINT('',(24.694808836132,-46.49474945942,
    -12.44349197616));
#7519 = CARTESIAN_POINT('',(24.694808836132,-45.28816145734,
    -12.49299431932));
#7520 = CARTESIAN_POINT('',(24.694808836132,-44.11112627877,
    -12.53865413409));
#7521 = CARTESIAN_POINT('',(24.694808836132,-42.86686259796,
    -12.58319636486));
#7522 = CARTESIAN_POINT('',(24.694808836132,-41.53516557238,
    -12.62629004238));
#7523 = CARTESIAN_POINT('',(24.694808836132,-40.21243545654,
    -12.66466554223));
#7524 = CARTESIAN_POINT('',(24.694808836132,-39.01163030917,
    -12.69749264155));
#7525 = CARTESIAN_POINT('',(24.694808836132,-36.49544650743,
    -12.76048603525));
#7526 = CARTESIAN_POINT('',(24.694808836132,-35.18492223514,
    -12.79049837383));
#7527 = CARTESIAN_POINT('',(24.694808836132,-33.92948884187,
    -12.81636316231));
#7528 = CARTESIAN_POINT('',(24.694808836132,-32.69419458968,
    -12.83968861766));
#7529 = CARTESIAN_POINT('',(24.694808836132,-31.43446546014,
    -12.8615908226));
#7530 = CARTESIAN_POINT('',(24.694808836132,-30.1450378593,
    -12.88191331576));
#7531 = CARTESIAN_POINT('',(24.694808836132,-28.85422412968,
    -12.9000747452));
#7532 = CARTESIAN_POINT('',(24.694808836132,-27.59088969109,
    -12.91598237874));
#7533 = CARTESIAN_POINT('',(24.694808836132,-26.35141341425,
    -12.93019789736));
#7534 = CARTESIAN_POINT('',(24.694808836132,-25.09379562168,
    -12.94329052925));
#7535 = CARTESIAN_POINT('',(24.694808836132,-23.78597089483,
    -12.95506121456));
#7536 = CARTESIAN_POINT('',(24.694808836132,-22.5352756543,
    -12.96507012274));
#7537 = CARTESIAN_POINT('',(24.694808836132,-110.5804152859,
    -8.242619171379));
#7538 = CARTESIAN_POINT('',(24.694808836132,-110.5797974194,
    -8.242623781476));
#7539 = CARTESIAN_POINT('',(24.694808836132,-110.5791795508,
    -8.242628391891));
#7540 = CARTESIAN_POINT('',(24.694808836132,-110.5785616798,
    -8.242633002626));
#7541 = CARTESIAN_POINT('',(24.694808836132,-110.5779438064,
    -8.242637613679));
#7542 = CARTESIAN_POINT('',(24.694808836132,-110.5773259305,
    -8.242642225056));
#7543 = CARTESIAN_POINT('',(24.694808836132,-110.5767080519,
    -8.242646836752));
#7544 = CARTESIAN_POINT('',(24.694808836132,-110.5760901705,
    -8.242651448774));
#7545 = CARTESIAN_POINT('',(24.694808836132,-110.5754722862,
    -8.242656061116));
#7546 = CARTESIAN_POINT('',(24.694808836132,-110.5748543989,
    -8.242660673785));
#7547 = CARTESIAN_POINT('',(24.694808836132,-110.5742365084,
    -8.242665286778));
#7548 = CARTESIAN_POINT('',(24.694808836132,-110.5736186147,
    -8.242669900098));
#7549 = CARTESIAN_POINT('',(24.694808836132,-109.3845119164,
    -8.251548591223));
#7550 = CARTESIAN_POINT('',(24.694808836132,-108.1829140183,
    -8.26166822751));
#7551 = CARTESIAN_POINT('',(24.694808836132,-106.9932171863,
    -8.272974430857));
#7552 = CARTESIAN_POINT('',(24.694808836133,-105.8076352321,
    -8.285483178113));
#7553 = CARTESIAN_POINT('',(24.694808836132,-104.6162373848,
    -8.299374309374));
#7554 = CARTESIAN_POINT('',(24.694808836133,-103.418312118,
    -8.314824226582));
#7555 = CARTESIAN_POINT('',(24.694808836132,-102.2208503001,
    -8.331875009272));
#7556 = CARTESIAN_POINT('',(24.694808836133,-101.0305944051,
    -8.350476957042));
#7557 = CARTESIAN_POINT('',(24.694808836132,-99.84614615607,
    -8.370685937335));
#7558 = CARTESIAN_POINT('',(24.694808836132,-98.65667674328,
    -8.39284123485));
#7559 = CARTESIAN_POINT('',(24.694808836132,-97.45384187183,
    -8.417393818865));
#7560 = CARTESIAN_POINT('',(24.694808836132,-95.06704485774,
    -8.470543397221));
#7561 = CARTESIAN_POINT('',(24.694808836132,-93.88320751517,
    -8.499143879427));
#7562 = CARTESIAN_POINT('',(24.694808836132,-92.67070869535,
    -8.530784903969));
#7563 = CARTESIAN_POINT('',(24.694808836132,-91.45624521372,
    -8.565221468855));
#7564 = CARTESIAN_POINT('',(24.694808836133,-90.26229924386,
    -8.602205715966));
#7565 = CARTESIAN_POINT('',(24.694808836132,-89.08421689664,
    -8.641778484077));
#7566 = CARTESIAN_POINT('',(24.694808836133,-87.89932023374,
    -8.684618291385));
#7567 = CARTESIAN_POINT('',(24.694808836132,-86.69052630507,
    -8.732034692605));
#7568 = CARTESIAN_POINT('',(24.694808836133,-85.46685555566,
    -8.784979535663));
#7569 = CARTESIAN_POINT('',(24.694808836132,-84.26325270915,
    -8.842528283265));
#7570 = CARTESIAN_POINT('',(24.694808836132,-83.10231682687,
    -8.902654212225));
#7571 = CARTESIAN_POINT('',(24.694808836132,-80.69982250302,
    -9.040881627357));
#7572 = CARTESIAN_POINT('',(24.694808836132,-79.4582830565,
    -9.118971364455));
#7573 = CARTESIAN_POINT('',(24.694808836132,-78.28624734682,
    -9.201683344732));
#7574 = CARTESIAN_POINT('',(24.694808836133,-77.14116239806,
    -9.289651887957));
#7575 = CARTESIAN_POINT('',(24.694808836132,-75.96667981183,
    -9.390838826801));
#7576 = CARTESIAN_POINT('',(24.694808836133,-74.74044398851,
    -9.503038170356));
#7577 = CARTESIAN_POINT('',(24.694808836132,-73.50123666019,
    -9.642248584826));
#7578 = CARTESIAN_POINT('',(24.694808836133,-72.28317988781,
    -9.790083491642));
#7579 = CARTESIAN_POINT('',(24.694808836132,-71.12954845538,
    -9.971831457842));
#7580 = CARTESIAN_POINT('',(24.694808836132,-70.00413843595,
    -10.16042493114));
#7581 = CARTESIAN_POINT('',(24.694808836132,-68.86032265929,
    -10.40902173053));
#7582 = CARTESIAN_POINT('',(24.694808836132,-67.33392912002,
    -10.80613671318));
#7583 = CARTESIAN_POINT('',(24.694808836132,-67.01479099823,
    -10.89244325373));
#7584 = CARTESIAN_POINT('',(24.694808836133,-66.69734505936,
    -10.9815596336));
#7585 = CARTESIAN_POINT('',(24.694808836132,-66.38506806066,
    -11.07182274282));
#7586 = CARTESIAN_POINT('',(24.694808836133,-66.07936457503,
    -11.1617319114));
#7587 = CARTESIAN_POINT('',(24.694808836131,-65.78019945695,
    -11.25005790043));
#7588 = CARTESIAN_POINT('',(24.694808836133,-65.48662329468,
    -11.33590171132));
#7589 = CARTESIAN_POINT('',(24.694808836132,-65.19719316509,
    -11.41870524618));
#7590 = CARTESIAN_POINT('',(24.694808836133,-64.91029107336,
    -11.49821583107));
#7591 = CARTESIAN_POINT('',(24.694808836132,-64.62434251139,
    -11.57440659218));
#7592 = CARTESIAN_POINT('',(24.694808836132,-64.33793761204,
    -11.64735465772));
#7593 = CARTESIAN_POINT('',(24.694808836132,-63.90581645558,
    -11.75194159868));
#7594 = CARTESIAN_POINT('',(24.694808836133,-63.76136033373,
    -11.78601051559));
#7595 = CARTESIAN_POINT('',(24.694808836132,-63.61633273054,
    -11.81925315063));
#7596 = CARTESIAN_POINT('',(24.694808836133,-63.47061355934,
    -11.85174900781));
#7597 = CARTESIAN_POINT('',(24.694808836131,-63.32408495588,
    -11.88349667893));
#7598 = CARTESIAN_POINT('',(24.694808836134,-63.17664140741,
    -11.91445009322));
#7599 = CARTESIAN_POINT('',(24.694808836131,-63.02820869914,
    -11.94460715061));
#7600 = CARTESIAN_POINT('',(24.694808836133,-62.87875101819,
    -11.97404581159));
#7601 = CARTESIAN_POINT('',(24.694808836132,-62.72826018214,
    -12.00287482841));
#7602 = CARTESIAN_POINT('',(24.694808836132,-62.57673555615,
    -12.03113842582));
#7603 = CARTESIAN_POINT('',(24.694808836132,-62.42417778038,
    -12.05878637236));
#7604 = CARTESIAN_POINT('',(24.694808836132,-62.11708964577,
    -12.11299975939));
#7605 = CARTESIAN_POINT('',(24.694808836132,-61.96255778378,
    -12.13955459502));
#7606 = CARTESIAN_POINT('',(24.694808836132,-61.80707227536,
    -12.16557972981));
#7607 = CARTESIAN_POINT('',(24.694808836133,-61.65068733284,
    -12.19109264738));
#7608 = CARTESIAN_POINT('',(24.694808836132,-61.4934749004,
    -12.21610680798));
#7609 = CARTESIAN_POINT('',(24.694808836133,-61.33552208074,
    -12.24063234115));
#7610 = CARTESIAN_POINT('',(24.694808836132,-61.17692856133,
    -12.26467673844));
#7611 = CARTESIAN_POINT('',(24.694808836133,-61.01780404098,
    -12.2882455461));
#7612 = CARTESIAN_POINT('',(24.694808836132,-60.85826565584,
    -12.31134305784));
#7613 = CARTESIAN_POINT('',(24.694808836132,-60.6984354057,
    -12.3339730076));
#7614 = CARTESIAN_POINT('',(24.694808836132,-60.53843757995,
    -12.35613926234));
#7615 = CARTESIAN_POINT('',(24.694808836132,-59.7382274503,
    -12.46467595163));
#7616 = CARTESIAN_POINT('',(24.694808836132,-59.09735071091,
    -12.54415896738));
#7617 = CARTESIAN_POINT('',(24.694808836132,-58.463629362,
    -12.61653668951));
#7618 = CARTESIAN_POINT('',(24.694808836132,-57.84456948666,
    -12.68216112272));
#7619 = CARTESIAN_POINT('',(24.694808836133,-57.24427809919,
    -12.74173630643));
#7620 = CARTESIAN_POINT('',(24.694808836132,-56.66048516959,
    -12.79644705244));
#7621 = CARTESIAN_POINT('',(24.694808836133,-56.08300258959,
    -12.84789156591));
#7622 = CARTESIAN_POINT('',(24.694808836132,-55.49491530569,
    -12.89778377286));
#7623 = CARTESIAN_POINT('',(24.694808836132,-54.87775809212,
    -12.94744129263));
#7624 = CARTESIAN_POINT('',(24.694808836132,-54.22192587712,
    -12.9971257056));
#7625 = CARTESIAN_POINT('',(24.694808836132,-53.54359616084,
    -13.04535307651));
#7626 = CARTESIAN_POINT('',(24.694808836132,-51.61930835712,
    -13.17582102286));
#7627 = CARTESIAN_POINT('',(24.694808836132,-50.51228848672,
    -13.24162661801));
#7628 = CARTESIAN_POINT('',(24.694808836133,-49.22581829248,
    -13.31596405953));
#7629 = CARTESIAN_POINT('',(24.694808836132,-47.85179798102,
    -13.38471223043));
#7630 = CARTESIAN_POINT('',(24.694808836133,-46.53891980954,
    -13.44254028131));
#7631 = CARTESIAN_POINT('',(24.694808836131,-45.32735626215,
    -13.49221866073));
#7632 = CARTESIAN_POINT('',(24.694808836133,-44.14632593701,
    -13.53800908174));
#7633 = CARTESIAN_POINT('',(24.694808836132,-42.90020226199,
    -13.5826206472));
#7634 = CARTESIAN_POINT('',(24.694808836133,-41.56810684138,
    -13.62571927111));
#7635 = CARTESIAN_POINT('',(24.694808836132,-40.24305153166,
    -13.66419413844));
#7636 = CARTESIAN_POINT('',(24.694808836132,-39.03745685851,
    -13.6971391153));
#7637 = CARTESIAN_POINT('',(24.694808836132,-36.51918268716,
    -13.76018737659));
#7638 = CARTESIAN_POINT('',(24.694808836132,-35.20620514925,
    -13.79026091937));
#7639 = CARTESIAN_POINT('',(24.694808836132,-33.94839975436,
    -13.81617621171));
#7640 = CARTESIAN_POINT('',(24.694808836133,-32.71150845656,
    -13.83952831523));
#7641 = CARTESIAN_POINT('',(24.694808836132,-31.45080676184,
    -13.86144452709));
#7642 = CARTESIAN_POINT('',(24.694808836133,-30.16043373028,
    -13.88178444201));
#7643 = CARTESIAN_POINT('',(24.694808836132,-28.86820769166,
    -13.89997192465));
#7644 = CARTESIAN_POINT('',(24.694808836133,-27.60302805189,
    -13.91590567765));
#7645 = CARTESIAN_POINT('',(24.694808836132,-26.36189765258,
    -13.93013548695));
#7646 = CARTESIAN_POINT('',(24.694808836132,-25.103563668,
    -13.94323111257));
#7647 = CARTESIAN_POINT('',(24.694808836132,-23.79576543641,
    -13.95501045456));
#7648 = CARTESIAN_POINT('',(24.694808836132,-22.54309428935,
    -13.96503315626));
#7649 = CARTESIAN_POINT('',(25.694799700523,-110.5778276927,
    -8.242644145612));
#7650 = CARTESIAN_POINT('',(25.694799815992,-110.5772538801,
    -8.242648428343));
#7651 = CARTESIAN_POINT('',(25.6947999214,-110.5766769218,
    -8.242652734819));
#7652 = CARTESIAN_POINT('',(25.694800016744,-110.5760966815,
    -8.242657066062));
#7653 = CARTESIAN_POINT('',(25.694800102018,-110.5755130233,
    -8.242661423094));
#7654 = CARTESIAN_POINT('',(25.694800177219,-110.5749258109,
    -8.242665806939));
#7655 = CARTESIAN_POINT('',(25.694800242341,-110.5743349086,
    -8.242670218617));
#7656 = CARTESIAN_POINT('',(25.694800297382,-110.5737401796,
    -8.242674659151));
#7657 = CARTESIAN_POINT('',(25.694800342336,-110.5731414885,
    -8.242679129564));
#7658 = CARTESIAN_POINT('',(25.694800377198,-110.5725386988,
    -8.242683630878));
#7659 = CARTESIAN_POINT('',(25.694800401965,-110.5719316745,
    -8.242688164116));
#7660 = CARTESIAN_POINT('',(25.694800416633,-110.5713202795,
    -8.242692730299));
#7661 = CARTESIAN_POINT('',(25.69480919805,-109.3860534302,
    -8.251545450722));
#7662 = CARTESIAN_POINT('',(25.69479583969,-108.18356192,-8.261667596654
    ));
#7663 = CARTESIAN_POINT('',(25.694799368169,-106.9932654131,
    -8.272979755288));
#7664 = CARTESIAN_POINT('',(25.694804167185,-105.8076605946,
    -8.285491713369));
#7665 = CARTESIAN_POINT('',(25.69480133396,-104.6162881293,
    -8.299383943546));
#7666 = CARTESIAN_POINT('',(25.694796042531,-103.4182892357,
    -8.314834493108));
#7667 = CARTESIAN_POINT('',(25.694795305629,-102.2207961928,
    -8.331886177056));
#7668 = CARTESIAN_POINT('',(25.694798135162,-101.0306077929,
    -8.350489210103));
#7669 = CARTESIAN_POINT('',(25.694797714421,-99.84619155052,
    -8.370699244759));
#7670 = CARTESIAN_POINT('',(25.694792807895,-98.65664527617,
    -8.392855615422));
#7671 = CARTESIAN_POINT('',(25.694793247686,-97.45384141822,
    -8.417409421034));
#7672 = CARTESIAN_POINT('',(25.694790642172,-95.06704450759,
    -8.470561603161));
#7673 = CARTESIAN_POINT('',(25.694789255907,-93.883206499,-8.49916349088
    ));
#7674 = CARTESIAN_POINT('',(25.694787728168,-92.67070701616,
    -8.530806060013));
#7675 = CARTESIAN_POINT('',(25.694786078965,-91.45624285637,
    -8.565244304867));
#7676 = CARTESIAN_POINT('',(25.694784302455,-90.2622965378,
    -8.602230349449));
#7677 = CARTESIAN_POINT('',(25.694782386387,-89.08421404602,
    -8.641805044748));
#7678 = CARTESIAN_POINT('',(25.694780299401,-87.89931710335,
    -8.684646962427));
#7679 = CARTESIAN_POINT('',(25.694777965457,-86.69052293152,
    -8.732065729978));
#7680 = CARTESIAN_POINT('',(25.694775300107,-85.46685264021,
    -8.785013241377));
#7681 = CARTESIAN_POINT('',(25.694772315809,-84.26325111603,
    -8.842564930672));
#7682 = CARTESIAN_POINT('',(25.694769113373,-83.10231658816,
    -8.902694012856));
#7683 = CARTESIAN_POINT('',(25.694761415171,-80.69982312829,
    -9.040929088518));
#7684 = CARTESIAN_POINT('',(25.694756899982,-79.45828145297,
    -9.119023518986));
#7685 = CARTESIAN_POINT('',(25.694752060462,-78.28624406085,
    -9.20174037854));
#7686 = CARTESIAN_POINT('',(25.694745989103,-77.14115816158,
    -9.289715694499));
#7687 = CARTESIAN_POINT('',(25.694740512034,-75.96667301824,
    -9.390906933413));
#7688 = CARTESIAN_POINT('',(25.694730786275,-74.7404311917,
    -9.503119596159));
#7689 = CARTESIAN_POINT('',(25.694722396497,-73.50122925779,
    -9.642334058683));
#7690 = CARTESIAN_POINT('',(25.694709149079,-72.28315768364,
    -9.790189316426));
#7691 = CARTESIAN_POINT('',(25.694692048738,-71.1295487414,
    -9.971948142276));
#7692 = CARTESIAN_POINT('',(25.694675388772,-70.00412671393,
    -10.16056406064));
#7693 = CARTESIAN_POINT('',(25.694643304678,-68.86034136854,
    -10.40918788624));
#7694 = CARTESIAN_POINT('',(25.694611223572,-67.33398003937,
    -10.8063276138));
#7695 = CARTESIAN_POINT('',(25.694605072254,-67.01484429815,
    -10.89263988857));
#7696 = CARTESIAN_POINT('',(25.694599820945,-66.6974008644,
    -10.98176102751));
#7697 = CARTESIAN_POINT('',(25.694596093765,-66.38512622832,
    -11.07202733986));
#7698 = CARTESIAN_POINT('',(25.694594380184,-66.07942452316,
    -11.16193777272));
#7699 = CARTESIAN_POINT('',(25.694594890108,-65.78026019545,
    -11.25026299527));
#7700 = CARTESIAN_POINT('',(25.694597539014,-65.48668354976,
    -11.33610419166));
#7701 = CARTESIAN_POINT('',(25.694602019767,-65.19725156437,
    -11.41890361884));
#7702 = CARTESIAN_POINT('',(25.694607917672,-64.91034637447,
    -11.49840898505));
#7703 = CARTESIAN_POINT('',(25.694614825396,-64.62439381909,
    -11.57459370542));
#7704 = CARTESIAN_POINT('',(25.694622414321,-64.3379844485,
    -11.64753509038));
#7705 = CARTESIAN_POINT('',(25.694634421266,-63.90585685814,
    -11.75211123947));
#7706 = CARTESIAN_POINT('',(25.694638591849,-63.76139910471,
    -11.78617626003));
#7707 = CARTESIAN_POINT('',(25.69464265367,-63.61636989359,
    -11.81941510128));
#7708 = CARTESIAN_POINT('',(25.694646801047,-63.47064909804,
    -11.85190707867));
#7709 = CARTESIAN_POINT('',(25.694651125638,-63.32411882627,
    -11.88365069492));
#7710 = CARTESIAN_POINT('',(25.694655502146,-63.1766735746,
    -11.91460000349));
#7711 = CARTESIAN_POINT('',(25.694659703573,-63.02823916706,
    -11.94475312724));
#7712 = CARTESIAN_POINT('',(25.694663570725,-62.87877984395,
    -11.97418817788));
#7713 = CARTESIAN_POINT('',(25.694667115759,-62.72828746313,
    -12.00301388665));
#7714 = CARTESIAN_POINT('',(25.694670494363,-62.57676137959,
    -12.03127432201));
#7715 = CARTESIAN_POINT('',(25.69467383628,-62.42420217031,
    -12.05891913501));
#7716 = CARTESIAN_POINT('',(25.694680121146,-62.11711177584,
    -12.11312654154));
#7717 = CARTESIAN_POINT('',(25.694683115981,-61.96257904193,
    -12.13967849039));
#7718 = CARTESIAN_POINT('',(25.694685974841,-61.80709267971,
    -12.16570087207));
#7719 = CARTESIAN_POINT('',(25.694688707837,-61.65070690265,
    -12.19121115948));
#7720 = CARTESIAN_POINT('',(25.694691323743,-61.49349365578,
    -12.21622280361));
#7721 = CARTESIAN_POINT('',(25.694693830176,-61.33554004207,
    -12.24074592615));
#7722 = CARTESIAN_POINT('',(25.69469623377,-61.17694574892,
    -12.26478801189));
#7723 = CARTESIAN_POINT('',(25.694698540353,-61.01782047455,
    -12.2883546013));
#7724 = CARTESIAN_POINT('',(25.694700755125,-60.85828135444,
    -12.31144998303));
#7725 = CARTESIAN_POINT('',(25.694702882834,-60.69845038779,
    -12.33407788639));
#7726 = CARTESIAN_POINT('',(25.694704927953,-60.5384518639,
    -12.35624217387));
#7727 = CARTESIAN_POINT('',(25.694714762471,-59.73824148769,
    -12.46476897282));
#7728 = CARTESIAN_POINT('',(25.694721377012,-59.09736448917,
    -12.54424539156));
#7729 = CARTESIAN_POINT('',(25.694727000248,-58.46364236511,
    -12.61661758375));
#7730 = CARTESIAN_POINT('',(25.69473182179,-57.8445814204,-12.6822373174
    ));
#7731 = CARTESIAN_POINT('',(25.694736005215,-57.24428883522,
    -12.74180844217));
#7732 = CARTESIAN_POINT('',(25.694739707829,-56.66049473962,
    -12.79651559614));
#7733 = CARTESIAN_POINT('',(25.694743080799,-56.08301116029,
    -12.84795682469));
#7734 = CARTESIAN_POINT('',(25.694746255117,-55.4949230583,
    -12.8978459265));
#7735 = CARTESIAN_POINT('',(25.694749318378,-54.87776504523,
    -12.94750044918));
#7736 = CARTESIAN_POINT('',(25.694752287768,-54.22193180606,
    -12.99718197193));
#7737 = CARTESIAN_POINT('',(25.694755085841,-53.54360078961,
    -13.04540663332));
#7738 = CARTESIAN_POINT('',(25.69476249638,-51.61931437751,
    -13.17586705896));
#7739 = CARTESIAN_POINT('',(25.694765992454,-50.5122939185,
    -13.24166922435));
#7740 = CARTESIAN_POINT('',(25.694769941817,-49.22582699219,
    -13.31600251096));
#7741 = CARTESIAN_POINT('',(25.694773352779,-47.8518062395,
    -13.38474737042));
#7742 = CARTESIAN_POINT('',(25.694776155157,-46.53892609213,
    -13.44257275041));
#7743 = CARTESIAN_POINT('',(25.694778581861,-45.32736175995,
    -13.49224870938));
#7744 = CARTESIAN_POINT('',(25.694780776291,-44.14633118381,
    -13.5380369569));
#7745 = CARTESIAN_POINT('',(25.694782877334,-42.90020696353,
    -13.58264648007));
#7746 = CARTESIAN_POINT('',(25.694784934377,-41.56811084122,
    -13.62574305633));
#7747 = CARTESIAN_POINT('',(25.694786757492,-40.24305388557,
    -13.66421616296));
#7748 = CARTESIAN_POINT('',(25.694788332994,-39.0374583415,
    -13.69715958732));
#7749 = CARTESIAN_POINT('',(25.694791375521,-36.51918406044,
    -13.76020480798));
#7750 = CARTESIAN_POINT('',(25.694791108454,-35.20616725872,
    -13.79027694574));
#7751 = CARTESIAN_POINT('',(25.694796314981,-33.94845958492,
    -13.81619078041));
#7752 = CARTESIAN_POINT('',(25.694796929834,-32.71153836293,
    -13.83954170657));
#7753 = CARTESIAN_POINT('',(25.694794129318,-31.45074458891,
    -13.86145694911));
#7754 = CARTESIAN_POINT('',(25.694794889332,-30.16039187169,
    -13.88179585933));
#7755 = CARTESIAN_POINT('',(25.694800372812,-28.86826966004,
    -13.89998223271));
#7756 = CARTESIAN_POINT('',(25.69480354306,-27.60309470061,
    -13.91591460069));
#7757 = CARTESIAN_POINT('',(25.694798953776,-26.36192637446,
    -13.9301418011));
#7758 = CARTESIAN_POINT('',(25.694795220709,-25.10402326619,
    -13.94323248532));
#7759 = CARTESIAN_POINT('',(25.694808234226,-23.79708002572,
    -13.95500857239));
#7760 = CARTESIAN_POINT('',(25.694800726209,-22.541245287,
    -13.96505401393));
#7761 = ADVANCED_FACE('',(#7762),#7787,.F.);
#7762 = FACE_BOUND('',#7763,.F.);
#7763 = EDGE_LOOP('',(#7764,#7772,#7785,#7786));
#7764 = ORIENTED_EDGE('',*,*,#7765,.T.);
#7765 = EDGE_CURVE('',#3575,#7766,#7768,.T.);
#7766 = VERTEX_POINT('',#7767);
#7767 = CARTESIAN_POINT('',(234.37288450409,-22.6943119929,
    -13.96509577936));
#7768 = ( BOUNDED_CURVE() B_SPLINE_CURVE(2,(#7769,#7770,#7771),
.UNSPECIFIED.,.F.,.F.) B_SPLINE_CURVE_WITH_KNOTS((3,3),(0.,
163.93234430464),.PIECEWISE_BEZIER_KNOTS.) CURVE() 
GEOMETRIC_REPRESENTATION_ITEM() RATIONAL_B_SPLINE_CURVE((1.,
0.704299188785,1.)) REPRESENTATION_ITEM('') );
#7769 = CARTESIAN_POINT('',(234.257649355,-21.69297978345,
    -12.96514314175));
#7770 = CARTESIAN_POINT('',(234.25681187687,-21.69309257795,
    -13.9730997485));
#7771 = CARTESIAN_POINT('',(234.37288450409,-22.6943119929,
    -13.96509577936));
#7772 = ORIENTED_EDGE('',*,*,#7773,.T.);
#7773 = EDGE_CURVE('',#7766,#7116,#7774,.T.);
#7774 = ( BOUNDED_CURVE() B_SPLINE_CURVE(9,(#7775,#7776,#7777,#7778,
    #7779,#7780,#7781,#7782,#7783,#7784),.UNSPECIFIED.,.F.,.F.) 
B_SPLINE_CURVE_WITH_KNOTS((10,10),(605.03094720183,619.10200729336),
.PIECEWISE_BEZIER_KNOTS.) CURVE() GEOMETRIC_REPRESENTATION_ITEM() 
RATIONAL_B_SPLINE_CURVE((1.,1.,1.,1.,1.,1.,1.,1.,1.,1.)) 
REPRESENTATION_ITEM('') );
#7775 = CARTESIAN_POINT('',(234.37288447903,-22.69431199581,
    -13.96509577933));
#7776 = CARTESIAN_POINT('',(235.57827139865,-22.57699217951,
    -13.96604105231));
#7777 = CARTESIAN_POINT('',(236.77417096975,-22.45965240682,
    -13.9669742182));
#7778 = CARTESIAN_POINT('',(238.09308034409,-22.33120180026,
    -13.9679838319));
#7779 = CARTESIAN_POINT('',(239.24156169838,-22.21895735842,
    -13.96884793623));
#7780 = CARTESIAN_POINT('',(240.50878637854,-22.09485545936,
    -13.96979949641));
#7781 = CARTESIAN_POINT('',(241.72479170496,-21.97678756644,
    -13.97068574499));
#7782 = CARTESIAN_POINT('',(242.94104571444,-21.85689374938,
    -13.97157658605));
#7783 = CARTESIAN_POINT('',(244.17706323648,-21.73742389913,
    -13.9724517582));
#7784 = CARTESIAN_POINT('',(245.44179276102,-21.61276246396,
    -13.97335109718));
#7785 = ORIENTED_EDGE('',*,*,#7115,.F.);
#7786 = ORIENTED_EDGE('',*,*,#3584,.F.);
#7787 = ( BOUNDED_SURFACE() B_SPLINE_SURFACE(2,9,(
    (#7788,#7789,#7790,#7791,#7792,#7793,#7794,#7795,#7796,#7797)
    ,(#7798,#7799,#7800,#7801,#7802,#7803,#7804,#7805,#7806,#7807)
    ,(#7808,#7809,#7810,#7811,#7812,#7813,#7814,#7815,#7816,#7817
)),.UNSPECIFIED.,.F.,.F.,.F.) B_SPLINE_SURFACE_WITH_KNOTS((3,3),(10,10),
  (0.,14.071060091526),(605.03094720183,619.10200729336),
.PIECEWISE_BEZIER_KNOTS.) GEOMETRIC_REPRESENTATION_ITEM() 
RATIONAL_B_SPLINE_SURFACE((
    (1.,1.,1.,1.,1.,1.,1.,1.,1.,1.)
    ,(0.704288303854,0.704321391935,0.704351805633,0.704390705973
      ,0.704418960916,0.704453456046,0.704486454202,0.704516410151
      ,0.704551158202,0.70458320956)
,(1.,1.,1.,1.,1.,1.,1.,1.,1.,1.))) REPRESENTATION_ITEM('') SURFACE() );
#7788 = CARTESIAN_POINT('',(234.257649355,-21.69297978345,
    -12.96511247602));
#7789 = CARTESIAN_POINT('',(235.48617345605,-21.57306833036,
    -12.966079837));
#7790 = CARTESIAN_POINT('',(236.71334282197,-21.45328910769,
    -12.96702622089));
#7791 = CARTESIAN_POINT('',(237.94582108002,-21.33299170474,
    -12.96797957966));
#7792 = CARTESIAN_POINT('',(239.16772765662,-21.21372616244,
    -12.96889549162));
#7793 = CARTESIAN_POINT('',(240.40338572636,-21.09311839045,
    -12.96981766839));
#7794 = CARTESIAN_POINT('',(241.6249809629,-20.97388323684,
    -12.97071813463));
#7795 = CARTESIAN_POINT('',(242.85901792002,-20.85343369534,
    -12.97160545912));
#7796 = CARTESIAN_POINT('',(244.08453871539,-20.73381538322,
    -12.97248860193));
#7797 = CARTESIAN_POINT('',(245.31370816609,-20.61384094006,
    -12.97335103276));
#7798 = CARTESIAN_POINT('',(234.25680829171,-21.69306187636,
    -13.97309999394));
#7799 = CARTESIAN_POINT('',(235.48545681759,-21.57313827865,
    -13.97397350255));
#7800 = CARTESIAN_POINT('',(236.71282463829,-21.45333968558,
    -13.97483363057));
#7801 = CARTESIAN_POINT('',(237.94460851153,-21.33311005882,
    -13.97567606122));
#7802 = CARTESIAN_POINT('',(239.16712046702,-21.21378542785,
    -13.97651218543));
#7803 = CARTESIAN_POINT('',(240.40248562317,-21.09320624601,
    -13.97733618563));
#7804 = CARTESIAN_POINT('',(241.62420485213,-20.97395898999,
    -13.97814309879));
#7805 = CARTESIAN_POINT('',(242.85836033327,-20.85349787982,
    -13.97894540801));
#7806 = CARTESIAN_POINT('',(244.08387062184,-20.73388059323,
    -13.97972995033));
#7807 = CARTESIAN_POINT('',(245.31288135714,-20.61392164166,
    -13.9805012564));
#7808 = CARTESIAN_POINT('',(234.37288447903,-22.69431199581,
    -13.96509577933));
#7809 = CARTESIAN_POINT('',(235.57827139865,-22.57699217951,
    -13.96604105231));
#7810 = CARTESIAN_POINT('',(236.77417096975,-22.45965240682,
    -13.9669742182));
#7811 = CARTESIAN_POINT('',(238.09308034409,-22.33120180026,
    -13.9679838319));
#7812 = CARTESIAN_POINT('',(239.24156169838,-22.21895735842,
    -13.96884793623));
#7813 = CARTESIAN_POINT('',(240.50878637854,-22.09485545936,
    -13.96979949641));
#7814 = CARTESIAN_POINT('',(241.72479170496,-21.97678756644,
    -13.97068574499));
#7815 = CARTESIAN_POINT('',(242.94104571444,-21.85689374938,
    -13.97157658605));
#7816 = CARTESIAN_POINT('',(244.17706323648,-21.73742389913,
    -13.9724517582));
#7817 = CARTESIAN_POINT('',(245.44179276102,-21.61276246396,
    -13.97335109718));
#7818 = ADVANCED_FACE('',(#7819),#7926,.F.);
#7819 = FACE_BOUND('',#7820,.F.);
#7820 = EDGE_LOOP('',(#7821,#7822,#7919,#7925));
#7821 = ORIENTED_EDGE('',*,*,#7418,.T.);
#7822 = ORIENTED_EDGE('',*,*,#7823,.T.);
#7823 = EDGE_CURVE('',#7302,#7824,#7826,.T.);
#7824 = VERTEX_POINT('',#7825);
#7825 = CARTESIAN_POINT('',(30.155184212572,-18.02000448897,
    -13.99367659584));
#7826 = ( BOUNDED_CURVE() B_SPLINE_CURVE(10,(#7827,#7828,#7829,#7830,
    #7831,#7832,#7833,#7834,#7835,#7836,#7837,#7838,#7839,#7840,#7841,
    #7842,#7843,#7844,#7845,#7846,#7847,#7848,#7849,#7850,#7851,#7852,
    #7853,#7854,#7855,#7856,#7857,#7858,#7859,#7860,#7861,#7862,#7863,
    #7864,#7865,#7866,#7867,#7868,#7869,#7870,#7871,#7872,#7873,#7874,
    #7875,#7876,#7877,#7878,#7879,#7880,#7881,#7882,#7883,#7884,#7885,
    #7886,#7887,#7888,#7889,#7890,#7891,#7892,#7893,#7894,#7895,#7896,
    #7897,#7898,#7899,#7900,#7901,#7902,#7903,#7904,#7905,#7906,#7907,
    #7908,#7909,#7910,#7911,#7912,#7913,#7914,#7915,#7916,#7917,#7918),
.UNSPECIFIED.,.F.,.F.) B_SPLINE_CURVE_WITH_KNOTS((11,9,9,9,9,9,9,9,9,9,
    11),(334.66936635613,334.67647589016,334.67925233338,334.69309495129
    ,334.78571689258,334.90206742902,335.13476850191,335.60017064768,
    336.53097493923,341.02015476623,344.09673416634),.UNSPECIFIED.) 
CURVE() GEOMETRIC_REPRESENTATION_ITEM() RATIONAL_B_SPLINE_CURVE((1.,1.,
    1.,1.,1.,1.,1.,1.,1.,1.,1.,1.,1.,1.,1.,1.,1.,1.,1.,1.,1.,1.,1.,1.,1.
    ,1.,1.,1.,1.,1.,1.,1.,1.,1.,1.,1.,1.,1.,1.,1.,1.,1.,1.,1.,1.,1.,1.,
    1.,1.,1.,1.,1.,1.,1.,1.,1.,1.,1.,0.999999999999,1.000000000001,1.,1.
    ,1.,1.,1.,1.,1.,1.,1.,1.,1.,1.,1.,1.,1.,1.,1.,1.,1.,1.,1.,1.,1.,1.,
1.,1.,1.,1.,1.,1.,1.,1.)) REPRESENTATION_ITEM('') );
#7827 = CARTESIAN_POINT('',(25.69480072587,-22.54124508294,
    -13.96505401556));
#7828 = CARTESIAN_POINT('',(25.694798125899,-22.54046117058,
    -13.96506028607));
#7829 = CARTESIAN_POINT('',(25.694795649101,-22.53967727821,
    -13.96506655589));
#7830 = CARTESIAN_POINT('',(25.694793295461,-22.53889340585,
    -13.96507282501));
#7831 = CARTESIAN_POINT('',(25.694791064971,-22.53810955353,
    -13.96507909344));
#7832 = CARTESIAN_POINT('',(25.694788957614,-22.53732572129,
    -13.96508536118));
#7833 = CARTESIAN_POINT('',(25.694786973383,-22.53654190913,
    -13.96509162821));
#7834 = CARTESIAN_POINT('',(25.694785112262,-22.53575811708,
    -13.96509789456));
#7835 = CARTESIAN_POINT('',(25.694783374241,-22.53497434518,
    -13.96510416021));
#7836 = CARTESIAN_POINT('',(25.694781759306,-22.53419059344,
    -13.96511042516));
#7837 = CARTESIAN_POINT('',(25.694779684839,-22.53310079596,
    -13.96511913577));
#7838 = CARTESIAN_POINT('',(25.694778929094,-22.53264140934,
    -13.96512280777));
#7839 = CARTESIAN_POINT('',(25.694776650059,-22.53162736722,
    -13.96513091186));
#7840 = CARTESIAN_POINT('',(25.694774797921,-22.53082401654,
    -13.96513733162));
#7841 = CARTESIAN_POINT('',(25.694774337705,-22.53056486483,
    -13.96513940214));
#7842 = CARTESIAN_POINT('',(25.69477456648,-22.53053874292,
    -13.9651396105));
#7843 = CARTESIAN_POINT('',(25.694774358324,-22.53030432825,
    -13.96514148366));
#7844 = CARTESIAN_POINT('',(25.694773662028,-22.52987370593,
    -13.96514492483));
#7845 = CARTESIAN_POINT('',(25.694773576575,-22.5297066443,
    -13.96514625942));
#7846 = CARTESIAN_POINT('',(25.694772097006,-22.52821390763,
    -13.96515818605));
#7847 = CARTESIAN_POINT('',(25.694827447685,-22.52695761765,
    -13.96516829873));
#7848 = CARTESIAN_POINT('',(25.694465139529,-22.52561166499,
    -13.96517854666));
#7849 = CARTESIAN_POINT('',(25.695547758242,-22.52332328081,
    -13.96519840788));
#7850 = CARTESIAN_POINT('',(25.693630343954,-22.50965390043,
    -13.96530454116));
#7851 = CARTESIAN_POINT('',(25.695786570346,-22.6022421036,
    -13.96456877271));
#7852 = CARTESIAN_POINT('',(25.694262660319,-22.4553008749,
    -13.96573960317));
#7853 = CARTESIAN_POINT('',(25.694852414921,-22.51948750853,
    -13.96522794024));
#7854 = CARTESIAN_POINT('',(25.694775952355,-22.51824495026,
    -13.96523778725));
#7855 = CARTESIAN_POINT('',(25.694792902515,-22.50866636498,
    -13.96531422473));
#7856 = CARTESIAN_POINT('',(25.694824765575,-22.50033327243,
    -13.96538066283));
#7857 = CARTESIAN_POINT('',(25.694873743677,-22.49200032118,
    -13.96544703953));
#7858 = CARTESIAN_POINT('',(25.694939835087,-22.48366757611,
    -13.96551335435));
#7859 = CARTESIAN_POINT('',(25.69502303807,-22.47533510206,
    -13.9655796068));
#7860 = CARTESIAN_POINT('',(25.695123350893,-22.46700296391,
    -13.96564579641));
#7861 = CARTESIAN_POINT('',(25.69524077182,-22.45867122651,
    -13.9657119227));
#7862 = CARTESIAN_POINT('',(25.695375299119,-22.45033995473,
    -13.96577798517));
#7863 = CARTESIAN_POINT('',(25.695526931054,-22.44200921343,
    -13.96584398335));
#7864 = CARTESIAN_POINT('',(25.695907628507,-22.4232148412,
    -13.96599274148));
#7865 = CARTESIAN_POINT('',(25.696146582745,-22.41275156094,
    -13.96607546392));
#7866 = CARTESIAN_POINT('',(25.696412517538,-22.40228938186,
    -13.96615808295));
#7867 = CARTESIAN_POINT('',(25.696705421819,-22.39182845913,
    -13.96624059745));
#7868 = CARTESIAN_POINT('',(25.697025284522,-22.38136894794,
    -13.96632300628));
#7869 = CARTESIAN_POINT('',(25.697372094579,-22.37091100345,
    -13.96640530832));
#7870 = CARTESIAN_POINT('',(25.697745840923,-22.36045478084,
    -13.96648750245));
#7871 = CARTESIAN_POINT('',(25.698146512488,-22.35000043528,
    -13.96656958754));
#7872 = CARTESIAN_POINT('',(25.698574098206,-22.33954812195,
    -13.96665156246));
#7873 = CARTESIAN_POINT('',(25.69993756462,-22.30819774417,
    -13.96689715335));
#7874 = CARTESIAN_POINT('',(25.700954226865,-22.28730632114,
    -13.96706043443));
#7875 = CARTESIAN_POINT('',(25.702078372334,-22.26642499215,
    -13.96722326073));
#7876 = CARTESIAN_POINT('',(25.703309799612,-22.24555502242,
    -13.96738562366));
#7877 = CARTESIAN_POINT('',(25.70464830729,-22.22469767715,
    -13.96754751463));
#7878 = CARTESIAN_POINT('',(25.706093693952,-22.20385422156,
    -13.96770892505));
#7879 = CARTESIAN_POINT('',(25.707645758188,-22.18302592086,
    -13.96786984632));
#7880 = CARTESIAN_POINT('',(25.709304298585,-22.16221404026,
    -13.96803026986));
#7881 = CARTESIAN_POINT('',(25.71106911373,-22.14141984497,
    -13.96819018707));
#7882 = CARTESIAN_POINT('',(25.716681779172,-22.0790941107,
    -13.96866839396));
#7883 = CARTESIAN_POINT('',(25.720848624383,-22.03762049969,
    -13.96898512602));
#7884 = CARTESIAN_POINT('',(25.725437480905,-21.99623233595,
    -13.96929973708));
#7885 = CARTESIAN_POINT('',(25.7304452918,-21.95493818826,
    -13.96961217869));
#7886 = CARTESIAN_POINT('',(25.735869000131,-21.9137466254,
    -13.96992240238));
#7887 = CARTESIAN_POINT('',(25.741705548958,-21.87266621614,
    -13.97023035968));
#7888 = CARTESIAN_POINT('',(25.747951881345,-21.83170552928,
    -13.97053600214));
#7889 = CARTESIAN_POINT('',(25.754604940351,-21.79087313358,
    -13.9708392813));
#7890 = CARTESIAN_POINT('',(25.76166166904,-21.75017759782,
    -13.97114014868));
#7891 = CARTESIAN_POINT('',(25.784033693339,-21.6285272767,
    -13.97203537014));
#7892 = CARTESIAN_POINT('',(25.800547227859,-21.54800418989,
    -13.9726223972));
#7893 = CARTESIAN_POINT('',(25.818627861531,-21.4681193416,
    -13.97319935154));
#7894 = CARTESIAN_POINT('',(25.838241393631,-21.38893081506,
    -13.97376598197));
#7895 = CARTESIAN_POINT('',(25.859351175221,-21.31049366543,
    -13.97432207159));
#7896 = CARTESIAN_POINT('',(25.881918109141,-21.23285991981,
    -13.9748674378));
#7897 = CARTESIAN_POINT('',(25.905900650012,-21.15607857727,
    -13.97540193228));
#7898 = CARTESIAN_POINT('',(25.931254804238,-21.08019560881,
    -13.975925441));
#7899 = CARTESIAN_POINT('',(25.957934130003,-21.00525395739,
    -13.97643788421));
#7900 = CARTESIAN_POINT('',(26.120716949983,-20.57458952816,
    -13.9793570939));
#7901 = CARTESIAN_POINT('',(26.285389196917,-20.24069964319,
    -13.98151610515));
#7902 = CARTESIAN_POINT('',(26.474027331597,-19.93377313525,
    -13.98341402853));
#7903 = CARTESIAN_POINT('',(26.682871074937,-19.6532653749,
    -13.98507902226));
#7904 = CARTESIAN_POINT('',(26.908496537158,-19.39830130652,
    -13.98653854145));
#7905 = CARTESIAN_POINT('',(27.147460508492,-19.16877715137,
    -13.98781114455));
#7906 = CARTESIAN_POINT('',(27.396722844281,-18.96466088548,
    -13.98891113844));
#7907 = CARTESIAN_POINT('',(27.65419827009,-18.78495201935,
    -13.98985601118));
#7908 = CARTESIAN_POINT('',(27.918788932427,-18.62776120686,
    -13.99066660175));
#7909 = CARTESIAN_POINT('',(28.374604022752,-18.40059360257,
    -13.99181828028));
#7910 = CARTESIAN_POINT('',(28.562868786624,-18.31860597609,
    -13.99222762647));
#7911 = CARTESIAN_POINT('',(28.752702607127,-18.24717725143,
    -13.99257968639));
#7912 = CARTESIAN_POINT('',(28.945571658781,-18.18552657387,
    -13.99288027138));
#7913 = CARTESIAN_POINT('',(29.13898050896,-18.13378850013,
    -13.99313039069));
#7914 = CARTESIAN_POINT('',(29.333083709434,-18.09219459638,
    -13.99333024168));
#7915 = CARTESIAN_POINT('',(29.529964742276,-18.06033182103,
    -13.99348278331));
#7916 = CARTESIAN_POINT('',(29.725630815715,-18.03756547237,
    -13.99359168617));
#7917 = CARTESIAN_POINT('',(29.915533224953,-18.02404088793,
    -13.99365657428));
#7918 = CARTESIAN_POINT('',(30.155184212572,-18.02000448897,
    -13.99367659584));
#7919 = ORIENTED_EDGE('',*,*,#7920,.F.);
#7920 = EDGE_CURVE('',#3608,#7824,#7921,.T.);
#7921 = ( BOUNDED_CURVE() B_SPLINE_CURVE(2,(#7922,#7923,#7924),
.UNSPECIFIED.,.F.,.F.) B_SPLINE_CURVE_WITH_KNOTS((3,3),(0.,
9.427367810202),.PIECEWISE_BEZIER_KNOTS.) CURVE() 
GEOMETRIC_REPRESENTATION_ITEM() RATIONAL_B_SPLINE_CURVE((1.,
0.705426292371,1.)) REPRESENTATION_ITEM('') );
#7922 = CARTESIAN_POINT('',(30.102267044297,-17.01665933873,
    -12.99367996239));
#7923 = CARTESIAN_POINT('',(30.102046145808,-17.0166630993,
    -13.9984387532));
#7924 = CARTESIAN_POINT('',(30.155184212572,-18.02000448897,
    -13.99367659584));
#7925 = ORIENTED_EDGE('',*,*,#3615,.F.);
#7926 = ( BOUNDED_SURFACE() B_SPLINE_SURFACE(2,10,(
    (#7927,#7928,#7929,#7930,#7931,#7932,#7933,#7934,#7935,#7936,#7937
      ,#7938,#7939,#7940,#7941,#7942,#7943,#7944,#7945,#7946,#7947,#7948
      ,#7949,#7950,#7951,#7952,#7953,#7954,#7955,#7956,#7957,#7958,#7959
      ,#7960,#7961,#7962,#7963,#7964,#7965,#7966,#7967,#7968,#7969,#7970
      ,#7971,#7972,#7973,#7974,#7975,#7976,#7977,#7978,#7979,#7980,#7981
      ,#7982,#7983,#7984,#7985,#7986,#7987,#7988,#7989,#7990,#7991,#7992
      ,#7993,#7994,#7995,#7996,#7997,#7998,#7999,#8000,#8001,#8002,#8003
      ,#8004,#8005,#8006,#8007,#8008,#8009,#8010,#8011,#8012,#8013,#8014
      ,#8015,#8016,#8017,#8018)
    ,(#8019,#8020,#8021,#8022,#8023,#8024,#8025,#8026,#8027,#8028,#8029
      ,#8030,#8031,#8032,#8033,#8034,#8035,#8036,#8037,#8038,#8039,#8040
      ,#8041,#8042,#8043,#8044,#8045,#8046,#8047,#8048,#8049,#8050,#8051
      ,#8052,#8053,#8054,#8055,#8056,#8057,#8058,#8059,#8060,#8061,#8062
      ,#8063,#8064,#8065,#8066,#8067,#8068,#8069,#8070,#8071,#8072,#8073
      ,#8074,#8075,#8076,#8077,#8078,#8079,#8080,#8081,#8082,#8083,#8084
      ,#8085,#8086,#8087,#8088,#8089,#8090,#8091,#8092,#8093,#8094,#8095
      ,#8096,#8097,#8098,#8099,#8100,#8101,#8102,#8103,#8104,#8105,#8106
      ,#8107,#8108,#8109,#8110)
    ,(#8111,#8112,#8113,#8114,#8115,#8116,#8117,#8118,#8119,#8120,#8121
      ,#8122,#8123,#8124,#8125,#8126,#8127,#8128,#8129,#8130,#8131,#8132
      ,#8133,#8134,#8135,#8136,#8137,#8138,#8139,#8140,#8141,#8142,#8143
      ,#8144,#8145,#8146,#8147,#8148,#8149,#8150,#8151,#8152,#8153,#8154
      ,#8155,#8156,#8157,#8158,#8159,#8160,#8161,#8162,#8163,#8164,#8165
      ,#8166,#8167,#8168,#8169,#8170,#8171,#8172,#8173,#8174,#8175,#8176
      ,#8177,#8178,#8179,#8180,#8181,#8182,#8183,#8184,#8185,#8186,#8187
      ,#8188,#8189,#8190,#8191,#8192,#8193,#8194,#8195,#8196,#8197,#8198
      ,#8199,#8200,#8201,#8202
)),.UNSPECIFIED.,.F.,.F.,.F.) B_SPLINE_SURFACE_WITH_KNOTS((3,3),(11,9,9,
    9,9,9,9,9,9,9,11),(0.,9.427367810202),(334.66936635613,
    334.67647589016,334.67925233338,334.69309495129,334.78571689258,
    334.90206742902,335.13476850191,335.60017064768,336.53097493923,
    341.02015476623,344.09673416634),.UNSPECIFIED.) 
GEOMETRIC_REPRESENTATION_ITEM() RATIONAL_B_SPLINE_SURFACE((
    (1.,1.,1.,1.,1.,1.,1.,1.,1.,1.,1.,1.,1.,1.,1.,1.,1.,1.,1.,1.,1.,1.
      ,1.,1.,1.,1.,1.,1.,1.,1.,1.,1.,1.,1.,1.,1.,1.,1.,1.,1.,1.,1.,1.,1.
      ,1.,1.,1.,1.,1.,1.,1.,1.,1.,1.,1.,1.,1.,1.,0.999999999999
      ,1.000000000001,1.,1.,1.,1.,1.,1.,1.,1.,1.,1.,1.,1.,1.,1.,1.,1.,1.
      ,1.,1.,1.,1.,1.,1.,1.,1.,1.,1.,1.,1.,1.,1.,1.)
    ,(0.707118233303,0.707117839914,0.707117446675,0.707117053586
      ,0.707116660646,0.707116267858,0.707115875218,0.707115482729
      ,0.70711509039,0.707114698202,0.707114153064,0.707114020676
      ,0.707113811298,0.707113590273,0.70711341014,0.707113264542
      ,0.707113117574,0.707112954337,0.707112798361,0.707111860396
      ,0.70711925561,0.707065549932,0.707225549951,0.706933663868
      ,0.707265836529,0.707028968289,0.707116693713,0.707105614706
      ,0.707099618247,0.707094410886,0.707089212996,0.707084024617
      ,0.707078845786,0.707073676545,0.70706851693,0.707063366983
      ,0.707058226742,0.70704665138,0.707040221896,0.707033807872
      ,0.707027409385,0.707021026513,0.707014659332,0.707008307922
      ,0.707001972359,0.706995652721,0.706976741814,0.706964198647
      ,0.706951720104,0.706939306701,0.706926958958,0.706914677392
      ,0.706902462522,0.706890314865,0.706878234941,0.706842199917
      ,0.706818450842,0.706794978136,0.706771783894,0.706748870215
      ,0.706726239191,0.706703892921,0.7066818335,0.706660063023
      ,0.706595624715,0.70655382455,0.706513188769,0.706473719754
      ,0.7064354166,0.706398275105,0.706362287778,0.706327443837
      ,0.706293729206,0.706103886889,0.705972619815,0.705864844299
      ,0.705776733353,0.705704739526,0.705646073938,0.705598520089
      ,0.705560063638,0.705528819432,0.705486547171,0.705472050032
      ,0.705460820774,0.705450417801,0.705442453911,0.705437306217
      ,0.705432426045,0.705427684774,0.705428666406,0.705426292371)
    ,(1.,1.,1.,1.,1.,1.,1.,1.,1.,1.,1.,1.,1.,1.,1.,1.,1.,1.,1.,1.,1.,1.
      ,1.,1.,1.,1.,1.,1.,1.,1.,1.,1.,1.,1.,1.,1.,1.,1.,1.,1.,1.,1.,1.,1.
      ,1.,1.,1.,1.,1.,1.,1.,1.,1.,1.,1.,1.,1.,1.,0.999999999999
      ,1.000000000001,1.,1.,1.,1.,1.,1.,1.,1.,1.,1.,1.,1.,1.,1.,1.,1.,1.
      ,1.,1.,1.,1.,1.,1.,1.,1.,1.,1.,1.,1.,1.,1.,1.
))) REPRESENTATION_ITEM('') SURFACE() );
#7927 = CARTESIAN_POINT('',(24.694808836132,-22.5352756543,-12.965096115
    ));
#7928 = CARTESIAN_POINT('',(24.694806240819,-22.53449494137,
    -12.96510124902));
#7929 = CARTESIAN_POINT('',(24.694803768691,-22.53371425093,
    -12.96510638275));
#7930 = CARTESIAN_POINT('',(24.694801419737,-22.53293358299,
    -12.96511151619));
#7931 = CARTESIAN_POINT('',(24.694799193944,-22.53215293759,
    -12.96511664936));
#7932 = CARTESIAN_POINT('',(24.6947970913,-22.53137231476,
    -12.96512178223));
#7933 = CARTESIAN_POINT('',(24.694795111793,-22.53059171452,
    -12.96512691482));
#7934 = CARTESIAN_POINT('',(24.694793255411,-22.52981113689,
    -12.96513204713));
#7935 = CARTESIAN_POINT('',(24.694791522142,-22.52903058191,
    -12.96513717915));
#7936 = CARTESIAN_POINT('',(24.694789911973,-22.5282500496,
    -12.96514231089));
#7937 = CARTESIAN_POINT('',(24.694787844152,-22.52716473231,
    -12.9651494463));
#7938 = CARTESIAN_POINT('',(24.694787234915,-22.5268378157,
    -12.96515167749));
#7939 = CARTESIAN_POINT('',(24.694786507838,-22.52642646178,
    -12.96515436431));
#7940 = CARTESIAN_POINT('',(24.694785858968,-22.52604244728,
    -12.96515680659));
#7941 = CARTESIAN_POINT('',(24.694785368296,-22.52573601644,
    -12.96515875081));
#7942 = CARTESIAN_POINT('',(24.694784951506,-22.5254632779,
    -12.96516052291));
#7943 = CARTESIAN_POINT('',(24.694784495402,-22.52516051436,
    -12.96516252565));
#7944 = CARTESIAN_POINT('',(24.694784007417,-22.52482928332,
    -12.96516470761));
#7945 = CARTESIAN_POINT('',(24.69478360969,-22.52453618726,
    -12.96516661104));
#7946 = CARTESIAN_POINT('',(24.69478120608,-22.52271056254,
    -12.96517854841));
#7947 = CARTESIAN_POINT('',(24.694778938722,-22.52118856518,
    -12.96521003863));
#7948 = CARTESIAN_POINT('',(24.694782884359,-22.51965153494,
    -12.96508069042));
#7949 = CARTESIAN_POINT('',(24.694764823181,-22.51799534295,
    -12.96551524124));
#7950 = CARTESIAN_POINT('',(24.694802512623,-22.5147708026,
    -12.96477152961));
#7951 = CARTESIAN_POINT('',(24.694752344356,-22.52604292602,
    -12.96555896608));
#7952 = CARTESIAN_POINT('',(24.694791477533,-22.5046698615,
    -12.96510164038));
#7953 = CARTESIAN_POINT('',(24.694780373917,-22.51206294534,
    -12.96527525038));
#7954 = CARTESIAN_POINT('',(24.694782006577,-22.51054244239,
    -12.96525806031));
#7955 = CARTESIAN_POINT('',(24.694798947303,-22.4988449446,
    -12.96533445143));
#7956 = CARTESIAN_POINT('',(24.694834605582,-22.48866837426,
    -12.96540084979));
#7957 = CARTESIAN_POINT('',(24.694891182089,-22.47849190242,
    -12.96546718728));
#7958 = CARTESIAN_POINT('',(24.694968674847,-22.46831561932,
    -12.96553346333));
#7959 = CARTESIAN_POINT('',(24.695067081885,-22.45813961521,
    -12.9655996774));
#7960 = CARTESIAN_POINT('',(24.695186401223,-22.44796398035,
    -12.96566582893));
#7961 = CARTESIAN_POINT('',(24.695326630891,-22.43778880498,
    -12.96573191736));
#7962 = CARTESIAN_POINT('',(24.695487768909,-22.42761417934,
    -12.96579794214));
#7963 = CARTESIAN_POINT('',(24.695669813306,-22.41744019369,
    -12.96586390271));
#7964 = CARTESIAN_POINT('',(24.696127703875,-22.39448742072,
    -12.96601257603));
#7965 = CARTESIAN_POINT('',(24.696415636121,-22.38170905953,
    -12.9660952513));
#7966 = CARTESIAN_POINT('',(24.696736545078,-22.36893204665,
    -12.9661778232));
#7967 = CARTESIAN_POINT('',(24.697090416984,-22.35615657401,
    -12.96626029058));
#7968 = CARTESIAN_POINT('',(24.697477238075,-22.34338283357,
    -12.96634265231));
#7969 = CARTESIAN_POINT('',(24.697896994587,-22.33061101728,
    -12.96642490724));
#7970 = CARTESIAN_POINT('',(24.698349672756,-22.31784131707,
    -12.96650705424));
#7971 = CARTESIAN_POINT('',(24.69883525882,-22.30507392489,
    -12.96658909216));
#7972 = CARTESIAN_POINT('',(24.699353739014,-22.29230903268,
    -12.96667101986));
#7973 = CARTESIAN_POINT('',(24.701007820698,-22.25402243183,
    -12.96691646889));
#7974 = CARTESIAN_POINT('',(24.702242148824,-22.22850886929,
    -12.96707965531));
#7975 = CARTESIAN_POINT('',(24.703607839871,-22.20300766318,
    -12.96724238705));
#7976 = CARTESIAN_POINT('',(24.705104649757,-22.17752033189,
    -12.96740465568));
#7977 = CARTESIAN_POINT('',(24.706732334396,-22.15204839383,
    -12.96756645278));
#7978 = CARTESIAN_POINT('',(24.70849064971,-22.12659336739,
    -12.96772776993));
#7979 = CARTESIAN_POINT('',(24.710379351612,-22.10115677098,
    -12.96788859872));
#7980 = CARTESIAN_POINT('',(24.712398196022,-22.075740123,
    -12.96804893072));
#7981 = CARTESIAN_POINT('',(24.714546938855,-22.05034494185,
    -12.96820875751));
#7982 = CARTESIAN_POINT('',(24.721382130379,-21.97422835406,
    -12.96868669699));
#7983 = CARTESIAN_POINT('',(24.72645851505,-21.92357713706,
    -12.96900325638));
#7984 = CARTESIAN_POINT('',(24.732050768195,-21.87302958288,
    -12.9693177002));
#7985 = CARTESIAN_POINT('',(24.738155167965,-21.82259617951,
    -12.96962997979));
#7986 = CARTESIAN_POINT('',(24.744767992516,-21.77228741491,
    -12.96994004653));
#7987 = CARTESIAN_POINT('',(24.751885519995,-21.72211377707,
    -12.97024785176));
#7988 = CARTESIAN_POINT('',(24.759504028558,-21.67208575396,
    -12.97055334685));
#7989 = CARTESIAN_POINT('',(24.767619796356,-21.62221383356,
    -12.97085648315));
#7990 = CARTESIAN_POINT('',(24.776229101542,-21.57250850384,
    -12.97115721201));
#7991 = CARTESIAN_POINT('',(24.803526463716,-21.42392375067,
    -12.97205203041));
#7992 = CARTESIAN_POINT('',(24.823679539763,-21.32556983605,
    -12.97263880625));
#7993 = CARTESIAN_POINT('',(24.845748761176,-21.2279934385,
    -12.97321552473));
#7994 = CARTESIAN_POINT('',(24.869692370679,-21.13126585874,
    -12.9737819323));
#7995 = CARTESIAN_POINT('',(24.895465542944,-21.03545476858,
    -12.97433780944));
#7996 = CARTESIAN_POINT('',(24.923020384603,-20.94062421096,
    -12.97488297072));
#7997 = CARTESIAN_POINT('',(24.952305934234,-20.84683459994,
    -12.97541726475));
#7998 = CARTESIAN_POINT('',(24.983268162374,-20.75414272068,
    -12.97594057421));
#7999 = CARTESIAN_POINT('',(25.015849971509,-20.66260172948,
    -12.97645281583));
#8000 = CARTESIAN_POINT('',(25.214651047789,-20.13655722129,
    -12.97937081612));
#8001 = CARTESIAN_POINT('',(25.415710370615,-19.72883862278,
    -12.98152837002));
#8002 = CARTESIAN_POINT('',(25.646291084143,-19.35368442416,
    -12.98342669899));
#8003 = CARTESIAN_POINT('',(25.901601868933,-19.01079255245,
    -12.98509216312));
#8004 = CARTESIAN_POINT('',(26.177326037378,-18.69931117399,
    -12.98655117277));
#8005 = CARTESIAN_POINT('',(26.469309443116,-18.41899365136,
    -12.98782289826));
#8006 = CARTESIAN_POINT('',(26.773953066378,-18.16959099138,
    -12.98892267896));
#8007 = CARTESIAN_POINT('',(27.088714912694,-17.94989569666,
    -12.98986790867));
#8008 = CARTESIAN_POINT('',(27.412125862334,-17.75785093294,
    -12.99067817385));
#8009 = CARTESIAN_POINT('',(27.969293724464,-17.48025648502,
    -12.99182967335));
#8010 = CARTESIAN_POINT('',(28.199258128914,-17.38015645017,
    -12.99223805836));
#8011 = CARTESIAN_POINT('',(28.431965501564,-17.29257076339,
    -12.99259314242));
#8012 = CARTESIAN_POINT('',(28.667038781475,-17.21739073209,
    -12.99289095338));
#8013 = CARTESIAN_POINT('',(28.903773970279,-17.15437596074,
    -12.99313963228));
#8014 = CARTESIAN_POINT('',(29.141771307641,-17.10329555694,
    -12.99334333586));
#8015 = CARTESIAN_POINT('',(29.381031786851,-17.06404462478,
    -12.99349646284));
#8016 = CARTESIAN_POINT('',(29.621227668271,-17.03657343251,
    -12.99359939927));
#8017 = CARTESIAN_POINT('',(29.861331837493,-17.02076101426,
    -12.99366910201));
#8018 = CARTESIAN_POINT('',(30.102267044297,-17.01665933873,
    -12.99367996239));
#8019 = CARTESIAN_POINT('',(24.694834826676,-22.54309403775,
    -13.96503315843));
#8020 = CARTESIAN_POINT('',(24.694831117705,-22.54231210239,
    -13.96503941472));
#8021 = CARTESIAN_POINT('',(24.694827532336,-22.54153018878,
    -13.96504567031));
#8022 = CARTESIAN_POINT('',(24.694824070559,-22.54074829696,
    -13.96505192519));
#8023 = CARTESIAN_POINT('',(24.694820732359,-22.53996642696,
    -13.96505817936));
#8024 = CARTESIAN_POINT('',(24.694817517728,-22.53918457879,
    -13.96506443283));
#8025 = CARTESIAN_POINT('',(24.694814426649,-22.53840275249,
    -13.96507068559));
#8026 = CARTESIAN_POINT('',(24.694811459117,-22.53762094808,
    -13.96507693765));
#8027 = CARTESIAN_POINT('',(24.694808615114,-22.53683916558,
    -13.965083189));
#8028 = CARTESIAN_POINT('',(24.694805894632,-22.53605740503,
    -13.96508943964));
#8029 = CARTESIAN_POINT('',(24.694802283476,-22.53497037859,
    -13.96509813033));
#8030 = CARTESIAN_POINT('',(24.694801257489,-22.53466509501,
    -13.96510057113));
#8031 = CARTESIAN_POINT('',(24.694800128206,-22.53435981673,
    -13.96510301343));
#8032 = CARTESIAN_POINT('',(24.694799056123,-22.53405453672,
    -13.96510545527));
#8033 = CARTESIAN_POINT('',(24.694798114143,-22.53374925217,
    -13.96510789566));
#8034 = CARTESIAN_POINT('',(24.694797239886,-22.53344396568,
    -13.96511033529));
#8035 = CARTESIAN_POINT('',(24.694796341896,-22.53313868076,
    -13.96511277527));
#8036 = CARTESIAN_POINT('',(24.694795421867,-22.53283339724,
    -13.96511521568));
#8037 = CARTESIAN_POINT('',(24.694794574901,-22.53252811139,
    -13.96511765544));
#8038 = CARTESIAN_POINT('',(24.694789516862,-22.53070075084,
    -13.96513225974));
#8039 = CARTESIAN_POINT('',(24.694786047317,-22.52917870512,
    -13.96514436014));
#8040 = CARTESIAN_POINT('',(24.694780950441,-22.52765647395,
    -13.96515692099));
#8041 = CARTESIAN_POINT('',(24.694783405426,-22.52613441781,
    -13.96516788092));
#8042 = CARTESIAN_POINT('',(24.694768771219,-22.52461360362,
    -13.96518217091));
#8043 = CARTESIAN_POINT('',(24.694796312683,-22.52308815972,
    -13.96519189566));
#8044 = CARTESIAN_POINT('',(24.694758777791,-22.52157042122,
    -13.9652057879));
#8045 = CARTESIAN_POINT('',(24.694773473781,-22.52004574302,
    -13.96521727651));
#8046 = CARTESIAN_POINT('',(24.694772653747,-22.51852402922,
    -13.96522950631));
#8047 = CARTESIAN_POINT('',(24.694772638099,-22.5068174188,
    -13.9653229311));
#8048 = CARTESIAN_POINT('',(24.69479357729,-22.49663286847,
    -13.96540412193));
#8049 = CARTESIAN_POINT('',(24.694835467515,-22.48644837589,
    -13.96548522523));
#8050 = CARTESIAN_POINT('',(24.694898307,-22.47626403153,-13.96556624033
    ));
#8051 = CARTESIAN_POINT('',(24.694982093971,-22.46607992587,
    -13.96564716656));
#8052 = CARTESIAN_POINT('',(24.69508682665,-22.4558961494,
    -13.96572800326));
#8053 = CARTESIAN_POINT('',(24.69521250326,-22.44571279259,
    -13.96580874975));
#8054 = CARTESIAN_POINT('',(24.695359122021,-22.43552994595,
    -13.96588940538));
#8055 = CARTESIAN_POINT('',(24.695526681151,-22.42534769998,
    -13.96596996946));
#8056 = CARTESIAN_POINT('',(24.695951971238,-22.40237599262,
    -13.96615153077));
#8057 = CARTESIAN_POINT('',(24.696221809091,-22.38958693583,
    -13.96625247463));
#8058 = CARTESIAN_POINT('',(24.696524679052,-22.37679916712,
    -13.96635327156));
#8059 = CARTESIAN_POINT('',(24.696860567741,-22.36401287885,
    -13.96645392019));
#8060 = CARTESIAN_POINT('',(24.697229461778,-22.35122826337,
    -13.96655441917));
#8061 = CARTESIAN_POINT('',(24.697631347771,-22.33844551306,
    -13.96665476713));
#8062 = CARTESIAN_POINT('',(24.698066212332,-22.3256648203,
    -13.9667549627));
#8063 = CARTESIAN_POINT('',(24.698534042057,-22.31288637747,
    -13.96685500453));
#8064 = CARTESIAN_POINT('',(24.699034823548,-22.300110377,
    -13.96695489125));
#8065 = CARTESIAN_POINT('',(24.700636011637,-22.26178959654,
    -13.9672540873));
#8066 = CARTESIAN_POINT('',(24.701835325564,-22.23625279927,
    -13.96745292603));
#8067 = CARTESIAN_POINT('',(24.703166243907,-22.21072814073,
    -13.96765112775));
#8068 = CARTESIAN_POINT('',(24.704628525304,-22.18521714234,
    -13.96784868256));
#8069 = CARTESIAN_POINT('',(24.706221928302,-22.1597213257,
    -13.96804558055));
#8070 = CARTESIAN_POINT('',(24.707946211349,-22.13424221257,
    -13.96824181182));
#8071 = CARTESIAN_POINT('',(24.709801132803,-22.10878132491,
    -13.96843736644));
#8072 = CARTESIAN_POINT('',(24.711786450921,-22.08334018482,
    -13.96863223451));
#8073 = CARTESIAN_POINT('',(24.713901923868,-22.05792031457,
    -13.96882640612));
#8074 = CARTESIAN_POINT('',(24.720638310329,-21.98172649122,
    -13.96940682153));
#8075 = CARTESIAN_POINT('',(24.725649981283,-21.931022223,
    -13.96979092941));
#8076 = CARTESIAN_POINT('',(24.73117861717,-21.88042094265,
    -13.97017214028));
#8077 = CARTESIAN_POINT('',(24.737220510818,-21.82993316263,
    -13.9705503994));
#8078 = CARTESIAN_POINT('',(24.743771953289,-21.77956939709,
    -13.97092565207));
#8079 = CARTESIAN_POINT('',(24.750829233864,-21.7293401619,
    -13.97129784353));
#8080 = CARTESIAN_POINT('',(24.75838864006,-21.6792559745,
    -13.97166691906));
#8081 = CARTESIAN_POINT('',(24.766446457614,-21.62932735398,
    -13.97203282393));
#8082 = CARTESIAN_POINT('',(24.774998970495,-21.57956482091,
    -13.97239550338));
#8083 = CARTESIAN_POINT('',(24.802131091143,-21.43079800629,
    -13.97347376681));
#8084 = CARTESIAN_POINT('',(24.822179481999,-21.33231841458,
    -13.9741795745));
#8085 = CARTESIAN_POINT('',(24.844148949173,-21.23461526188,
    -13.97487202127));
#8086 = CARTESIAN_POINT('',(24.867997726992,-21.13776006257,
    -13.97555084604));
#8087 = CARTESIAN_POINT('',(24.893680968657,-21.04182070115,
    -13.97621583113));
#8088 = CARTESIAN_POINT('',(24.921150746687,-20.94686142795,
    -13.97686680228));
#8089 = CARTESIAN_POINT('',(24.950356053595,-20.85294285485,
    -13.97750362873));
#8090 = CARTESIAN_POINT('',(24.981242802725,-20.76012195126,
    -13.97812622321));
#8091 = CARTESIAN_POINT('',(25.013753829299,-20.66845204023,
    -13.97873454197));
#8092 = CARTESIAN_POINT('',(25.212213833593,-20.14154099071,
    -13.98219436669));
#8093 = CARTESIAN_POINT('',(25.413109323276,-19.73314420928,
    -13.98472661365));
#8094 = CARTESIAN_POINT('',(25.64361725188,-19.35737504671,
    -13.98693257296));
#8095 = CARTESIAN_POINT('',(25.898927235356,-19.01392855116,
    -13.98884955843));
#8096 = CARTESIAN_POINT('',(26.174708176009,-18.70194813144,
    -13.99051412208));
#8097 = CARTESIAN_POINT('',(26.466795108258,-18.42118444225,
    -13.99195339273));
#8098 = CARTESIAN_POINT('',(26.771579886801,-18.17138747036,
    -13.99318902155));
#8099 = CARTESIAN_POINT('',(27.086512417932,-17.95134732019,
    -13.9942441394));
#8100 = CARTESIAN_POINT('',(27.410117196599,-17.75900222678,
    -13.99514371221));
#8101 = CARTESIAN_POINT('',(27.967656794274,-17.48096887507,
    -13.99641610423));
#8102 = CARTESIAN_POINT('',(28.19778391634,-17.38071043495,
    -13.99686595614));
#8103 = CARTESIAN_POINT('',(28.430663302233,-17.29298952169,
    -13.99725318638));
#8104 = CARTESIAN_POINT('',(28.665903295708,-17.21769297007,
    -13.99758073794));
#8105 = CARTESIAN_POINT('',(28.902812291425,-17.15458291003,
    -13.99785219458));
#8106 = CARTESIAN_POINT('',(29.140988651566,-17.10342798685,
    -13.99807065599));
#8107 = CARTESIAN_POINT('',(29.380419879415,-17.06411699664,
    -13.99823774372));
#8108 = CARTESIAN_POINT('',(29.62079452003,-17.03660114743,
    -13.99835420172));
#8109 = CARTESIAN_POINT('',(29.861106462833,-17.02077452999,
    -13.99842116082));
#8110 = CARTESIAN_POINT('',(30.102046145808,-17.0166630993,
    -13.9984387532));
#8111 = CARTESIAN_POINT('',(25.69480072587,-22.54124508294,
    -13.96505401556));
#8112 = CARTESIAN_POINT('',(25.694798125899,-22.54046117058,
    -13.96506028607));
#8113 = CARTESIAN_POINT('',(25.694795649101,-22.53967727821,
    -13.96506655589));
#8114 = CARTESIAN_POINT('',(25.694793295461,-22.53889340585,
    -13.96507282501));
#8115 = CARTESIAN_POINT('',(25.694791064971,-22.53810955353,
    -13.96507909344));
#8116 = CARTESIAN_POINT('',(25.694788957614,-22.53732572129,
    -13.96508536118));
#8117 = CARTESIAN_POINT('',(25.694786973383,-22.53654190913,
    -13.96509162821));
#8118 = CARTESIAN_POINT('',(25.694785112262,-22.53575811708,
    -13.96509789456));
#8119 = CARTESIAN_POINT('',(25.694783374241,-22.53497434518,
    -13.96510416021));
#8120 = CARTESIAN_POINT('',(25.694781759306,-22.53419059344,
    -13.96511042516));
#8121 = CARTESIAN_POINT('',(25.694779684839,-22.53310079596,
    -13.96511913577));
#8122 = CARTESIAN_POINT('',(25.694778929094,-22.53264140934,
    -13.96512280777));
#8123 = CARTESIAN_POINT('',(25.694776650059,-22.53162736722,
    -13.96513091186));
#8124 = CARTESIAN_POINT('',(25.694774797921,-22.53082401654,
    -13.96513733162));
#8125 = CARTESIAN_POINT('',(25.694774337705,-22.53056486483,
    -13.96513940214));
#8126 = CARTESIAN_POINT('',(25.69477456648,-22.53053874292,
    -13.9651396105));
#8127 = CARTESIAN_POINT('',(25.694774358324,-22.53030432825,
    -13.96514148366));
#8128 = CARTESIAN_POINT('',(25.694773662028,-22.52987370593,
    -13.96514492483));
#8129 = CARTESIAN_POINT('',(25.694773576575,-22.5297066443,
    -13.96514625942));
#8130 = CARTESIAN_POINT('',(25.694772097006,-22.52821390763,
    -13.96515818605));
#8131 = CARTESIAN_POINT('',(25.694827447685,-22.52695761765,
    -13.96516829873));
#8132 = CARTESIAN_POINT('',(25.694465139529,-22.52561166499,
    -13.96517854666));
#8133 = CARTESIAN_POINT('',(25.695547758242,-22.52332328081,
    -13.96519840788));
#8134 = CARTESIAN_POINT('',(25.693630343954,-22.50965390043,
    -13.96530454116));
#8135 = CARTESIAN_POINT('',(25.695786570346,-22.6022421036,
    -13.96456877271));
#8136 = CARTESIAN_POINT('',(25.694262660319,-22.4553008749,
    -13.96573960317));
#8137 = CARTESIAN_POINT('',(25.694852414921,-22.51948750853,
    -13.96522794024));
#8138 = CARTESIAN_POINT('',(25.694775952355,-22.51824495026,
    -13.96523778725));
#8139 = CARTESIAN_POINT('',(25.694792902515,-22.50866636498,
    -13.96531422473));
#8140 = CARTESIAN_POINT('',(25.694824765575,-22.50033327243,
    -13.96538066283));
#8141 = CARTESIAN_POINT('',(25.694873743677,-22.49200032118,
    -13.96544703953));
#8142 = CARTESIAN_POINT('',(25.694939835087,-22.48366757611,
    -13.96551335435));
#8143 = CARTESIAN_POINT('',(25.69502303807,-22.47533510206,
    -13.9655796068));
#8144 = CARTESIAN_POINT('',(25.695123350893,-22.46700296391,
    -13.96564579641));
#8145 = CARTESIAN_POINT('',(25.69524077182,-22.45867122651,
    -13.9657119227));
#8146 = CARTESIAN_POINT('',(25.695375299119,-22.45033995473,
    -13.96577798517));
#8147 = CARTESIAN_POINT('',(25.695526931054,-22.44200921343,
    -13.96584398335));
#8148 = CARTESIAN_POINT('',(25.695907628507,-22.4232148412,
    -13.96599274148));
#8149 = CARTESIAN_POINT('',(25.696146582745,-22.41275156094,
    -13.96607546392));
#8150 = CARTESIAN_POINT('',(25.696412517538,-22.40228938186,
    -13.96615808295));
#8151 = CARTESIAN_POINT('',(25.696705421819,-22.39182845913,
    -13.96624059745));
#8152 = CARTESIAN_POINT('',(25.697025284522,-22.38136894794,
    -13.96632300628));
#8153 = CARTESIAN_POINT('',(25.697372094579,-22.37091100345,
    -13.96640530832));
#8154 = CARTESIAN_POINT('',(25.697745840923,-22.36045478084,
    -13.96648750245));
#8155 = CARTESIAN_POINT('',(25.698146512488,-22.35000043528,
    -13.96656958754));
#8156 = CARTESIAN_POINT('',(25.698574098206,-22.33954812195,
    -13.96665156246));
#8157 = CARTESIAN_POINT('',(25.69993756462,-22.30819774417,
    -13.96689715335));
#8158 = CARTESIAN_POINT('',(25.700954226865,-22.28730632114,
    -13.96706043443));
#8159 = CARTESIAN_POINT('',(25.702078372334,-22.26642499215,
    -13.96722326073));
#8160 = CARTESIAN_POINT('',(25.703309799612,-22.24555502242,
    -13.96738562366));
#8161 = CARTESIAN_POINT('',(25.70464830729,-22.22469767715,
    -13.96754751463));
#8162 = CARTESIAN_POINT('',(25.706093693952,-22.20385422156,
    -13.96770892505));
#8163 = CARTESIAN_POINT('',(25.707645758188,-22.18302592086,
    -13.96786984632));
#8164 = CARTESIAN_POINT('',(25.709304298585,-22.16221404026,
    -13.96803026986));
#8165 = CARTESIAN_POINT('',(25.71106911373,-22.14141984497,
    -13.96819018707));
#8166 = CARTESIAN_POINT('',(25.716681779172,-22.0790941107,
    -13.96866839396));
#8167 = CARTESIAN_POINT('',(25.720848624383,-22.03762049969,
    -13.96898512602));
#8168 = CARTESIAN_POINT('',(25.725437480905,-21.99623233595,
    -13.96929973708));
#8169 = CARTESIAN_POINT('',(25.7304452918,-21.95493818826,
    -13.96961217869));
#8170 = CARTESIAN_POINT('',(25.735869000131,-21.9137466254,
    -13.96992240238));
#8171 = CARTESIAN_POINT('',(25.741705548958,-21.87266621614,
    -13.97023035968));
#8172 = CARTESIAN_POINT('',(25.747951881345,-21.83170552928,
    -13.97053600214));
#8173 = CARTESIAN_POINT('',(25.754604940351,-21.79087313358,
    -13.9708392813));
#8174 = CARTESIAN_POINT('',(25.76166166904,-21.75017759782,
    -13.97114014868));
#8175 = CARTESIAN_POINT('',(25.784033693339,-21.6285272767,
    -13.97203537014));
#8176 = CARTESIAN_POINT('',(25.800547227859,-21.54800418989,
    -13.9726223972));
#8177 = CARTESIAN_POINT('',(25.818627861531,-21.4681193416,
    -13.97319935154));
#8178 = CARTESIAN_POINT('',(25.838241393631,-21.38893081506,
    -13.97376598197));
#8179 = CARTESIAN_POINT('',(25.859351175221,-21.31049366543,
    -13.97432207159));
#8180 = CARTESIAN_POINT('',(25.881918109141,-21.23285991981,
    -13.9748674378));
#8181 = CARTESIAN_POINT('',(25.905900650012,-21.15607857727,
    -13.97540193228));
#8182 = CARTESIAN_POINT('',(25.931254804238,-21.08019560881,
    -13.975925441));
#8183 = CARTESIAN_POINT('',(25.957934130003,-21.00525395739,
    -13.97643788421));
#8184 = CARTESIAN_POINT('',(26.120716949983,-20.57458952816,
    -13.9793570939));
#8185 = CARTESIAN_POINT('',(26.285389196917,-20.24069964319,
    -13.98151610515));
#8186 = CARTESIAN_POINT('',(26.474027331597,-19.93377313525,
    -13.98341402853));
#8187 = CARTESIAN_POINT('',(26.682871074937,-19.6532653749,
    -13.98507902226));
#8188 = CARTESIAN_POINT('',(26.908496537158,-19.39830130652,
    -13.98653854145));
#8189 = CARTESIAN_POINT('',(27.147460508492,-19.16877715137,
    -13.98781114455));
#8190 = CARTESIAN_POINT('',(27.396722844281,-18.96466088548,
    -13.98891113844));
#8191 = CARTESIAN_POINT('',(27.65419827009,-18.78495201935,
    -13.98985601118));
#8192 = CARTESIAN_POINT('',(27.918788932427,-18.62776120686,
    -13.99066660175));
#8193 = CARTESIAN_POINT('',(28.374604022752,-18.40059360257,
    -13.99181828028));
#8194 = CARTESIAN_POINT('',(28.562868786624,-18.31860597609,
    -13.99222762647));
#8195 = CARTESIAN_POINT('',(28.752702607127,-18.24717725143,
    -13.99257968639));
#8196 = CARTESIAN_POINT('',(28.945571658781,-18.18552657387,
    -13.99288027138));
#8197 = CARTESIAN_POINT('',(29.13898050896,-18.13378850013,
    -13.99313039069));
#8198 = CARTESIAN_POINT('',(29.333083709434,-18.09219459638,
    -13.99333024168));
#8199 = CARTESIAN_POINT('',(29.529964742276,-18.06033182103,
    -13.99348278331));
#8200 = CARTESIAN_POINT('',(29.725630815715,-18.03756547237,
    -13.99359168617));
#8201 = CARTESIAN_POINT('',(29.915533224953,-18.02404088793,
    -13.99365657428));
#8202 = CARTESIAN_POINT('',(30.155184212572,-18.02000448897,
    -13.99367659584));
#8203 = ADVANCED_FACE('',(#8204),#8293,.F.);
#8204 = FACE_BOUND('',#8205,.F.);
#8205 = EDGE_LOOP('',(#8206,#8214,#8291,#8292));
#8206 = ORIENTED_EDGE('',*,*,#8207,.T.);
#8207 = EDGE_CURVE('',#3719,#8208,#8210,.T.);
#8208 = VERTEX_POINT('',#8209);
#8209 = CARTESIAN_POINT('',(105.62139970905,-22.68154214302,
    -13.96441424446));
#8210 = ( BOUNDED_CURVE() B_SPLINE_CURVE(2,(#8211,#8212,#8213),
.UNSPECIFIED.,.F.,.F.) B_SPLINE_CURVE_WITH_KNOTS((3,3),(0.,
97.001868680612),.PIECEWISE_BEZIER_KNOTS.) CURVE() 
GEOMETRIC_REPRESENTATION_ITEM() RATIONAL_B_SPLINE_CURVE((1.,
0.70429596073,1.)) REPRESENTATION_ITEM('') );
#8211 = CARTESIAN_POINT('',(105.78042797149,-21.68620584519,
    -12.96447201374));
#8212 = CARTESIAN_POINT('',(105.78157036729,-21.68641566701,
    -13.97243747252));
#8213 = CARTESIAN_POINT('',(105.62139970905,-22.68154214302,
    -13.96441424446));
#8214 = ORIENTED_EDGE('',*,*,#8215,.T.);
#8215 = EDGE_CURVE('',#8208,#7766,#8216,.T.);
#8216 = ( BOUNDED_CURVE() B_SPLINE_CURVE(13,(#8217,#8218,#8219,#8220,
    #8221,#8222,#8223,#8224,#8225,#8226,#8227,#8228,#8229,#8230,#8231,
    #8232,#8233,#8234,#8235,#8236,#8237,#8238,#8239,#8240,#8241,#8242,
    #8243,#8244,#8245,#8246,#8247,#8248,#8249,#8250,#8251,#8252,#8253,
    #8254,#8255,#8256,#8257,#8258,#8259,#8260,#8261,#8262,#8263,#8264,
    #8265,#8266,#8267,#8268,#8269,#8270,#8271,#8272,#8273,#8274,#8275,
    #8276,#8277,#8278,#8279,#8280,#8281,#8282,#8283,#8284,#8285,#8286,
    #8287,#8288,#8289,#8290),.UNSPECIFIED.,.F.,.F.) 
B_SPLINE_CURVE_WITH_KNOTS((14,12,12,12,12,12,14),(441.09860292975,
    450.38110767244,481.86790827037,522.63721361099,563.81810501082,
584.59459133465,605.0309472344),.UNSPECIFIED.) CURVE() 
GEOMETRIC_REPRESENTATION_ITEM() RATIONAL_B_SPLINE_CURVE((1.,1.,1.,
    1.000000000001,0.999999999997,1.000000000004,0.999999999994,
    1.000000000006,0.999999999995,1.000000000003,0.999999999998,
    1.000000000001,1.,1.,1.,1.000000000001,0.999999999998,1.000000000003
    ,0.999999999995,1.000000000006,0.999999999995,1.000000000004,
    0.999999999998,1.000000000001,1.,1.,1.,0.999999999999,1.000000000001
    ,0.999999999998,1.000000000002,0.999999999998,1.000000000002,
    0.999999999999,1.,1.,1.,1.,0.999999999999,1.000000000002,
    0.999999999996,1.000000000007,0.999999999992,1.000000000007,
    0.999999999994,1.000000000003,0.999999999998,1.000000000001,1.,1.,
    0.999999999999,1.000000000002,0.999999999996,1.000000000006,
    0.999999999993,1.000000000006,0.999999999995,1.000000000003,
    0.999999999999,1.,1.,1.,1.000000000001,0.999999999998,1.000000000005
    ,0.999999999993,1.000000000009,0.999999999992,1.000000000006,
    0.999999999996,1.000000000002,0.999999999999,1.,1.)) 
REPRESENTATION_ITEM('') );
#8217 = CARTESIAN_POINT('',(105.62139977281,-22.68154215317,
    -13.96441424438));
#8218 = CARTESIAN_POINT('',(106.19090095175,-22.75866662739,
    -13.96379598507));
#8219 = CARTESIAN_POINT('',(106.7630804232,-22.83525682238,
    -13.96317698053));
#8220 = CARTESIAN_POINT('',(107.32894861922,-22.91011670447,
    -13.96256712552));
#8221 = CARTESIAN_POINT('',(107.88863851521,-22.983368029,-13.9619657121
    ));
#8222 = CARTESIAN_POINT('',(108.44540419035,-23.05553698931,
    -13.96136871573));
#8223 = CARTESIAN_POINT('',(109.00223946285,-23.12705720787,
    -13.96077278171));
#8224 = CARTESIAN_POINT('',(109.56051037329,-23.1980889683,
    -13.96017670107));
#8225 = CARTESIAN_POINT('',(110.11999530859,-23.26855458758,
    -13.95958116467));
#8226 = CARTESIAN_POINT('',(110.67972653277,-23.3382898272,
    -13.95898758496));
#8227 = CARTESIAN_POINT('',(111.23902692169,-23.40721124243,
    -13.95839677406));
#8228 = CARTESIAN_POINT('',(111.79813566762,-23.47539936853,
    -13.95780826743));
#8229 = CARTESIAN_POINT('',(112.35781674652,-23.54299764308,
    -13.95722108203));
#8230 = CARTESIAN_POINT('',(114.81529291931,-23.8365159375,
    -13.95465443357));
#8231 = CARTESIAN_POINT('',(116.71359681774,-24.05497286651,
    -13.95269978896));
#8232 = CARTESIAN_POINT('',(118.61224923171,-24.26520749534,
    -13.95077756332));
#8233 = CARTESIAN_POINT('',(120.51126244419,-24.46722954771,
    -13.94889242578));
#8234 = CARTESIAN_POINT('',(122.41066115756,-24.66104839229,
    -13.94704891008));
#8235 = CARTESIAN_POINT('',(124.31047624784,-24.84667270886,
    -13.94525140906));
#8236 = CARTESIAN_POINT('',(126.21073851504,-25.02411015463,
    -13.94350416923));
#8237 = CARTESIAN_POINT('',(128.11147243864,-25.1933670304,
    -13.94181128522));
#8238 = CARTESIAN_POINT('',(130.01268992727,-25.35444794686,
    -13.94017669438));
#8239 = CARTESIAN_POINT('',(131.91438407398,-25.50735549079,
    -13.9386041712));
#8240 = CARTESIAN_POINT('',(133.81652290691,-25.65208989132,
    -13.9370973219));
#8241 = CARTESIAN_POINT('',(135.71904314319,-25.78864868613,
    -13.9356595789));
#8242 = CARTESIAN_POINT('',(140.08560225399,-26.0832506346,
    -13.93252628835));
#8243 = CARTESIAN_POINT('',(142.54987228546,-26.23576270414,
    -13.93087949828));
#8244 = CARTESIAN_POINT('',(145.01458257991,-26.37456672871,
    -13.92936091593));
#8245 = CARTESIAN_POINT('',(147.47966718623,-26.49966657889,
    -13.92797693316));
#8246 = CARTESIAN_POINT('',(149.94506565704,-26.61106586358,
    -13.92673324299));
#8247 = CARTESIAN_POINT('',(152.4107230496,-26.70876792989,
    -13.92563483959));
#8248 = CARTESIAN_POINT('',(154.87658992459,-26.79277586328,
    -13.92468601825));
#8249 = CARTESIAN_POINT('',(157.34262234753,-26.86309248735,
    -13.92389037545));
#8250 = CARTESIAN_POINT('',(159.80878188736,-26.91972036412,
    -13.92325080877));
#8251 = CARTESIAN_POINT('',(162.27503561763,-26.96266179374,
    -13.92276951697));
#8252 = CARTESIAN_POINT('',(164.74135611569,-26.99191881472,
    -13.92244799994));
#8253 = CARTESIAN_POINT('',(167.20772146312,-27.00749320378,
    -13.92228705872));
#8254 = CARTESIAN_POINT('',(172.16540847846,-27.01129886163,
    -13.92228652962));
#8255 = CARTESIAN_POINT('',(174.65670886115,-26.99925071964,
    -13.92245022768));
#8256 = CARTESIAN_POINT('',(177.14797439238,-26.97324206854,
    -13.92277776373));
#8257 = CARTESIAN_POINT('',(179.63916294843,-26.93327238243,
    -13.92326828858));
#8258 = CARTESIAN_POINT('',(182.13023228304,-26.87934059083,
    -13.92392022983));
#8259 = CARTESIAN_POINT('',(184.62114002775,-26.81144507881,
    -13.92473129186));
#8260 = CARTESIAN_POINT('',(187.1118436911,-26.72958368686,
    -13.92569845581));
#8261 = CARTESIAN_POINT('',(189.60230066004,-26.63375371102,
    -13.92681797963));
#8262 = CARTESIAN_POINT('',(192.09246819799,-26.52395190276,
    -13.928085398));
#8263 = CARTESIAN_POINT('',(194.58230344694,-26.40017446908,
    -13.92949552243));
#8264 = CARTESIAN_POINT('',(197.07176342564,-26.26241707244,
    -13.93104244116));
#8265 = CARTESIAN_POINT('',(199.56080503087,-26.11067483079,
    -13.93271951924));
#8266 = CARTESIAN_POINT('',(203.30491755919,-25.86132734041,
    -13.93542746932));
#8267 = CARTESIAN_POINT('',(204.56034284348,-25.77415028703,
    -13.93636686121));
#8268 = CARTESIAN_POINT('',(205.81564761342,-25.68341122997,
    -13.93733663667));
#8269 = CARTESIAN_POINT('',(207.07082051623,-25.58911001398,
    -13.93833582577));
#8270 = CARTESIAN_POINT('',(208.32585212337,-25.49124625606,
    -13.93936342617));
#8271 = CARTESIAN_POINT('',(209.58073492887,-25.38981934535,
    -13.94041840306));
#8272 = CARTESIAN_POINT('',(210.83546335198,-25.2848284433,
    -13.94149968924));
#8273 = CARTESIAN_POINT('',(212.09003373365,-25.17627248345,
    -13.94260618505));
#8274 = CARTESIAN_POINT('',(213.34444434049,-25.0641501717,
    -13.94373675843));
#8275 = CARTESIAN_POINT('',(214.59869536099,-24.94845998602,
    -13.94489024484));
#8276 = CARTESIAN_POINT('',(215.85278890857,-24.8292001767,
    -13.94606544736));
#8277 = CARTESIAN_POINT('',(217.10672901953,-24.70636876619,
    -13.94726113659));
#8278 = CARTESIAN_POINT('',(219.59378853607,-24.45562770324,
    -13.94967107561));
#8279 = CARTESIAN_POINT('',(220.82568647698,-24.32798277912,
    -13.95088356058));
#8280 = CARTESIAN_POINT('',(222.06955362049,-24.19541002217,
    -13.95212494342));
#8281 = CARTESIAN_POINT('',(223.25745671944,-24.06619787864,
    -13.95332919351));
#8282 = CARTESIAN_POINT('',(224.61574502593,-23.91253273311,
    -13.95471299664));
#8283 = CARTESIAN_POINT('',(225.60237388017,-23.80152919521,
    -13.95574787344));
#8284 = CARTESIAN_POINT('',(227.20064930909,-23.61030001171,
    -13.95740021017));
#8285 = CARTESIAN_POINT('',(228.01979548903,-23.51451870589,
    -13.95828126541));
#8286 = CARTESIAN_POINT('',(229.61397695533,-23.31538321182,
    -13.95996507647));
#8287 = CARTESIAN_POINT('',(230.61044178376,-23.19118135015,
    -13.96103179719));
#8288 = CARTESIAN_POINT('',(231.95088375663,-23.01713992358,
    -13.96247747165));
#8289 = CARTESIAN_POINT('',(233.16611758279,-22.8574064634,
    -13.96378453313));
#8290 = CARTESIAN_POINT('',(234.37288450409,-22.6943119929,
    -13.96509577936));
#8291 = ORIENTED_EDGE('',*,*,#7765,.F.);
#8292 = ORIENTED_EDGE('',*,*,#3726,.F.);
#8293 = ( BOUNDED_SURFACE() B_SPLINE_SURFACE(2,13,(
    (#8294,#8295,#8296,#8297,#8298,#8299,#8300,#8301,#8302,#8303,#8304
      ,#8305,#8306,#8307,#8308,#8309,#8310,#8311,#8312,#8313,#8314,#8315
      ,#8316,#8317,#8318,#8319,#8320,#8321,#8322,#8323,#8324,#8325,#8326
      ,#8327,#8328,#8329,#8330,#8331,#8332,#8333,#8334,#8335,#8336,#8337
      ,#8338,#8339,#8340,#8341,#8342,#8343,#8344,#8345,#8346,#8347,#8348
      ,#8349,#8350,#8351,#8352,#8353,#8354,#8355,#8356,#8357,#8358,#8359
      ,#8360,#8361,#8362,#8363,#8364,#8365,#8366,#8367)
    ,(#8368,#8369,#8370,#8371,#8372,#8373,#8374,#8375,#8376,#8377,#8378
      ,#8379,#8380,#8381,#8382,#8383,#8384,#8385,#8386,#8387,#8388,#8389
      ,#8390,#8391,#8392,#8393,#8394,#8395,#8396,#8397,#8398,#8399,#8400
      ,#8401,#8402,#8403,#8404,#8405,#8406,#8407,#8408,#8409,#8410,#8411
      ,#8412,#8413,#8414,#8415,#8416,#8417,#8418,#8419,#8420,#8421,#8422
      ,#8423,#8424,#8425,#8426,#8427,#8428,#8429,#8430,#8431,#8432,#8433
      ,#8434,#8435,#8436,#8437,#8438,#8439,#8440,#8441)
    ,(#8442,#8443,#8444,#8445,#8446,#8447,#8448,#8449,#8450,#8451,#8452
      ,#8453,#8454,#8455,#8456,#8457,#8458,#8459,#8460,#8461,#8462,#8463
      ,#8464,#8465,#8466,#8467,#8468,#8469,#8470,#8471,#8472,#8473,#8474
      ,#8475,#8476,#8477,#8478,#8479,#8480,#8481,#8482,#8483,#8484,#8485
      ,#8486,#8487,#8488,#8489,#8490,#8491,#8492,#8493,#8494,#8495,#8496
      ,#8497,#8498,#8499,#8500,#8501,#8502,#8503,#8504,#8505,#8506,#8507
      ,#8508,#8509,#8510,#8511,#8512,#8513,#8514,#8515
)),.UNSPECIFIED.,.F.,.F.,.F.) B_SPLINE_SURFACE_WITH_KNOTS((3,3),(14,12,
    12,12,12,12,14),(0.,163.93234430464),(441.09860292975,
    450.38110767244,481.86790827037,522.63721361099,563.81810501082,
    584.59459133465,605.0309472344),.UNSPECIFIED.) 
GEOMETRIC_REPRESENTATION_ITEM() RATIONAL_B_SPLINE_SURFACE((
    (1.,1.,1.,1.000000000001,0.999999999997,1.000000000004
      ,0.999999999994,1.000000000006,0.999999999995,1.000000000003
      ,0.999999999998,1.000000000001,1.,1.,1.,1.000000000001
      ,0.999999999998,1.000000000003,0.999999999995,1.000000000006
      ,0.999999999995,1.000000000004,0.999999999998,1.000000000001,1.,1.
      ,1.,0.999999999999,1.000000000001,0.999999999998,1.000000000002
      ,0.999999999998,1.000000000002,0.999999999999,1.,1.,1.,1.
      ,0.999999999999,1.000000000002,0.999999999996,1.000000000007
      ,0.999999999992,1.000000000007,0.999999999994,1.000000000003
      ,0.999999999998,1.000000000001,1.,1.,0.999999999999,1.000000000002
      ,0.999999999996,1.000000000006,0.999999999993,1.000000000006
      ,0.999999999995,1.000000000003,0.999999999999,1.,1.,1.
      ,1.000000000001,0.999999999998,1.000000000005,0.999999999993
      ,1.000000000009,0.999999999992,1.000000000006,0.999999999996
      ,1.000000000002,0.999999999999,1.,1.)
    ,(0.704276467317,0.704255017508,0.704233267139,0.70421184472
      ,0.704190894932,0.704170327771,0.704149985511,0.704129740874
      ,0.704109539368,0.70408939933,0.704069382555,0.704049549028
      ,0.704029908745,0.703944154878,0.703879637109,0.70381690161
      ,0.70375601804,0.703697054721,0.703640078479,0.703585154637
      ,0.703532346784,0.703481716827,0.703433324743,0.703387228597
      ,0.703343484362,0.703248620512,0.703199123311,0.703153770741
      ,0.703112667888,0.703075908431,0.703043574662,0.703015737452
      ,0.702992456298,0.702973779269,0.70295974306,0.702950372946
      ,0.702945682812,0.70294566739,0.702950437844,0.702959983332
      ,0.702974288926,0.70299332797,0.703017062026,0.703045440952
      ,0.703078402808,0.70311587395,0.70315776895,0.703203990657
      ,0.703254430156,0.703336481483,0.703365040683,0.703394629043
      ,0.703425230805,0.703456829843,0.703489409571,0.70352295309
      ,0.703557443001,0.7035928616,0.703629190708,0.703666411796
      ,0.703704505907,0.703781763877,0.703820763185,0.703861856927
      ,0.703897877147,0.70395207729,0.703970127455,0.704047649276
      ,0.704054100679,0.704129048557,0.70415590165,0.704208547081
      ,0.704255054005,0.704299188785)
    ,(1.,1.,1.,1.000000000001,0.999999999997,1.000000000004
      ,0.999999999994,1.000000000006,0.999999999995,1.000000000003
      ,0.999999999998,1.000000000001,1.,1.,1.,1.000000000001
      ,0.999999999998,1.000000000003,0.999999999995,1.000000000006
      ,0.999999999995,1.000000000004,0.999999999998,1.000000000001,1.,1.
      ,1.,0.999999999999,1.000000000001,0.999999999998,1.000000000002
      ,0.999999999998,1.000000000002,0.999999999999,1.,1.,1.,1.
      ,0.999999999999,1.000000000002,0.999999999996,1.000000000007
      ,0.999999999992,1.000000000007,0.999999999994,1.000000000003
      ,0.999999999998,1.000000000001,1.,1.,0.999999999999,1.000000000002
      ,0.999999999996,1.000000000006,0.999999999993,1.000000000006
      ,0.999999999995,1.000000000003,0.999999999999,1.,1.,1.
      ,1.000000000001,0.999999999998,1.000000000005,0.999999999993
      ,1.000000000009,0.999999999992,1.000000000006,0.999999999996
,1.000000000002,0.999999999999,1.,1.
  ))) REPRESENTATION_ITEM('') SURFACE() );
#8294 = CARTESIAN_POINT('',(105.78042797149,-21.68620584519,
    -12.96441709619));
#8295 = CARTESIAN_POINT('',(106.33849007729,-21.7614275279,
    -12.96381319281));
#8296 = CARTESIAN_POINT('',(106.89626216838,-21.83588989785,
    -12.96320958515));
#8297 = CARTESIAN_POINT('',(107.45411996069,-21.9096442587,
    -12.96260682837));
#8298 = CARTESIAN_POINT('',(108.0121204736,-21.98269841572,
    -12.96200548071));
#8299 = CARTESIAN_POINT('',(108.57020391628,-22.0550443442,
    -12.96140588148));
#8300 = CARTESIAN_POINT('',(109.12830713866,-22.12667368308,
    -12.96080811391));
#8301 = CARTESIAN_POINT('',(109.68640942929,-22.19758392885,
    -12.96021209085));
#8302 = CARTESIAN_POINT('',(110.24453145726,-22.26777820524,
    -12.95961770105));
#8303 = CARTESIAN_POINT('',(110.8027081353,-22.33726148381,
    -12.95902495392));
#8304 = CARTESIAN_POINT('',(111.3609562044,-22.40603613069,
    -12.95843406067));
#8305 = CARTESIAN_POINT('',(111.9192573171,-22.47409965497,
    -12.95784538963));
#8306 = CARTESIAN_POINT('',(112.47757741653,-22.54144753368,
    -12.95725923364));
#8307 = CARTESIAN_POINT('',(114.92995266296,-22.83411875423,
    -12.95469468296));
#8308 = CARTESIAN_POINT('',(116.82431429096,-23.05194324316,
    -12.95274165389));
#8309 = CARTESIAN_POINT('',(118.71902296508,-23.26156752224,
    -12.95082103307));
#8310 = CARTESIAN_POINT('',(120.61409183965,-23.46300157833,
    -12.94893748392));
#8311 = CARTESIAN_POINT('',(122.50954614564,-23.65625499399,
    -12.94709553478));
#8312 = CARTESIAN_POINT('',(124.40541700228,-23.84133662283,
    -12.94529957341));
#8313 = CARTESIAN_POINT('',(126.30173522603,-24.01825426491,
    -12.94355384148));
#8314 = CARTESIAN_POINT('',(128.19852514285,-24.18701434201,
    -12.94186242904));
#8315 = CARTESIAN_POINT('',(130.09579839691,-24.34762157307,
    -12.940229269));
#8316 = CARTESIAN_POINT('',(131.99354776265,-24.50007864945,
    -12.93865813158));
#8317 = CARTESIAN_POINT('',(133.89174095408,-24.64438591037,
    -12.93715261885));
#8318 = CARTESIAN_POINT('',(135.79031443608,-24.7805410182,
    -12.93571615915));
#8319 = CARTESIAN_POINT('',(140.14781365335,-25.07427074304,
    -12.93258568194));
#8320 = CARTESIAN_POINT('',(142.60696945742,-25.22633020704,
    -12.93094038381));
#8321 = CARTESIAN_POINT('',(145.06656359665,-25.3647214762,
    -12.92942318805));
#8322 = CARTESIAN_POINT('',(147.52653048948,-25.48944870643,
    -12.92804047762));
#8323 = CARTESIAN_POINT('',(149.9868100221,-25.60051575926,
    -12.92679793755));
#8324 = CARTESIAN_POINT('',(152.44734754956,-25.69792620174,
    -12.925700555));
#8325 = CARTESIAN_POINT('',(154.90809389429,-25.78168330661,
    -12.9247526192));
#8326 = CARTESIAN_POINT('',(157.36900534776,-25.85179005207,
    -12.92395772155));
#8327 = CARTESIAN_POINT('',(159.83004366894,-25.90824912202,
    -12.92331875548));
#8328 = CARTESIAN_POINT('',(162.29117608546,-25.95106290584,
    -12.92283791658));
#8329 = CARTESIAN_POINT('',(164.7523752929,-25.98023349856,
    -12.92251670251));
#8330 = CARTESIAN_POINT('',(167.21361945516,-25.99576270078,
    -12.92235591306));
#8331 = CARTESIAN_POINT('',(172.16101270448,-25.99956041016,
    -12.92235538451));
#8332 = CARTESIAN_POINT('',(174.64714041678,-25.98755035494,
    -12.9225189282));
#8333 = CARTESIAN_POINT('',(177.13323341653,-25.9616218629,
    -12.92284615567));
#8334 = CARTESIAN_POINT('',(179.61924965973,-25.92177437061,
    -12.92333621917));
#8335 = CARTESIAN_POINT('',(182.10514698269,-25.8680067414,
    -12.92398754864));
#8336 = CARTESIAN_POINT('',(184.59088310288,-25.80031726525,
    -12.92479785176));
#8337 = CARTESIAN_POINT('',(187.0764156173,-25.71870365889,
    -12.92576411395));
#8338 = CARTESIAN_POINT('',(189.56170200498,-25.62316306572,
    -12.92688259835));
#8339 = CARTESIAN_POINT('',(192.04669962382,-25.51369205588,
    -12.92814884581));
#8340 = CARTESIAN_POINT('',(194.53136571389,-25.3902866262,
    -12.92955767493));
#8341 = CARTESIAN_POINT('',(197.01565739461,-25.25294220021,
    -12.93110318204));
#8342 = CARTESIAN_POINT('',(199.4995316667,-25.10165362818,
    -12.93277874117));
#8343 = CARTESIAN_POINT('',(203.23587146352,-24.85304947796,
    -12.9354842595));
#8344 = CARTESIAN_POINT('',(204.48869048511,-24.76613198628,
    -12.93642281093));
#8345 = CARTESIAN_POINT('',(205.74138924789,-24.67566274349,
    -12.93739172218));
#8346 = CARTESIAN_POINT('',(206.99395643952,-24.58164155312,
    -12.93839002457));
#8347 = CARTESIAN_POINT('',(208.24638266319,-24.4840679907,
    -12.93941671703));
#8348 = CARTESIAN_POINT('',(209.49866043785,-24.38294140377,
    -12.94047076607));
#8349 = CARTESIAN_POINT('',(210.7507841978,-24.2782609119,
    -12.94155110578));
#8350 = CARTESIAN_POINT('',(212.00275029325,-24.17002540665,
    -12.94265663784));
#8351 = CARTESIAN_POINT('',(213.25455698972,-24.05823355164,
    -12.9437862315));
#8352 = CARTESIAN_POINT('',(214.50620446856,-23.94288378247,
    -12.94493872361));
#8353 = CARTESIAN_POINT('',(215.75769482657,-23.82397430676,
    -12.94611291861));
#8354 = CARTESIAN_POINT('',(217.00903207625,-23.70150310416,
    -12.9473075885));
#8355 = CARTESIAN_POINT('',(219.49092906876,-23.45149606168,
    -12.94971548486));
#8356 = CARTESIAN_POINT('',(220.72141456058,-23.32408780096,
    -12.9509277362));
#8357 = CARTESIAN_POINT('',(221.95307226399,-23.19305751542,
    -12.95216129617));
#8358 = CARTESIAN_POINT('',(223.17919834719,-23.05929544097,
    -12.95339396613));
#8359 = CARTESIAN_POINT('',(224.42248688074,-22.9197947921,
    -12.95469304743));
#8360 = CARTESIAN_POINT('',(225.62910326837,-22.78164748389,
    -12.95589822235));
#8361 = CARTESIAN_POINT('',(226.89383040343,-22.63237471241,
    -12.95728452309));
#8362 = CARTESIAN_POINT('',(228.08854289781,-22.48881669828,
    -12.95848119154));
#8363 = CARTESIAN_POINT('',(229.34684080253,-22.33343227479,
    -12.95986961923));
#8364 = CARTESIAN_POINT('',(230.56292729075,-22.1800907492,
    -12.96114479551));
#8365 = CARTESIAN_POINT('',(231.79885736772,-22.02064108293,
    -12.96248319023));
#8366 = CARTESIAN_POINT('',(233.02761428148,-21.8586452328,
    -12.9638144634));
#8367 = CARTESIAN_POINT('',(234.257649355,-21.69297978345,
    -12.96514314175));
#8368 = CARTESIAN_POINT('',(105.78157922646,-21.68636102386,
    -13.97243791309));
#8369 = CARTESIAN_POINT('',(106.3395859656,-21.76157387157,
    -13.97189499255));
#8370 = CARTESIAN_POINT('',(106.89727513188,-21.83602389218,
    -13.97135324409));
#8371 = CARTESIAN_POINT('',(107.45509119255,-21.90977158381,
    -13.97081136945));
#8372 = CARTESIAN_POINT('',(108.0130923587,-21.98282476721,
    -13.97026951896));
#8373 = CARTESIAN_POINT('',(108.57119620971,-22.05517227489,
    -13.9697283138));
#8374 = CARTESIAN_POINT('',(109.12931790464,-22.12680282185,
    -13.96918830797));
#8375 = CARTESIAN_POINT('',(109.68742623827,-22.1977125634,
    -13.96864978523));
#8376 = CARTESIAN_POINT('',(110.24554273231,-22.26790483548,
    -13.968112786));
#8377 = CARTESIAN_POINT('',(110.80370886425,-22.33738555934,
    -13.96757725958));
#8378 = CARTESIAN_POINT('',(111.36194647024,-22.40615778377,
    -13.96704323684));
#8379 = CARTESIAN_POINT('',(111.9202362696,-22.47421882492,
    -13.9665109188));
#8380 = CARTESIAN_POINT('',(112.47853938855,-22.5415634558,
    -13.96598057643));
#8381 = CARTESIAN_POINT('',(114.93106415206,-22.834247607,
    -13.96365950959));
#8382 = CARTESIAN_POINT('',(116.82555284272,-23.05208202496,
    -13.96188967781));
#8383 = CARTESIAN_POINT('',(118.72034961033,-23.26171072325,
    -13.96014724949));
#8384 = CARTESIAN_POINT('',(120.61546981916,-23.46314448797,
    -13.95843668538));
#8385 = CARTESIAN_POINT('',(122.51094114568,-23.65639367841,
    -13.95676231426));
#8386 = CARTESIAN_POINT('',(124.40679738413,-23.84146789708,
    -13.95512832785));
#8387 = CARTESIAN_POINT('',(126.30307225199,-24.01837565965,
    -13.95353877579));
#8388 = CARTESIAN_POINT('',(128.19979319223,-24.18712406435,
    -13.95199756053));
#8389 = CARTESIAN_POINT('',(130.09697517567,-24.34771846147,
    -13.95050843228));
#8390 = CARTESIAN_POINT('',(131.99461450239,-24.50016212239,
    -13.94907498388));
#8391 = CARTESIAN_POINT('',(133.89268260229,-24.64445590843,
    -13.94770064582));
#8392 = CARTESIAN_POINT('',(135.79111983698,-24.78059793947,
    -13.94638868106));
#8393 = CARTESIAN_POINT('',(140.14862176167,-25.07432180892,
    -13.94352798502));
#8394 = CARTESIAN_POINT('',(142.60785952156,-25.22638172793,
    -13.94202343185));
#8395 = CARTESIAN_POINT('',(145.06748077218,-25.36476933353,
    -13.94063524552));
#8396 = CARTESIAN_POINT('',(147.52742852025,-25.48949032494,
    -13.93936949088));
#8397 = CARTESIAN_POINT('',(149.98765079136,-25.60054981759,
    -13.93823157178));
#8398 = CARTESIAN_POINT('',(152.44810083473,-25.6979523709,
    -13.93722623023));
#8399 = CARTESIAN_POINT('',(154.90873732501,-25.78170201294,
    -13.93635754576));
#8400 = CARTESIAN_POINT('',(157.36952456755,-25.85180226162,
    -13.93562893471));
#8401 = CARTESIAN_POINT('',(159.83043269896,-25.90825614277,
    -13.93504314976));
#8402 = CARTESIAN_POINT('',(162.2914378914,-25.95106620484,
    -13.93460227945));
#8403 = CARTESIAN_POINT('',(164.75252255304,-25.98023453042,
    -13.93430774783));
#8404 = CARTESIAN_POINT('',(167.2136755302,-25.99576274436,
    -13.93416031423));
#8405 = CARTESIAN_POINT('',(172.16095632573,-25.99956036635,
    -13.93415982957));
#8406 = CARTESIAN_POINT('',(174.64699124335,-25.98755118496,
    -13.93430978841));
#8407 = CARTESIAN_POINT('',(177.13296737603,-25.96162484724,
    -13.93460983364));
#8408 = CARTESIAN_POINT('',(179.61885370083,-25.9217809875,
    -13.93505916101));
#8409 = CARTESIAN_POINT('',(182.10461806612,-25.86801849669,
    -13.93565627812));
#8410 = CARTESIAN_POINT('',(184.59022740209,-25.80033551385,
    -13.93639900472));
#8411 = CARTESIAN_POINT('',(187.0756479296,-25.71872941433,
    -13.93728447307));
#8412 = CARTESIAN_POINT('',(189.56084537179,-25.62319679446,
    -13.93830912841));
#8413 = CARTESIAN_POINT('',(192.04578516182,-25.51373345288,
    -13.93946872953));
#8414 = CARTESIAN_POINT('',(194.53043265462,-25.39033436836,
    -13.94075834941));
#8415 = CARTESIAN_POINT('',(197.01475333463,-25.25299367434,
    -13.94217237602));
#8416 = CARTESIAN_POINT('',(199.4987130262,-25.10170462996,
    -13.94370451312));
#8417 = CARTESIAN_POINT('',(203.23513432816,-24.85310027403,
    -13.94617674222));
#8418 = CARTESIAN_POINT('',(204.48788857122,-24.76618925719,
    -13.94703403245));
#8419 = CARTESIAN_POINT('',(205.74052876269,-24.675726428,
    -13.94791876141));
#8420 = CARTESIAN_POINT('',(206.99304469725,-24.58171144485,
    -13.94883000721));
#8421 = CARTESIAN_POINT('',(208.24542803555,-24.48414373261,
    -13.94976681656));
#8422 = CARTESIAN_POINT('',(209.49767230831,-24.38302248168,
    -13.9507282048));
#8423 = CARTESIAN_POINT('',(210.749772918,-24.27834664687,
    -13.95171315596));
#8424 = CARTESIAN_POINT('',(212.00172714412,-24.17011494637,
    -13.95272062276));
#8425 = CARTESIAN_POINT('',(213.25353414389,-24.05832586066,
    -13.95374952662));
#8426 = CARTESIAN_POINT('',(214.50519495763,-23.94297763131,
    -13.95479875776));
#8427 = CARTESIAN_POINT('',(215.75671250993,-23.82406825993,
    -13.95586717515));
#8428 = CARTESIAN_POINT('',(217.0080916139,-23.7015955069,-13.9569536066
    ));
#8429 = CARTESIAN_POINT('',(219.48996714117,-23.45159525251,
    -13.95914191073));
#8430 = CARTESIAN_POINT('',(220.72038817071,-23.32419597246,
    -13.96024326981));
#8431 = CARTESIAN_POINT('',(221.95194011914,-23.19318160495,
    -13.96135996163));
#8432 = CARTESIAN_POINT('',(223.17822262267,-23.0593979655,
    -13.96249038957));
#8433 = CARTESIAN_POINT('',(224.42087779432,-22.91999016726,
    -13.96363495278));
#8434 = CARTESIAN_POINT('',(225.62870918613,-22.78167309834,
    -13.96478984528));
#8435 = CARTESIAN_POINT('',(226.89148978998,-22.63267636763,
    -13.96595423488));
#8436 = CARTESIAN_POINT('',(228.08852071479,-22.48879993731,
    -13.96713462913));
#8437 = CARTESIAN_POINT('',(229.3446992028,-22.33371012078,
    -13.96830821142));
#8438 = CARTESIAN_POINT('',(230.5623077703,-22.18016531285,
    -13.96950856646));
#8439 = CARTESIAN_POINT('',(231.79756781981,-22.02080869111,
    -13.97069675903));
#8440 = CARTESIAN_POINT('',(233.02651778129,-21.85879071335,
    -13.97189617469));
#8441 = CARTESIAN_POINT('',(234.25681187687,-21.69309257795,
    -13.9730997485));
#8442 = CARTESIAN_POINT('',(105.62139977281,-22.68154215317,
    -13.96441424438));
#8443 = CARTESIAN_POINT('',(106.19090095175,-22.75866662739,
    -13.96379598507));
#8444 = CARTESIAN_POINT('',(106.7630804232,-22.83525682238,
    -13.96317698053));
#8445 = CARTESIAN_POINT('',(107.32894861922,-22.91011670447,
    -13.96256712552));
#8446 = CARTESIAN_POINT('',(107.88863851521,-22.983368029,-13.9619657121
    ));
#8447 = CARTESIAN_POINT('',(108.44540419035,-23.05553698931,
    -13.96136871573));
#8448 = CARTESIAN_POINT('',(109.00223946285,-23.12705720787,
    -13.96077278171));
#8449 = CARTESIAN_POINT('',(109.56051037329,-23.1980889683,
    -13.96017670107));
#8450 = CARTESIAN_POINT('',(110.11999530859,-23.26855458758,
    -13.95958116467));
#8451 = CARTESIAN_POINT('',(110.67972653277,-23.3382898272,
    -13.95898758496));
#8452 = CARTESIAN_POINT('',(111.23902692169,-23.40721124243,
    -13.95839677406));
#8453 = CARTESIAN_POINT('',(111.79813566762,-23.47539936853,
    -13.95780826743));
#8454 = CARTESIAN_POINT('',(112.35781674652,-23.54299764308,
    -13.95722108203));
#8455 = CARTESIAN_POINT('',(114.81529291931,-23.8365159375,
    -13.95465443357));
#8456 = CARTESIAN_POINT('',(116.71359681774,-24.05497286651,
    -13.95269978896));
#8457 = CARTESIAN_POINT('',(118.61224923171,-24.26520749534,
    -13.95077756332));
#8458 = CARTESIAN_POINT('',(120.51126244419,-24.46722954771,
    -13.94889242578));
#8459 = CARTESIAN_POINT('',(122.41066115756,-24.66104839229,
    -13.94704891008));
#8460 = CARTESIAN_POINT('',(124.31047624784,-24.84667270886,
    -13.94525140906));
#8461 = CARTESIAN_POINT('',(126.21073851504,-25.02411015463,
    -13.94350416923));
#8462 = CARTESIAN_POINT('',(128.11147243864,-25.1933670304,
    -13.94181128522));
#8463 = CARTESIAN_POINT('',(130.01268992727,-25.35444794686,
    -13.94017669438));
#8464 = CARTESIAN_POINT('',(131.91438407398,-25.50735549079,
    -13.9386041712));
#8465 = CARTESIAN_POINT('',(133.81652290691,-25.65208989132,
    -13.9370973219));
#8466 = CARTESIAN_POINT('',(135.71904314319,-25.78864868613,
    -13.9356595789));
#8467 = CARTESIAN_POINT('',(140.08560225399,-26.0832506346,
    -13.93252628835));
#8468 = CARTESIAN_POINT('',(142.54987228546,-26.23576270414,
    -13.93087949828));
#8469 = CARTESIAN_POINT('',(145.01458257991,-26.37456672871,
    -13.92936091593));
#8470 = CARTESIAN_POINT('',(147.47966718623,-26.49966657889,
    -13.92797693316));
#8471 = CARTESIAN_POINT('',(149.94506565704,-26.61106586358,
    -13.92673324299));
#8472 = CARTESIAN_POINT('',(152.4107230496,-26.70876792989,
    -13.92563483959));
#8473 = CARTESIAN_POINT('',(154.87658992459,-26.79277586328,
    -13.92468601825));
#8474 = CARTESIAN_POINT('',(157.34262234753,-26.86309248735,
    -13.92389037545));
#8475 = CARTESIAN_POINT('',(159.80878188736,-26.91972036412,
    -13.92325080877));
#8476 = CARTESIAN_POINT('',(162.27503561763,-26.96266179374,
    -13.92276951697));
#8477 = CARTESIAN_POINT('',(164.74135611569,-26.99191881472,
    -13.92244799994));
#8478 = CARTESIAN_POINT('',(167.20772146312,-27.00749320378,
    -13.92228705872));
#8479 = CARTESIAN_POINT('',(172.16540847846,-27.01129886163,
    -13.92228652962));
#8480 = CARTESIAN_POINT('',(174.65670886115,-26.99925071964,
    -13.92245022768));
#8481 = CARTESIAN_POINT('',(177.14797439238,-26.97324206854,
    -13.92277776373));
#8482 = CARTESIAN_POINT('',(179.63916294843,-26.93327238243,
    -13.92326828858));
#8483 = CARTESIAN_POINT('',(182.13023228304,-26.87934059083,
    -13.92392022983));
#8484 = CARTESIAN_POINT('',(184.62114002775,-26.81144507881,
    -13.92473129186));
#8485 = CARTESIAN_POINT('',(187.1118436911,-26.72958368686,
    -13.92569845581));
#8486 = CARTESIAN_POINT('',(189.60230066004,-26.63375371102,
    -13.92681797963));
#8487 = CARTESIAN_POINT('',(192.09246819799,-26.52395190276,
    -13.928085398));
#8488 = CARTESIAN_POINT('',(194.58230344694,-26.40017446908,
    -13.92949552243));
#8489 = CARTESIAN_POINT('',(197.07176342564,-26.26241707244,
    -13.93104244116));
#8490 = CARTESIAN_POINT('',(199.56080503087,-26.11067483079,
    -13.93271951924));
#8491 = CARTESIAN_POINT('',(203.30491755919,-25.86132734041,
    -13.93542746932));
#8492 = CARTESIAN_POINT('',(204.56034284348,-25.77415028703,
    -13.93636686121));
#8493 = CARTESIAN_POINT('',(205.81564761342,-25.68341122997,
    -13.93733663667));
#8494 = CARTESIAN_POINT('',(207.07082051623,-25.58911001398,
    -13.93833582577));
#8495 = CARTESIAN_POINT('',(208.32585212337,-25.49124625606,
    -13.93936342617));
#8496 = CARTESIAN_POINT('',(209.58073492887,-25.38981934535,
    -13.94041840306));
#8497 = CARTESIAN_POINT('',(210.83546335198,-25.2848284433,
    -13.94149968924));
#8498 = CARTESIAN_POINT('',(212.09003373365,-25.17627248345,
    -13.94260618505));
#8499 = CARTESIAN_POINT('',(213.34444434049,-25.0641501717,
    -13.94373675843));
#8500 = CARTESIAN_POINT('',(214.59869536099,-24.94845998602,
    -13.94489024484));
#8501 = CARTESIAN_POINT('',(215.85278890857,-24.8292001767,
    -13.94606544736));
#8502 = CARTESIAN_POINT('',(217.10672901953,-24.70636876619,
    -13.94726113659));
#8503 = CARTESIAN_POINT('',(219.59378853607,-24.45562770324,
    -13.94967107561));
#8504 = CARTESIAN_POINT('',(220.82568647698,-24.32798277912,
    -13.95088356058));
#8505 = CARTESIAN_POINT('',(222.06955362049,-24.19541002217,
    -13.95212494342));
#8506 = CARTESIAN_POINT('',(223.25745671944,-24.06619787864,
    -13.95332919351));
#8507 = CARTESIAN_POINT('',(224.61574502593,-23.91253273311,
    -13.95471299664));
#8508 = CARTESIAN_POINT('',(225.60237388017,-23.80152919521,
    -13.95574787344));
#8509 = CARTESIAN_POINT('',(227.20064930909,-23.61030001171,
    -13.95740021017));
#8510 = CARTESIAN_POINT('',(228.01979548903,-23.51451870589,
    -13.95828126541));
#8511 = CARTESIAN_POINT('',(229.61397695533,-23.31538321182,
    -13.95996507647));
#8512 = CARTESIAN_POINT('',(230.61044178376,-23.19118135015,
    -13.96103179719));
#8513 = CARTESIAN_POINT('',(231.95088375663,-23.01713992358,
    -13.96247747165));
#8514 = CARTESIAN_POINT('',(233.16611758279,-22.8574064634,
    -13.96378453313));
#8515 = CARTESIAN_POINT('',(234.37288450409,-22.6943119929,
    -13.96509577936));
#8516 = ADVANCED_FACE('',(#8517),#8528,.F.);
#8517 = FACE_BOUND('',#8518,.T.);
#8518 = EDGE_LOOP('',(#8519,#8520,#8526,#8527));
#8519 = ORIENTED_EDGE('',*,*,#3807,.F.);
#8520 = ORIENTED_EDGE('',*,*,#8521,.T.);
#8521 = EDGE_CURVE('',#3808,#4920,#8522,.T.);
#8522 = LINE('',#8523,#8524);
#8523 = CARTESIAN_POINT('',(163.1014713211,-1.878669996203E-15,
    -8.460777494851));
#8524 = VECTOR('',#8525,1.);
#8525 = DIRECTION('',(0.,-1.,2.22044604925E-16));
#8526 = ORIENTED_EDGE('',*,*,#4919,.F.);
#8527 = ORIENTED_EDGE('',*,*,#8521,.F.);
#8528 = CYLINDRICAL_SURFACE('',#8529,1.1);
#8529 = AXIS2_PLACEMENT_3D('',#8530,#8531,#8532);
#8530 = CARTESIAN_POINT('',(162.0014713211,-1.878669996203E-15,
    -8.460777494851));
#8531 = DIRECTION('',(0.,1.,-2.22044604925E-16));
#8532 = DIRECTION('',(1.,0.,0.));
#8533 = ADVANCED_FACE('',(#8534),#8545,.F.);
#8534 = FACE_BOUND('',#8535,.T.);
#8535 = EDGE_LOOP('',(#8536,#8537,#8543,#8544));
#8536 = ORIENTED_EDGE('',*,*,#3858,.F.);
#8537 = ORIENTED_EDGE('',*,*,#8538,.T.);
#8538 = EDGE_CURVE('',#3859,#4967,#8539,.T.);
#8539 = LINE('',#8540,#8541);
#8540 = CARTESIAN_POINT('',(179.1014713211,-1.878669996203E-15,
    -8.460777494851));
#8541 = VECTOR('',#8542,1.);
#8542 = DIRECTION('',(0.,-1.,2.22044604925E-16));
#8543 = ORIENTED_EDGE('',*,*,#4966,.F.);
#8544 = ORIENTED_EDGE('',*,*,#8538,.F.);
#8545 = CYLINDRICAL_SURFACE('',#8546,1.1);
#8546 = AXIS2_PLACEMENT_3D('',#8547,#8548,#8549);
#8547 = CARTESIAN_POINT('',(178.0014713211,-1.878669996203E-15,
    -8.460777494851));
#8548 = DIRECTION('',(0.,1.,-2.22044604925E-16));
#8549 = DIRECTION('',(1.,0.,0.));
#8550 = ADVANCED_FACE('',(#8551),#8579,.T.);
#8551 = FACE_BOUND('',#8552,.F.);
#8552 = EDGE_LOOP('',(#8553,#8562,#8563,#8572));
#8553 = ORIENTED_EDGE('',*,*,#8554,.F.);
#8554 = EDGE_CURVE('',#3910,#8555,#8557,.T.);
#8555 = VERTEX_POINT('',#8556);
#8556 = CARTESIAN_POINT('',(167.0014713211,-26.98819141933,
    -10.46077749485));
#8557 = CIRCLE('',#8558,1.);
#8558 = AXIS2_PLACEMENT_3D('',#8559,#8560,#8561);
#8559 = CARTESIAN_POINT('',(167.0014713211,-26.98819141933,
    -11.46077749485));
#8560 = DIRECTION('',(0.999980081364,-6.311646039067E-03,
    1.401466951171E-18));
#8561 = DIRECTION('',(-6.311646039067E-03,-0.999980081364,
    2.220401820993E-16));
#8562 = ORIENTED_EDGE('',*,*,#3909,.T.);
#8563 = ORIENTED_EDGE('',*,*,#8564,.T.);
#8564 = EDGE_CURVE('',#3912,#8565,#8567,.T.);
#8565 = VERTEX_POINT('',#8566);
#8566 = CARTESIAN_POINT('',(173.0014713211,-26.98872294048,
    -10.46077749485));
#8567 = CIRCLE('',#8568,1.);
#8568 = AXIS2_PLACEMENT_3D('',#8569,#8570,#8571);
#8569 = CARTESIAN_POINT('',(173.0014713211,-26.98872294048,
    -11.46077749485));
#8570 = DIRECTION('',(0.999981183927,6.134475755872E-03,
    -1.362127245635E-18));
#8571 = DIRECTION('',(6.134475755872E-03,-0.999981183927,
    2.220404269174E-16));
#8572 = ORIENTED_EDGE('',*,*,#8573,.F.);
#8573 = EDGE_CURVE('',#8555,#8565,#8574,.T.);
#8574 = CIRCLE('',#8575,482.07787926671);
#8575 = AXIS2_PLACEMENT_3D('',#8576,#8577,#8578);
#8576 = CARTESIAN_POINT('',(170.0441762583,455.08008551346,
    -10.46077749485));
#8577 = DIRECTION('',(8.19282474165E-35,2.22044604925E-16,1.));
#8578 = DIRECTION('',(-6.324765840062E-03,-0.999979998469,
    2.220401636929E-16));
#8579 = TOROIDAL_SURFACE('',#8580,482.07787926671,1.);
#8580 = AXIS2_PLACEMENT_3D('',#8581,#8582,#8583);
#8581 = CARTESIAN_POINT('',(170.0441762583,455.08008551346,
    -11.46077749485));
#8582 = DIRECTION('',(-0.,-2.22044604925E-16,-1.));
#8583 = DIRECTION('',(-6.324765840062E-03,-0.999979998469,
    2.220401636929E-16));
#8584 = ADVANCED_FACE('',(#8585),#8639,.T.);
#8585 = FACE_BOUND('',#8586,.T.);
#8586 = EDGE_LOOP('',(#8587,#8596,#8637,#8638));
#8587 = ORIENTED_EDGE('',*,*,#8588,.T.);
#8588 = EDGE_CURVE('',#3921,#8589,#8591,.T.);
#8589 = VERTEX_POINT('',#8590);
#8590 = CARTESIAN_POINT('',(167.0014713211,-26.98819141933,
    -6.460777494851));
#8591 = CIRCLE('',#8592,1.);
#8592 = AXIS2_PLACEMENT_3D('',#8593,#8594,#8595);
#8593 = CARTESIAN_POINT('',(167.0014713211,-26.98819141933,
    -5.460777494851));
#8594 = DIRECTION('',(-0.999980081364,6.311646039067E-03,
    -1.401466951171E-18));
#8595 = DIRECTION('',(-6.311646039067E-03,-0.999980081364,
    2.220401820993E-16));
#8596 = ORIENTED_EDGE('',*,*,#8597,.T.);
#8597 = EDGE_CURVE('',#8589,#8555,#8598,.T.);
#8598 = ( BOUNDED_CURVE() B_SPLINE_CURVE(7,(#8599,#8600,#8601,#8602,
    #8603,#8604,#8605,#8606,#8607,#8608,#8609,#8610,#8611,#8612,#8613,
    #8614,#8615,#8616,#8617,#8618,#8619,#8620,#8621,#8622,#8623,#8624,
    #8625,#8626,#8627,#8628,#8629,#8630,#8631,#8632,#8633,#8634,#8635,
#8636),.UNSPECIFIED.,.F.,.F.) B_SPLINE_CURVE_WITH_KNOTS((8,6,6,6,6,6,8),
  (18.277051596466,18.282296674391,19.8896181993,21.425008433191,
    22.960398634079,24.567720087742,24.572965165351),.UNSPECIFIED.) 
CURVE() GEOMETRIC_REPRESENTATION_ITEM() RATIONAL_B_SPLINE_CURVE((1.,1.,
    1.,1.,1.,1.,1.,1.,1.,1.,1.,1.,1.,1.,1.,1.,1.,1.,1.,1.,1.,1.,1.,1.,1.
,1.,1.,1.,1.,1.,1.,1.,1.,1.,1.,1.,1.,1.)) REPRESENTATION_ITEM('') );
#8599 = CARTESIAN_POINT('',(167.0014713211,-26.98819141933,
    -6.460777494851));
#8600 = CARTESIAN_POINT('',(167.00056780026,-26.98818286511,
    -6.460777494851));
#8601 = CARTESIAN_POINT('',(166.99966427238,-26.98817430692,
    -6.460777971086));
#8602 = CARTESIAN_POINT('',(166.99876076373,-26.98816574485,
    -6.460778923455));
#8603 = CARTESIAN_POINT('',(166.9978572554,-26.9881571788,
    -6.460780352021));
#8604 = CARTESIAN_POINT('',(166.99695372232,-26.98814860868,
    -6.460782256876));
#8605 = CARTESIAN_POINT('',(166.99605017227,-26.98814003454,
    -6.460784638003));
#8606 = CARTESIAN_POINT('',(166.71827860249,-26.98550284515,
    -6.461663044455));
#8607 = CARTESIAN_POINT('',(166.44948680986,-26.98253384746,
    -6.507151655329));
#8608 = CARTESIAN_POINT('',(166.19705008751,-26.97934561298,
    -6.593166068246));
#8609 = CARTESIAN_POINT('',(165.96819516231,-26.97612677129,
    -6.711639059202));
#8610 = CARTESIAN_POINT('',(165.76644519882,-26.97306072437,
    -6.858559936954));
#8611 = CARTESIAN_POINT('',(165.59706776082,-26.97033979537,
    -7.019749749043));
#8612 = CARTESIAN_POINT('',(165.32244025483,-26.96576043848,
    -7.353761116288));
#8613 = CARTESIAN_POINT('',(165.21456598062,-26.96386012595,
    -7.525843171786));
#8614 = CARTESIAN_POINT('',(165.1275874116,-26.96228351115,
    -7.707393619147));
#8615 = CARTESIAN_POINT('',(165.06487472778,-26.96111124328,
    -7.892365487035));
#8616 = CARTESIAN_POINT('',(165.02244959623,-26.9603156638,
    -8.08092585392));
#8617 = CARTESIAN_POINT('',(165.00147076964,-26.95992049036,
    -8.270830563842));
#8618 = CARTESIAN_POINT('',(165.00147187258,-26.95992050523,
    -8.650736034502));
#8619 = CARTESIAN_POINT('',(165.02245358386,-26.96031570699,
    -8.840679215446));
#8620 = CARTESIAN_POINT('',(165.06488656061,-26.96111152913,
    -9.029180087173));
#8621 = CARTESIAN_POINT('',(165.12757851761,-26.9622833383,
    -9.214156357453));
#8622 = CARTESIAN_POINT('',(165.21456849257,-26.96386017025,
    -9.395714496249));
#8623 = CARTESIAN_POINT('',(165.32244025402,-26.96576043846,
    -9.567793872425));
#8624 = CARTESIAN_POINT('',(165.59706775845,-26.97033979534,
    -9.90180523777));
#8625 = CARTESIAN_POINT('',(165.76644520034,-26.97306072439,
    -10.06299505594));
#8626 = CARTESIAN_POINT('',(165.96819516204,-26.97612677129,
    -10.2099159278));
#8627 = CARTESIAN_POINT('',(166.19705008646,-26.97934561297,
    -10.32838892303));
#8628 = CARTESIAN_POINT('',(166.44948681164,-26.98253384747,
    -10.41440333398));
#8629 = CARTESIAN_POINT('',(166.71827860137,-26.98550284515,
    -10.45989194499));
#8630 = CARTESIAN_POINT('',(166.99605017046,-26.98814003452,
    -10.46077035169));
#8631 = CARTESIAN_POINT('',(166.99695372311,-26.98814860869,
    -10.46077273282));
#8632 = CARTESIAN_POINT('',(166.99785725707,-26.98815717882,
    -10.46077463768));
#8633 = CARTESIAN_POINT('',(166.99876076423,-26.98816574485,
    -10.46077606624));
#8634 = CARTESIAN_POINT('',(166.99966427138,-26.98817430691,
    -10.46077701861));
#8635 = CARTESIAN_POINT('',(167.00056779917,-26.9881828651,
    -10.46077749485));
#8636 = CARTESIAN_POINT('',(167.0014713211,-26.98819141933,
    -10.46077749485));
#8637 = ORIENTED_EDGE('',*,*,#8554,.F.);
#8638 = ORIENTED_EDGE('',*,*,#3920,.F.);
#8639 = ( BOUNDED_SURFACE() B_SPLINE_SURFACE(2,7,(
    (#8640,#8641,#8642,#8643,#8644,#8645,#8646,#8647,#8648,#8649,#8650
      ,#8651,#8652,#8653,#8654,#8655,#8656,#8657,#8658,#8659,#8660,#8661
      ,#8662,#8663,#8664,#8665,#8666,#8667,#8668,#8669,#8670,#8671,#8672
      ,#8673,#8674,#8675,#8676,#8677)
    ,(#8678,#8679,#8680,#8681,#8682,#8683,#8684,#8685,#8686,#8687,#8688
      ,#8689,#8690,#8691,#8692,#8693,#8694,#8695,#8696,#8697,#8698,#8699
      ,#8700,#8701,#8702,#8703,#8704,#8705,#8706,#8707,#8708,#8709,#8710
      ,#8711,#8712,#8713,#8714,#8715)
    ,(#8716,#8717,#8718,#8719,#8720,#8721,#8722,#8723,#8724,#8725,#8726
      ,#8727,#8728,#8729,#8730,#8731,#8732,#8733,#8734,#8735,#8736,#8737
      ,#8738,#8739,#8740,#8741,#8742,#8743,#8744,#8745,#8746,#8747,#8748
      ,#8749,#8750,#8751,#8752,#8753
)),.UNSPECIFIED.,.F.,.F.,.F.) B_SPLINE_SURFACE_WITH_KNOTS((3,3),(8,6,6,6
    ,6,6,8),(0.,6.295913568885),(18.277051596466,18.282296674391,
    19.8896181993,21.425008433191,22.960398634079,24.567720087742,
24.572965165351),.UNSPECIFIED.) GEOMETRIC_REPRESENTATION_ITEM() 
RATIONAL_B_SPLINE_SURFACE((
    (1.,1.,1.,1.,1.,1.,1.,1.,1.,1.,1.,1.,1.,1.,1.,1.,1.,1.,1.,1.,1.,1.
      ,1.,1.,1.,1.,1.,1.,1.,1.,1.,1.,1.,1.,1.,1.,1.,1.)
    ,(0.707106781187,0.707107789292,0.70710879806,0.707109807589
      ,0.707110817831,0.707111828709,0.707112840229,0.707424086674
      ,0.707823357657,0.70829184781,0.708795165781,0.709289425494
      ,0.709741603785,0.71051065611,0.710838183134,0.711109632478
      ,0.71131630012,0.711455167023,0.711524667924,0.711524668493
      ,0.711455177351,0.711316212886,0.711109666709,0.710838176869
      ,0.710510656114,0.709741603789,0.709289425494,0.708795165778
      ,0.708291847813,0.707823357656,0.707424086673,0.707112840233
      ,0.707111828707,0.707110817828,0.707109807589,0.707108798062
      ,0.707107789293,0.707106781187)
    ,(1.,1.,1.,1.,1.,1.,1.,1.,1.,1.,1.,1.,1.,1.,1.,1.,1.,1.,1.,1.,1.,1.
      ,1.,1.,1.,1.,1.,1.,1.,1.,1.,1.,1.,1.,1.,1.,1.,1.
))) REPRESENTATION_ITEM('') SURFACE() );
#8640 = CARTESIAN_POINT('',(167.00778296724,-25.98821133797,
    -5.460777494851));
#8641 = CARTESIAN_POINT('',(167.00688130285,-25.98820564687,
    -5.460777494851));
#8642 = CARTESIAN_POINT('',(167.00606183316,-25.98820047397,
    -5.460777941907));
#8643 = CARTESIAN_POINT('',(167.00505578976,-25.98819411845,
    -5.460778924898));
#8644 = CARTESIAN_POINT('',(167.00404889466,-25.98818775543,
    -5.460780393865));
#8645 = CARTESIAN_POINT('',(167.00328130782,-25.98818290462,
    -5.460782273165));
#8646 = CARTESIAN_POINT('',(167.0026475746,-25.98817889903,
    -5.460784574621));
#8647 = CARTESIAN_POINT('',(166.58729060264,-25.98555166001,
    -5.461687242927));
#8648 = CARTESIAN_POINT('',(166.18427913493,-25.98258623807,
    -5.529621770137));
#8649 = CARTESIAN_POINT('',(165.80693854858,-25.97941094868,
    -5.657343587034));
#8650 = CARTESIAN_POINT('',(165.46245610925,-25.97618183015,
    -5.837110933262));
#8651 = CARTESIAN_POINT('',(165.16232116545,-25.97314142743,
    -6.054248854464));
#8652 = CARTESIAN_POINT('',(164.90653897294,-25.97040528349,
    -6.298375783116));
#8653 = CARTESIAN_POINT('',(164.4959944218,-25.96584143421,
    -6.79805558441));
#8654 = CARTESIAN_POINT('',(164.33234535522,-25.96392453337,
    -7.058503991025));
#8655 = CARTESIAN_POINT('',(164.20442202776,-25.96237265848,
    -7.328386617141));
#8656 = CARTESIAN_POINT('',(164.10841539887,-25.96118281355,
    -7.607863317053));
#8657 = CARTESIAN_POINT('',(164.04565607334,-25.96039573296,
    -7.890280548304));
#8658 = CARTESIAN_POINT('',(164.01400666502,-25.9599990683,
    -8.175560801628));
#8659 = CARTESIAN_POINT('',(164.01400539123,-25.95999905234,
    -8.745980816231));
#8660 = CARTESIAN_POINT('',(164.04564535887,-25.96039560079,
    -9.031305623056));
#8661 = CARTESIAN_POINT('',(164.10846718252,-25.96118345961,
    -9.313836688634));
#8662 = CARTESIAN_POINT('',(164.20440700331,-25.96237245933,
    -9.593089044435));
#8663 = CARTESIAN_POINT('',(164.33234709612,-25.96392455907,
    -9.863070103914));
#8664 = CARTESIAN_POINT('',(164.49599441889,-25.96584143418,
    -10.12349940179));
#8665 = CARTESIAN_POINT('',(164.90653897149,-25.97040528347,
    -10.62317920477));
#8666 = CARTESIAN_POINT('',(165.16232116397,-25.97314142741,
    -10.86730613404));
#8667 = CARTESIAN_POINT('',(165.46245610926,-25.97618183016,
    -11.08444405846));
#8668 = CARTESIAN_POINT('',(165.80693855118,-25.9794109487,
    -11.2642114016));
#8669 = CARTESIAN_POINT('',(166.18427913183,-25.98258623805,
    -11.39193321918));
#8670 = CARTESIAN_POINT('',(166.58729060152,-25.98555166001,
    -11.45986774669));
#8671 = CARTESIAN_POINT('',(167.00264757401,-25.98817889903,
    -11.46077041507));
#8672 = CARTESIAN_POINT('',(167.00328130838,-25.98818290463,
    -11.46077271654));
#8673 = CARTESIAN_POINT('',(167.00404889519,-25.98818775543,
    -11.46077459584));
#8674 = CARTESIAN_POINT('',(167.00505578947,-25.98819411845,
    -11.4607760648));
#8675 = CARTESIAN_POINT('',(167.00606183261,-25.98820047397,
    -11.46077704779));
#8676 = CARTESIAN_POINT('',(167.00688130308,-25.98820564687,
    -11.46077749485));
#8677 = CARTESIAN_POINT('',(167.00778296714,-25.98821133797,
    -11.46077749485));
#8678 = CARTESIAN_POINT('',(167.00778296715,-25.98821133797,
    -6.460777494851));
#8679 = CARTESIAN_POINT('',(167.00688130467,-25.98820564688,
    -6.460774643503));
#8680 = CARTESIAN_POINT('',(167.00597963363,-25.98819995371,
    -6.460772266405));
#8681 = CARTESIAN_POINT('',(167.00507797986,-25.9881942588,
    -6.460770363549));
#8682 = CARTESIAN_POINT('',(167.00417632733,-25.98818856194,
    -6.460768934928));
#8683 = CARTESIAN_POINT('',(167.00327465295,-25.98818286284,
    -6.460767980539));
#8684 = CARTESIAN_POINT('',(167.0023729613,-25.98817716154,
    -6.460767500393));
#8685 = CARTESIAN_POINT('',(166.72529031401,-25.98642469379,
    -6.460765697212));
#8686 = CARTESIAN_POINT('',(166.45690480942,-25.98458856712,
    -6.505175806062));
#8687 = CARTESIAN_POINT('',(166.20442404181,-25.98272656499,
    -6.590032492093));
#8688 = CARTESIAN_POINT('',(165.97497806322,-25.98092789785,
    -6.707544060781));
#8689 = CARTESIAN_POINT('',(165.77229885963,-25.97925254315,
    -6.853897908011));
#8690 = CARTESIAN_POINT('',(165.60188026561,-25.97780145406,
    -7.014945643994));
#8691 = CARTESIAN_POINT('',(165.32546696203,-25.97538069465,
    -7.349078934586));
#8692 = CARTESIAN_POINT('',(165.21671936744,-25.9743981825,
    -7.521459547774));
#8693 = CARTESIAN_POINT('',(165.12893311613,-25.97358108705,
    -7.703576997519));
#8694 = CARTESIAN_POINT('',(165.06554729638,-25.97298622562,
    -7.889384677957));
#8695 = CARTESIAN_POINT('',(165.02267148726,-25.9725785965,
    -8.078911246817));
#8696 = CARTESIAN_POINT('',(165.00147077897,-25.97237761276,
    -8.269842292632));
#8697 = CARTESIAN_POINT('',(165.00147186325,-25.97237762897,
    -8.651724048625));
#8698 = CARTESIAN_POINT('',(165.02267535063,-25.97257866721,
    -8.842693662747));
#8699 = CARTESIAN_POINT('',(165.06555960224,-25.97298627057,
    -9.032162423292));
#8700 = CARTESIAN_POINT('',(165.12892407421,-25.97358100928,
    -9.217972166244));
#8701 = CARTESIAN_POINT('',(165.2167218989,-25.9743982093,
    -9.400098313186));
#8702 = CARTESIAN_POINT('',(165.3254669612,-25.97538069465,
    -9.572476054117));
#8703 = CARTESIAN_POINT('',(165.60188026325,-25.97780145404,
    -9.906609342851));
#8704 = CARTESIAN_POINT('',(165.77229886095,-25.97925254318,
    -10.06765708488));
#8705 = CARTESIAN_POINT('',(165.97497806352,-25.98092789784,
    -10.21401092596));
#8706 = CARTESIAN_POINT('',(166.20442403969,-25.98272656499,
    -10.33152249983));
#8707 = CARTESIAN_POINT('',(166.45690481291,-25.98458856714,
    -10.41637918245));
#8708 = CARTESIAN_POINT('',(166.72529031005,-25.98642469376,
    -10.46078929248));
#8709 = CARTESIAN_POINT('',(167.0023729613,-25.98817716154,
    -10.46078748931));
#8710 = CARTESIAN_POINT('',(167.00327465293,-25.98818286284,
    -10.46078700916));
#8711 = CARTESIAN_POINT('',(167.0041763273,-25.98818856194,
    -10.46078605476));
#8712 = CARTESIAN_POINT('',(167.00507797982,-25.9881942588,
    -10.46078462615));
#8713 = CARTESIAN_POINT('',(167.00597963359,-25.98819995371,
    -10.4607827233));
#8714 = CARTESIAN_POINT('',(167.00688130461,-25.98820564688,
    -10.4607803462));
#8715 = CARTESIAN_POINT('',(167.00778296708,-25.98821133797,
    -10.46077749485));
#8716 = CARTESIAN_POINT('',(167.0014713211,-26.98819141933,
    -6.460777494851));
#8717 = CARTESIAN_POINT('',(167.00056780026,-26.98818286511,
    -6.460777494851));
#8718 = CARTESIAN_POINT('',(166.99966427238,-26.98817430692,
    -6.460777971086));
#8719 = CARTESIAN_POINT('',(166.99876076373,-26.98816574485,
    -6.460778923455));
#8720 = CARTESIAN_POINT('',(166.9978572554,-26.9881571788,
    -6.460780352021));
#8721 = CARTESIAN_POINT('',(166.99695372232,-26.98814860868,
    -6.460782256876));
#8722 = CARTESIAN_POINT('',(166.99605017227,-26.98814003454,
    -6.460784638003));
#8723 = CARTESIAN_POINT('',(166.71827860249,-26.98550284515,
    -6.461663044455));
#8724 = CARTESIAN_POINT('',(166.44948680986,-26.98253384746,
    -6.507151655329));
#8725 = CARTESIAN_POINT('',(166.19705008751,-26.97934561298,
    -6.593166068246));
#8726 = CARTESIAN_POINT('',(165.96819516231,-26.97612677129,
    -6.711639059202));
#8727 = CARTESIAN_POINT('',(165.76644519882,-26.97306072437,
    -6.858559936954));
#8728 = CARTESIAN_POINT('',(165.59706776082,-26.97033979537,
    -7.019749749043));
#8729 = CARTESIAN_POINT('',(165.32244025483,-26.96576043848,
    -7.353761116288));
#8730 = CARTESIAN_POINT('',(165.21456598062,-26.96386012595,
    -7.525843171786));
#8731 = CARTESIAN_POINT('',(165.1275874116,-26.96228351115,
    -7.707393619147));
#8732 = CARTESIAN_POINT('',(165.06487472778,-26.96111124328,
    -7.892365487035));
#8733 = CARTESIAN_POINT('',(165.02244959623,-26.9603156638,
    -8.08092585392));
#8734 = CARTESIAN_POINT('',(165.00147076964,-26.95992049036,
    -8.270830563842));
#8735 = CARTESIAN_POINT('',(165.00147187258,-26.95992050523,
    -8.650736034502));
#8736 = CARTESIAN_POINT('',(165.02245358386,-26.96031570699,
    -8.840679215446));
#8737 = CARTESIAN_POINT('',(165.06488656061,-26.96111152913,
    -9.029180087173));
#8738 = CARTESIAN_POINT('',(165.12757851761,-26.9622833383,
    -9.214156357453));
#8739 = CARTESIAN_POINT('',(165.21456849257,-26.96386017025,
    -9.395714496249));
#8740 = CARTESIAN_POINT('',(165.32244025402,-26.96576043846,
    -9.567793872425));
#8741 = CARTESIAN_POINT('',(165.59706775845,-26.97033979534,
    -9.90180523777));
#8742 = CARTESIAN_POINT('',(165.76644520034,-26.97306072439,
    -10.06299505594));
#8743 = CARTESIAN_POINT('',(165.96819516204,-26.97612677129,
    -10.2099159278));
#8744 = CARTESIAN_POINT('',(166.19705008646,-26.97934561297,
    -10.32838892303));
#8745 = CARTESIAN_POINT('',(166.44948681164,-26.98253384747,
    -10.41440333398));
#8746 = CARTESIAN_POINT('',(166.71827860137,-26.98550284515,
    -10.45989194499));
#8747 = CARTESIAN_POINT('',(166.99605017046,-26.98814003452,
    -10.46077035169));
#8748 = CARTESIAN_POINT('',(166.99695372311,-26.98814860869,
    -10.46077273282));
#8749 = CARTESIAN_POINT('',(166.99785725707,-26.98815717882,
    -10.46077463768));
#8750 = CARTESIAN_POINT('',(166.99876076423,-26.98816574485,
    -10.46077606624));
#8751 = CARTESIAN_POINT('',(166.99966427138,-26.98817430691,
    -10.46077701861));
#8752 = CARTESIAN_POINT('',(167.00056779917,-26.9881828651,
    -10.46077749485));
#8753 = CARTESIAN_POINT('',(167.0014713211,-26.98819141933,
    -10.46077749485));
#8754 = ADVANCED_FACE('',(#8755),#8844,.T.);
#8755 = FACE_BOUND('',#8756,.T.);
#8756 = EDGE_LOOP('',(#8757,#8758,#8837,#8843));
#8757 = ORIENTED_EDGE('',*,*,#8564,.T.);
#8758 = ORIENTED_EDGE('',*,*,#8759,.T.);
#8759 = EDGE_CURVE('',#8565,#8760,#8762,.T.);
#8760 = VERTEX_POINT('',#8761);
#8761 = CARTESIAN_POINT('',(173.0014713211,-26.98872294048,
    -6.460777494851));
#8762 = ( BOUNDED_CURVE() B_SPLINE_CURVE(7,(#8763,#8764,#8765,#8766,
    #8767,#8768,#8769,#8770,#8771,#8772,#8773,#8774,#8775,#8776,#8777,
    #8778,#8779,#8780,#8781,#8782,#8783,#8784,#8785,#8786,#8787,#8788,
    #8789,#8790,#8791,#8792,#8793,#8794,#8795,#8796,#8797,#8798,#8799,
    #8800,#8801,#8802,#8803,#8804,#8805,#8806,#8807,#8808,#8809,#8810,
    #8811,#8812,#8813,#8814,#8815,#8816,#8817,#8818,#8819,#8820,#8821,
    #8822,#8823,#8824,#8825,#8826,#8827,#8828,#8829,#8830,#8831,#8832,
    #8833,#8834,#8835,#8836),.UNSPECIFIED.,.F.,.F.) 
B_SPLINE_CURVE_WITH_KNOTS((8,6,6,6,6,6,6,6,6,6,6,6,8),(5.993904321916,
    5.999033244087,7.418397622379,9.145404058605,10.678964063426,
    11.484211591277,11.886835355203,12.088147237166,12.188803178147,
    12.239131148638,12.264295133883,12.284367359811,12.289459119129),
.UNSPECIFIED.) CURVE() GEOMETRIC_REPRESENTATION_ITEM() 
RATIONAL_B_SPLINE_CURVE((1.,1.,1.,1.,1.,1.,1.,1.,1.,1.,1.,1.,1.,1.,1.,1.
    ,1.,1.,1.,1.,1.,1.,1.,1.,1.,1.,1.,1.,1.,1.,1.,1.,1.,1.,1.,1.,1.,1.,
    1.,1.,1.,1.,1.,1.,1.,1.,1.,1.,1.,1.,1.,1.,1.,1.,1.,1.,1.,1.,1.,1.,1.
,1.,1.,1.,1.,1.,1.,1.,1.,1.,1.,1.,1.,1.)) REPRESENTATION_ITEM('') );
#8763 = CARTESIAN_POINT('',(173.0014713211,-26.98872294048,
    -10.46077749485));
#8764 = CARTESIAN_POINT('',(173.00234949014,-26.98871485967,
    -10.46077749485));
#8765 = CARTESIAN_POINT('',(173.0032276435,-26.98870677532,
    -10.46077704498));
#8766 = CARTESIAN_POINT('',(173.00410579092,-26.98869868718,
    -10.46077614531));
#8767 = CARTESIAN_POINT('',(173.00498394732,-26.9886905952,
    -10.46077479581));
#8768 = CARTESIAN_POINT('',(173.00586211994,-26.98868249945,
    -10.4607729964));
#8769 = CARTESIAN_POINT('',(173.00674029545,-26.98867440004,
    -10.46077074709));
#8770 = CARTESIAN_POINT('',(173.25063025763,-26.98642388674,
    -10.46002113483));
#8771 = CARTESIAN_POINT('',(173.48852081343,-26.98390748623,
    -10.42489900334));
#8772 = CARTESIAN_POINT('',(173.71519870002,-26.98119642695,
    -10.35756563398));
#8773 = CARTESIAN_POINT('',(173.92473160837,-26.97842097662,
    -10.26340581792));
#8774 = CARTESIAN_POINT('',(174.11431347938,-26.97570659968,
    -10.14503769114));
#8775 = CARTESIAN_POINT('',(174.27871816383,-26.97321140094,
    -10.01284898921));
#8776 = CARTESIAN_POINT('',(174.59232457582,-26.96825006837,
    -9.697235074951));
#8777 = CARTESIAN_POINT('',(174.73063015383,-26.96589713913,
    -9.508800836497));
#8778 = CARTESIAN_POINT('',(174.8413337351,-26.9639367984,-9.3074988344)
  );
#8779 = CARTESIAN_POINT('',(174.92112497244,-26.96247130741,
    -9.100313053867));
#8780 = CARTESIAN_POINT('',(174.97485421547,-26.96147786791,
    -8.88853468457));
#8781 = CARTESIAN_POINT('',(175.00147228378,-26.96098358857,
    -8.674682931063));
#8782 = CARTESIAN_POINT('',(175.00147046622,-26.96098361363,
    -8.27081516326));
#8783 = CARTESIAN_POINT('',(174.9804889334,-26.9613732284,
    -8.080855759406));
#8784 = CARTESIAN_POINT('',(174.93804576154,-26.96215797256,
    -7.892318503553));
#8785 = CARTESIAN_POINT('',(174.87534120008,-26.9633133122,
    -7.707338602513));
#8786 = CARTESIAN_POINT('',(174.78833869234,-26.96486723224,
    -7.525765784886));
#8787 = CARTESIAN_POINT('',(174.68044987228,-26.96673908704,
    -7.353678710299));
#8788 = CARTESIAN_POINT('',(174.47580016408,-26.97009709881,
    -7.104805009932));
#8789 = CARTESIAN_POINT('',(174.39805197641,-26.97134676853,
    -7.021527008651));
#8790 = CARTESIAN_POINT('',(174.31262661626,-26.97268503298,
    -6.941322704049));
#8791 = CARTESIAN_POINT('',(174.2195748262,-26.97409836957,
    -6.865249729101));
#8792 = CARTESIAN_POINT('',(174.11925141926,-26.97556766143,
    -6.794527353796));
#8793 = CARTESIAN_POINT('',(174.01217906903,-26.97707120855,
    -6.730305387693));
#8794 = CARTESIAN_POINT('',(173.84227861546,-26.97934600426,
    -6.644996929887));
#8795 = CARTESIAN_POINT('',(173.78408704888,-26.98010744893,
    -6.618415541109));
#8796 = CARTESIAN_POINT('',(173.72442767299,-26.98086936466,
    -6.593797685304));
#8797 = CARTESIAN_POINT('',(173.66339076051,-26.98162904308,
    -6.571252131621));
#8798 = CARTESIAN_POINT('',(173.60106658419,-26.98238377582,
    -6.550887649209));
#8799 = CARTESIAN_POINT('',(173.53754541676,-26.98313085449,
    -6.532813007217));
#8800 = CARTESIAN_POINT('',(173.44060358806,-26.98423592885,
    -6.509298958581));
#8801 = CARTESIAN_POINT('',(173.40801528555,-26.98460170288,
    -6.502058842085));
#8802 = CARTESIAN_POINT('',(173.37516664928,-26.98496458578,
    -6.495428062234));
#8803 = CARTESIAN_POINT('',(173.34207170508,-26.9853242705,
    -6.489418055954));
#8804 = CARTESIAN_POINT('',(173.30874447878,-26.98568045,-6.484040260174
    ));
#8805 = CARTESIAN_POINT('',(173.27519899622,-26.98603281725,
    -6.479306111821));
#8806 = CARTESIAN_POINT('',(173.22457442672,-26.98655518917,
    -6.473187515822));
#8807 = CARTESIAN_POINT('',(173.20764865227,-26.98672828592,
    -6.471311640744));
#8808 = CARTESIAN_POINT('',(173.19067389273,-26.98690032089,
    -6.469600709355));
#8809 = CARTESIAN_POINT('',(173.173652081,-26.98707125951,
    -6.468056008421));
#8810 = CARTESIAN_POINT('',(173.15658514996,-26.98724106722,
    -6.466678824711));
#8811 = CARTESIAN_POINT('',(173.13947503248,-26.98740970945,
    -6.465470444991));
#8812 = CARTESIAN_POINT('',(173.11374797594,-26.98766087274,
    -6.463913011549));
#8813 = CARTESIAN_POINT('',(173.1051619869,-26.98774429405,
    -6.463436382089));
#8814 = CARTESIAN_POINT('',(173.09656594866,-26.98782741155,
    -6.463002418862));
#8815 = CARTESIAN_POINT('',(173.08796011556,-26.98791022121,
    -6.462611273081));
#8816 = CARTESIAN_POINT('',(173.07934474194,-26.987992719,
    -6.462263095958));
#8817 = CARTESIAN_POINT('',(173.07072008212,-26.98807490089,
    -6.461958038706));
#8818 = CARTESIAN_POINT('',(173.05776954461,-26.98819769383,
    -6.461565359453));
#8819 = CARTESIAN_POINT('',(173.05345044151,-26.98823854485,
    -6.46144528362));
#8820 = CARTESIAN_POINT('',(173.04912911381,-26.98827931541,
    -6.461336043296));
#8821 = CARTESIAN_POINT('',(173.04480559419,-26.98832000505,
    -6.461237656737));
#8822 = CARTESIAN_POINT('',(173.04047991532,-26.98836061326,
    -6.461150142203));
#8823 = CARTESIAN_POINT('',(173.03615210986,-26.98840113958,
    -6.461073517949));
#8824 = CARTESIAN_POINT('',(173.02836843647,-26.98847384389,
    -6.46095538364));
#8825 = CARTESIAN_POINT('',(173.02491333024,-26.98850605185,
    -6.460909905635));
#8826 = CARTESIAN_POINT('',(173.02145690866,-26.98853820716,
    -6.460871377278));
#8827 = CARTESIAN_POINT('',(173.01799918861,-26.98857030957,
    -6.460839807629));
#8828 = CARTESIAN_POINT('',(173.01454018694,-26.98860235885,
    -6.46081520575));
#8829 = CARTESIAN_POINT('',(173.01107992052,-26.98863435475,
    -6.460797580699));
#8830 = CARTESIAN_POINT('',(173.00674031737,-26.9886743999,
    -6.460784242681));
#8831 = CARTESIAN_POINT('',(173.00586214712,-26.98868249938,
    -6.460781993414));
#8832 = CARTESIAN_POINT('',(173.00498395552,-26.9886905952,
    -6.460780193922));
#8833 = CARTESIAN_POINT('',(173.00410577818,-26.9886986872,
    -6.460778844316));
#8834 = CARTESIAN_POINT('',(173.00322762625,-26.98870677534,
    -6.460777944637));
#8835 = CARTESIAN_POINT('',(173.00234948646,-26.9887148597,
    -6.460777494851));
#8836 = CARTESIAN_POINT('',(173.0014713211,-26.98872294048,
    -6.460777494851));
#8837 = ORIENTED_EDGE('',*,*,#8838,.F.);
#8838 = EDGE_CURVE('',#3964,#8760,#8839,.T.);
#8839 = ( BOUNDED_CURVE() B_SPLINE_CURVE(2,(#8840,#8841,#8842),
.UNSPECIFIED.,.F.,.F.) B_SPLINE_CURVE_WITH_KNOTS((3,3),(0.,
6.295554797212),.PIECEWISE_BEZIER_KNOTS.) CURVE() 
GEOMETRIC_REPRESENTATION_ITEM() RATIONAL_B_SPLINE_CURVE((1.,
0.707106781187,1.)) REPRESENTATION_ITEM('') );
#8840 = CARTESIAN_POINT('',(172.99533684661,-25.98874175654,
    -5.460777494851));
#8841 = CARTESIAN_POINT('',(172.99533684659,-25.98874175654,
    -6.460777494851));
#8842 = CARTESIAN_POINT('',(173.0014713211,-26.98872294048,
    -6.460777494851));
#8843 = ORIENTED_EDGE('',*,*,#3972,.F.);
#8844 = ( BOUNDED_SURFACE() B_SPLINE_SURFACE(2,7,(
    (#8845,#8846,#8847,#8848,#8849,#8850,#8851,#8852,#8853,#8854,#8855
      ,#8856,#8857,#8858,#8859,#8860,#8861,#8862,#8863,#8864,#8865,#8866
      ,#8867,#8868,#8869,#8870,#8871,#8872,#8873,#8874,#8875,#8876,#8877
      ,#8878,#8879,#8880,#8881,#8882,#8883,#8884,#8885,#8886,#8887,#8888
      ,#8889,#8890,#8891,#8892,#8893,#8894,#8895,#8896,#8897,#8898,#8899
      ,#8900,#8901,#8902,#8903,#8904,#8905,#8906,#8907,#8908,#8909,#8910
      ,#8911,#8912,#8913,#8914,#8915,#8916,#8917,#8918)
    ,(#8919,#8920,#8921,#8922,#8923,#8924,#8925,#8926,#8927,#8928,#8929
      ,#8930,#8931,#8932,#8933,#8934,#8935,#8936,#8937,#8938,#8939,#8940
      ,#8941,#8942,#8943,#8944,#8945,#8946,#8947,#8948,#8949,#8950,#8951
      ,#8952,#8953,#8954,#8955,#8956,#8957,#8958,#8959,#8960,#8961,#8962
      ,#8963,#8964,#8965,#8966,#8967,#8968,#8969,#8970,#8971,#8972,#8973
      ,#8974,#8975,#8976,#8977,#8978,#8979,#8980,#8981,#8982,#8983,#8984
      ,#8985,#8986,#8987,#8988,#8989,#8990,#8991,#8992)
    ,(#8993,#8994,#8995,#8996,#8997,#8998,#8999,#9000,#9001,#9002,#9003
      ,#9004,#9005,#9006,#9007,#9008,#9009,#9010,#9011,#9012,#9013,#9014
      ,#9015,#9016,#9017,#9018,#9019,#9020,#9021,#9022,#9023,#9024,#9025
      ,#9026,#9027,#9028,#9029,#9030,#9031,#9032,#9033,#9034,#9035,#9036
      ,#9037,#9038,#9039,#9040,#9041,#9042,#9043,#9044,#9045,#9046,#9047
      ,#9048,#9049,#9050,#9051,#9052,#9053,#9054,#9055,#9056,#9057,#9058
      ,#9059,#9060,#9061,#9062,#9063,#9064,#9065,#9066
)),.UNSPECIFIED.,.F.,.F.,.F.) B_SPLINE_SURFACE_WITH_KNOTS((3,3),(8,6,6,6
    ,6,6,6,6,6,6,6,6,8),(0.,6.295554797212),(5.993904321916,
    5.999033244087,7.418397622379,9.145404058605,10.678964063426,
    11.484211591277,11.886835355203,12.088147237166,12.188803178147,
    12.239131148638,12.264295133883,12.284367359811,12.289459119129),
.UNSPECIFIED.) GEOMETRIC_REPRESENTATION_ITEM() RATIONAL_B_SPLINE_SURFACE
((
    (1.,1.,1.,1.,1.,1.,1.,1.,1.,1.,1.,1.,1.,1.,1.,1.,1.,1.,1.,1.,1.,1.
      ,1.,1.,1.,1.,1.,1.,1.,1.,1.,1.,1.,1.,1.,1.,1.,1.,1.,1.,1.,1.,1.,1.
      ,1.,1.,1.,1.,1.,1.,1.,1.,1.,1.,1.,1.,1.,1.,1.,1.,1.,1.,1.,1.,1.,1.
      ,1.,1.,1.,1.,1.,1.,1.,1.)
    ,(0.707106781187,0.707107733501,0.707108686417,0.707109640068
      ,0.707110594403,0.707111549328,0.707112504842,0.70737811517
      ,0.707712751829,0.708104857459,0.708531878323,0.708963406238
      ,0.709373106754,0.710198680019,0.710603089063,0.710941696301
      ,0.711200690807,0.711375102006,0.711462415133,0.711462415373
      ,0.711393576317,0.711255879142,0.711051251125,0.710782413289
      ,0.710458193497,0.709891473396,0.709681770862,0.709459610728
      ,0.709228182713,0.708991435584,0.708753770641,0.708402717472
      ,0.708286621787,0.708171989212,0.708059360816,0.707949277671
      ,0.707842280846,0.707687226697,0.707636445111,0.707586623885
      ,0.707537820247,0.707490091424,0.707443494647,0.70737538339
      ,0.707352976175,0.707330871482,0.707309075294,0.707287593595
      ,0.70726643237,0.707235180219,0.707224844379,0.707214590738
      ,0.707204419952,0.707194332674,0.707184329561,0.70716945212
      ,0.707164514172,0.7071595975,0.707154702178,0.707149828282
      ,0.707144975887,0.707136291733,0.707132452125,0.707128626281
      ,0.707124814238,0.70712101603,0.707117231695,0.707112504818
      ,0.707111549228,0.707110594361,0.70710964013,0.707108686502
      ,0.707107733497,0.707106781187)
    ,(1.,1.,1.,1.,1.,1.,1.,1.,1.,1.,1.,1.,1.,1.,1.,1.,1.,1.,1.,1.,1.,1.
      ,1.,1.,1.,1.,1.,1.,1.,1.,1.,1.,1.,1.,1.,1.,1.,1.,1.,1.,1.,1.,1.,1.
      ,1.,1.,1.,1.,1.,1.,1.,1.,1.,1.,1.,1.,1.,1.,1.,1.,1.,1.,1.,1.,1.,1.
,1.,1.,1.,1.,1.,1.,1.,1.))) REPRESENTATION_ITEM('') SURFACE() );
#8845 = CARTESIAN_POINT('',(172.99533684664,-25.98874175654,
    -11.46077749485));
#8846 = CARTESIAN_POINT('',(172.99621320268,-25.98873638046,
    -11.46077749485));
#8847 = CARTESIAN_POINT('',(172.99700969336,-25.98873149375,
    -11.46077707252));
#8848 = CARTESIAN_POINT('',(172.99798746265,-25.98872549024,
    -11.46077614395));
#8849 = CARTESIAN_POINT('',(172.99896606115,-25.98871947964,
    -11.46077475631));
#8850 = CARTESIAN_POINT('',(172.99971214464,-25.98871489708,
    -11.46077298102));
#8851 = CARTESIAN_POINT('',(173.00032817241,-25.9887111127,
    -11.46077080693));
#8852 = CARTESIAN_POINT('',(173.36497883208,-25.98646935116,
    -11.46000050504));
#8853 = CARTESIAN_POINT('',(173.72168412904,-25.98395580181,
    -11.40760219235));
#8854 = CARTESIAN_POINT('',(174.06044073717,-25.98125642919,
    -11.30759696328));
#8855 = CARTESIAN_POINT('',(174.37581098706,-25.97847228864,
    -11.16492451561));
#8856 = CARTESIAN_POINT('',(174.65787700929,-25.97578051874,
    -10.98980286694));
#8857 = CARTESIAN_POINT('',(174.90595052191,-25.97327308687,
    -10.78986984564));
#8858 = CARTESIAN_POINT('',(175.374858774,-25.96832784493,
    -10.31765649455));
#8859 = CARTESIAN_POINT('',(175.58434584381,-25.96595770238,
    -10.03288256003));
#8860 = CARTESIAN_POINT('',(175.74753101892,-25.96402401178,
    -9.733134674127));
#8861 = CARTESIAN_POINT('',(175.86938014397,-25.96254009268,
    -9.420540376597));
#8862 = CARTESIAN_POINT('',(175.94898717857,-25.96155573826,
    -9.103156404558));
#8863 = CARTESIAN_POINT('',(175.989112952,-25.9610599694,-8.781961644522
    ));
#8864 = CARTESIAN_POINT('',(175.98911452335,-25.96105994998,
    -8.175584639513));
#8865 = CARTESIAN_POINT('',(175.95747801028,-25.96145084879,
    -7.890225601411));
#8866 = CARTESIAN_POINT('',(175.89463522992,-25.96222783473,
    -7.607645925231));
#8867 = CARTESIAN_POINT('',(175.79869396464,-25.96339984593,
    -7.328419318648));
#8868 = CARTESIAN_POINT('',(175.67073647706,-25.96492947781,
    -7.058406390396));
#8869 = CARTESIAN_POINT('',(175.50707309264,-25.96681752197,
    -6.797973331211));
#8870 = CARTESIAN_POINT('',(175.20115316199,-25.97016404913,
    -6.425661888021));
#8871 = CARTESIAN_POINT('',(175.0843099378,-25.97141524229,
    -6.300351352808));
#8872 = CARTESIAN_POINT('',(174.95607958437,-25.97275370841,
    -6.179863122294));
#8873 = CARTESIAN_POINT('',(174.81665645318,-25.97416486504,
    -6.065899645324));
#8874 = CARTESIAN_POINT('',(174.66639946716,-25.97563132902,
    -5.9600145087));
#8875 = CARTESIAN_POINT('',(174.50593071441,-25.97713298158,
    -5.863707758048));
#8876 = CARTESIAN_POINT('',(174.25138570574,-25.97940405954,
    -5.735927949016));
#8877 = CARTESIAN_POINT('',(174.16420328996,-25.98016424306,
    -5.696120783809));
#8878 = CARTESIAN_POINT('',(174.07482386775,-25.98092486707,
    -5.659263294579));
#8879 = CARTESIAN_POINT('',(173.98338451229,-25.98168321451,
    -5.625519052836));
#8880 = CARTESIAN_POINT('',(173.8900222967,-25.98243656831,
    -5.595051630087));
#8881 = CARTESIAN_POINT('',(173.79487429414,-25.98318221142,
    -5.568024597839));
#8882 = CARTESIAN_POINT('',(173.64967921958,-25.98428503448,
    -5.532889992482));
#8883 = CARTESIAN_POINT('',(173.6008722068,-25.98465004077,
    -5.522076988831));
#8884 = CARTESIAN_POINT('',(173.55167922925,-25.98501212938,
    -5.512179561364));
#8885 = CARTESIAN_POINT('',(173.50212297671,-25.98537098403,
    -5.503214754796));
#8886 = CARTESIAN_POINT('',(173.452226139,-25.98572628844,
    -5.495199613844));
#8887 = CARTESIAN_POINT('',(173.40201140591,-25.98607772633,
    -5.488151183224));
#8888 = CARTESIAN_POINT('',(173.32624649793,-25.98659860896,
    -5.479054169864));
#8889 = CARTESIAN_POINT('',(173.30091807477,-25.98677119265,
    -5.476267578181));
#8890 = CARTESIAN_POINT('',(173.27551954568,-25.98694269564,
    -5.473728567518));
#8891 = CARTESIAN_POINT('',(173.25005425858,-25.98711308105,
    -5.471438972794));
#8892 = CARTESIAN_POINT('',(173.22452556137,-25.98728231203,
    -5.469400628925));
#8893 = CARTESIAN_POINT('',(173.19893680195,-25.98745035171,
    -5.467615370829));
#8894 = CARTESIAN_POINT('',(173.16046859136,-25.987700569,
    -5.465319864721));
#8895 = CARTESIAN_POINT('',(173.1476317065,-25.98778366788,
    -5.464618408112));
#8896 = CARTESIAN_POINT('',(173.13478113255,-25.98786645548,
    -5.463980867735));
#8897 = CARTESIAN_POINT('',(173.12191732844,-25.98794892739,
    -5.463407447727));
#8898 = CARTESIAN_POINT('',(173.10904075308,-25.98803107922,
    -5.462898352227));
#8899 = CARTESIAN_POINT('',(173.09615186539,-25.98811290656,
    -5.462453785371));
#8900 = CARTESIAN_POINT('',(173.07680075374,-25.98823515423,
    -5.461884034261));
#8901 = CARTESIAN_POINT('',(173.0703474221,-25.98827582124,
    -5.461710298961));
#8902 = CARTESIAN_POINT('',(173.06389118957,-25.98831640551,
    -5.461552769022));
#8903 = CARTESIAN_POINT('',(173.05743211634,-25.98835690649,
    -5.461411468071));
#8904 = CARTESIAN_POINT('',(173.05097026263,-25.98839732365,
    -5.461286419733));
#8905 = CARTESIAN_POINT('',(173.04450568863,-25.98843765646,
    -5.461177647632));
#8906 = CARTESIAN_POINT('',(173.0328798208,-25.98851000841,
    -5.46101141428));
#8907 = CARTESIAN_POINT('',(173.02771949473,-25.98854205842,
    -5.460948023942));
#8908 = CARTESIAN_POINT('',(173.02255750782,-25.98857405416,
    -5.460895015733));
#8909 = CARTESIAN_POINT('',(173.01739389153,-25.98860599535,
    -5.460852401008));
#8910 = CARTESIAN_POINT('',(173.01222867733,-25.98863788173,
    -5.460820191117));
#8911 = CARTESIAN_POINT('',(173.0070618967,-25.98866971303,
    -5.460798397415));
#8912 = CARTESIAN_POINT('',(173.00058252476,-25.98870954964,
    -5.460784147976));
#8913 = CARTESIAN_POINT('',(172.9996057175,-25.98871555212,
    -5.460781918455));
#8914 = CARTESIAN_POINT('',(172.99877462379,-25.98872065663,
    -5.460780198274));
#8915 = CARTESIAN_POINT('',(172.99796357019,-25.98872563645,
    -5.460778899366));
#8916 = CARTESIAN_POINT('',(172.99710974531,-25.98873087793,
    -5.460777990015));
#8917 = CARTESIAN_POINT('',(172.99621319986,-25.98873638047,
    -5.460777494851));
#8918 = CARTESIAN_POINT('',(172.99533684661,-25.98874175654,
    -5.460777494851));
#8919 = CARTESIAN_POINT('',(172.99533684698,-25.98874175654,
    -10.46077749485));
#8920 = CARTESIAN_POINT('',(172.99621319929,-25.98873638048,
    -10.4607801884));
#8921 = CARTESIAN_POINT('',(172.99708955812,-25.98873100246,
    -10.46078243388));
#8922 = CARTESIAN_POINT('',(172.997965904,-25.98872562277,-10.4607842314
    ));
#8923 = CARTESIAN_POINT('',(172.99884224898,-25.98872024124,
    -10.46078558097));
#8924 = CARTESIAN_POINT('',(172.9997186105,-25.98871485762,
    -10.46078648254));
#8925 = CARTESIAN_POINT('',(173.00059498519,-25.98870947195,
    -10.46078693609));
#8926 = CARTESIAN_POINT('',(173.243895593,-25.98721386234,
    -10.46078847496));
#8927 = CARTESIAN_POINT('',(173.48140775288,-25.98564701552,
    -10.42656873185));
#8928 = CARTESIAN_POINT('',(173.70803763808,-25.98404638443,
    -10.36021147775));
#8929 = CARTESIAN_POINT('',(173.91792581718,-25.98247706647,
    -10.26692614244));
#8930 = CARTESIAN_POINT('',(174.10816755757,-25.98097853483,
    -10.14918307978));
#8931 = CARTESIAN_POINT('',(174.27338611945,-25.97963550501,
    -10.01730664204));
#8932 = CARTESIAN_POINT('',(174.58864619811,-25.97699475095,
    -9.702041157214));
#8933 = CARTESIAN_POINT('',(174.72795468958,-25.97577626268,
    -9.513486949415));
#8934 = CARTESIAN_POINT('',(174.83964849639,-25.97476380264,
    -9.31167745979));
#8935 = CARTESIAN_POINT('',(174.92027924773,-25.97402211345,
    -9.10362043713));
#8936 = CARTESIAN_POINT('',(174.97457706343,-25.97351597331,
    -8.890776169587));
#8937 = CARTESIAN_POINT('',(175.00147227079,-25.97326570561,
    -8.675777121088));
#8938 = CARTESIAN_POINT('',(175.00147047775,-25.97326573099,
    -8.269843852496));
#8939 = CARTESIAN_POINT('',(174.98027091127,-25.97346295898,
    -8.078874774594));
#8940 = CARTESIAN_POINT('',(174.93738371211,-25.97386293526,
    -7.88938559163));
#8941 = CARTESIAN_POINT('',(174.87401800426,-25.97444642453,
    -7.703587251458));
#8942 = CARTESIAN_POINT('',(174.78622164932,-25.97524797113,
    -7.521457459443));
#8943 = CARTESIAN_POINT('',(174.67747627276,-25.97621110908,
    -7.349080042574));
#8944 = CARTESIAN_POINT('',(174.47157999947,-25.97797767325,
    -7.100189183315));
#8945 = CARTESIAN_POINT('',(174.39336014288,-25.97863841683,
    -7.016935218445));
#8946 = CARTESIAN_POINT('',(174.3074789187,-25.97935222021,
    -6.936845210041));
#8947 = CARTESIAN_POINT('',(174.21401064343,-25.98011437107,
    -6.860979247989));
#8948 = CARTESIAN_POINT('',(174.11333293015,-25.98091675177,
    -6.790549306578));
#8949 = CARTESIAN_POINT('',(174.00598697651,-25.98175001114,
    -6.726690627035));
#8950 = CARTESIAN_POINT('',(173.83578444686,-25.98303382106,
    -6.641989107339));
#8951 = CARTESIAN_POINT('',(173.77749643807,-25.98346748188,
    -6.615615979449));
#8952 = CARTESIAN_POINT('',(173.71776381241,-25.98390555827,
    -6.591218724044));
#8953 = CARTESIAN_POINT('',(173.65667730212,-25.98434688079,
    -6.568903297415));
#8954 = CARTESIAN_POINT('',(173.59432790526,-25.9847902779,
    -6.548775759763));
#8955 = CARTESIAN_POINT('',(173.53080689294,-25.98523457589,
    -6.530942255548));
#8956 = CARTESIAN_POINT('',(173.43389819938,-25.98590065916,
    -6.507790669818));
#8957 = CARTESIAN_POINT('',(173.40132275011,-25.98612264738,
    -6.500670869508));
#8958 = CARTESIAN_POINT('',(173.36849336666,-25.98634442094,
    -6.494160665786));
#8959 = CARTESIAN_POINT('',(173.3354239648,-25.98656583707,
    -6.488271133556));
#8960 = CARTESIAN_POINT('',(173.30212847693,-25.98678675286,
    -6.483013347453));
#8961 = CARTESIAN_POINT('',(173.26862085205,-25.9870070253,
    -6.478398381181));
#8962 = CARTESIAN_POINT('',(173.21806053482,-25.98733626485,
    -6.472456578937));
#8963 = CARTESIAN_POINT('',(173.20115662601,-25.98744582198,
    -6.470639247809));
#8964 = CARTESIAN_POINT('',(173.18420523681,-25.98755516542,
    -6.468986558286));
#8965 = CARTESIAN_POINT('',(173.1672082757,-25.98766427785,
    -6.467499755011));
#8966 = CARTESIAN_POINT('',(173.15016765209,-25.98777314199,
    -6.466180082403));
#8967 = CARTESIAN_POINT('',(173.1330852763,-25.98788174053,
    -6.465028784632));
#8968 = CARTESIAN_POINT('',(173.10740157292,-25.98804421639,
    -6.463556244401));
#8969 = CARTESIAN_POINT('',(173.0988301399,-25.98809830586,
    -6.463107784655));
#8970 = CARTESIAN_POINT('',(173.09024901109,-25.98815232247,
    -6.462701872649));
#8971 = CARTESIAN_POINT('',(173.08165843714,-25.98820626409,
    -6.462338654646));
#8972 = CARTESIAN_POINT('',(173.07305866873,-25.98826012857,
    -6.46201827689));
#8973 = CARTESIAN_POINT('',(173.06444995659,-25.98831391379,
    -6.461740885604));
#8974 = CARTESIAN_POINT('',(173.05152375835,-25.9883944701,
    -6.461389495216));
#8975 = CARTESIAN_POINT('',(173.04721279326,-25.98842130223,
    -6.461283146596));
#8976 = CARTESIAN_POINT('',(173.04289968843,-25.98844811375,
    -6.461187598793));
#8977 = CARTESIAN_POINT('',(173.03858447602,-25.98847490438,
    -6.461102869469));
#8978 = CARTESIAN_POINT('',(173.0342671882,-25.98850167386,
    -6.461028976285));
#8979 = CARTESIAN_POINT('',(173.02994785715,-25.98852842193,
    -6.460965936899));
#8980 = CARTESIAN_POINT('',(173.02217952445,-25.98857646709,
    -6.460872156353));
#8981 = CARTESIAN_POINT('',(173.01873125464,-25.98859777205,
    -6.460837460905));
#8982 = CARTESIAN_POINT('',(173.0152817222,-25.98861906308,
    -6.460809691396));
#8983 = CARTESIAN_POINT('',(173.01183094372,-25.98864034006,
    -6.460788856589));
#8984 = CARTESIAN_POINT('',(173.00837893581,-25.98866160283,
    -6.460774965253));
#8985 = CARTESIAN_POINT('',(173.00492571507,-25.98868285128,
    -6.460768026152));
#8986 = CARTESIAN_POINT('',(173.00059500379,-25.98870947176,
    -6.460768053604));
#8987 = CARTESIAN_POINT('',(172.99971864195,-25.98871485724,
    -6.460768507174));
#8988 = CARTESIAN_POINT('',(172.9988422605,-25.9887202411,
    -6.460769408734));
#8989 = CARTESIAN_POINT('',(172.99796588877,-25.98872562297,
    -6.460770758275));
#8990 = CARTESIAN_POINT('',(172.99708953754,-25.98873100273,
    -6.460772555796));
#8991 = CARTESIAN_POINT('',(172.99621319895,-25.98873638048,
    -6.460774801313));
#8992 = CARTESIAN_POINT('',(172.99533684659,-25.98874175654,
    -6.460777494851));
#8993 = CARTESIAN_POINT('',(173.0014713211,-26.98872294048,
    -10.46077749485));
#8994 = CARTESIAN_POINT('',(173.00234949014,-26.98871485967,
    -10.46077749485));
#8995 = CARTESIAN_POINT('',(173.0032276435,-26.98870677532,
    -10.46077704498));
#8996 = CARTESIAN_POINT('',(173.00410579092,-26.98869868718,
    -10.46077614531));
#8997 = CARTESIAN_POINT('',(173.00498394732,-26.9886905952,
    -10.46077479581));
#8998 = CARTESIAN_POINT('',(173.00586211994,-26.98868249945,
    -10.4607729964));
#8999 = CARTESIAN_POINT('',(173.00674029545,-26.98867440004,
    -10.46077074709));
#9000 = CARTESIAN_POINT('',(173.25063025763,-26.98642388674,
    -10.46002113483));
#9001 = CARTESIAN_POINT('',(173.48852081343,-26.98390748623,
    -10.42489900334));
#9002 = CARTESIAN_POINT('',(173.71519870002,-26.98119642695,
    -10.35756563398));
#9003 = CARTESIAN_POINT('',(173.92473160837,-26.97842097662,
    -10.26340581792));
#9004 = CARTESIAN_POINT('',(174.11431347938,-26.97570659968,
    -10.14503769114));
#9005 = CARTESIAN_POINT('',(174.27871816383,-26.97321140094,
    -10.01284898921));
#9006 = CARTESIAN_POINT('',(174.59232457582,-26.96825006837,
    -9.697235074951));
#9007 = CARTESIAN_POINT('',(174.73063015383,-26.96589713913,
    -9.508800836497));
#9008 = CARTESIAN_POINT('',(174.8413337351,-26.9639367984,-9.3074988344)
  );
#9009 = CARTESIAN_POINT('',(174.92112497244,-26.96247130741,
    -9.100313053867));
#9010 = CARTESIAN_POINT('',(174.97485421547,-26.96147786791,
    -8.88853468457));
#9011 = CARTESIAN_POINT('',(175.00147228378,-26.96098358857,
    -8.674682931063));
#9012 = CARTESIAN_POINT('',(175.00147046622,-26.96098361363,
    -8.27081516326));
#9013 = CARTESIAN_POINT('',(174.9804889334,-26.9613732284,
    -8.080855759406));
#9014 = CARTESIAN_POINT('',(174.93804576154,-26.96215797256,
    -7.892318503553));
#9015 = CARTESIAN_POINT('',(174.87534120008,-26.9633133122,
    -7.707338602513));
#9016 = CARTESIAN_POINT('',(174.78833869234,-26.96486723224,
    -7.525765784886));
#9017 = CARTESIAN_POINT('',(174.68044987228,-26.96673908704,
    -7.353678710299));
#9018 = CARTESIAN_POINT('',(174.47580016408,-26.97009709881,
    -7.104805009932));
#9019 = CARTESIAN_POINT('',(174.39805197641,-26.97134676853,
    -7.021527008651));
#9020 = CARTESIAN_POINT('',(174.31262661626,-26.97268503298,
    -6.941322704049));
#9021 = CARTESIAN_POINT('',(174.2195748262,-26.97409836957,
    -6.865249729101));
#9022 = CARTESIAN_POINT('',(174.11925141926,-26.97556766143,
    -6.794527353796));
#9023 = CARTESIAN_POINT('',(174.01217906903,-26.97707120855,
    -6.730305387693));
#9024 = CARTESIAN_POINT('',(173.84227861546,-26.97934600426,
    -6.644996929887));
#9025 = CARTESIAN_POINT('',(173.78408704888,-26.98010744893,
    -6.618415541109));
#9026 = CARTESIAN_POINT('',(173.72442767299,-26.98086936466,
    -6.593797685304));
#9027 = CARTESIAN_POINT('',(173.66339076051,-26.98162904308,
    -6.571252131621));
#9028 = CARTESIAN_POINT('',(173.60106658419,-26.98238377582,
    -6.550887649209));
#9029 = CARTESIAN_POINT('',(173.53754541676,-26.98313085449,
    -6.532813007217));
#9030 = CARTESIAN_POINT('',(173.44060358806,-26.98423592885,
    -6.509298958581));
#9031 = CARTESIAN_POINT('',(173.40801528555,-26.98460170288,
    -6.502058842085));
#9032 = CARTESIAN_POINT('',(173.37516664928,-26.98496458578,
    -6.495428062234));
#9033 = CARTESIAN_POINT('',(173.34207170508,-26.9853242705,
    -6.489418055954));
#9034 = CARTESIAN_POINT('',(173.30874447878,-26.98568045,-6.484040260174
    ));
#9035 = CARTESIAN_POINT('',(173.27519899622,-26.98603281725,
    -6.479306111821));
#9036 = CARTESIAN_POINT('',(173.22457442672,-26.98655518917,
    -6.473187515822));
#9037 = CARTESIAN_POINT('',(173.20764865227,-26.98672828592,
    -6.471311640744));
#9038 = CARTESIAN_POINT('',(173.19067389273,-26.98690032089,
    -6.469600709355));
#9039 = CARTESIAN_POINT('',(173.173652081,-26.98707125951,
    -6.468056008421));
#9040 = CARTESIAN_POINT('',(173.15658514996,-26.98724106722,
    -6.466678824711));
#9041 = CARTESIAN_POINT('',(173.13947503248,-26.98740970945,
    -6.465470444991));
#9042 = CARTESIAN_POINT('',(173.11374797594,-26.98766087274,
    -6.463913011549));
#9043 = CARTESIAN_POINT('',(173.1051619869,-26.98774429405,
    -6.463436382089));
#9044 = CARTESIAN_POINT('',(173.09656594866,-26.98782741155,
    -6.463002418862));
#9045 = CARTESIAN_POINT('',(173.08796011556,-26.98791022121,
    -6.462611273081));
#9046 = CARTESIAN_POINT('',(173.07934474194,-26.987992719,
    -6.462263095958));
#9047 = CARTESIAN_POINT('',(173.07072008212,-26.98807490089,
    -6.461958038706));
#9048 = CARTESIAN_POINT('',(173.05776954461,-26.98819769383,
    -6.461565359453));
#9049 = CARTESIAN_POINT('',(173.05345044151,-26.98823854485,
    -6.46144528362));
#9050 = CARTESIAN_POINT('',(173.04912911381,-26.98827931541,
    -6.461336043296));
#9051 = CARTESIAN_POINT('',(173.04480559419,-26.98832000505,
    -6.461237656737));
#9052 = CARTESIAN_POINT('',(173.04047991532,-26.98836061326,
    -6.461150142203));
#9053 = CARTESIAN_POINT('',(173.03615210986,-26.98840113958,
    -6.461073517949));
#9054 = CARTESIAN_POINT('',(173.02836843647,-26.98847384389,
    -6.46095538364));
#9055 = CARTESIAN_POINT('',(173.02491333024,-26.98850605185,
    -6.460909905635));
#9056 = CARTESIAN_POINT('',(173.02145690866,-26.98853820716,
    -6.460871377278));
#9057 = CARTESIAN_POINT('',(173.01799918861,-26.98857030957,
    -6.460839807629));
#9058 = CARTESIAN_POINT('',(173.01454018694,-26.98860235885,
    -6.46081520575));
#9059 = CARTESIAN_POINT('',(173.01107992052,-26.98863435475,
    -6.460797580699));
#9060 = CARTESIAN_POINT('',(173.00674031737,-26.9886743999,
    -6.460784242681));
#9061 = CARTESIAN_POINT('',(173.00586214712,-26.98868249938,
    -6.460781993414));
#9062 = CARTESIAN_POINT('',(173.00498395552,-26.9886905952,
    -6.460780193922));
#9063 = CARTESIAN_POINT('',(173.00410577818,-26.9886986872,
    -6.460778844316));
#9064 = CARTESIAN_POINT('',(173.00322762625,-26.98870677534,
    -6.460777944637));
#9065 = CARTESIAN_POINT('',(173.00234948646,-26.9887148597,
    -6.460777494851));
#9066 = CARTESIAN_POINT('',(173.0014713211,-26.98872294048,
    -6.460777494851));
#9067 = ADVANCED_FACE('',(#9068),#9080,.T.);
#9068 = FACE_BOUND('',#9069,.F.);
#9069 = EDGE_LOOP('',(#9070,#9071,#9072,#9073));
#9070 = ORIENTED_EDGE('',*,*,#8838,.F.);
#9071 = ORIENTED_EDGE('',*,*,#3963,.T.);
#9072 = ORIENTED_EDGE('',*,*,#8588,.T.);
#9073 = ORIENTED_EDGE('',*,*,#9074,.F.);
#9074 = EDGE_CURVE('',#8760,#8589,#9075,.T.);
#9075 = CIRCLE('',#9076,482.07787926671);
#9076 = AXIS2_PLACEMENT_3D('',#9077,#9078,#9079);
#9077 = CARTESIAN_POINT('',(170.0441762583,455.08008551346,
    -6.460777494851));
#9078 = DIRECTION('',(-5.264033062328E-35,-2.22044604925E-16,-1.));
#9079 = DIRECTION('',(6.147227279109E-03,-0.99998110562,
    2.220404095299E-16));
#9080 = TOROIDAL_SURFACE('',#9081,482.07787926671,1.);
#9081 = AXIS2_PLACEMENT_3D('',#9082,#9083,#9084);
#9082 = CARTESIAN_POINT('',(170.0441762583,455.08008551346,
    -5.460777494851));
#9083 = DIRECTION('',(0.,2.22044604925E-16,1.));
#9084 = DIRECTION('',(6.147227279109E-03,-0.99998110562,
    2.220404095299E-16));
#9085 = ADVANCED_FACE('',(#9086),#9146,.F.);
#9086 = FACE_BOUND('',#9087,.F.);
#9087 = EDGE_LOOP('',(#9088,#9089,#9144,#9145));
#9088 = ORIENTED_EDGE('',*,*,#7920,.T.);
#9089 = ORIENTED_EDGE('',*,*,#9090,.T.);
#9090 = EDGE_CURVE('',#7824,#8208,#9091,.T.);
#9091 = ( BOUNDED_CURVE() B_SPLINE_CURVE(11,(#9092,#9093,#9094,#9095,
    #9096,#9097,#9098,#9099,#9100,#9101,#9102,#9103,#9104,#9105,#9106,
    #9107,#9108,#9109,#9110,#9111,#9112,#9113,#9114,#9115,#9116,#9117,
    #9118,#9119,#9120,#9121,#9122,#9123,#9124,#9125,#9126,#9127,#9128,
    #9129,#9130,#9131,#9132,#9133,#9134,#9135,#9136,#9137,#9138,#9139,
    #9140,#9141,#9142,#9143),.UNSPECIFIED.,.F.,.F.) 
B_SPLINE_CURVE_WITH_KNOTS((12,10,10,10,10,12),(344.09673416889,
    359.22641648522,376.86243790644,408.98052037797,434.05038780737,
441.0986028495),.UNSPECIFIED.) CURVE() GEOMETRIC_REPRESENTATION_ITEM() 
RATIONAL_B_SPLINE_CURVE((1.,1.,1.,1.,1.000000000001,0.999999999999,
    1.000000000001,1.,1.,1.,1.,1.,1.,1.000000000001,0.999999999999,
    1.000000000001,0.999999999999,1.000000000001,1.,1.,1.,1.,1.,1.,
    1.000000000001,0.999999999999,1.000000000001,0.999999999999,1.,1.,1.
    ,1.,1.,1.000000000001,0.999999999998,1.000000000002,0.999999999998,
    1.000000000001,0.999999999999,1.,1.,1.,1.,1.,1.,1.,1.,1.,1.,1.,1.,1.
)) REPRESENTATION_ITEM('') );
#9092 = CARTESIAN_POINT('',(30.155184214559,-18.0200044889,
    -13.99367659584));
#9093 = CARTESIAN_POINT('',(31.224217690758,-17.95743445283,
    -13.99397743273));
#9094 = CARTESIAN_POINT('',(32.319896208753,-17.8974861899,
    -13.99426300005));
#9095 = CARTESIAN_POINT('',(33.351466418889,-17.84499047589,
    -13.99451053228));
#9096 = CARTESIAN_POINT('',(34.469838555985,-17.79186175647,
    -13.99476003776));
#9097 = CARTESIAN_POINT('',(35.496787093464,-17.74761459817,
    -13.99496525735));
#9098 = CARTESIAN_POINT('',(36.602211213219,-17.70324910293,
    -13.99517122529));
#9099 = CARTESIAN_POINT('',(37.654184516367,-17.66568568384,
    -13.99534389276));
#9100 = CARTESIAN_POINT('',(38.734243827128,-17.63068284121,
    -13.99550484446));
#9101 = CARTESIAN_POINT('',(39.803776902187,-17.60023394556,
    -13.99564439722));
#9102 = CARTESIAN_POINT('',(40.875939001835,-17.57366140648,
    -13.99576622982));
#9103 = CARTESIAN_POINT('',(43.197313909239,-17.52482969225,
    -13.99599056899));
#9104 = CARTESIAN_POINT('',(44.446858606192,-17.50399192202,
    -13.996086643));
#9105 = CARTESIAN_POINT('',(45.696545909964,-17.48860001712,
    -13.99615839372));
#9106 = CARTESIAN_POINT('',(46.946335489271,-17.47865444331,
    -13.99620608285));
#9107 = CARTESIAN_POINT('',(48.196149891699,-17.47415564238,
    -13.99622988373));
#9108 = CARTESIAN_POINT('',(49.445923547228,-17.47510381646,
    -13.99622988295));
#9109 = CARTESIAN_POINT('',(50.695628014155,-17.48149884415,
    -13.99620608093));
#9110 = CARTESIAN_POINT('',(51.945273468623,-17.49334032856,
    -13.99615839179));
#9111 = CARTESIAN_POINT('',(53.194886436329,-17.51062777719,
    -13.99608664221));
#9112 = CARTESIAN_POINT('',(54.444463767802,-17.53336091372,
    -13.99599056953));
#9113 = CARTESIAN_POINT('',(57.969336000813,-17.61285907295,
    -13.99564991213));
#9114 = CARTESIAN_POINT('',(60.244412555353,-17.68223769931,
    -13.99534819165));
#9115 = CARTESIAN_POINT('',(62.519177560238,-17.76968259598,
    -13.9949624536));
#9116 = CARTESIAN_POINT('',(64.793618439676,-17.87520099269,
    -13.99448955823));
#9117 = CARTESIAN_POINT('',(67.067677872313,-17.99880086164,
    -13.99392538374));
#9118 = CARTESIAN_POINT('',(69.341266662015,-18.14049102548,
    -13.9932647803));
#9119 = CARTESIAN_POINT('',(71.614276608628,-18.30028126528,
    -13.99250152398));
#9120 = CARTESIAN_POINT('',(73.88659337868,-18.47818242849,
    -13.99162827069));
#9121 = CARTESIAN_POINT('',(76.158109376221,-18.67420653698,
    -13.99063651015));
#9122 = CARTESIAN_POINT('',(78.428736613484,-18.88836689492,
    -13.98951651987));
#9123 = CARTESIAN_POINT('',(82.470027558956,-19.30200949359,
    -13.987274446));
#9124 = CARTESIAN_POINT('',(84.241049796421,-19.49439930589,
    -13.98620659778));
#9125 = CARTESIAN_POINT('',(86.011454874106,-19.69785630109,
    -13.98504870976));
#9126 = CARTESIAN_POINT('',(87.781209473815,-19.9123895557,
    -13.98379511952));
#9127 = CARTESIAN_POINT('',(89.550278379221,-20.13800855545,
    -13.98243956693));
#9128 = CARTESIAN_POINT('',(91.318624475814,-20.37472319527,
    -13.98097519411));
#9129 = CARTESIAN_POINT('',(93.086208750893,-20.6225437793,
    -13.97939454543));
#9130 = CARTESIAN_POINT('',(94.852990293659,-20.88148102091,
    -13.97768956752));
#9131 = CARTESIAN_POINT('',(96.618926295062,-21.15154604267,
    -13.97585160927));
#9132 = CARTESIAN_POINT('',(98.383972047959,-21.43275037635,
    -13.9738714218));
#9133 = CARTESIAN_POINT('',(100.64404762544,-21.80729965818,
    -13.97113968786));
#9134 = CARTESIAN_POINT('',(101.13983338073,-21.89036183816,
    -13.97052830032));
#9135 = CARTESIAN_POINT('',(101.6359828169,-21.97436208697,
    -13.96990415251));
#9136 = CARTESIAN_POINT('',(102.13143502357,-22.05915441919,
    -13.96926830102));
#9137 = CARTESIAN_POINT('',(102.62690803984,-22.14485775541,
    -13.96861950967));
#9138 = CARTESIAN_POINT('',(103.12289705023,-22.23152896273,
    -13.96795700608));
#9139 = CARTESIAN_POINT('',(103.61844835349,-22.31899890648,
    -13.96728195475));
#9140 = CARTESIAN_POINT('',(104.11298603218,-22.40720561657,
    -13.96659474802));
#9141 = CARTESIAN_POINT('',(104.60958313246,-22.49672232993,
    -13.96589055066));
#9142 = CARTESIAN_POINT('',(105.11418405115,-22.58854182763,
    -13.96516086832));
#9143 = CARTESIAN_POINT('',(105.62139970905,-22.68154214302,
    -13.96441424446));
#9144 = ORIENTED_EDGE('',*,*,#8207,.F.);
#9145 = ORIENTED_EDGE('',*,*,#4060,.F.);
#9146 = ( BOUNDED_SURFACE() B_SPLINE_SURFACE(2,11,(
    (#9147,#9148,#9149,#9150,#9151,#9152,#9153,#9154,#9155,#9156,#9157
      ,#9158,#9159,#9160,#9161,#9162,#9163,#9164,#9165,#9166,#9167,#9168
      ,#9169,#9170,#9171,#9172,#9173,#9174,#9175,#9176,#9177,#9178,#9179
      ,#9180,#9181,#9182,#9183,#9184,#9185,#9186,#9187,#9188,#9189,#9190
      ,#9191,#9192,#9193,#9194,#9195,#9196,#9197,#9198)
    ,(#9199,#9200,#9201,#9202,#9203,#9204,#9205,#9206,#9207,#9208,#9209
      ,#9210,#9211,#9212,#9213,#9214,#9215,#9216,#9217,#9218,#9219,#9220
      ,#9221,#9222,#9223,#9224,#9225,#9226,#9227,#9228,#9229,#9230,#9231
      ,#9232,#9233,#9234,#9235,#9236,#9237,#9238,#9239,#9240,#9241,#9242
      ,#9243,#9244,#9245,#9246,#9247,#9248,#9249,#9250)
    ,(#9251,#9252,#9253,#9254,#9255,#9256,#9257,#9258,#9259,#9260,#9261
      ,#9262,#9263,#9264,#9265,#9266,#9267,#9268,#9269,#9270,#9271,#9272
      ,#9273,#9274,#9275,#9276,#9277,#9278,#9279,#9280,#9281,#9282,#9283
      ,#9284,#9285,#9286,#9287,#9288,#9289,#9290,#9291,#9292,#9293,#9294
      ,#9295,#9296,#9297,#9298,#9299,#9300,#9301,#9302
)),.UNSPECIFIED.,.F.,.F.,.F.) B_SPLINE_SURFACE_WITH_KNOTS((3,3),(12,10,
    10,10,10,12),(0.,97.001868680612),(344.09673416889,359.22641648522,
    376.86243790644,408.98052037797,434.05038780737,441.0986028495),
.UNSPECIFIED.) GEOMETRIC_REPRESENTATION_ITEM() RATIONAL_B_SPLINE_SURFACE
((
    (1.,1.,1.,1.,1.000000000001,0.999999999999,1.000000000001,1.,1.,1.
      ,1.,1.,1.,1.000000000001,0.999999999999,1.000000000001
      ,0.999999999999,1.000000000001,1.,1.,1.,1.,1.,1.,1.000000000001
      ,0.999999999999,1.000000000001,0.999999999999,1.,1.,1.,1.,1.
      ,1.000000000001,0.999999999998,1.000000000002,0.999999999998
      ,1.000000000001,0.999999999999,1.,1.,1.,1.,1.,1.,1.,1.,1.,1.,1.,1.
      ,1.)
    ,(0.705429515432,0.705443915426,0.705458278354,0.705469276063
      ,0.705483036588,0.705491540526,0.705503131111,0.705510915654
      ,0.705519355327,0.705526277401,0.7055324444,0.705543802098
      ,0.705548687097,0.705552347663,0.705554786537,0.705556005512
      ,0.705556005472,0.705554786445,0.705552347567,0.705548687059
      ,0.705543802124,0.705526555544,0.70551134925,0.705492044699
      ,0.705468606558,0.705440988702,0.705409133517,0.705372971168
      ,0.705332418914,0.705287380372,0.705237744827,0.705140956957
      ,0.705095647379,0.705047400324,0.704996150635,0.704941825462
      ,0.704884344234,0.704823618699,0.704759552883,0.70469204312
      ,0.704620978037,0.704525226086,0.704503950661,0.704482275378
      ,0.70446043202,0.704438304178,0.704415747066,0.704392878856
      ,0.704369884365,0.704346478094,0.704321779648,0.70429596073)
    ,(1.,1.,1.,1.,1.000000000001,0.999999999999,1.000000000001,1.,1.,1.
      ,1.,1.,1.,1.000000000001,0.999999999999,1.000000000001
      ,0.999999999999,1.000000000001,1.,1.,1.,1.,1.,1.,1.000000000001
      ,0.999999999999,1.000000000001,0.999999999999,1.,1.,1.,1.,1.
      ,1.000000000001,0.999999999998,1.000000000002,0.999999999998
      ,1.000000000001,0.999999999999,1.,1.,1.,1.,1.,1.,1.,1.,1.,1.,1.,1.
,1.))) REPRESENTATION_ITEM('') SURFACE() );
#9147 = CARTESIAN_POINT('',(30.102267044297,-17.01665933873,
    -12.99368905704));
#9148 = CARTESIAN_POINT('',(31.177043332388,-16.95382674227,
    -12.993990072));
#9149 = CARTESIAN_POINT('',(32.250618457115,-16.89509753148,
    -12.99427038385));
#9150 = CARTESIAN_POINT('',(33.326983952715,-16.84022468888,
    -12.99452562845));
#9151 = CARTESIAN_POINT('',(34.400007032536,-16.7896030803,
    -12.99476631791));
#9152 = CARTESIAN_POINT('',(35.476448775016,-16.74276570202,
    -12.99497899446));
#9153 = CARTESIAN_POINT('',(36.550507425972,-16.70014291739,
    -12.99517948585));
#9154 = CARTESIAN_POINT('',(37.626022869905,-16.66141962016,
    -12.99535496667));
#9155 = CARTESIAN_POINT('',(38.701012211585,-16.62677367733,
    -12.99551463965));
#9156 = CARTESIAN_POINT('',(39.776287751662,-16.59612690168,
    -12.99565441516));
#9157 = CARTESIAN_POINT('',(40.851504458094,-16.56950506573,
    -12.99577612461));
#9158 = CARTESIAN_POINT('',(43.180169392535,-16.52055247117,
    -12.9960003176));
#9159 = CARTESIAN_POINT('',(44.433618698801,-16.49966267282,
    -12.99609633251));
#9160 = CARTESIAN_POINT('',(45.687288416566,-16.48423188513,
    -12.99616803897));
#9161 = CARTESIAN_POINT('',(46.941120968372,-16.47426103239,
    -12.99621569763));
#9162 = CARTESIAN_POINT('',(48.194981527575,-16.46975100841,
    -12.99623948252));
#9163 = CARTESIAN_POINT('',(49.448757347741,-16.47070224141,
    -12.99623948114));
#9164 = CARTESIAN_POINT('',(50.702409516191,-16.47711452616,
    -12.99621569434));
#9165 = CARTESIAN_POINT('',(51.955977132906,-16.48898712351,
    -12.99616803588));
#9166 = CARTESIAN_POINT('',(53.209533913318,-16.50631912723,
    -12.9960963318));
#9167 = CARTESIAN_POINT('',(54.463097216453,-16.52911009817,
    -12.99600031947));
#9168 = CARTESIAN_POINT('',(57.999122052611,-16.60881042107,
    -12.99565988093));
#9169 = CARTESIAN_POINT('',(60.281391808457,-16.67836446247,
    -12.99535835723));
#9170 = CARTESIAN_POINT('',(62.563354797387,-16.76603027865,
    -12.99497287063));
#9171 = CARTESIAN_POINT('',(64.845002422373,-16.87181529958,
    -12.99450028263));
#9172 = CARTESIAN_POINT('',(67.126276256324,-16.99572739608,
    -12.99393647458));
#9173 = CARTESIAN_POINT('',(69.407082841691,-17.13777507934,
    -12.99327630139));
#9174 = CARTESIAN_POINT('',(71.687308490132,-17.29796770044,
    -12.99251354515));
#9175 = CARTESIAN_POINT('',(73.966834082006,-17.4763156499,
    -12.99164086892));
#9176 = CARTESIAN_POINT('',(76.245549866123,-17.67283055718,
    -12.99064977034));
#9177 = CARTESIAN_POINT('',(78.523370259214,-17.88752549025,
    -12.98953053535));
#9178 = CARTESIAN_POINT('',(82.577473028546,-18.30219789469,
    -12.98728998809));
#9179 = CARTESIAN_POINT('',(84.354110164688,-18.49506573187,
    -12.98622287201));
#9180 = CARTESIAN_POINT('',(86.130128495877,-18.69902717031,
    -12.9850657834));
#9181 = CARTESIAN_POINT('',(87.905494560721,-18.91409109723,
    -12.98381306509));
#9182 = CARTESIAN_POINT('',(89.680172994868,-19.14026678342,
    -12.98245846305));
#9183 = CARTESIAN_POINT('',(91.454126530649,-19.37756388322,
    -12.98099512636));
#9184 = CARTESIAN_POINT('',(93.227315997492,-19.62599243451,
    -12.97941560723));
#9185 = CARTESIAN_POINT('',(94.999700321538,-19.88556285874,
    -12.977711861));
#9186 = CARTESIAN_POINT('',(96.771236525926,-20.15628596091,
    -12.9758752461));
#9187 = CARTESIAN_POINT('',(98.541879730627,-20.43817292956,
    -12.97389652413));
#9188 = CARTESIAN_POINT('',(100.8091226913,-20.81362774964,
    -12.97116683863));
#9189 = CARTESIAN_POINT('',(101.30658680054,-20.89690332034,
    -12.97055586288));
#9190 = CARTESIAN_POINT('',(101.80397458886,-20.98106203412,
    -12.96993239186));
#9191 = CARTESIAN_POINT('',(102.30129201641,-21.06610592599,
    -12.96929672193));
#9192 = CARTESIAN_POINT('',(102.79852093079,-21.1520318967,
    -12.9686484223));
#9193 = CARTESIAN_POINT('',(103.29566183203,-21.23884012567,
    -12.9679869063));
#9194 = CARTESIAN_POINT('',(103.79274460039,-21.32653667938,
    -12.96731209236));
#9195 = CARTESIAN_POINT('',(104.28978075646,-21.41512456239,
    -12.96662418198));
#9196 = CARTESIAN_POINT('',(104.78671014876,-21.50459310648,
    -12.96592265497));
#9197 = CARTESIAN_POINT('',(105.28347430019,-21.59493124215,
    -12.96520565525));
#9198 = CARTESIAN_POINT('',(105.78042797149,-21.68620584519,
    -12.96447201374));
#9199 = CARTESIAN_POINT('',(30.102046631081,-17.01667222432,
    -13.99843870989));
#9200 = CARTESIAN_POINT('',(31.176826771992,-16.95383865064,
    -13.99869889858));
#9201 = CARTESIAN_POINT('',(32.250295530505,-16.89511486551,
    -13.9989384667));
#9202 = CARTESIAN_POINT('',(33.326850888026,-16.84022946632,
    -13.99916257602));
#9203 = CARTESIAN_POINT('',(34.399653111526,-16.78962114787,
    -13.99936420467));
#9204 = CARTESIAN_POINT('',(35.476358089673,-16.74276687497,
    -13.99955283237));
#9205 = CARTESIAN_POINT('',(36.550218288519,-16.70015566374,
    -13.99972042081));
#9206 = CARTESIAN_POINT('',(37.625903815402,-16.66142229167,
    -13.99987387146));
#9207 = CARTESIAN_POINT('',(38.700851384642,-16.62677920584,
    -14.00000960502));
#9208 = CARTESIAN_POINT('',(39.776146098861,-16.5961304814,
    -14.00012976511));
#9209 = CARTESIAN_POINT('',(40.851408645376,-16.56950722357,
    -14.00023399712));
#9210 = CARTESIAN_POINT('',(43.180169325358,-16.52055230509,
    -14.00042599784));
#9211 = CARTESIAN_POINT('',(44.433686126291,-16.49966206176,
    -14.00050816345));
#9212 = CARTESIAN_POINT('',(45.687350724654,-16.48423144585,
    -14.00056949262));
#9213 = CARTESIAN_POINT('',(46.941121542884,-16.4742610173,
    -14.00061023864));
#9214 = CARTESIAN_POINT('',(48.194919629977,-16.46975128363,
    -14.00063056941));
#9215 = CARTESIAN_POINT('',(49.448677779345,-16.47070248022,
    -14.00063056874));
#9216 = CARTESIAN_POINT('',(50.702365877986,-16.47711448459,
    -14.00061023701));
#9217 = CARTESIAN_POINT('',(51.955992489207,-16.4889868643,
    -14.00056949096));
#9218 = CARTESIAN_POINT('',(53.209582668622,-16.50631905871,
    -14.00050816277));
#9219 = CARTESIAN_POINT('',(54.46313201366,-16.52911069453,
    -14.00042599829));
#9220 = CARTESIAN_POINT('',(57.999248335815,-16.60881360975,
    -14.0001344442));
#9221 = CARTESIAN_POINT('',(60.281622651815,-16.67837199184,
    -13.99987601341));
#9222 = CARTESIAN_POINT('',(62.563695788413,-16.76604388206,
    -13.99954523299));
#9223 = CARTESIAN_POINT('',(64.845446515303,-16.87183636146,
    -13.99913906659));
#9224 = CARTESIAN_POINT('',(67.126809092607,-16.99575695007,
    -13.99865352796));
#9225 = CARTESIAN_POINT('',(69.407685900172,-17.13781367036,
    -13.99808363791));
#9226 = CARTESIAN_POINT('',(71.6879600803,-17.29801511572,
    -13.99742338122));
#9227 = CARTESIAN_POINT('',(73.967508195326,-17.47637052471,
    -13.9966656634));
#9228 = CARTESIAN_POINT('',(76.246212901852,-17.67288986116,
    -13.9958022673));
#9229 = CARTESIAN_POINT('',(78.523975642669,-17.88758390081,
    -13.99482380952));
#9230 = CARTESIAN_POINT('',(82.578100358583,-18.3022648017,
    -13.99285775967));
#9231 = CARTESIAN_POINT('',(84.3548786008,-18.49515157089,
    -13.99191908331));
#9232 = CARTESIAN_POINT('',(86.131029135154,-18.6991328307,
    -13.99089876694));
#9233 = CARTESIAN_POINT('',(87.906514474434,-18.91421687767,
    -13.98979134011));
#9234 = CARTESIAN_POINT('',(89.681294688424,-19.14041212819,
    -13.98859076203));
#9235 = CARTESIAN_POINT('',(91.455327497445,-19.37772714208,
    -13.98729042095));
#9236 = CARTESIAN_POINT('',(93.228568365865,-19.62617064814,
    -13.98588313345));
#9237 = CARTESIAN_POINT('',(95.000970595051,-19.88575157148,
    -13.98436114366));
#9238 = CARTESIAN_POINT('',(96.772485416094,-20.15647906281,
    -13.98271612247));
#9239 = CARTESIAN_POINT('',(98.543062082126,-20.43836252951,
    -13.9809391666));
#9240 = CARTESIAN_POINT('',(100.81022206847,-20.81381154872,
    -13.97848138842));
#9241 = CARTESIAN_POINT('',(101.30771949317,-20.89709453244,
    -13.97793077334));
#9242 = CARTESIAN_POINT('',(101.80513428055,-20.98125961566,
    -13.97736880623));
#9243 = CARTESIAN_POINT('',(102.30248167245,-21.06631061154,
    -13.97679511483));
#9244 = CARTESIAN_POINT('',(102.79973718152,-21.15224320726,
    -13.97620960723));
#9245 = CARTESIAN_POINT('',(103.29689681171,-21.23905667447,
    -13.97561211305));
#9246 = CARTESIAN_POINT('',(103.79399819148,-21.32675852288,
    -13.97500220513));
#9247 = CARTESIAN_POINT('',(104.29105800931,-21.41535281263,
    -13.9743795547));
#9248 = CARTESIAN_POINT('',(104.78799294139,-21.50482462935,
    -13.97374448378));
#9249 = CARTESIAN_POINT('',(105.28469924549,-21.59515434129,
    -13.97309769411));
#9250 = CARTESIAN_POINT('',(105.78157036729,-21.68641566701,
    -13.97243747252));
#9251 = CARTESIAN_POINT('',(30.155184214559,-18.0200044889,
    -13.99367659584));
#9252 = CARTESIAN_POINT('',(31.224217690758,-17.95743445283,
    -13.99397743273));
#9253 = CARTESIAN_POINT('',(32.319896208753,-17.8974861899,
    -13.99426300005));
#9254 = CARTESIAN_POINT('',(33.351466418889,-17.84499047589,
    -13.99451053228));
#9255 = CARTESIAN_POINT('',(34.469838555985,-17.79186175647,
    -13.99476003776));
#9256 = CARTESIAN_POINT('',(35.496787093464,-17.74761459817,
    -13.99496525735));
#9257 = CARTESIAN_POINT('',(36.602211213219,-17.70324910293,
    -13.99517122529));
#9258 = CARTESIAN_POINT('',(37.654184516367,-17.66568568384,
    -13.99534389276));
#9259 = CARTESIAN_POINT('',(38.734243827128,-17.63068284121,
    -13.99550484446));
#9260 = CARTESIAN_POINT('',(39.803776902187,-17.60023394556,
    -13.99564439722));
#9261 = CARTESIAN_POINT('',(40.875939001835,-17.57366140648,
    -13.99576622982));
#9262 = CARTESIAN_POINT('',(43.197313909239,-17.52482969225,
    -13.99599056899));
#9263 = CARTESIAN_POINT('',(44.446858606192,-17.50399192202,
    -13.996086643));
#9264 = CARTESIAN_POINT('',(45.696545909964,-17.48860001712,
    -13.99615839372));
#9265 = CARTESIAN_POINT('',(46.946335489271,-17.47865444331,
    -13.99620608285));
#9266 = CARTESIAN_POINT('',(48.196149891699,-17.47415564238,
    -13.99622988373));
#9267 = CARTESIAN_POINT('',(49.445923547228,-17.47510381646,
    -13.99622988295));
#9268 = CARTESIAN_POINT('',(50.695628014155,-17.48149884415,
    -13.99620608093));
#9269 = CARTESIAN_POINT('',(51.945273468623,-17.49334032856,
    -13.99615839179));
#9270 = CARTESIAN_POINT('',(53.194886436329,-17.51062777719,
    -13.99608664221));
#9271 = CARTESIAN_POINT('',(54.444463767802,-17.53336091372,
    -13.99599056953));
#9272 = CARTESIAN_POINT('',(57.969336000813,-17.61285907295,
    -13.99564991213));
#9273 = CARTESIAN_POINT('',(60.244412555353,-17.68223769931,
    -13.99534819165));
#9274 = CARTESIAN_POINT('',(62.519177560238,-17.76968259598,
    -13.9949624536));
#9275 = CARTESIAN_POINT('',(64.793618439676,-17.87520099269,
    -13.99448955823));
#9276 = CARTESIAN_POINT('',(67.067677872313,-17.99880086164,
    -13.99392538374));
#9277 = CARTESIAN_POINT('',(69.341266662015,-18.14049102548,
    -13.9932647803));
#9278 = CARTESIAN_POINT('',(71.614276608628,-18.30028126528,
    -13.99250152398));
#9279 = CARTESIAN_POINT('',(73.88659337868,-18.47818242849,
    -13.99162827069));
#9280 = CARTESIAN_POINT('',(76.158109376221,-18.67420653698,
    -13.99063651015));
#9281 = CARTESIAN_POINT('',(78.428736613484,-18.88836689492,
    -13.98951651987));
#9282 = CARTESIAN_POINT('',(82.470027558956,-19.30200949359,
    -13.987274446));
#9283 = CARTESIAN_POINT('',(84.241049796421,-19.49439930589,
    -13.98620659778));
#9284 = CARTESIAN_POINT('',(86.011454874106,-19.69785630109,
    -13.98504870976));
#9285 = CARTESIAN_POINT('',(87.781209473815,-19.9123895557,
    -13.98379511952));
#9286 = CARTESIAN_POINT('',(89.550278379221,-20.13800855545,
    -13.98243956693));
#9287 = CARTESIAN_POINT('',(91.318624475814,-20.37472319527,
    -13.98097519411));
#9288 = CARTESIAN_POINT('',(93.086208750893,-20.6225437793,
    -13.97939454543));
#9289 = CARTESIAN_POINT('',(94.852990293659,-20.88148102091,
    -13.97768956752));
#9290 = CARTESIAN_POINT('',(96.618926295062,-21.15154604267,
    -13.97585160927));
#9291 = CARTESIAN_POINT('',(98.383972047959,-21.43275037635,
    -13.9738714218));
#9292 = CARTESIAN_POINT('',(100.64404762544,-21.80729965818,
    -13.97113968786));
#9293 = CARTESIAN_POINT('',(101.13983338073,-21.89036183816,
    -13.97052830032));
#9294 = CARTESIAN_POINT('',(101.6359828169,-21.97436208697,
    -13.96990415251));
#9295 = CARTESIAN_POINT('',(102.13143502357,-22.05915441919,
    -13.96926830102));
#9296 = CARTESIAN_POINT('',(102.62690803984,-22.14485775541,
    -13.96861950967));
#9297 = CARTESIAN_POINT('',(103.12289705023,-22.23152896273,
    -13.96795700608));
#9298 = CARTESIAN_POINT('',(103.61844835349,-22.31899890648,
    -13.96728195475));
#9299 = CARTESIAN_POINT('',(104.11298603218,-22.40720561657,
    -13.96659474802));
#9300 = CARTESIAN_POINT('',(104.60958313246,-22.49672232993,
    -13.96589055066));
#9301 = CARTESIAN_POINT('',(105.11418405115,-22.58854182763,
    -13.96516086832));
#9302 = CARTESIAN_POINT('',(105.62139970905,-22.68154214302,
    -13.96441424446));
#9303 = ADVANCED_FACE('',(#9304,#9328,#9332,#9336,#9340,#9344,#9348,
    #9352),#9356,.T.);
#9304 = FACE_BOUND('',#9305,.T.);
#9305 = EDGE_LOOP('',(#9306,#9312,#9313,#9314,#9315,#9316,#9317,#9318,
    #9319,#9320,#9321,#9322,#9323,#9324,#9325,#9326,#9327));
#9306 = ORIENTED_EDGE('',*,*,#9307,.F.);
#9307 = EDGE_CURVE('',#5445,#5286,#9308,.T.);
#9308 = LINE('',#9309,#9310);
#9309 = CARTESIAN_POINT('',(24.119089114067,-122.8388831304,-8.2));
#9310 = VECTOR('',#9311,1.);
#9311 = DIRECTION('',(0.999999712313,-7.585334997821E-04,0.));
#9312 = ORIENTED_EDGE('',*,*,#5469,.T.);
#9313 = ORIENTED_EDGE('',*,*,#5727,.T.);
#9314 = ORIENTED_EDGE('',*,*,#6485,.T.);
#9315 = ORIENTED_EDGE('',*,*,#6891,.T.);
#9316 = ORIENTED_EDGE('',*,*,#7301,.T.);
#9317 = ORIENTED_EDGE('',*,*,#7823,.T.);
#9318 = ORIENTED_EDGE('',*,*,#9090,.T.);
#9319 = ORIENTED_EDGE('',*,*,#8215,.T.);
#9320 = ORIENTED_EDGE('',*,*,#7773,.T.);
#9321 = ORIENTED_EDGE('',*,*,#7123,.T.);
#9322 = ORIENTED_EDGE('',*,*,#6565,.T.);
#9323 = ORIENTED_EDGE('',*,*,#5999,.T.);
#9324 = ORIENTED_EDGE('',*,*,#5621,.T.);
#9325 = ORIENTED_EDGE('',*,*,#5215,.T.);
#9326 = ORIENTED_EDGE('',*,*,#5003,.T.);
#9327 = ORIENTED_EDGE('',*,*,#5285,.T.);
#9328 = FACE_BOUND('',#9329,.T.);
#9329 = EDGE_LOOP('',(#9330,#9331));
#9330 = ORIENTED_EDGE('',*,*,#4802,.T.);
#9331 = ORIENTED_EDGE('',*,*,#4849,.T.);
#9332 = FACE_BOUND('',#9333,.T.);
#9333 = EDGE_LOOP('',(#9334,#9335));
#9334 = ORIENTED_EDGE('',*,*,#4688,.T.);
#9335 = ORIENTED_EDGE('',*,*,#4740,.T.);
#9336 = FACE_BOUND('',#9337,.T.);
#9337 = EDGE_LOOP('',(#9338,#9339));
#9338 = ORIENTED_EDGE('',*,*,#4403,.T.);
#9339 = ORIENTED_EDGE('',*,*,#4448,.T.);
#9340 = FACE_BOUND('',#9341,.T.);
#9341 = EDGE_LOOP('',(#9342,#9343));
#9342 = ORIENTED_EDGE('',*,*,#4602,.T.);
#9343 = ORIENTED_EDGE('',*,*,#4647,.T.);
#9344 = FACE_BOUND('',#9345,.T.);
#9345 = EDGE_LOOP('',(#9346,#9347));
#9346 = ORIENTED_EDGE('',*,*,#4314,.T.);
#9347 = ORIENTED_EDGE('',*,*,#4387,.T.);
#9348 = FACE_BOUND('',#9349,.T.);
#9349 = EDGE_LOOP('',(#9350,#9351));
#9350 = ORIENTED_EDGE('',*,*,#4489,.T.);
#9351 = ORIENTED_EDGE('',*,*,#4541,.T.);
#9352 = FACE_BOUND('',#9353,.T.);
#9353 = EDGE_LOOP('',(#9354,#9355));
#9354 = ORIENTED_EDGE('',*,*,#4238,.T.);
#9355 = ORIENTED_EDGE('',*,*,#4297,.T.);
#9356 = SURFACE_OF_LINEAR_EXTRUSION('',#9357,#9363);
#9357 = B_SPLINE_CURVE_WITH_KNOTS('',3,(#9358,#9359,#9360,#9361,#9362),
  .UNSPECIFIED.,.F.,.F.,(4,1,4),(0.,1.,2.),.QUASI_UNIFORM_KNOTS.);
#9358 = CARTESIAN_POINT('',(24.199725365367,-16.53345545379,-14.));
#9359 = CARTESIAN_POINT('',(24.182076090779,-39.80107582272,
    -13.91168756774));
#9360 = CARTESIAN_POINT('',(24.157108673497,-72.71644489573,-12.7724));
#9361 = CARTESIAN_POINT('',(24.161103859712,-67.44945923566,-8.2));
#9362 = CARTESIAN_POINT('',(24.119089114067,-122.8388831304,-8.2));
#9363 = VECTOR('',#9364,1.);
#9364 = DIRECTION('',(-0.999999712313,7.585334997821E-04,0.));
#9365 = ADVANCED_FACE('',(#9366),#9382,.F.);
#9366 = FACE_BOUND('',#9367,.T.);
#9367 = EDGE_LOOP('',(#9368,#9374,#9375,#9381));
#9368 = ORIENTED_EDGE('',*,*,#9369,.F.);
#9369 = EDGE_CURVE('',#8760,#4931,#9370,.T.);
#9370 = LINE('',#9371,#9372);
#9371 = CARTESIAN_POINT('',(173.0014713211,-1.434580786353E-15,
    -6.460777494851));
#9372 = VECTOR('',#9373,1.);
#9373 = DIRECTION('',(0.,-1.,2.22044604925E-16));
#9374 = ORIENTED_EDGE('',*,*,#8759,.F.);
#9375 = ORIENTED_EDGE('',*,*,#9376,.T.);
#9376 = EDGE_CURVE('',#8565,#4933,#9377,.T.);
#9377 = LINE('',#9378,#9379);
#9378 = CARTESIAN_POINT('',(173.0014713211,-2.322759206053E-15,
    -10.46077749485));
#9379 = VECTOR('',#9380,1.);
#9380 = DIRECTION('',(0.,-1.,2.22044604925E-16));
#9381 = ORIENTED_EDGE('',*,*,#4930,.F.);
#9382 = CYLINDRICAL_SURFACE('',#9383,2.);
#9383 = AXIS2_PLACEMENT_3D('',#9384,#9385,#9386);
#9384 = CARTESIAN_POINT('',(173.0014713211,-1.878669996203E-15,
    -8.460777494851));
#9385 = DIRECTION('',(0.,1.,-2.22044604925E-16));
#9386 = DIRECTION('',(1.,0.,0.));
#9387 = ADVANCED_FACE('',(#9388),#9399,.F.);
#9388 = FACE_BOUND('',#9389,.F.);
#9389 = EDGE_LOOP('',(#9390,#9396,#9397,#9398));
#9390 = ORIENTED_EDGE('',*,*,#9391,.F.);
#9391 = EDGE_CURVE('',#8555,#4950,#9392,.T.);
#9392 = LINE('',#9393,#9394);
#9393 = CARTESIAN_POINT('',(167.0014713211,-2.322759206053E-15,
    -10.46077749485));
#9394 = VECTOR('',#9395,1.);
#9395 = DIRECTION('',(0.,-1.,2.22044604925E-16));
#9396 = ORIENTED_EDGE('',*,*,#8573,.T.);
#9397 = ORIENTED_EDGE('',*,*,#9376,.T.);
#9398 = ORIENTED_EDGE('',*,*,#4958,.T.);
#9399 = PLANE('',#9400);
#9400 = AXIS2_PLACEMENT_3D('',#9401,#9402,#9403);
#9401 = CARTESIAN_POINT('',(173.0014713211,-2.322759206053E-15,
    -10.46077749485));
#9402 = DIRECTION('',(-0.,-2.22044604925E-16,-1.));
#9403 = DIRECTION('',(-1.,0.,0.));
#9404 = ADVANCED_FACE('',(#9405),#9416,.F.);
#9405 = FACE_BOUND('',#9406,.T.);
#9406 = EDGE_LOOP('',(#9407,#9408,#9409,#9415));
#9407 = ORIENTED_EDGE('',*,*,#9391,.F.);
#9408 = ORIENTED_EDGE('',*,*,#8597,.F.);
#9409 = ORIENTED_EDGE('',*,*,#9410,.T.);
#9410 = EDGE_CURVE('',#8589,#4942,#9411,.T.);
#9411 = LINE('',#9412,#9413);
#9412 = CARTESIAN_POINT('',(167.0014713211,-1.434580786353E-15,
    -6.460777494851));
#9413 = VECTOR('',#9414,1.);
#9414 = DIRECTION('',(0.,-1.,2.22044604925E-16));
#9415 = ORIENTED_EDGE('',*,*,#4949,.F.);
#9416 = CYLINDRICAL_SURFACE('',#9417,2.);
#9417 = AXIS2_PLACEMENT_3D('',#9418,#9419,#9420);
#9418 = CARTESIAN_POINT('',(167.0014713211,-1.878669996203E-15,
    -8.460777494851));
#9419 = DIRECTION('',(0.,1.,-2.22044604925E-16));
#9420 = DIRECTION('',(1.,0.,0.));
#9421 = ADVANCED_FACE('',(#9422),#9428,.T.);
#9422 = FACE_BOUND('',#9423,.T.);
#9423 = EDGE_LOOP('',(#9424,#9425,#9426,#9427));
#9424 = ORIENTED_EDGE('',*,*,#9410,.F.);
#9425 = ORIENTED_EDGE('',*,*,#9074,.F.);
#9426 = ORIENTED_EDGE('',*,*,#9369,.T.);
#9427 = ORIENTED_EDGE('',*,*,#4941,.T.);
#9428 = PLANE('',#9429);
#9429 = AXIS2_PLACEMENT_3D('',#9430,#9431,#9432);
#9430 = CARTESIAN_POINT('',(173.0014713211,-1.434580786353E-15,
    -6.460777494851));
#9431 = DIRECTION('',(-0.,-2.22044604925E-16,-1.));
#9432 = DIRECTION('',(-1.,0.,0.));
#9433 = ADVANCED_FACE('',(#9434),#9438,.T.);
#9434 = FACE_BOUND('',#9435,.T.);
#9435 = EDGE_LOOP('',(#9436,#9437));
#9436 = ORIENTED_EDGE('',*,*,#9307,.T.);
#9437 = ORIENTED_EDGE('',*,*,#5453,.T.);
#9438 = PLANE('',#9439);
#9439 = AXIS2_PLACEMENT_3D('',#9440,#9441,#9442);
#9440 = CARTESIAN_POINT('',(24.119089114067,-122.8388831304,-8.2));
#9441 = DIRECTION('',(-1.08446464699E-20,-1.429685485632E-17,-1.));
#9442 = DIRECTION('',(-7.585334997822E-04,-0.999999712313,
    1.429685896934E-17));
#9443 = ( GEOMETRIC_REPRESENTATION_CONTEXT(3) 
GLOBAL_UNCERTAINTY_ASSIGNED_CONTEXT((#9447)) 
GLOBAL_UNIT_ASSIGNED_CONTEXT((#9444,#9445,#9446)) REPRESENTATION_CONTEXT
('Context #1','3D Context with UNIT and UNCERTAINTY') );
#9444 = ( LENGTH_UNIT() NAMED_UNIT(*) SI_UNIT(.MILLI.,.METRE.) );
#9445 = ( NAMED_UNIT(*) PLANE_ANGLE_UNIT() SI_UNIT($,.RADIAN.) );
#9446 = ( NAMED_UNIT(*) SI_UNIT($,.STERADIAN.) SOLID_ANGLE_UNIT() );
#9447 = UNCERTAINTY_MEASURE_WITH_UNIT(LENGTH_MEASURE(2.E-03),#9444,
  'distance_accuracy_value','confusion accuracy');
#9448 = PRODUCT_RELATED_PRODUCT_CATEGORY('part',$,(#7));
#9449 = MECHANICAL_DESIGN_GEOMETRIC_PRESENTATION_REPRESENTATION('',(
    #9450),#9443);
#9450 = STYLED_ITEM('color',(#9451),#15);
#9451 = PRESENTATION_STYLE_ASSIGNMENT((#9452,#9458));
#9452 = SURFACE_STYLE_USAGE(.BOTH.,#9453);
#9453 = SURFACE_SIDE_STYLE('',(#9454));
#9454 = SURFACE_STYLE_FILL_AREA(#9455);
#9455 = FILL_AREA_STYLE('',(#9456));
#9456 = FILL_AREA_STYLE_COLOUR('',#9457);
#9457 = COLOUR_RGB('',0.447058818107,0.474509808674,0.501960817233);
#9458 = CURVE_STYLE('',#9459,POSITIVE_LENGTH_MEASURE(0.1),#9460);
#9459 = DRAUGHTING_PRE_DEFINED_CURVE_FONT('continuous');
#9460 = COLOUR_RGB('',9.803921802644E-02,9.803921802644E-02,
  9.803921802644E-02);
ENDSEC;
END-ISO-10303-21;
